Outlet ID,Brand,Region,Province,Province_Shorthand,City,Menu_Category,Price_Range,Customer_Rating,Review_Count,Latitude,Longitude,Location_Type,Address,Source,Price_Range_Cleaned,Price_Range_Imputed
1,McDonald's,Valle d'Aosta,Aosta,AO,Aosta,Burgers,EUR 1-10,3.8,3974,45.73952665,7.34543209,Commercial Area,"Aosta, 11100 Aosta, Aosta Valley",https://www.mcdonalds.it/elenco-ristoranti,EUR 1-10,False
2,McDonald's,Liguria,Genova,GE,Genova,Burgers,EUR 1-10,3.7,2244,44.40684047,8.93667317,City Center,Via Venti Settembre 1,https://www.mcdonalds.it/elenco-ristoranti,EUR 1-10,False
3,McDonald's,Liguria,Genova,GE,Genova,Burgers,EUR 1-10,3.9,2170,44.41372265,8.87994144,Shopping Mall,"Via Paolo Mantovani, 17, 16149 Genova GE",https://www.mcdonalds.it/elenco-ristoranti,EUR 1-10,False
4,McDonald's,Liguria,Genova,GE,Genova,Burgers,EUR 1-10,2.9,303,44.41723756,8.92142749,Transport Hub,"Piazza Acquaverde, 16134 Genova GE",https://www.mcdonalds.it/elenco-ristoranti,EUR 1-10,False
5,McDonald's,Liguria,Genova,GE,Genova,Burgers,EUR 1-10,3.8,3290,44.41140909,8.92878128,Transport Hub,"Via di Sottoripa, 127R/133, 16124 Genova GE",https://www.mcdonalds.it/elenco-ristoranti,EUR 1-10,False
6,McDonald's,Liguria,Genova,GE,Genova,Burgers,EUR 1-10,3.5,1156,44.41012281,8.90848447,Transport Hub,"Via della Chiappella, 16126 Genova GE",https://www.mcdonalds.it/elenco-ristoranti,EUR 1-10,False
7,McDonald's,Liguria,Genova,GE,Genova,Burgers,EUR 1-10,3.7,2244,44.40687113,8.93681265,City Center,"Via XX Settembre, 205/207 R, 16121 Genova GE",https://www.mcdonalds.it/elenco-ristoranti,EUR 1-10,False
8,McDonald's,Lombardia,Bergamo,BG,Ambivere,Burgers,EUR 10-20,3.8,1470,45.72060874,9.55636646,City Center,"SP342, 24030 Ambivere BG",https://www.mcdonalds.it/elenco-ristoranti,EUR 10-20,False
9,McDonald's,Lombardia,Bergamo,BG,Antegnate,Burgers,EUR 10-20,3.6,1363,45.48089753,9.78103591,Shopping Mall,"Via del Commercio, 3, 24051 Antegnate BG",https://www.mcdonalds.it/elenco-ristoranti,EUR 10-20,False
10,McDonald's,Lombardia,Bergamo,BG,Bergamo,Burgers,EUR 1-10,3.3,3166,45.69154085,9.6745422,Transport Hub,"Piazzale Guglielmo Marconi, 1, 24122 Bergamo BG",https://www.mcdonalds.it/elenco-ristoranti,EUR 1-10,False
11,McDonald's,Lombardia,Bergamo,BG,Bergamo,Burgers,EUR 1-10,4.0,1709,45.68229723,9.67956928,Commercial Area,"Via S. Giovanni Bosco, 72, 24126 Bergamo BG",https://www.mcdonalds.it/elenco-ristoranti,EUR 1-10,False
12,McDonald's,Lombardia,Bergamo,BG,Bergamo,Burgers,EUR 10-20,3.9,135,45.68888632,9.70464173,Residential Area,"Via Giulio Verne, 4, 24125 Bergamo BG",https://www.mcdonalds.it/elenco-ristoranti,EUR 10-20,False
13,McDonald's,Lombardia,Bergamo,BG,Brembate,Burgers,EUR 10-20,3.7,3084,45.60684627,9.54265892,Service Area,"Via Vittorio Veneto, 67, 24041 Brembate BG",https://www.mcdonalds.it/elenco-ristoranti,EUR 10-20,False
14,McDonald's,Lombardia,Bergamo,BG,Caravaggio,Burgers,EUR 1-10,4.1,831,45.49093208,9.6501183,City Center,"Strada Provinciale ex Strada Statale 11, 24043 Caravaggio BG",https://www.mcdonalds.it/elenco-ristoranti,EUR 1-10,False
15,McDonald's,Lombardia,Bergamo,BG,Carvico,Burgers,EUR 1-10,3.8,804,45.69632664,9.48114517,Commercial Area,"Via Carlo Gerolamo Conti, 69, 24030 Carvico BG",https://www.mcdonalds.it/elenco-ristoranti,EUR 1-10,False
16,McDonald's,Lombardia,Bergamo,BG,Covo,Burgers,EUR 1-10,3.8,627,45.51221109,9.76888249,Commercial Area,"Strada Provinciale Soncinese, 18, 24050 Covo BG",https://www.mcdonalds.it/elenco-ristoranti,EUR 1-10,False
17,McDonald's,Lombardia,Bergamo,BG,Curno,Burgers,,3.8,2181,45.6830401,9.61023871,Shopping Mall,"Via Enrico Fermi, 1, 24035 Curno BG",https://www.mcdonalds.it/elenco-ristoranti,EUR 10-20,True
18,McDonald's,Lombardia,Bergamo,BG,Curno,Burgers,EUR 1-10,3.9,3083,45.69297969,9.6252956,Commercial Area,"Via Antonio Meucci, 1, 24035 Curno BG",https://www.mcdonalds.it/elenco-ristoranti,EUR 1-10,False
19,McDonald's,Lombardia,Bergamo,BG,Dalmine,Burgers,EUR 1-10,3.8,4952,45.65345019,9.6222908,Commercial Area,"Via Vailetta, snc, 24044 Dalmine BG",https://www.mcdonalds.it/elenco-ristoranti,EUR 1-10,False
20,McDonald's,Lombardia,Bergamo,BG,Ghisalba,Burgers,EUR 10-20,3.4,173,45.58989899,9.76031736,Commercial Area,"Via dei Casali, 5, 24050 Ghisalba BG",https://www.mcdonalds.it/elenco-ristoranti,EUR 10-20,False
21,McDonald's,Lombardia,Bergamo,BG,Grumello del Monte,Burgers,EUR 1-10,3.7,1685,45.63261202,9.8611023,Transport Hub,"Viale Lega Lombarda, 24064 Grumello del Monte BG",https://www.mcdonalds.it/elenco-ristoranti,EUR 1-10,False
22,McDonald's,Lombardia,Bergamo,BG,Nembro,Burgers,EUR 1-10,4.0,2547,45.73700426,9.74758224,Commercial Area,"Via Monsignor Aldo Nicoli, 13, 24027 Nembro BG",https://www.mcdonalds.it/elenco-ristoranti,EUR 1-10,False
23,McDonald's,Lombardia,Bergamo,BG,Orio al Serio,Burgers,EUR 10-20,2.1,838,45.66729122,9.69785313,Transport Hub,"Via Aeroporto, 13, 24050 Orio al Serio BG",https://www.mcdonalds.it/elenco-ristoranti,EUR 10-20,False
24,McDonald's,Lombardia,Bergamo,BG,Orio al Serio,Burgers,,3.6,25,45.66253122,9.69709065,Shopping Mall,"Via Portico, 71 C, 24050 Orio al Serio BG",https://www.mcdonalds.it/elenco-ristoranti,EUR 10-20,True
25,McDonald's,Lombardia,Bergamo,BG,Orio al Serio,Burgers,EUR 10-20,3.8,3942,45.66483328,9.6952243,City Center,"Via Portico, 71 B, 24050 Orio al Serio BG",https://www.mcdonalds.it/elenco-ristoranti,EUR 10-20,False
26,McDonald's,Lombardia,Bergamo,BG,Seriate,Burgers,,3.7,1479,45.67955593,9.74677508,Shopping Mall,"via Brusaporto, 41 c/o Centro Commerciale Alle Valli, 24068 Seriate BG",https://www.mcdonalds.it/elenco-ristoranti,EUR 10-20,True
27,McDonald's,Lombardia,Bergamo,BG,Stezzano,Burgers,EUR 10-20,3.4,394,45.6484219,9.63032177,Shopping Mall,"Via Guzzanica, 62 / 64, 24040 Stezzano BG",https://www.mcdonalds.it/elenco-ristoranti,EUR 10-20,False
28,McDonald's,Lombardia,Bergamo,BG,Trescore Balneario,Burgers,EUR 1-10,3.7,762,45.68823639,9.82041731,Commercial Area,"Via Giacomo Matteotti, 118, 24069 Trescore Balneario BG",https://www.mcdonalds.it/elenco-ristoranti,EUR 1-10,False
29,McDonald's,Lombardia,Bergamo,BG,Treviglio,Burgers,EUR 10-20,3.9,3825,45.52948368,9.59878305,Commercial Area,"Viale Alessandro Manzoni, 24047 Treviglio BG",https://www.mcdonalds.it/elenco-ristoranti,EUR 10-20,False
30,McDonald's,Lombardia,Bergamo,BG,Verdello,Burgers,EUR 1-10,2.7,90,45.59003207,9.6212675,Commercial Area,"Via Friuli, 2, 24049 Verdello BG",https://www.mcdonalds.it/elenco-ristoranti,EUR 1-10,False
31,McDonald's,Lombardia,Brescia,BS,Brescia,Burgers,EUR 1-10,3.7,6252,45.52141892,10.18635047,Shopping Mall,"Via Arcangelo Tadini, 7, 25125 Brescia BS",https://www.mcdonalds.it/elenco-ristoranti,EUR 1-10,False
32,McDonald's,Lombardia,Brescia,BS,Brescia,Burgers,EUR 10-20,3.9,3395,45.5153595,10.2970005,Commercial Area,"Viale Sant'Eufemia, 220, 25135 Brescia BS",https://www.mcdonalds.it/elenco-ristoranti,EUR 10-20,False
33,McDonald's,Lombardia,Brescia,BS,Brescia,Burgers,EUR 1-10,3.7,1078,45.53782735,10.21951725,City Center,"Via IV Novembre, 5, 25122 Brescia BS",https://www.mcdonalds.it/elenco-ristoranti,EUR 1-10,False
34,McDonald's,Lombardia,Brescia,BS,Castegnato,Burgers,EUR 1-10,3.5,3241,45.55263328,10.11528173,Commercial Area,"Via Rita Levi Montalcini, 100, 25045 Castegnato BS",https://www.mcdonalds.it/elenco-ristoranti,EUR 1-10,False
35,McDonald's,Lombardia,Brescia,BS,Concesio,Burgers,EUR 1-10,3.9,2784,45.59466928,10.22574509,Commercial Area,"Via Nikolajewka, 2, 25062 Concesio BS",https://www.mcdonalds.it/elenco-ristoranti,EUR 1-10,False
36,McDonald's,Lombardia,Brescia,BS,Darfo Boario Terme,Burgers,EUR 10-20,3.6,2480,45.87157304,10.15471057,Shopping Mall,"Via Cassiano Serventi, 2, 25047 Darfo Boario Terme BS",https://www.mcdonalds.it/elenco-ristoranti,EUR 10-20,False
37,McDonald's,Lombardia,Brescia,BS,Desenzano del Garda,Burgers,EUR 10-20,3.7,6051,45.45737074,10.52241203,Shopping Mall,"Località La Perla, 1, 25015 Desenzano del Garda BS",https://www.mcdonalds.it/elenco-ristoranti,EUR 10-20,False
38,McDonald's,Lombardia,Brescia,BS,Edolo,Burgers,EUR 1-10,4.3,309,46.17204189,10.34183792,Commercial Area,"Via Guglielmo Marconi, 284, 25048 Edolo BS",https://www.mcdonalds.it/elenco-ristoranti,EUR 1-10,False
39,McDonald's,Lombardia,Brescia,BS,Erbusco,Burgers,EUR 10-20,3.5,2234,45.57962902,10.00075354,Shopping Mall,"Via Rovato, 44, 25030 Erbusco BS",https://www.mcdonalds.it/elenco-ristoranti,EUR 10-20,False
40,McDonald's,Lombardia,Brescia,BS,Ghedi,Burgers,EUR 1-10,3.8,2171,45.39351598,10.26847806,Commercial Area,"Str. Costa, 1, 25016 Ghedi BS",https://www.mcdonalds.it/elenco-ristoranti,EUR 1-10,False
41,McDonald's,Lombardia,Brescia,BS,Lonato del Garda,Burgers,,3.6,682,45.43021639,10.51363879,Shopping Mall,"Centro Commerciale Il Leone Shopping Center, Via Mantova, 36, 25017 Lonato del Garda BS",https://www.mcdonalds.it/elenco-ristoranti,EUR 10-20,True
42,McDonald's,Lombardia,Brescia,BS,Orzinuovi,Burgers,EUR 1-10,3.9,2265,45.41461696,9.94211266,Commercial Area,"Viale Adua, 25034 Orzinuovi BS",https://www.mcdonalds.it/elenco-ristoranti,EUR 1-10,False
43,McDonald's,Lombardia,Brescia,BS,Puegnago del Garda,Burgers,EUR 10-20,3.4,2776,45.5654554,10.53202443,Commercial Area,"Via Serraglie, 25080 Puegnago del Garda BS",https://www.mcdonalds.it/elenco-ristoranti,EUR 10-20,False
44,McDonald's,Lombardia,Brescia,BS,Rodengo Saiano,Burgers,EUR 1-10,3.9,2625,45.57659214,10.11895434,Shopping Mall,"Via del Borgo, 44, 25050 Rodengo Saiano BS",https://www.mcdonalds.it/elenco-ristoranti,EUR 1-10,False
45,McDonald's,Lombardia,Brescia,BS,Roncadelle,Burgers,EUR 1-10,3.8,2343,45.53332219,10.1629309,Shopping Mall,"Via Luigi Einaudi, 5, 25030 Roncadelle BS",https://www.mcdonalds.it/elenco-ristoranti,EUR 1-10,False
46,McDonald's,Lombardia,Brescia,BS,Rovato,Burgers,EUR 1-10,3.8,973,45.5613724,9.9954251,Commercial Area,"Via 25 Aprile, 201, 25038 Rovato BS",https://www.mcdonalds.it/elenco-ristoranti,EUR 1-10,False
47,McDonald's,Lombardia,Brescia,BS,Verolanuova,Burgers,EUR 1-10,3.8,1437,45.36604552,10.04850756,Shopping Mall,"Via delle Robinie, 2, 25028 Verolanuova BS",https://www.mcdonalds.it/elenco-ristoranti,EUR 1-10,False
48,McDonald's,Lombardia,Como,CO,Appiano Gentile,Burgers,EUR 1-10,3.9,3776,45.7363305,8.98893516,Commercial Area,"Via Salvo D'Acquisto, 14, 22070 Appiano Gentile CO",https://www.mcdonalds.it/elenco-ristoranti,EUR 1-10,False
49,McDonald's,Lombardia,Como,CO,Arosio,Burgers,EUR 1-10,3.9,1913,45.72049113,9.21519195,Commercial Area,"Via Vallassina, 26, 22060 Arosio CO",https://www.mcdonalds.it/elenco-ristoranti,EUR 1-10,False
50,McDonald's,Lombardia,Como,CO,Cantù,Burgers,EUR 1-10,4.0,984,45.72389372,9.14601816,Commercial Area,"Via Milano, 96, 22063 Cantù CO",https://www.mcdonalds.it/elenco-ristoranti,EUR 1-10,False
51,McDonald's,Lombardia,Como,CO,Como,Burgers,EUR 1-10,3.4,5905,45.81254964,9.08204434,City Center,"Via Caio Plinio Secondo, 2, 22100 Como CO",https://www.mcdonalds.it/elenco-ristoranti,EUR 1-10,False
52,McDonald's,Lombardia,Como,CO,Erba,Burgers,EUR 1-10,3.7,1806,45.80432824,9.2213109,Shopping Mall,"Viale Prealpi, 2, 22036 Erba CO",https://www.mcdonalds.it/elenco-ristoranti,EUR 1-10,False
53,McDonald's,Lombardia,Como,CO,Grandate,Burgers,EUR 1-10,3.9,3187,45.76942429,9.06166637,Shopping Mall,"Via Strada Statale dei Giovi, 35/n. 65, 22070 Grandate CO",https://www.mcdonalds.it/elenco-ristoranti,EUR 1-10,False
54,McDonald's,Lombardia,Como,CO,Limpomo,Burgers,EUR 10-20,3.8,2863,45.79746554,9.11819982,Commercial Area,"V. Statale per Lecco, 267, 22038 Lipomo CO",https://www.mcdonalds.it/elenco-ristoranti,EUR 10-20,False
55,McDonald's,Lombardia,Como,CO,Montano Lucino,Burgers,EUR 10-20,3.5,3010,45.78692034,9.04678776,Shopping Mall,"Via Enzo Ratti, 2, 22070 Montano Lucino CO",https://www.mcdonalds.it/elenco-ristoranti,EUR 10-20,False
56,McDonald's,Lombardia,Como,CO,Como,Burgers,EUR 1-10,3.5,1354,45.8374995,9.06326227,Commercial Area,"Via Asiago, 2, 22100 Como CO",https://www.mcdonalds.it/elenco-ristoranti,EUR 1-10,False
57,McDonald's,Lombardia,Cremona,CR,Bagnolo Cremasco,Burgers,EUR 1-10,3.9,3602,45.36612022,9.62923757,Commercial Area,"Strada Provinciale ex Strada Statale 415 Paullese, km 31, 26010 Bagnolo Cremasco CR",https://www.mcdonalds.it/elenco-ristoranti,EUR 1-10,False
58,McDonald's,Lombardia,Cremona,CR,Crema,Burgers,EUR 1-10,3.9,1284,45.35852843,9.67061071,Commercial Area,"Via Madre Teresa di Calcutta, 26013 Crema CR",https://www.mcdonalds.it/elenco-ristoranti,EUR 1-10,False
59,McDonald's,Lombardia,Cremona,CR,Cremona,Burgers,EUR 10-20,3.6,3008,45.14646834,10.07761054,Commercial Area,"Via Gazzoletto, 4 Fraz, Via Gazzoletto, 4/Fraz, 26100 San Felice CR",https://www.mcdonalds.it/elenco-ristoranti,EUR 10-20,False
60,McDonald's,Lombardia,Cremona,CR,Cremona,Burgers,EUR 10-20,3.7,1411,45.15026997,9.99833487,Shopping Mall,"Via Castelleone, 108, 26100 Cremona Po",https://www.mcdonalds.it/elenco-ristoranti,EUR 10-20,False
61,McDonald's,Lombardia,Lodi,LO,Casalpusterlengo,Burgers,EUR 1-10,3.9,2565,45.17425599,9.65640255,Commercial Area,"Via Partigiani, 26841 Casalpusterlengo LO",https://www.mcdonalds.it/elenco-ristoranti,EUR 1-10,False
62,McDonald's,Lombardia,Lodi,LO,Lodi,Burgers,EUR 1-10,4.0,2641,45.3011199,9.52297472,Commercial Area,"Nuova Tang. Est, 26900 Lodi LO",https://www.mcdonalds.it/elenco-ristoranti,EUR 1-10,False
63,McDonald's,Lombardia,Lodi,LO,Pieve Fissiraga,Burgers,EUR 10-20,3.9,3529,45.27688735,9.45729671,Commercial Area,"Via Isola Rota, snc, 26854 Pieve Fissiraga LO",https://www.mcdonalds.it/elenco-ristoranti,EUR 10-20,False
64,McDonald's,Lombardia,Lecco,LC,Calolziocorte,Burgers,EUR 1-10,3.6,305,45.78314267,9.4416685,Commercial Area,"Corso Europa, 113, 23801 Calolziocorte LC",https://www.mcdonalds.it/elenco-ristoranti,EUR 1-10,False
65,McDonald's,Lombardia,Lecco,LC,Colico,Burgers,EUR 10-20,3.6,334,46.14428667,9.40750236,Commercial Area,"Via Nazionale Nord, 61, 23823 Colico LC",https://www.mcdonalds.it/elenco-ristoranti,EUR 10-20,False
66,McDonald's,Lombardia,Lecco,LC,Garlate,Burgers,EUR 1-10,3.8,4262,45.80985693,9.40114156,Commercial Area,"Via Statale, 884, 23852 Garlate LC",https://www.mcdonalds.it/elenco-ristoranti,EUR 1-10,False
67,McDonald's,Lombardia,Lecco,LC,Lecco,Burgers,EUR 1-10,3.2,586,45.85392773,9.38882226,City Center,"Via Nazario Sauro, 2, 23900 Lecco LC",https://www.mcdonalds.it/elenco-ristoranti,EUR 1-10,False
68,McDonald's,Lombardia,Lecco,LC,Oggiono,Burgers,EUR 10-20,3.1,360,45.78489017,9.34174326,Commercial Area,"Via John F. Kennedy, 21, 23848 Oggiono LC",https://www.mcdonalds.it/elenco-ristoranti,EUR 10-20,False
69,McDonald's,Lombardia,Lecco,LC,Osnago,Burgers,EUR 1-10,3.7,2220,45.68233208,9.39847748,Commercial Area,"Via Statale, 20/A, 23875 Osnago LC",https://www.mcdonalds.it/elenco-ristoranti,EUR 1-10,False
70,McDonald's,Lombardia,Mantova,MN,Asola,Burgers,EUR 1-10,3.8,1029,45.21726691,10.41933094,Commercial Area,"Via Parma, 26, 46041 Asola MN",https://www.mcdonalds.it/elenco-ristoranti,EUR 1-10,False
71,McDonald's,Lombardia,Mantova,MN,Bagnolo San Vito,Burgers,EUR 10-20,3.7,797,45.09007605,10.85807124,Shopping Mall,"Via Marco Biagi, 2, 46031 Bagnolo San Vito MN",https://www.mcdonalds.it/elenco-ristoranti,EUR 10-20,False
72,McDonald's,Lombardia,Mantova,MN,Castiglione delle Stiviere,Burgers,EUR 1-10,3.8,2677,45.39063378,10.47911838,Commercial Area,"Via Toscanini, 2, 46043 Castiglione delle Stiviere MN",https://www.mcdonalds.it/elenco-ristoranti,EUR 1-10,False
73,McDonald's,Lombardia,Mantova,MN,Curtatone,Burgers,EUR 1-10,3.8,3950,45.15395738,10.72766414,Commercial Area,"Via Giovanni Campia, 46010 Curtatone MN",https://www.mcdonalds.it/elenco-ristoranti,EUR 1-10,False
74,McDonald's,Lombardia,Mantova,MN,Porto Mantovano,Burgers,EUR 10-20,3.9,117,45.26240717,10.66104481,Commercial Area,"Via S. Camillo de Lellis, 46044 Aquilone MN",https://www.mcdonalds.it/elenco-ristoranti,EUR 10-20,False
75,McDonald's,Lombardia,Mantova,MN,Mantova,Burgers,EUR 10-20,3.7,4256,45.16435973,10.82763841,Shopping Mall,"Via Legnago, 10, 46100 Case Ghisiolo MN",https://www.mcdonalds.it/elenco-ristoranti,EUR 10-20,False
76,McDonald's,Lombardia,Monza e della Brianza,MB,Arcore,Burgers,EUR 1-10,3.8,3646,45.63721462,9.33994527,Commercial Area,"Via F. Gilera, 192, 20862 Arcore MB",https://www.mcdonalds.it/elenco-ristoranti,EUR 1-10,False
77,McDonald's,Lombardia,Monza e della Brianza,MB,Biassono,Burgers,EUR 1-10,4.0,1411,45.62662405,9.27507694,Commercial Area,"Via Cesana e Villa, 70, 20853 Biassono MB",https://www.mcdonalds.it/elenco-ristoranti,EUR 1-10,False
78,McDonald's,Lombardia,Monza e della Brianza,MB,Busnago,Burgers,EUR 1-10,3.8,2776,45.62066715,9.47394282,Shopping Mall,"Via Italia, 197/11, 20874 Busnago MB",https://www.mcdonalds.it/elenco-ristoranti,EUR 1-10,False
79,McDonald's,Lombardia,Monza e della Brianza,MB,Caponago,Burgers,EUR 1-10,3.8,1187,45.56825555,9.36508875,Commercial Area,"Viale Monza, 20867 Caponago MB",https://www.mcdonalds.it/elenco-ristoranti,EUR 1-10,False
80,McDonald's,Lombardia,Monza e della Brianza,MB,Carate Brianza,Burgers,EUR 10-20,4.1,126,45.67392112,9.24289319,Commercial Area,"Via San Michele al Carso, 28, 20841 Carate Brianza MB",https://www.mcdonalds.it/elenco-ristoranti,EUR 10-20,False
81,McDonald's,Lombardia,Monza e della Brianza,MB,Concorezzo,Burgers,EUR 1-10,4.0,3427,45.59041402,9.32908254,Commercial Area,"Via Monza, 14, 20863 Concorezzo MB",https://www.mcdonalds.it/elenco-ristoranti,EUR 1-10,False
82,McDonald's,Lombardia,Monza e della Brianza,MB,Desio,Burgers,EUR 1-10,3.9,4791,45.60101473,9.20064457,Commercial Area,"Via delle Rose, 6, 20832 Desio MB",https://www.mcdonalds.it/elenco-ristoranti,EUR 1-10,False
83,McDonald's,Lombardia,Monza e della Brianza,MB,Lentate sul Seveso,Burgers,EUR 10-20,3.8,2717,45.69074543,9.10522458,Commercial Area,"Via Nazionale dei Giovi, 249/5, 20823 Lentate sul Seveso MB",https://www.mcdonalds.it/elenco-ristoranti,EUR 10-20,False
84,McDonald's,Lombardia,Monza e della Brianza,MB,Limbiate,Burgers,EUR 10-20,3.8,1211,45.60779303,9.13078964,Shopping Mall,"Via Monza, 55, 20812 Limbiate MB",https://www.mcdonalds.it/elenco-ristoranti,EUR 10-20,False
85,McDonald's,Lombardia,Monza e della Brianza,MB,Lissone,Burgers,EUR 1-10,3.9,2515,45.6019593,9.2495571,Commercial Area,"Via Giacomo Zanella, 9, 20851 Lissone MB",https://www.mcdonalds.it/elenco-ristoranti,EUR 1-10,False
86,McDonald's,Lombardia,Monza e della Brianza,MB,Monza,Burgers,EUR 1-10,3.9,4988,45.57202122,9.24758677,Commercial Area,"Viale Lombardia, 175, 20900 Monza MB",https://www.mcdonalds.it/elenco-ristoranti,EUR 1-10,False
87,McDonald's,Lombardia,Monza e della Brianza,MB,Monza,Burgers,EUR 1-10,3.6,2264,45.57945877,9.27293233,City Center,"Corso Milano, 19, 20900 Monza MB",https://www.mcdonalds.it/elenco-ristoranti,EUR 1-10,False
88,McDonald's,Lombardia,Monza e della Brianza,MB,Varedo,Burgers,EUR 10-20,3.8,2730,45.59619584,9.17370207,Commercial Area,"Via Circonvallazione, 164, 20814 Varedo MB",https://www.mcdonalds.it/elenco-ristoranti,EUR 10-20,False
89,McDonald's,Lombardia,Monza e della Brianza,MB,Verano Brianza,Burgers,EUR 10-20,4.0,5067,45.67624002,9.21075125,Commercial Area,"SP 110 Comasina, Viale Lario, 20843 Verano Brianza MB",https://www.mcdonalds.it/elenco-ristoranti,EUR 10-20,False
90,McDonald's,Lombardia,Monza e della Brianza,MB,Vimercate,Burgers,EUR 1-10,3.8,1241,45.60059406,9.35941095,Commercial Area,"Via Torri Bianche, 16, 20871 Torri Bianche MB",https://www.mcdonalds.it/elenco-ristoranti,EUR 1-10,False
91,McDonald's,Lombardia,Pavia,PV,Chignolo Po,Burgers,EUR 1-10,3.9,181,45.16260249,9.5035823,Commercial Area,"Via Statale Mantovana, 28, 27013 Chignolo Po PV",https://www.mcdonalds.it/elenco-ristoranti,EUR 1-10,False
92,McDonald's,Lombardia,Pavia,PV,Garlate,Burgers,EUR 1-10,4.0,759,45.1904093,8.92327704,Commercial Area,"Via Leonardo Da Vinci, 55, 27026 Garlasco PV",https://www.mcdonalds.it/elenco-ristoranti,EUR 1-10,False
93,McDonald's,Lombardia,Pavia,PV,Landriano,Burgers,EUR 1-10,4.0,1544,45.30737746,9.26905062,Commercial Area,"Via Carlo Azeglio Ciampi, 2, 27015 Landriano PV",https://www.mcdonalds.it/elenco-ristoranti,EUR 1-10,False
94,McDonald's,Lombardia,Pavia,PV,Montebello della Battaglia,Burgers,EUR 10-20,3.9,2024,44.99884625,9.07048557,Shopping Mall,"Via Mirabella, 13/15, 27054 Montebello della Battaglia PV",https://www.mcdonalds.it/elenco-ristoranti,EUR 10-20,False
95,McDonald's,Lombardia,Pavia,PV,Mortara,Burgers,EUR 1-10,3.9,443,45.24902195,8.75473858,Shopping Mall,"Viale Tiziano Vecellio, 27036 Mortara PV",https://www.mcdonalds.it/elenco-ristoranti,EUR 1-10,False
96,McDonald's,Lombardia,Pavia,PV,Pavia,Burgers,EUR 10-20,3.7,3921,45.19908712,9.15078167,Commercial Area,"Via Alessandro Brambilla, 34, 27100 Pavia PV",https://www.mcdonalds.it/elenco-ristoranti,EUR 10-20,False
97,McDonald's,Lombardia,Pavia,PV,San Martino Siccomario,Burgers,EUR 1-10,4.0,2265,45.15358208,9.12487541,Shopping Mall,"Centro Commerciale San Martino SS per Mortara, 27028 San Martino Siccomario PV",https://www.mcdonalds.it/elenco-ristoranti,EUR 1-10,False
98,McDonald's,Lombardia,Pavia,PV,Stradella,Burgers,EUR 1-10,3.9,2593,45.07861191,9.28460472,Commercial Area,"Via Nazionale, 65, 27049 Stradella PV",https://www.mcdonalds.it/elenco-ristoranti,EUR 1-10,False
99,McDonald's,Lombardia,Pavia,PV,Vigevano,Burgers,,3.9,3419,45.32971785,8.87959114,Commercial Area,"Corso Milano, 146, 27029 Vigevano PV",https://www.mcdonalds.it/elenco-ristoranti,EUR 10-20,True
100,McDonald's,Lombardia,Pavia,PV,Voghera,Burgers,EUR 10-20,4.0,2027,44.98614937,8.99996094,Commercial Area,"V.le Martiri della Libertà, 27058 Voghera PV",https://www.mcdonalds.it/elenco-ristoranti,EUR 10-20,False
101,McDonald's,Lombardia,Sondrio,SO,Castione Andevenno,Burgers,EUR 10-20,3.7,2686,46.16241313,9.8074876,Shopping Mall,"Viale Bruno Tirelli, 149, 23012 Castione Andevenno SO",https://www.mcdonalds.it/elenco-ristoranti,EUR 10-20,False
102,McDonald's,Lombardia,Sondrio,SO,Villa di Tirano,Burgers,EUR 10-20,3.9,707,46.21256896,10.1498728,Commercial Area,"Via Nazionale, 145/a, 23030 Villa di Tirano SO",https://www.mcdonalds.it/elenco-ristoranti,EUR 10-20,False
103,McDonald's,Lombardia,Varese,VA,Buguggiate,Burgers,EUR 10-20,3.8,515,45.77894418,8.80779851,Commercial Area,"Via Valle Peschiera, 21020 Buguggiate VA",https://www.mcdonalds.it/elenco-ristoranti,EUR 10-20,False
104,McDonald's,Lombardia,Varese,VA,Busto Arsizio,Burgers,EUR 1-10,3.7,2945,45.61273108,8.85530942,Shopping Mall,"Via Galileo Galilei, 1, 21052 Busto Arsizio VA",https://www.mcdonalds.it/elenco-ristoranti,EUR 1-10,False
105,McDonald's,Lombardia,Varese,VA,Castellanza,Burgers,EUR 10-20,3.7,695,45.60388862,8.88128957,Commercial Area,"Viale Giuseppe Borri, 21a, 21053 Castellanza VA",https://www.mcdonalds.it/elenco-ristoranti,EUR 10-20,False
106,McDonald's,Lombardia,Varese,VA,Gallarate,Burgers,EUR 10-20,3.5,4638,45.6493217,8.80924019,Commercial Area,"Viale Milano, 58, 21013 Gallarate VA",https://www.mcdonalds.it/elenco-ristoranti,EUR 10-20,False
107,McDonald's,Lombardia,Varese,VA,Gavirate,Burgers,EUR 10-20,3.3,1591,45.84412226,8.70725414,Commercial Area,"Via Gerli, 21026 Gavirate VA",https://www.mcdonalds.it/elenco-ristoranti,EUR 10-20,False
108,McDonald's,Lombardia,Varese,VA,Gerenzano,Burgers,EUR 1-10,3.9,4214,45.63299513,9.01739764,Commercial Area,"Via Cervinia, 2, 21040 Gerenzano VA",https://www.mcdonalds.it/elenco-ristoranti,EUR 1-10,False
109,McDonald's,Lombardia,Varese,VA,Induno Olona,Burgers,EUR 10-20,3.5,2238,45.83985024,8.84161947,Commercial Area,"Via Bidino, 1, 21056 Induno Olona VA",https://www.mcdonalds.it/elenco-ristoranti,EUR 10-20,False
110,McDonald's,Lombardia,Varese,VA,Luino,Burgers,EUR 10-20,3.6,468,45.99475399,8.73296252,Commercial Area,"Viale Dante Alighieri, 59, 21016 Luino VA",https://www.mcdonalds.it/elenco-ristoranti,EUR 10-20,False
111,McDonald's,Lombardia,Varese,VA,Malnate,Burgers,EUR 10-20,3.5,2586,45.79060896,8.88956154,Commercial Area,"Via John Fitzgerald Kennedy, 21046 Malnate VA",https://www.mcdonalds.it/elenco-ristoranti,EUR 10-20,False
112,McDonald's,Lombardia,Varese,VA,Somma Lombardo,Burgers,EUR 10-20,3.8,30992,45.67993611,8.72223089,Commercial Area,"Via Milano, 167, 21019 Somma Lombardo VA",https://www.mcdonalds.it/elenco-ristoranti,EUR 10-20,False
113,McDonald's,Lombardia,Varese,VA,Somma Lombardo,Burgers,EUR 10-20,3.3,27,45.6482931,8.7220082,Transport Hub,"Malpensa - Terminal 2 - MXP T2, 21019 Somma Lombardo VA",https://www.mcdonalds.it/elenco-ristoranti,EUR 10-20,False
114,McDonald's,Lombardia,Varese,VA,Olgiate Olona,Burgers,EUR 10-20,3.9,3948,45.63500434,8.85992589,Commercial Area,"Via Busto Fagnano, 44D, 21057 Olgiate Olona VA",https://www.mcdonalds.it/elenco-ristoranti,EUR 10-20,False
115,McDonald's,Lombardia,Varese,VA,Solbiate Arno,Burgers,EUR 10-20,3.6,3336,45.71928612,8.80997532,Shopping Mall,"Tigros, Via del Lavoro, 45, 21048 Solbiate Arno VA",https://www.mcdonalds.it/elenco-ristoranti,EUR 10-20,False
116,McDonald's,Lombardia,Varese,VA,Tradate,Burgers,EUR 1-10,3.6,3240,45.69760902,8.91265979,Shopping Mall,"Via della Fornace Cortellezzi, 1, 21049 Tradate VA",https://www.mcdonalds.it/elenco-ristoranti,EUR 1-10,False
117,McDonald's,Lombardia,Varese,VA,Varese,Burgers,EUR 1-10,3.4,2620,45.81806259,8.83251142,City Center,"Via Emilio Morosini, 21-25, 21100 Varese VA",https://www.mcdonalds.it/elenco-ristoranti,EUR 1-10,False
118,McDonald's,Lombardia,Varese,VA,Varese,Burgers,EUR 10-20,3.7,3637,45.83422115,8.80225402,Commercial Area,"Via Giuseppe Bolchini, 28, 21100 Varese VA",https://www.mcdonalds.it/elenco-ristoranti,EUR 10-20,False
119,McDonald's,Lombardia,Milano,MI,Abbiategrasso,Burgers,EUR 1-10,3.9,2518,45.38349666,8.91689797,Commercial Area,"Via Dante Alighieri, 101, 20081 Abbiategrasso MI",https://www.mcdonalds.it/elenco-ristoranti,EUR 1-10,False
120,McDonald's,Lombardia,Milano,MI,Arese,Burgers,EUR 1-10,3.7,2053,45.56423645,9.05483753,Shopping Mall,"Via Giuseppe Eugenio Luraghi, 11, 20044 Milano MI",https://www.mcdonalds.it/elenco-ristoranti,EUR 1-10,False
121,McDonald's,Lombardia,Milano,MI,Assago,Burgers,EUR 1-10,3.9,5919,45.40650365,9.15093703,Commercial Area,"Viale della Fonte Lunga, 1A, 20090 Assago MI",https://www.mcdonalds.it/elenco-ristoranti,EUR 1-10,False
122,McDonald's,Lombardia,Milano,MI,Baranzate,Burgers,EUR 10-20,4.0,1023,45.52546815,9.1128052,Commercial Area,"Via Milano, 252, 20021 Baranzate MI",https://www.mcdonalds.it/elenco-ristoranti,EUR 10-20,False
123,McDonald's,Lombardia,Milano,MI,Bellinzago Lombardo,Burgers,EUR 10-20,3.5,1127,45.54576091,9.45511758,Shopping Mall,"Str. Padana Superiore, 154, 20060 Bellinzago Lombardo MI",https://www.mcdonalds.it/elenco-ristoranti,EUR 10-20,False
124,McDonald's,Lombardia,Milano,MI,Binasco,Burgers,EUR 1-10,4.0,4506,45.33590161,9.10763336,Commercial Area,"SPexSS35, 20082 Binasco MI",https://www.mcdonalds.it/elenco-ristoranti,EUR 1-10,False
125,McDonald's,Lombardia,Milano,MI,Buccinasco,Burgers,EUR 1-10,4.0,475,45.42193426,9.11390086,Commercial Area,"Via della Resistenza, 9, 20090 Buccinasco MI",https://www.mcdonalds.it/elenco-ristoranti,EUR 1-10,False
126,McDonald's,Lombardia,Milano,MI,Busto Garolfo,Burgers,EUR 1-10,3.8,1689,45.54707374,8.87041782,Commercial Area,"Via Arconate, 120, 20020 Busto Garolfo MI",https://www.mcdonalds.it/elenco-ristoranti,EUR 1-10,False
127,McDonald's,Lombardia,Milano,MI,Carugate,Burgers,EUR 10-20,3.7,2258,45.54643653,9.33064195,Shopping Mall,"SP208, 20061 Carugate MI",https://www.mcdonalds.it/elenco-ristoranti,EUR 10-20,False
128,McDonald's,Lombardia,Milano,MI,Cassano d'Adda,Burgers,EUR 1-10,3.8,2448,45.52924236,9.50805356,Commercial Area,"ss 11, Via Padana Superiore, 20062 Cassano d'Adda MI",https://www.mcdonalds.it/elenco-ristoranti,EUR 1-10,False
129,McDonald's,Lombardia,Milano,MI,Castano Primo,Burgers,EUR 10-20,3.5,365,45.54376951,8.76307091,Commercial Area,"Via Turbigo, 29, 20022 Castano Primo MI",https://www.mcdonalds.it/elenco-ristoranti,EUR 10-20,False
130,McDonald's,Lombardia,Milano,MI,Cerro Maggiore,Burgers,EUR 10-20,3.8,3209,45.61003602,8.93243472,Commercial Area,"SS527, 20023 Cerro Maggiore MI",https://www.mcdonalds.it/elenco-ristoranti,EUR 10-20,False
131,McDonald's,Lombardia,Milano,MI,Cinisello Balsamo,Burgers,EUR 1-10,3.9,514,45.56144871,9.22906352,Shopping Mall,"Via E. de Amicis, 2, 20092 Cinisello Balsamo MI",https://www.mcdonalds.it/elenco-ristoranti,EUR 1-10,False
132,McDonald's,Lombardia,Milano,MI,Cinisello Balsamo,Burgers,EUR 10-20,2.7,56,45.57104846,9.19892157,Transport Hub,"AdS Cinsello Nord. A52, km 11, 20092 Cinisello Balsamo MI",https://www.mcdonalds.it/elenco-ristoranti,EUR 10-20,False
133,McDonald's,Lombardia,Milano,MI,Cinisello Balsamo,Burgers,EUR 10-20,3.9,6071,45.54130489,9.22163042,Commercial Area,"Viale Fulvio Testi, 132, 20092 Cinisello Balsamo MI",https://www.mcdonalds.it/elenco-ristoranti,EUR 10-20,False
134,McDonald's,Lombardia,Milano,MI,Cinisello Balsamo,Burgers,EUR 1-10,4.1,2838,45.55567093,9.25213816,Commercial Area,"Via Valtellina, 36, 20159 Cinisello Balsamo MI",https://www.mcdonalds.it/elenco-ristoranti,EUR 1-10,False
135,McDonald's,Lombardia,Milano,MI,Cologno Monzese,Burgers,EUR 1-10,3.6,2863,45.53970638,9.28722312,Commercial Area,"Via Imbersago, 20093 Cologno Monzese MI",https://www.mcdonalds.it/elenco-ristoranti,EUR 1-10,False
136,McDonald's,Lombardia,Milano,MI,Corsico,Burgers,EUR 1-10,3.6,2884,45.42999823,9.07963133,Commercial Area,"V.le Dell'industria-ss Nuova, SS494, 20094 Corsico MI",https://www.mcdonalds.it/elenco-ristoranti,EUR 1-10,False
137,McDonald's,Lombardia,Milano,MI,Cusago,Burgers,EUR 10-20,4.1,314,45.44087769,9.0438675,Commercial Area,"Viale Europa, 49, 20047 Cusago MI",https://www.mcdonalds.it/elenco-ristoranti,EUR 10-20,False
138,McDonald's,Lombardia,Milano,MI,Garbagnate Milanese,Burgers,EUR 1-10,3.9,4034,45.57636275,9.06621247,Commercial Area,"Via Peloritana, 58, 20024 Garbagnate Milanese MI",https://www.mcdonalds.it/elenco-ristoranti,EUR 1-10,False
139,McDonald's,Lombardia,Milano,MI,Gessate,Burgers,EUR 1-10,3.8,88,45.54311143,9.43927285,Commercial Area,"Via Padana Superiore, 20060 Gessate MI",https://www.mcdonalds.it/elenco-ristoranti,EUR 1-10,False
140,McDonald's,Lombardia,Milano,MI,Gorgonzola,Burgers,EUR 10-20,3.9,2233,45.53846444,9.39218668,Commercial Area,"SP13, 20064 Gorgonzola MI",https://www.mcdonalds.it/elenco-ristoranti,EUR 10-20,False
141,McDonald's,Lombardia,Milano,MI,Lainate,Burgers,EUR 1-10,3.6,3539,45.56305963,9.02972777,Commercial Area,"Via Pirelli, 1, 20045 Lainate MI",https://www.mcdonalds.it/elenco-ristoranti,EUR 1-10,False
142,McDonald's,Lombardia,Milano,MI,Legnano,Burgers,EUR 1-10,3.7,3389,45.59687697,8.93832598,Commercial Area,"Viale L. Cadorna, 48, 20025 Legnano MI",https://www.mcdonalds.it/elenco-ristoranti,EUR 1-10,False
143,McDonald's,Lombardia,Milano,MI,Locate Triulzi Outlet,Burgers,EUR 1-10,3.6,1027,45.36079213,9.21605437,Shopping Mall,"Via Rosa Luxemburg, 20085 Locate di Triulzi MI",https://www.mcdonalds.it/elenco-ristoranti,EUR 1-10,False
144,McDonald's,Lombardia,Milano,MI,Magenta,Burgers,EUR 1-10,3.7,4647,45.46674849,8.86532295,Commercial Area,"Via Boffalora, 79, 20013 Magenta MI",https://www.mcdonalds.it/elenco-ristoranti,EUR 1-10,False
145,McDonald's,Lombardia,Milano,MI,Milano,Burgers,EUR 1-10,3.6,3832,45.4370806,9.19279332,Commercial Area,"Via Giacomo Antonini, 28, 20141 Milano MI",https://www.mcdonalds.it/elenco-ristoranti,EUR 1-10,False
146,McDonald's,Lombardia,Milano,MI,Milano,Burgers,EUR 1-10,4.3,339,45.5219307,9.21620253,Shopping Mall,"Viale Sarca, 20126 Milano MI",https://www.mcdonalds.it/elenco-ristoranti,EUR 1-10,False
147,McDonald's,Lombardia,Milano,MI,Milano,Burgers,EUR 1-10,3.8,1240,45.4960975,9.11451547,Shopping Mall,"Via Giacomo Quarenghi, 23, 20151 Milano MI",https://www.mcdonalds.it/elenco-ristoranti,EUR 1-10,False
148,McDonald's,Lombardia,Milano,MI,Milano,Burgers,EUR 1-10,3.8,2774,45.46756191,9.15627237,City Center,"Via Michelangelo Buonarroti, 6, 20145 Milano MI",https://www.mcdonalds.it/elenco-ristoranti,EUR 1-10,False
149,McDonald's,Lombardia,Milano,MI,Milano,Burgers,EUR 1-10,3.7,3694,45.48585634,9.20464947,Transport Hub,"Milano Centrale Piazza Duca D'Aosta, 1 Interno B c/o Stazione Centrale FF SS, 20124 Milano MI",https://www.mcdonalds.it/elenco-ristoranti,EUR 1-10,False
150,McDonald's,Lombardia,Milano,MI,Milano,Burgers,EUR 10-20,3.6,2496,45.49617567,9.13945761,Commercial Area,"Viale Certosa, 134, 20156 Milano MI",https://www.mcdonalds.it/elenco-ristoranti,EUR 10-20,False
151,McDonald's,Lombardia,Milano,MI,Milano,Burgers,EUR 1-10,3.7,2179,45.44447986,9.21612326,City Center,"C.so Lodi, 65, 20135 Milano MI",https://www.mcdonalds.it/elenco-ristoranti,EUR 1-10,False
152,McDonald's,Lombardia,Milano,MI,Milano,Burgers,EUR 10-20,3.8,2648,45.48907106,9.14207246,Commercial Area,"Viale Alcide de Gasperi, 2, 20151 Milano MI",https://www.mcdonalds.it/elenco-ristoranti,EUR 10-20,False
153,McDonald's,Lombardia,Milano,MI,Milano,Burgers,EUR 1-10,3.7,13010,45.46446282,9.18841399,City Center,"Passaggio Duomo, 2, 20123 Milano MI",https://www.mcdonalds.it/elenco-ristoranti,EUR 1-10,False
154,McDonald's,Lombardia,Milano,MI,Milano,Burgers,EUR 1-10,4.0,4592,45.49508525,9.18556773,City Center,"Via Carlo Farini, 79/81, 20159 Milano MI",https://www.mcdonalds.it/elenco-ristoranti,EUR 1-10,False
155,McDonald's,Lombardia,Milano,MI,Milano,Burgers,EUR 1-10,3.7,5911,45.46576659,9.19210408,City Center,"Galleria Ciro Fontana, 3, 20121 Milano MI",https://www.mcdonalds.it/elenco-ristoranti,EUR 1-10,False
156,McDonald's,Lombardia,Milano,MI,Milano,Burgers,EUR 10-20,3.1,473,45.46189803,9.2794202,Transport Hub,"Viale Enrico Forlanini, 20134 Milano MI",https://www.mcdonalds.it/elenco-ristoranti,EUR 10-20,False
157,McDonald's,Lombardia,Milano,MI,Milano,Burgers,EUR 10-20,3.7,4379,45.4459077,9.12329058,Commercial Area,"Via Lorenteggio, 246, 20147 Milano MI",https://www.mcdonalds.it/elenco-ristoranti,EUR 10-20,False
158,McDonald's,Lombardia,Milano,MI,Milano,Burgers,EUR 1-10,3.3,3720,45.47906782,9.14246616,City Center,"Piazzale Lorenzo Lotto, 5, 20148 Milano MI",https://www.mcdonalds.it/elenco-ristoranti,EUR 1-10,False
159,McDonald's,Lombardia,Milano,MI,Milano,Burgers,EUR 1-10,3.8,1034,45.51679874,9.10779341,Shopping Mall,"Via Pier Paolo Pasolini, 20156 Milano MI",https://www.mcdonalds.it/elenco-ristoranti,EUR 1-10,False
160,McDonald's,Lombardia,Milano,MI,Milano,Burgers,EUR 1-10,3.7,5030,45.47550459,9.20477657,City Center,"Via Alessandro Tadino, 2, 20124 Milano MI",https://www.mcdonalds.it/elenco-ristoranti,EUR 1-10,False
161,McDonald's,Lombardia,Milano,MI,Milano,Burgers,EUR 1-10,3.6,4755,45.48599081,9.2161032,City Center,"Corso Buenos Aires, 79, 20124 Milano MI",https://www.mcdonalds.it/elenco-ristoranti,EUR 1-10,False
162,McDonald's,Lombardia,Milano,MI,Milano,Burgers,,3.5,2337,45.48389359,9.21500747,City Center,"Via Claudio Monteverdi, 15, 20131 Milano MI",https://www.mcdonalds.it/elenco-ristoranti,EUR 10-20,True
163,McDonald's,Lombardia,Milano,MI,Milano,Burgers,EUR 1-10,3.5,3561,45.43344336,9.26321242,Commercial Area,"Strada Provinciale ex Strada Statale 415 Paullese, 9, 20138 Milano MI",https://www.mcdonalds.it/elenco-ristoranti,EUR 1-10,False
164,McDonald's,Lombardia,Milano,MI,Milano,Burgers,EUR 10-20,3.9,4005,45.53015765,9.16764647,Transport Hub,"Viale Rubicone, 30, 20161 Milano MI",https://www.mcdonalds.it/elenco-ristoranti,EUR 10-20,False
165,McDonald's,Lombardia,Milano,MI,Milano,Burgers,EUR 1-10,3.8,3834,45.5306676,9.16358234,Commercial Area,"Viale Rubicone, 29, 20161 Milano MI",https://www.mcdonalds.it/elenco-ristoranti,EUR 1-10,False
166,McDonald's,Lombardia,Milano,MI,Milano,Burgers,EUR 1-10,3.5,2361,45.45160777,9.20300118,Commercial Area,"V.le Sabotino, 38, 20135 Milano MI",https://www.mcdonalds.it/elenco-ristoranti,EUR 1-10,False
167,McDonald's,Lombardia,Milano,MI,Milano,Burgers,EUR 1-10,3.8,3232,45.48147696,9.17330033,City Center,"Via Paolo Sarpi, 6, 20154 Milano MI",https://www.mcdonalds.it/elenco-ristoranti,EUR 1-10,False
168,McDonald's,Lombardia,Milano,MI,Milano,Burgers,EUR 10-20,3.0,405,45.4848279,9.18786818,Transport Hub,"P.za Sigmund Freud, 20124 Milano MI",https://www.mcdonalds.it/elenco-ristoranti,EUR 10-20,False
169,McDonald's,Lombardia,Milano,MI,Milano,Burgers,EUR 1-10,3.9,3764,45.46778164,9.18381897,City Center,"Via Dante, 16, 20121 Milano MI",https://www.mcdonalds.it/elenco-ristoranti,EUR 1-10,False
170,McDonald's,Lombardia,Milano,MI,Milano,Burgers,EUR 10-20,3.6,609,45.46050211,9.10975689,Commercial Area,"Via delle Forze Armate, 241, 20152 Milano MI",https://www.mcdonalds.it/elenco-ristoranti,EUR 10-20,False
171,McDonald's,Lombardia,Milano,MI,Milano,Burgers,EUR 10-20,3.8,3863,45.4714238,9.12084339,Commercial Area,"Via Novara, 83, 20153 Milano MI",https://www.mcdonalds.it/elenco-ristoranti,EUR 10-20,False
172,McDonald's,Lombardia,Milano,MI,Milano,Burgers,EUR 10-20,4.2,2651,45.42661181,9.25067635,Commercial Area,"V. Rogoredo, 110, 20138 Milano MI",https://www.mcdonalds.it/elenco-ristoranti,EUR 10-20,False
173,McDonald's,Lombardia,Milano,MI,Milano,Burgers,EUR 1-10,3.9,4016,45.46080435,9.18236546,City Center,"Via Torino, 68, 20123 Milano MI",https://www.mcdonalds.it/elenco-ristoranti,EUR 1-10,False
174,McDonald's,Lombardia,Milano,MI,Milano,Burgers,EUR 10-20,3.7,2040,45.46258137,9.21024956,City Center,"Via P. Calvi 38, Corso Ventidue Marzo, 19, 20135 Milano MI",https://www.mcdonalds.it/elenco-ristoranti,EUR 10-20,False
175,McDonald's,Lombardia,Milano,MI,Milano,Burgers,EUR 1-10,3.5,3607,45.45318825,9.18075028,City Center,"Piazza Sant'Eustorgio, 2, 20122 Milano MI",https://www.mcdonalds.it/elenco-ristoranti,EUR 1-10,False
176,McDonald's,Lombardia,Milano,MI,Milano,Burgers,EUR 1-10,3.7,2067,45.51990837,9.14886502,Shopping Mall,"Via Carlo Amoretti, 20026 Novate Milanese MI",https://www.mcdonalds.it/elenco-ristoranti,EUR 1-10,False
177,McDonald's,Lombardia,Milano,MI,Paderno Dugnano,Burgers,EUR 10-20,4.0,2850,45.57374031,9.18015026,Shopping Mall,"Centro Commerciale Brianza SP44, 20037 Paderno Dugnano MI",https://www.mcdonalds.it/elenco-ristoranti,EUR 10-20,False
178,McDonald's,Lombardia,Milano,MI,Paderno Dugnano,Burgers,EUR 10-20,3.8,55,45.58944658,9.17264352,Commercial Area,"SP35, 20037 Paderno Dugnano MI",https://www.mcdonalds.it/elenco-ristoranti,EUR 10-20,False
179,McDonald's,Lombardia,Milano,MI,Pantigliate,Burgers,EUR 1-10,4.0,3999,45.42903712,9.36726962,Shopping Mall,"Via Vecchia Paullese, 13, 20090 Pantigliate MI",https://www.mcdonalds.it/elenco-ristoranti,EUR 1-10,False
180,McDonald's,Lombardia,Milano,MI,Paullo,Burgers,EUR 1-10,4.3,1738,45.42375053,9.40504892,Commercial Area,"Via Margherita Hack, 2/4, 20067 Paullo MI",https://www.mcdonalds.it/elenco-ristoranti,EUR 1-10,False
181,McDonald's,Lombardia,Milano,MI,Pioltello,Burgers,EUR 1-10,3.8,3486,45.50334461,9.33973301,Commercial Area,"Via Madre Teresa di Calcutta, 2-4-6, 20096 Pioltello MI",https://www.mcdonalds.it/elenco-ristoranti,EUR 1-10,False
182,McDonald's,Lombardia,Milano,MI,Rho,Burgers,EUR 10-20,3.7,1408,45.51050568,9.03913865,Transport Hub,"A4 TO-TS, km 119. 250, Rho MI",https://www.mcdonalds.it/elenco-ristoranti,EUR 10-20,False
183,McDonald's,Lombardia,Milano,MI,Rho,Burgers,EUR 10-20,3.8,3093,45.5415571,9.01766777,Commercial Area,"Strada Statale 33 del Sempione, 20017 Rho MI",https://www.mcdonalds.it/elenco-ristoranti,EUR 10-20,False
184,McDonald's,Lombardia,Milano,MI,Rozzano,Burgers,EUR 10-20,3.8,4008,45.39082979,9.17552956,Shopping Mall,"Via Eugenio Curiel, 25, 20089 Rozzano MI",https://www.mcdonalds.it/elenco-ristoranti,EUR 10-20,False
185,McDonald's,Lombardia,Milano,MI,San Giuliano Milanese,Burgers,EUR 10-20,3.7,509,45.37902687,9.30638685,Shopping Mall,"Via della Pace, 20098 San Giuliano Milanese MI",https://www.mcdonalds.it/elenco-ristoranti,EUR 10-20,False
186,McDonald's,Lombardia,Milano,MI,San Vittore Olona,Burgers,EUR 1-10,3.8,2647,45.57720116,8.95187323,Commercial Area,"SS33 del Sempione, 288, 20028 San Vittore Olona MI",https://www.mcdonalds.it/elenco-ristoranti,EUR 1-10,False
187,McDonald's,Lombardia,Milano,MI,Sedriano,Burgers,EUR 1-10,3.7,3417,45.48311141,8.96964823,Commercial Area,"Via Giuseppe Garibaldi, 20018 Sedriano MI",https://www.mcdonalds.it/elenco-ristoranti,EUR 1-10,False
188,McDonald's,Lombardia,Milano,MI,Segrate,Burgers,EUR 1-10,4.0,5196,45.48624472,9.26408719,Commercial Area,"Via Piaggio, 3, 20090 Segrate MI",https://www.mcdonalds.it/elenco-ristoranti,EUR 1-10,False
189,McDonald's,Lombardia,Milano,MI,Segrate,Burgers,EUR 1-10,3.9,2973,45.47421222,9.28496033,Commercial Area,"Via Rivoltana, 64, 20090 Segrate MI",https://www.mcdonalds.it/elenco-ristoranti,EUR 1-10,False
190,McDonald's,Lombardia,Milano,MI,Sesto San Giovanni,Burgers,EUR 1-10,4.0,1983,45.52996143,9.21785836,Shopping Mall,"Viale Sarca, 20099 Milano MI",https://www.mcdonalds.it/elenco-ristoranti,EUR 1-10,False
191,McDonald's,Lombardia,Milano,MI,Sesto San Giovanni,Burgers,EUR 1-10,4.1,1988,45.52703176,9.25535756,Commercial Area,"Via dei Partigiani, 145, 20099 Sesto San Giovanni MI",https://www.mcdonalds.it/elenco-ristoranti,EUR 1-10,False
192,McDonald's,Lombardia,Milano,MI,Solaro,Burgers,EUR 10-20,3.8,874,45.61797348,9.05772927,Commercial Area,"Via Varese, 220, 20033 Solaro MI",https://www.mcdonalds.it/elenco-ristoranti,EUR 10-20,False
193,McDonald's,Lombardia,Milano,MI,Trezzo sull'Adda,Burgers,,3.6,633,45.60338511,9.51129225,Commercial Area,"Via Cavour, 20056 Trezzo sull'Adda MI",https://www.mcdonalds.it/elenco-ristoranti,EUR 10-20,True
194,McDonald's,Lombardia,Milano,MI,Truccazzano,Burgers,EUR 1-10,3.8,2470,45.48043073,9.4419474,Commercial Area,"SP14, 20060 Truccazzano MI",https://www.mcdonalds.it/elenco-ristoranti,EUR 1-10,False
195,McDonald's,Lombardia,Milano,MI,Vimodrone,Burgers,EUR 1-10,3.8,1357,45.51104807,9.28059567,Shopping Mall,"Via Pio la Torre, 14, 20055 Vimodrone MI",https://www.mcdonalds.it/elenco-ristoranti,EUR 1-10,False
196,McDonald's,Piemonte,Alessandria,AL,Acqui Terme,Burgers,EUR 10-20,3.8,1547,44.66884649,8.47083855,Commercial Area,"Via Giuseppe Romita, 78, 15011 Acqui Terme AL",https://www.mcdonalds.it/elenco-ristoranti,EUR 10-20,False
197,McDonald's,Piemonte,Alessandria,AL,Alessandria,Burgers,EUR 10-20,3.6,4093,44.90958188,8.63180728,Commercial Area,"AdS Porta, Via Marengo, 159, 15121 Alessandria AL",https://www.mcdonalds.it/elenco-ristoranti,EUR 10-20,False
198,McDonald's,Piemonte,Alessandria,AL,Alessandria,Burgers,EUR 10-20,3.7,2085,44.91992063,8.59409311,Commercial Area,"Via Giordano Bruno, 216, 15121 Alessandria AL",https://www.mcdonalds.it/elenco-ristoranti,EUR 10-20,False
199,McDonald's,Piemonte,Alessandria,AL,Alessandria,Burgers,EUR 1-10,2.9,100,44.90871167,8.60812625,Transport Hub,"Piazzale Eugenio Curiel, 8, 15121 Alessandria AL",https://www.mcdonalds.it/elenco-ristoranti,EUR 1-10,False
200,McDonald's,Piemonte,Alessandria,AL,Serravalle Scrivia,Burgers,EUR 1-10,3.9,2988,44.73276717,8.84160318,Shopping Mall,"Outlet, Via Novi, 20, A, 15069 Serravalle Scrivia AL",https://www.mcdonalds.it/elenco-ristoranti,EUR 1-10,False
201,McDonald's,Piemonte,Alessandria,AL,Casale Monferrato,Burgers,EUR 1-10,3.8,1504,45.13452328,8.44441473,Commercial Area,"Via Beato Mons. Luigi Novarese, 15033 Casale Monferrato AL",https://www.mcdonalds.it/elenco-ristoranti,EUR 1-10,False
202,McDonald's,Piemonte,Alessandria,AL,Castelnuovo Scrivia,Burgers,EUR 10-20,3.4,4264,44.93359592,8.85323464,Service Area,"Aut. A7 Genova- Milano Km 60+710, 15053 Castelnuovo Scrivia AL",https://www.mcdonalds.it/elenco-ristoranti,EUR 10-20,False
203,McDonald's,Piemonte,Alessandria,AL,Castelnuovo Scrivia,Burgers,EUR 10-20,3.0,25,44.93416852,8.85179761,Service Area,"A7 Genova - Milano, Km 60, 700, 15053 Castelnuovo Scrivia AL",https://www.mcdonalds.it/elenco-ristoranti,EUR 10-20,False
204,McDonald's,Piemonte,Alessandria,AL,Serravalle Scrivia,Burgers,EUR 10-20,3.8,1708,44.7358007,8.83906022,Shopping Mall,"Via della Moda, 1, 15069 Serravalle Scrivia AL",https://www.mcdonalds.it/elenco-ristoranti,EUR 10-20,False
205,McDonald's,Piemonte,Alessandria,AL,Tortona,Burgers,EUR 10-20,3.6,1795,44.90811339,8.88478954,Commercial Area,"Oasi Centro Commerciale S.P. 99 per Viguzzolo 2, 15057 Tortona AL",https://www.mcdonalds.it/elenco-ristoranti,EUR 10-20,False
206,McDonald's,Piemonte,Alessandria,AL,Valenza,Burgers,EUR 10-20,3.3,888,45.00332682,8.63906465,Commercial Area,"Via Circonvallazione Ovest, 15048 Valenza AL",https://www.mcdonalds.it/elenco-ristoranti,EUR 10-20,False
207,McDonald's,Piemonte,Alessandria,AL,Belforte Monferrato,Burgers,EUR 10-20,3.6,32,44.64287458,8.69614243,Service Area,"Regione Fornace, 8/B/1, 15070 Belforte Monferrato AL",https://www.mcdonalds.it/elenco-ristoranti,EUR 10-20,False
208,McDonald's,Piemonte,Asti,AT,Asti,Burgers,EUR 1-10,3.6,2674,44.90634099,8.23061551,Commercial Area,"Corso Alessandria, 330, 14100 Asti AT",https://www.mcdonalds.it/elenco-ristoranti,EUR 1-10,False
209,McDonald's,Piemonte,Asti,AT,Asti,Burgers,EUR 1-10,4.1,1350,44.90456428,8.17956334,Commercial Area,"Corso Torino, 380, 14100 Asti AT",https://www.mcdonalds.it/elenco-ristoranti,EUR 1-10,False
210,McDonald's,Piemonte,Biella,BI,Biella,Burgers,EUR 10-20,3.8,3446,45.55265231,8.07186858,Commercial Area,"Localita' San Maurizio, Corso S. Maurizio, 27/b, 13900 Biella BI",https://www.mcdonalds.it/elenco-ristoranti,EUR 10-20,False
211,McDonald's,Piemonte,Biella,BI,Quaregna Cerreto,Burgers,EUR 1-10,3.8,684,45.56497044,8.15944452,Commercial Area,"Via Quintino Sella, 14, 13854 Quaregna Cerreto BI",https://www.mcdonalds.it/elenco-ristoranti,EUR 1-10,False
212,McDonald's,Piemonte,Cuneo,CN,Cuneo,Burgers,EUR 10-20,4.0,1819,44.39242726,7.58230013,Shopping Mall,"Via Margarita, 8, 12100 Cuneo CN",https://www.mcdonalds.it/elenco-ristoranti,EUR 10-20,False
213,McDonald's,Piemonte,Cuneo,CN,Cuneo,Burgers,EUR 10-20,3.9,316,44.37316807,7.52820253,Commercial Area,"Via Sandro Pertini, 8, 12100 Cuneo CN",https://www.mcdonalds.it/elenco-ristoranti,EUR 10-20,False
214,McDonald's,Piemonte,Cuneo,CN,Fossano,Burgers,EUR 1-10,4.0,1997,44.55736168,7.71233561,Commercial Area,"Via Torino, 35, 12045 Fossano CN",https://www.mcdonalds.it/elenco-ristoranti,EUR 1-10,False
215,McDonald's,Piemonte,Cuneo,CN,Mondovì,Burgers,EUR 10-20,4.0,3004,44.42004261,7.84951997,Shopping Mall,"Corso Mondovicino, 29, 12084 Mondovì CN",https://www.mcdonalds.it/elenco-ristoranti,EUR 10-20,False
216,McDonald's,Piemonte,Cuneo,CN,Santa Vittoria d'Alba,Burgers,EUR 10-20,3.9,1695,44.69502118,7.94629982,Commercial Area,"S.S. 231 Alba-Bra, SS231, 186, 12069 Santa Vittoria d'Alba CN",https://www.mcdonalds.it/elenco-ristoranti,EUR 10-20,False
217,McDonald's,Piemonte,Cuneo,CN,Savigliano,Burgers,EUR 1-10,3.9,915,44.64853116,7.6755521,Commercial Area,"Via Alba, 36, 12038 Savigliano CN",https://www.mcdonalds.it/elenco-ristoranti,EUR 1-10,False
218,McDonald's,Piemonte,Novara,NO,Borgomanero,Burgers,EUR 10-20,3.9,3161,45.72038267,8.4890188,Commercial Area,"Via Santa Cristinetta, 149, 28021 Borgomanero NO",https://www.mcdonalds.it/elenco-ristoranti,EUR 10-20,False
219,McDonald's,Piemonte,Novara,NO,Castelletto sopra Ticino,Burgers,EUR 1-10,3.9,3768,45.71913842,8.60020737,Commercial Area,"Via Sempione, 134, 28053 Castelletto sopra Ticino NO",https://www.mcdonalds.it/elenco-ristoranti,EUR 1-10,False
220,McDonald's,Piemonte,Novara,NO,Novara,Burgers,EUR 1-10,3.7,1223,45.44675567,8.6015746,Shopping Mall,"San Martino, Via Cavalcavia S. Martino, 28100 Novara NO",https://www.mcdonalds.it/elenco-ristoranti,EUR 1-10,False
221,McDonald's,Piemonte,Novara,NO,Novara,Burgers,EUR 1-10,3.7,3199,45.45176764,8.65078677,Commercial Area,"Piazzale Giuseppe Fortina, 1, 28100 Novara NO",https://www.mcdonalds.it/elenco-ristoranti,EUR 1-10,False
222,McDonald's,Piemonte,Novara,NO,Novara,Burgers,EUR 10-20,3.2,141,45.46631269,8.63087744,Commercial Area,"Via Mario Pavesi, 28100 Novara NO",https://www.mcdonalds.it/elenco-ristoranti,EUR 10-20,False
223,McDonald's,Piemonte,Novara,NO,Oleggio,Burgers,EUR 1-10,4.0,1180,45.60022658,8.64664086,Commercial Area,"Via Carmine, 28047 Oleggio NO",https://www.mcdonalds.it/elenco-ristoranti,EUR 1-10,False
224,McDonald's,Piemonte,Novara,NO,Romagnano Sesia,Burgers,EUR 10-20,4.0,3305,45.62187562,8.40084439,Commercial Area,"Via Novara, 243, 28078 Romagnano Sesia NO",https://www.mcdonalds.it/elenco-ristoranti,EUR 10-20,False
225,McDonald's,Piemonte,Novara,NO,Trecate,Burgers,EUR 1-10,4.0,840,45.4378609,8.72554873,Commercial Area,"Via Bettole, 40, 28069 Trecate NO",https://www.mcdonalds.it/elenco-ristoranti,EUR 1-10,False
226,McDonald's,Piemonte,Verbano-Cusio-Ossola,VB,Domodossola,Burgers,EUR 10-20,4.0,2333,46.12940785,8.29379859,Commercial Area,"Via Sempione, 71, 28845 Domodossola VB",https://www.mcdonalds.it/elenco-ristoranti,EUR 10-20,False
227,McDonald's,Piemonte,Verbano-Cusio-Ossola,VB,Gravellona Toce,Burgers,EUR 1-10,3.8,1399,45.93241506,8.43897244,Commercial Area,"Corso Guglielmo Marconi, 46, 28883 Gravellona Toce VB",https://www.mcdonalds.it/elenco-ristoranti,EUR 1-10,False
228,McDonald's,Piemonte,Verbano-Cusio-Ossola,VB,Gravellona Toce,Burgers,EUR 10-20,4.0,610,45.92499067,8.43068214,Shopping Mall,"Corso Roma, 126, 28883 Gravellona Toce VB",https://www.mcdonalds.it/elenco-ristoranti,EUR 10-20,False
229,McDonald's,Piemonte,Verbano-Cusio-Ossola,VB,Verbania,Burgers,EUR 10-20,3.8,71,45.9276693,8.56219692,Commercial Area,"Corso Europa, 28922 Pallanza VB",https://www.mcdonalds.it/elenco-ristoranti,EUR 10-20,False
230,McDonald's,Piemonte,Vercelli,VC,Crescentino,Burgers,EUR 1-10,3.8,300,45.18983233,8.11010893,Commercial Area,"Via Viotti, 13044 Crescentino VC",https://www.mcdonalds.it/elenco-ristoranti,EUR 1-10,False
231,McDonald's,Piemonte,Vercelli,VC,Santhià,Burgers,,3.9,689,45.37582398,8.15265409,Commercial Area,"Corso Aosta, 13048 Santhià VC",https://www.mcdonalds.it/elenco-ristoranti,EUR 10-20,True
232,McDonald's,Piemonte,Vercelli,VC,Vercelli,Burgers,EUR 10-20,3.9,1027,45.32344793,8.39537254,Commercial Area,"Via Bertinetti, Tangenziale Ovest, 1, 13100 Vercelli VC",https://www.mcdonalds.it/elenco-ristoranti,EUR 10-20,False
233,McDonald's,Piemonte,Torino,TO,Alpignano,Burgers,EUR 10-20,3.5,1636,45.10267696,7.53623104,Commercial Area,"Via Venaria, 18, 10091 Alpignano TO",https://www.mcdonalds.it/elenco-ristoranti,EUR 10-20,False
234,McDonald's,Piemonte,Torino,TO,Avigliana,Burgers,EUR 10-20,3.9,2281,45.08679907,7.4074621,Commercial Area,"Via Francesca e Giovanni Falcone, 87, 10051 Avigliana TO",https://www.mcdonalds.it/elenco-ristoranti,EUR 10-20,False
235,McDonald's,Piemonte,Torino,TO,Beinasco,Burgers,EUR 10-20,3.5,3366,45.02242475,7.59398718,Shopping Mall,"Via Torino, Via del Commercio, 10092 Beinasco",https://www.mcdonalds.it/elenco-ristoranti,EUR 10-20,False
236,McDonald's,Piemonte,Torino,TO,Borgaro Torinese,Burgers,EUR 10-20,4.4,49,45.14480818,7.65563008,Commercial Area,"Via Stati Uniti, 1, 10071 Borgaro Torinese TO",https://www.mcdonalds.it/elenco-ristoranti,EUR 10-20,False
237,McDonald's,Piemonte,Torino,TO,Carmagnola,Burgers,EUR 10-20,3.8,2054,44.84580055,7.73276497,Commercial Area,"Via Sommariva, 27, 10022 Carmagnola TO",https://www.mcdonalds.it/elenco-ristoranti,EUR 10-20,False
238,McDonald's,Piemonte,Torino,TO,Cavour,Burgers,EUR 10-20,3.9,109,44.79391012,7.37502988,Commercial Area,"Via Pinerolo, 75/A, 10061 Cavour TO",https://www.mcdonalds.it/elenco-ristoranti,EUR 10-20,False
239,McDonald's,Piemonte,Torino,TO,Chieri,Burgers,EUR 10-20,3.7,2209,45.00248319,7.84358981,Commercial Area,"Via Padana Inferiore, 43, 10023 Chieri TO",https://www.mcdonalds.it/elenco-ristoranti,EUR 10-20,False
240,McDonald's,Piemonte,Torino,TO,Chivasso,Burgers,EUR 1-10,3.8,3588,45.20154149,7.8922943,Commercial Area,"Via Peppino Impastato, 238, 10034 Chivasso TO",https://www.mcdonalds.it/elenco-ristoranti,EUR 1-10,False
241,McDonald's,Piemonte,Torino,TO,Collegno,Burgers,EUR 1-10,3.8,2458,45.07267101,7.56897045,Commercial Area,"C.so Francia, 262, 10093 Collegno TO",https://www.mcdonalds.it/elenco-ristoranti,EUR 1-10,False
242,McDonald's,Piemonte,Torino,TO,Grugliasco,Burgers,EUR 1-10,3.7,2186,45.05579434,7.61296217,Shopping Mall,"Via Crea 10, c/o C.C. Shopville Le Gru, 10095 Grugliasco TO",https://www.mcdonalds.it/elenco-ristoranti,EUR 1-10,False
243,McDonald's,Piemonte,Torino,TO,Leini,Burgers,EUR 1-10,3.9,2296,45.16532596,7.71213269,Commercial Area,"Via Torino, 165, 10040 Leini TO",https://www.mcdonalds.it/elenco-ristoranti,EUR 1-10,False
244,McDonald's,Piemonte,Torino,TO,Moncalieri,Burgers,EUR 10-20,3.6,2951,44.97674554,7.70718052,Shopping Mall,"Via Fortunato Postiglione, 1, 10024 Moncalieri TO",https://www.mcdonalds.it/elenco-ristoranti,EUR 10-20,False
245,McDonald's,Piemonte,Torino,TO,Moncalieri,Burgers,EUR 10-20,3.9,39,45.01485617,7.66733128,Commercial Area,"Corso Trieste, 95, 10024 Moncalieri TO",https://www.mcdonalds.it/elenco-ristoranti,EUR 10-20,False
246,McDonald's,Piemonte,Torino,TO,Nichelino,Burgers,EUR 1-10,3.8,2794,44.98496256,7.6217141,Shopping Mall,"Via Scarrone, 10, 10042 Nichelino TO",https://www.mcdonalds.it/elenco-ristoranti,EUR 1-10,False
247,McDonald's,Piemonte,Torino,TO,Orbassano,Burgers,EUR 10-20,4.0,1026,45.00282062,7.55306425,Commercial Area,"Via Circonvallazione Esterna, 10, 10043 Orbassano TO",https://www.mcdonalds.it/elenco-ristoranti,EUR 10-20,False
248,McDonald's,Piemonte,Torino,TO,Pavone Canavese,Burgers,EUR 10-20,3.7,1976,45.4452586,7.85317665,Commercial Area,"Il Pavone Canavese, Via Circonvallazione, 95, 10018 Pavone Canavese TO",https://www.mcdonalds.it/elenco-ristoranti,EUR 10-20,False
249,McDonald's,Piemonte,Torino,TO,Pinerolo,Burgers,EUR 10-20,3.8,3037,44.88892952,7.35545986,Commercial Area,"Corso Torino, 155, 10064 Pinerolo TO",https://www.mcdonalds.it/elenco-ristoranti,EUR 10-20,False
250,McDonald's,Piemonte,Torino,TO,Rivarolo Canavese,Burgers,EUR 10-20,3.7,1202,45.32396539,7.72758304,Commercial Area,"Corso Torino, 10086 Rivarolo Canavese TO",https://www.mcdonalds.it/elenco-ristoranti,EUR 10-20,False
251,McDonald's,Piemonte,Torino,TO,Settimo Torinese,Burgers,EUR 1-10,3.7,2043,45.13316266,7.75894665,Commercial Area,"Via Torino, 49, 10036 Settimo Torinese TO",https://www.mcdonalds.it/elenco-ristoranti,EUR 1-10,False
252,McDonald's,Piemonte,Torino,TO,Caselle Torinese,Burgers,EUR 10-20,3.0,119,45.19156294,7.64408921,Transport Hub,"Str. S. Maurizio, 102, 10072 Torino TO",https://www.mcdonalds.it/elenco-ristoranti,EUR 10-20,False
253,McDonald's,Piemonte,Torino,TO,Torino,Burgers,EUR 1-10,3.3,4293,45.06993225,7.6857881,City Center,"P.za Castello, 59, 10123 Torino TO",https://www.mcdonalds.it/elenco-ristoranti,EUR 1-10,False
254,McDonald's,Piemonte,Torino,TO,Torino,Burgers,EUR 10-20,3.9,197,45.08987795,7.65387676,Commercial Area,"Corso Potenza, 22, 10143 Torino TO",https://www.mcdonalds.it/elenco-ristoranti,EUR 10-20,False
255,McDonald's,Piemonte,Torino,TO,Torino,Burgers,EUR 10-20,3.5,2219,45.09424714,7.63371374,Commercial Area,"Via Pietro Cossa, 10151 Torino TO",https://www.mcdonalds.it/elenco-ristoranti,EUR 10-20,False
256,McDonald's,Piemonte,Torino,TO,Torino,Burgers,EUR 1-10,3.5,4153,45.11732496,7.7096924,Commercial Area,"C.so Giulio Cesare, 397, 10156 Torino TO",https://www.mcdonalds.it/elenco-ristoranti,EUR 1-10,False
257,McDonald's,Piemonte,Torino,TO,Torino,Burgers,EUR 1-10,3.8,3034,45.03195629,7.66496727,Shopping Mall,"Via Nizza, 230, 10135 Torino TO",https://www.mcdonalds.it/elenco-ristoranti,EUR 1-10,False
258,McDonald's,Piemonte,Torino,TO,Torino,Burgers,EUR 10-20,3.7,3603,45.06464474,7.63020602,Residential Area,"Via Monginevro, 162, 10141 Torino TO",https://www.mcdonalds.it/elenco-ristoranti,EUR 10-20,False
259,McDonald's,Piemonte,Torino,TO,Torino,Burgers,EUR 1-10,3.3,662,45.07320101,7.66695906,Transport Hub,"Corso Bolzano, 10122 Torino TO",https://www.mcdonalds.it/elenco-ristoranti,EUR 1-10,False
260,McDonald's,Piemonte,Torino,TO,Torino,Burgers,EUR 1-10,3.9,2533,45.04729372,7.64589857,Residential Area,"P.za Santa Rita da Cascia, 8, 10136 Torino TO",https://www.mcdonalds.it/elenco-ristoranti,EUR 1-10,False
261,McDonald's,Piemonte,Torino,TO,Torino,Burgers,EUR 1-10,3.9,1967,45.06713984,7.69347252,City Center,"Via Sant'Ottavio, 8, 10124 Torino TO",https://www.mcdonalds.it/elenco-ristoranti,EUR 1-10,False
262,McDonald's,Piemonte,Torino,TO,Torino,Burgers,EUR 10-20,3.3,1563,45.06260175,7.67855964,Transport Hub,"Via Nizza, 2/A, 10125 Torino TO",https://www.mcdonalds.it/elenco-ristoranti,EUR 10-20,False
263,McDonald's,Piemonte,Torino,TO,Torino,Burgers,EUR 1-10,3.7,2937,45.0870856,7.6699542,Shopping Mall,"Via Livorno, 48, 10144 Torino TO",https://www.mcdonalds.it/elenco-ristoranti,EUR 1-10,False
264,McDonald's,Piemonte,Torino,TO,Venaria Reale,Burgers,EUR 10-20,3.6,3200,45.11267622,7.64454181,Commercial Area,"Corso Giuseppe Garibaldi, 262, 10078 Venaria Reale TO",https://www.mcdonalds.it/elenco-ristoranti,EUR 10-20,False
265,McDonald's,Trentino-Alto Adige,Bolzano,BZ,Bolzano,Burgers,EUR 10-20,3.6,3308,46.4694351,11.32226269,Commercial Area,"Via Bruno Buozzi, 30, 39100 Bolzano BZ",https://www.mcdonalds.it/elenco-ristoranti,EUR 10-20,False
266,McDonald's,Trentino-Alto Adige,Bolzano,BZ,Bolzano,Burgers,EUR 10-20,3.6,1137,46.48625872,11.33583075,Shopping Mall,"C.C. Twenty, Via G. Galilei, 20, 39100 Bolzano BZ",https://www.mcdonalds.it/elenco-ristoranti,EUR 10-20,False
267,McDonald's,Trentino-Alto Adige,Bolzano,BZ,Bolzano,Burgers,EUR 10-20,3.6,1942,46.49797616,11.3539687,City Center,"Piazza della Parrocchia, 4, 39100 Bolzano BZ",https://www.mcdonalds.it/elenco-ristoranti,EUR 10-20,False
268,McDonald's,Trentino-Alto Adige,Bolzano,BZ,Merano,Burgers,EUR 10-20,3.6,2392,46.65623376,11.16923466,Commercial Area,"Via Roma, 205, 39012 Merano BZ",https://www.mcdonalds.it/elenco-ristoranti,EUR 10-20,False
269,McDonald's,Trentino-Alto Adige,Bolzano,BZ,Lagundo,Burgers,EUR 10-20,3.1,356,46.67926534,11.13404224,Shopping Mall,"Via Josef Weingartner, 31, 39022 Lagundo BZ",https://www.mcdonalds.it/elenco-ristoranti,EUR 10-20,False
270,McDonald's,Trentino-Alto Adige,Trento,TN,Rovereto,Burgers,EUR 10-20,3.9,5170,45.8613578,11.00165954,Transport Hub,"Via Stazione, 2, 38068 Rovereto TN",https://www.mcdonalds.it/elenco-ristoranti,EUR 10-20,False
271,McDonald's,Trentino-Alto Adige,Trento,TN,Trento,Burgers,EUR 1-10,4.0,5126,46.03316273,11.13276603,Commercial Area,"Via di Madonna Bianca, 5, 38123 Trento TN",https://www.mcdonalds.it/elenco-ristoranti,EUR 1-10,False
272,McDonald's,Trentino-Alto Adige,Trento,TN,Trento,Burgers,EUR 10-20,4.0,5696,46.08253701,11.12171617,Commercial Area,"Via dei Solteri, 111, 38121 Trento TN",https://www.mcdonalds.it/elenco-ristoranti,EUR 10-20,False
273,McDonald's,Veneto,Belluno,BL,Belluno,Burgers,EUR 10-20,3.6,3029,46.15823978,12.23556326,Commercial Area,"Via Tiziano Vecellio, 32100 Belluno BL",https://www.mcdonalds.it/elenco-ristoranti,EUR 10-20,False
274,McDonald's,Veneto,Treviso,TV,Castelfranco Veneto,Burgers,EUR 10-20,3.2,2865,45.68407998,11.92632165,Commercial Area,"Via Circonvallazione Ovest, 2A, 31033 Castelfranco Veneto TV",https://www.mcdonalds.it/elenco-ristoranti,EUR 10-20,False
275,McDonald's,Veneto,Treviso,TV,Cornuda,Burgers,EUR 10-20,3.8,3422,45.81360304,12.01303509,Commercial Area,"Via dell'Industria, 1, 31041 Cornuda TV",https://www.mcdonalds.it/elenco-ristoranti,EUR 10-20,False
276,McDonald's,Veneto,Treviso,TV,Conegliano,Burgers,EUR 10-20,3.5,2794,45.89096481,12.32670475,Commercial Area,"Viale Venezia S.S. 13, SS13, 31015 Conegliano TV",https://www.mcdonalds.it/elenco-ristoranti,EUR 10-20,False
277,McDonald's,Veneto,Treviso,TV,Silea,Burgers,EUR 10-20,3.9,4490,45.6501945,12.31117615,Shopping Mall,"Via Giovanni Sartorelli, 2, 31057 Silea TV",https://www.mcdonalds.it/elenco-ristoranti,EUR 10-20,False
278,McDonald's,Veneto,Treviso,TV,Treviso,Burgers,EUR 10-20,3.9,5295,45.69072954,12.24879362,Commercial Area,"Viale della Repubblica, 273, 31100 Treviso TV",https://www.mcdonalds.it/elenco-ristoranti,EUR 10-20,False
279,McDonald's,Veneto,Treviso,TV,Volpago del Montello,Burgers,EUR 10-20,4.0,1070,45.75856187,12.09408355,Commercial Area,"Via Feltrina Sud, 10, 31040 Volpago del Montello TV",https://www.mcdonalds.it/elenco-ristoranti,EUR 10-20,False
280,McDonald's,Veneto,Padova,PD,Albignasego,Burgers,EUR 1-10,3.7,1260,45.37792019,11.85461016,Shopping Mall,"Via Giovanni Verga, 1, 35020 Albignasego PD",https://www.mcdonalds.it/elenco-ristoranti,EUR 1-10,False
281,McDonald's,Veneto,Padova,PD,Cittadella,Burgers,EUR 1-10,4.0,344,45.6512327,11.77528783,Commercial Area,"Via Brigata Granatieri di Sardegna, 6, 35013 Cittadella PD",https://www.mcdonalds.it/elenco-ristoranti,EUR 1-10,False
282,McDonald's,Veneto,Padova,PD,Este,Burgers,EUR 10-20,3.8,190,45.22303189,11.65522731,Commercial Area,"Via Gambina, 35042 Este PD",https://www.mcdonalds.it/elenco-ristoranti,EUR 10-20,False
283,McDonald's,Veneto,Padova,PD,Monselice,Burgers,EUR 1-10,3.8,3706,45.23015707,11.7480644,Commercial Area,"Via Ferdinando Magellano, 2, 35043 Monselice PD",https://www.mcdonalds.it/elenco-ristoranti,EUR 1-10,False
284,McDonald's,Veneto,Padova,PD,Padova,Burgers,EUR 1-10,3.2,3244,45.41755168,11.87930168,Transport Hub,"Piazzale della Stazione, 5, 35131 Padova PD",https://www.mcdonalds.it/elenco-ristoranti,EUR 1-10,False
285,McDonald's,Veneto,Padova,PD,Padova,Burgers,EUR 1-10,4.0,3412,45.43719607,11.89340756,Commercial Area,"Via Pontevigodarzere, 2, 35133 Padova PD",https://www.mcdonalds.it/elenco-ristoranti,EUR 1-10,False
286,McDonald's,Veneto,Padova,PD,Padova,Burgers,EUR 10-20,3.9,3187,45.43249876,11.86317394,Service Area,"Corso Australia, 4, 35136 Padova PD",https://www.mcdonalds.it/elenco-ristoranti,EUR 10-20,False
287,McDonald's,Veneto,Padova,PD,Padova,Burgers,EUR 10-20,3.8,1045,45.41895259,11.86710187,Commercial Area,"Via fra' Paolo Sarpi, 78, 35138 Padova PD",https://www.mcdonalds.it/elenco-ristoranti,EUR 10-20,False
288,McDonald's,Veneto,Padova,PD,Padova,Burgers,EUR 10-20,3.5,4098,45.40991964,11.90688247,Commercial Area,"Via Venezia, 92, 35131 Padova PD",https://www.mcdonalds.it/elenco-ristoranti,EUR 10-20,False
289,McDonald's,Veneto,Padova,PD,Piove di Sacco,Burgers,EUR 10-20,3.5,540,45.30127233,12.02777286,Commercial Area,"Via Borgo Padova, 1, 35028 Piove di Sacco PD",https://www.mcdonalds.it/elenco-ristoranti,EUR 10-20,False
290,McDonald's,Veneto,Padova,PD,Rubano,Burgers,EUR 10-20,3.9,3182,45.4312941,11.7786746,Commercial Area,"Via Pria Fosca, 2, 35030 Rubano PD",https://www.mcdonalds.it/elenco-ristoranti,EUR 10-20,False
291,McDonald's,Veneto,Padova,PD,San Giorgio delle Pertiche,Burgers,EUR 1-10,3.9,627,45.54064436,11.92269188,Shopping Mall,"Via Caselle, 2, 35010 San Giorgio delle Pertiche PD",https://www.mcdonalds.it/elenco-ristoranti,EUR 1-10,False
292,McDonald's,Veneto,Padova,PD,Saonara,Burgers,EUR 10-20,3.6,486,45.38479672,11.96560899,Commercial Area,"Via Giuseppe Mazzini, 1, 35020 Villatora PD",https://www.mcdonalds.it/elenco-ristoranti,EUR 10-20,False
293,McDonald's,Veneto,Padova,PD,Trebaseleghe,Burgers,EUR 10-20,3.5,1564,45.5791239,12.07109631,Commercial Area,"Via Malcanton, 35/H, 35010 Trebaseleghe PD",https://www.mcdonalds.it/elenco-ristoranti,EUR 10-20,False
294,McDonald's,Veneto,Rovigo,RO,Badia Polesine,Burgers,EUR 10-20,3.4,93,45.09301764,11.51535151,Commercial Area,"Via dell' Industria, 45021 Badia Polesine RO",https://www.mcdonalds.it/elenco-ristoranti,EUR 10-20,False
295,McDonald's,Veneto,Rovigo,RO,Rovigo,Burgers,EUR 1-10,3.9,4071,45.03316619,11.77953179,Commercial Area,"V.le Porta Po, 191, 45100 Rovigo RO",https://www.mcdonalds.it/elenco-ristoranti,EUR 1-10,False
296,McDonald's,Veneto,Venezia,VE,Chioggia,Burgers,EUR 10-20,3.9,4785,45.18780463,12.27535786,Shopping Mall,"Strada Statale Romea, 101, 30015 Chioggia VE",https://www.mcdonalds.it/elenco-ristoranti,EUR 10-20,False
297,McDonald's,Veneto,Venezia,VE,Fossalta di Portogruaro,Burgers,EUR 10-20,4.0,3128,45.80401872,12.88737462,Service Area,"A4 Torino - Trieste, 456, 30025 Fratta VE",https://www.mcdonalds.it/elenco-ristoranti,EUR 10-20,False
298,McDonald's,Veneto,Venezia,VE,Jesolo,Burgers,EUR 10-20,3.5,5995,45.50570374,12.63462488,Commercial Area,"Via Aldo Policek, 6/8, 30016 Jesolo VE",https://www.mcdonalds.it/elenco-ristoranti,EUR 10-20,False
299,McDonald's,Veneto,Venezia,VE,Marcon,Burgers,EUR 10-20,3.7,2046,45.5472338,12.30529266,Shopping Mall,"Via Enrico Mattei, 1/D, 30020 Marcon-gaggio Zona Commerciale VE",https://www.mcdonalds.it/elenco-ristoranti,EUR 10-20,False
300,McDonald's,Veneto,Venezia,VE,Venezia,Burgers,EUR 1-10,3.7,1598,45.45818743,12.21311813,Shopping Mall,"Via Pietro Arduino, 20, 30175 Venezia VE",https://www.mcdonalds.it/elenco-ristoranti,EUR 1-10,False
301,McDonald's,Veneto,Venezia,VE,Venezia,Burgers,EUR 10-20,3.6,4630,45.48305122,12.24150946,City Center,"Corso del Popolo, 223, 30172 Venezia VE",https://www.mcdonalds.it/elenco-ristoranti,EUR 10-20,False
302,McDonald's,Veneto,Venezia,VE,Venezia,Burgers,EUR 1-10,3.5,1999,45.48328798,12.23135389,Transport Hub,"Piazzale Pietro Favretti, 38, 30171 Venezia VE",https://www.mcdonalds.it/elenco-ristoranti,EUR 1-10,False
303,McDonald's,Veneto,Venezia,VE,Venezia,Burgers,EUR 10-20,3.8,2986,45.51895508,12.22904293,Shopping Mall,"Via Pionara, 21, 30174 Venezia VE",https://www.mcdonalds.it/elenco-ristoranti,EUR 10-20,False
304,McDonald's,Veneto,Venezia,VE,Venezia,Burgers,EUR 10-20,3.9,1708,45.51009774,12.22700877,Shopping Mall,"Via Don Federico Tosatto, 22, 30174 Venezia VE",https://www.mcdonalds.it/elenco-ristoranti,EUR 10-20,False
305,McDonald's,Veneto,Venezia,VE,Portogruaro,Burgers,EUR 10-20,4.0,2985,45.79267104,12.82069284,Commercial Area,"Via Prati Guori, 30026 Portogruaro VE",https://www.mcdonalds.it/elenco-ristoranti,EUR 10-20,False
306,McDonald's,Veneto,Venezia,VE,San Donà di Piave,Burgers,EUR 10-20,3.7,4339,45.645402,12.5941709,Commercial Area,"Via del Molino, 11, 30027 San Donà di Piave VE",https://www.mcdonalds.it/elenco-ristoranti,EUR 10-20,False
307,McDonald's,Veneto,Venezia,VE,Spinea,Burgers,EUR 10-20,3.8,1433,45.48829543,12.17892996,Commercial Area,"Via Palladio, 30038 Spinea VE",https://www.mcdonalds.it/elenco-ristoranti,EUR 10-20,False
308,McDonald's,Veneto,Venezia,VE,Venezia,Burgers,EUR 10-20,3.4,7282,45.44129778,12.33429766,Commercial Area,"Strada Nova, 3922, 30121 Venezia VE",https://www.mcdonalds.it/elenco-ristoranti,EUR 10-20,False
309,McDonald's,Veneto,Verona,VR,Affi,Burgers,EUR 10-20,3.7,5346,45.55153157,10.78830867,Commercial Area,"Via S. Pieretto, 27, 37010 Affi VR",https://www.mcdonalds.it/elenco-ristoranti,EUR 10-20,False
310,McDonald's,Veneto,Verona,VR,Bussolengo,Burgers,EUR 1-10,4.1,2467,45.44658488,10.86323573,Commercial Area,"SR11 Padana Superiore, 16, 37012 Bussolengo VR",https://www.mcdonalds.it/elenco-ristoranti,EUR 1-10,False
311,McDonald's,Veneto,Verona,VR,Verona,Burgers,EUR 1-10,4.0,4282,45.38967481,10.9033787,Commercial Area,"Via Borgo Bello, 29, 37100 Verona VR",https://www.mcdonalds.it/elenco-ristoranti,EUR 1-10,False
312,McDonald's,Veneto,Verona,VR,Legnago,Burgers,EUR 10-20,3.9,3997,45.18534081,11.2566704,Commercial Area,"Viale Europa, 37, 37045 Legnago VR",https://www.mcdonalds.it/elenco-ristoranti,EUR 10-20,False
313,McDonald's,Veneto,Verona,VR,Lugagnano di Sona,Burgers,EUR 10-20,3.6,1572,45.43995392,10.86387594,Shopping Mall,"Via Trentino, 1, 37060 Lugagnano VR",https://www.mcdonalds.it/elenco-ristoranti,EUR 10-20,False
314,McDonald's,Veneto,Verona,VR,Peschiera del Garda,Burgers,EUR 1-10,3.8,8005,45.43930355,10.71155702,Commercial Area,"Via Venezia, 88, 37019 Peschiera del Garda VR",https://www.mcdonalds.it/elenco-ristoranti,EUR 1-10,False
315,McDonald's,Veneto,Verona,VR,San Bonifacio,Burgers,EUR 10-20,3.6,2926,45.40551573,11.24779386,Commercial Area,"Via Crosaron, 14, 37047 Villabella VR",https://www.mcdonalds.it/elenco-ristoranti,EUR 10-20,False
316,McDonald's,Veneto,Verona,VR,San Giovanni Lupatoto,Burgers,EUR 1-10,3.9,4586,45.39288924,11.01994993,Shopping Mall,"Via Cà Nova Zampieri, 28, 37057 San Giovanni Lupatoto VR",https://www.mcdonalds.it/elenco-ristoranti,EUR 1-10,False
317,McDonald's,Veneto,Verona,VR,San Martino Buon Albergo,Burgers,EUR 1-10,3.4,1497,45.42201403,11.10582664,Commercial Area,"Via Alcide De Gasperi, 5, 37036 San Martino Buon Albergo VR",https://www.mcdonalds.it/elenco-ristoranti,EUR 1-10,False
318,McDonald's,Veneto,Verona,VR,Verona,Burgers,EUR 1-10,3.7,1015,45.40686079,10.97719782,Shopping Mall,"Viale delle Nazioni, 1, 37135 Verona VR",https://www.mcdonalds.it/elenco-ristoranti,EUR 1-10,False
319,McDonald's,Veneto,Verona,VR,Verona,Burgers,EUR 1-10,3.6,3779,45.41159863,10.97886801,Commercial Area,"Viale del Lavoro, 25, 37135 Verona VR",https://www.mcdonalds.it/elenco-ristoranti,EUR 1-10,False
320,McDonald's,Veneto,Verona,VR,Verona,Burgers,EUR 1-10,3.7,2705,45.44415632,10.96793006,Commercial Area,"C.so Milano, 62, 37138 Verona VR",https://www.mcdonalds.it/elenco-ristoranti,EUR 1-10,False
321,McDonald's,Veneto,Verona,VR,Verona,Burgers,EUR 1-10,3.6,8531,45.43727788,10.99071023,City Center,"Corso Porta Nuova, 14, 37122 Verona VR",https://www.mcdonalds.it/elenco-ristoranti,EUR 1-10,False
322,McDonald's,Veneto,Verona,VR,Verona,Burgers,EUR 1-10,3.9,2082,45.46626857,10.95889686,Commercial Area,"Via Preare, 52, 37124 Verona VR",https://www.mcdonalds.it/elenco-ristoranti,EUR 1-10,False
323,McDonald's,Veneto,Vicenza,VI,Arzignano,Burgers,EUR 10-20,3.3,127,45.512564,11.34577343,Commercial Area,"Via dell'Industria, 39, 36071 Arzignano VI",https://www.mcdonalds.it/elenco-ristoranti,EUR 10-20,False
324,McDonald's,Veneto,Vicenza,VI,Bassano del Grappa,Burgers,EUR 10-20,3.6,3317,45.74610061,11.75177999,Commercial Area,"Via Capitelvecchio, 74, 36061 Bassano del Grappa VI",https://www.mcdonalds.it/elenco-ristoranti,EUR 10-20,False
325,McDonald's,Veneto,Vicenza,VI,Montecchio Maggiore,Burgers,EUR 10-20,3.7,3481,45.49359446,11.42955444,Commercial Area,"Via Dante, 2, 36075 Montecchio Maggiore VI",https://www.mcdonalds.it/elenco-ristoranti,EUR 10-20,False
326,McDonald's,Veneto,Vicenza,VI,Schio,Burgers,EUR 10-20,3.7,2678,45.71996981,11.39787992,Commercial Area,"Via Lazio, 2, 36015 Schio VI",https://www.mcdonalds.it/elenco-ristoranti,EUR 10-20,False
327,McDonald's,Veneto,Vicenza,VI,Thiene,Burgers,EUR 1-10,3.7,2161,45.69667443,11.48240807,Commercial Area,"Via Meucci, 3, 36016 Thiene VI",https://www.mcdonalds.it/elenco-ristoranti,EUR 1-10,False
328,McDonald's,Veneto,Vicenza,VI,Torri di Quartesolo,Burgers,EUR 1-10,3.8,2371,45.50937763,11.62551146,Shopping Mall,"Via Pola, 20, 36040 Torri di Quartesolo VI",https://www.mcdonalds.it/elenco-ristoranti,EUR 1-10,False
329,McDonald's,Veneto,Vicenza,VI,Vicenza,Burgers,EUR 1-10,3.6,1727,45.53060213,11.59637135,Shopping Mall,"Centro Commerciale Il Palladio, Str. Padana verso Padova, 60, 36100 Vicenza VI",https://www.mcdonalds.it/elenco-ristoranti,EUR 1-10,False
330,McDonald's,Veneto,Vicenza,VI,Vicenza,Burgers,EUR 10-20,3.6,3784,45.53363247,11.50655932,Commercial Area,"Str. Padana Verso Verona, 81, 36100 Vicenza VI",https://www.mcdonalds.it/elenco-ristoranti,EUR 10-20,False
331,McDonald's,Friuli-Venezia Giulia,Gorizia,GO,Monfalcone,Burgers,EUR 1-10,3.6,3150,45.81731903,13.51397958,Shopping Mall,"Centro Commerciale Emisfero Belforte, Via G. F. Pocar, 1/a, 34074 Monfalcone GO",https://www.mcdonalds.it/elenco-ristoranti,EUR 1-10,False
332,McDonald's,Friuli-Venezia Giulia,Gorizia,GO,Villesse,Burgers,EUR 10-20,3.6,1701,45.86428791,13.42959561,Shopping Mall,"Località Maranuz, 2, 34070 Villesse GO",https://www.mcdonalds.it/elenco-ristoranti,EUR 10-20,False
333,McDonald's,Friuli-Venezia Giulia,Pordenone,PN,Fiume Veneto,Burgers,EUR 10-20,3.5,3191,45.94484903,12.72154868,Shopping Mall,"Via Maestri del Lavoro, 49, 33080 Fiume Veneto PN",https://www.mcdonalds.it/elenco-ristoranti,EUR 10-20,False
334,McDonald's,Friuli-Venezia Giulia,Pordenone,PN,Pordenone,Burgers,EUR 10-20,3.8,3099,45.9731976,12.66326287,Commercial Area,"Viale Venezia, 119, 33170 Pordenone PN",https://www.mcdonalds.it/elenco-ristoranti,EUR 10-20,False
335,McDonald's,Friuli-Venezia Giulia,Trieste,TS,Trieste,Burgers,EUR 10-20,3.9,1698,45.61735473,13.8190573,Commercial Area,"Via Flavia, 104, 34148 Trieste TS",https://www.mcdonalds.it/elenco-ristoranti,EUR 10-20,False
336,McDonald's,Friuli-Venezia Giulia,Trieste,TS,Trieste,Burgers,EUR 1-10,3.6,4747,45.6493781,13.77687434,City Center,"Piazza Carlo Goldoni, 1, 34122 Trieste TS",https://www.mcdonalds.it/elenco-ristoranti,EUR 1-10,False
337,McDonald's,Friuli-Venezia Giulia,Udine,UD,Bagnaria Arsa,Burgers,EUR 10-20,3.3,522,45.88943171,13.31319403,Shopping Mall,"Via E. Mattei, 14, 33050 Bagnaria Arsa UD",https://www.mcdonalds.it/elenco-ristoranti,EUR 10-20,False
338,McDonald's,Friuli-Venezia Giulia,Udine,UD,Gemona del Friuli,Burgers,EUR 10-20,3.5,295,46.26567365,13.10874189,Commercial Area,"Via Taboga, 66, 33013 Gemona UD",https://www.mcdonalds.it/elenco-ristoranti,EUR 10-20,False
339,McDonald's,Friuli-Venezia Giulia,Udine,UD,Gonars,Burgers,EUR 10-20,3.9,3049,45.88371022,13.26006199,Service Area,"km 487, A4 Torino - Trieste, 33050 Gonars UD",https://www.mcdonalds.it/elenco-ristoranti,EUR 10-20,False
340,McDonald's,Friuli-Venezia Giulia,Udine,UD,Latisana,Burgers,EUR 10-20,3.7,184,45.77284475,13.0228453,Commercial Area,"Via Tisanella, 214, 33053 Latisana UD",https://www.mcdonalds.it/elenco-ristoranti,EUR 10-20,False
341,McDonald's,Friuli-Venezia Giulia,Udine,UD,Reana del Rojale,Burgers,EUR 10-20,3.6,2298,46.12227373,13.22683854,Commercial Area,"Via Nazionale, 130, 33010 Reana del Rojale UD",https://www.mcdonalds.it/elenco-ristoranti,EUR 10-20,False
342,McDonald's,Friuli-Venezia Giulia,Udine,UD,Martignacco,Burgers,EUR 10-20,3.6,1197,46.08486001,13.18223993,Shopping Mall,"Via Antonio Bardelli, 4, 33035 Cotonificio-Cormor UD",https://www.mcdonalds.it/elenco-ristoranti,EUR 10-20,False
343,McDonald's,Friuli-Venezia Giulia,Udine,UD,Udine,Burgers,EUR 10-20,3.6,3001,46.06522178,13.21697571,Shopping Mall,"P.le Rita Levi Montalcini, 1/1, 33100 Udine UD",https://www.mcdonalds.it/elenco-ristoranti,EUR 10-20,False
344,McDonald's,Friuli-Venezia Giulia,Udine,UD,Udine,Burgers,EUR 10-20,3.8,1394,46.04558667,13.24978593,Commercial Area,"Viale Palmanova, 195, 33100 Udine UD",https://www.mcdonalds.it/elenco-ristoranti,EUR 10-20,False
345,McDonald's,Umbria,Perugia,PG,Assisi,Burgers,EUR 10-20,3.6,4068,43.06069999,12.58431618,Commercial Area,"Viale Patrono d'Italia, 06081 Assisi PG",https://www.mcdonalds.it/elenco-ristoranti,EUR 10-20,False
346,McDonald's,Umbria,Perugia,PG,Bastia Umbra,Burgers,EUR 10-20,4.2,602,43.06268024,12.54706712,Commercial Area,"Via Eugenio Montale, 1, 06083 Bastia Umbra PG",https://www.mcdonalds.it/elenco-ristoranti,EUR 10-20,False
347,McDonald's,Umbria,Perugia,PG,Città di Castello,Burgers,EUR 1-10,4.1,3238,43.46962319,12.22996151,Commercial Area,"Via Rodolfo Morandi, 06012 Città di Castello PG",https://www.mcdonalds.it/elenco-ristoranti,EUR 1-10,False
348,McDonald's,Umbria,Perugia,PG,Corciano,Burgers,EUR 10-20,3.7,1312,43.10237334,12.29951013,Commercial Area,"Via Antonio Gramsci, 06073 Corciano PG",https://www.mcdonalds.it/elenco-ristoranti,EUR 10-20,False
349,McDonald's,Umbria,Perugia,PG,Foligno,Burgers,EUR 10-20,3.7,3584,42.96286977,12.68398483,Commercial Area,"Via Fiamenga, 74, 06034 Foligno PG",https://www.mcdonalds.it/elenco-ristoranti,EUR 10-20,False
350,McDonald's,Umbria,Perugia,PG,Collestrada,Burgers,EUR 1-10,4.0,1870,43.08853634,12.47003088,Shopping Mall,"Via della Valtiera, 181, 06135 Collestrada PG",https://www.mcdonalds.it/elenco-ristoranti,EUR 1-10,False
351,McDonald's,Umbria,Perugia,PG,Perugia,Burgers,EUR 10-20,3.7,803,43.08752676,12.44768132,Shopping Mall,"Via della Valtiera, 06135 Perugia PG",https://www.mcdonalds.it/elenco-ristoranti,EUR 10-20,False
352,McDonald's,Umbria,Perugia,PG,Perugia,Burgers,EUR 10-20,3.8,2937,43.07968769,12.33619433,Commercial Area,"Via Gerardo Dottori, 105, 06132 Perugia PG",https://www.mcdonalds.it/elenco-ristoranti,EUR 10-20,False
353,McDonald's,Umbria,Perugia,PG,Perugia,Burgers,EUR 1-10,3.6,3994,43.1060408,12.36293043,Commercial Area,"S.da Trasimeno Ovest, 2/D, 06127 Perugia PG",https://www.mcdonalds.it/elenco-ristoranti,EUR 1-10,False
354,McDonald's,Umbria,Terni,TR,Orvieto,Burgers,EUR 1-10,3.5,131,42.71947041,12.14237724,Service Area,"Via Angelo Costanzi, 05018 Orvieto TR",https://www.mcdonalds.it/elenco-ristoranti,EUR 1-10,False
355,McDonald's,Umbria,Terni,TR,Terni,Burgers,EUR 1-10,3.9,3391,42.57754401,12.62495862,Residential Area,"V. del Centenario, 4, 05100 Terni TR",https://www.mcdonalds.it/elenco-ristoranti,EUR 1-10,False
356,McDonald's,Umbria,Terni,TR,Terni,Burgers,EUR 10-20,4.1,118,42.55523555,12.65933117,Commercial Area,"Via Alfredo Urbinati, 05100 Terni TR",https://www.mcdonalds.it/elenco-ristoranti,EUR 10-20,False
357,McDonald's,Umbria,Terni,TR,Terni,Burgers,EUR 1-10,3.8,577,42.5605137,12.63513798,Commercial Area,"Viale dello Stadio, 05100 Terni TR",https://www.mcdonalds.it/elenco-ristoranti,EUR 1-10,False
358,McDonald's,Marche,Ancona,AN,Ancona,Burgers,EUR 1-10,3.8,3234,43.55835411,13.510586,Commercial Area,"Via Luigi Albertini, 37, 60131 Ancona AN",https://www.mcdonalds.it/elenco-ristoranti,EUR 1-10,False
359,McDonald's,Marche,Ancona,AN,Ancona,Burgers,EUR 10-20,3.8,2164,43.60766632,13.45544537,Residential Area,"Via Tenna, 60126 Torrette AN",https://www.mcdonalds.it/elenco-ristoranti,EUR 10-20,False
360,McDonald's,Marche,Ancona,AN,Fabriano,Burgers,EUR 10-20,3.7,1478,43.34920353,12.92675946,Commercial Area,"Via Dante, 223, 60044 Fabriano AN",https://www.mcdonalds.it/elenco-ristoranti,EUR 10-20,False
361,McDonald's,Marche,Ancona,AN,Falconara Marittima,Burgers,EUR 1-10,4.0,1490,43.6215109,13.3834089,Commercial Area,"Via Guglielmo Marconi, 86, 60015 Falconara Marittima AN",https://www.mcdonalds.it/elenco-ristoranti,EUR 1-10,False
362,McDonald's,Marche,Ancona,AN,Jesi,Burgers,EUR 1-10,3.9,2499,43.52313931,13.25202199,Shopping Mall,"Via Gorgolungo, 6, 60035 Jesi AN",https://www.mcdonalds.it/elenco-ristoranti,EUR 1-10,False
363,McDonald's,Marche,Ancona,AN,Loreto,Burgers,EUR 1-10,3.8,3285,43.43480287,13.65289682,Commercial Area,"Via Paolo Borsellino, 2, 60025 Loreto AN",https://www.mcdonalds.it/elenco-ristoranti,EUR 1-10,False
364,McDonald's,Marche,Ancona,AN,Osimo,Burgers,EUR 10-20,3.8,2576,43.50363381,13.5328516,Commercial Area,"Via Industria, 2, 60027 Osimo AN",https://www.mcdonalds.it/elenco-ristoranti,EUR 10-20,False
365,McDonald's,Marche,Ancona,AN,Senigallia,Burgers,EUR 1-10,3.7,3027,43.70780583,13.21292831,Residential Area,"Viale Giordano Bruno, 49, 60019 Senigallia AN",https://www.mcdonalds.it/elenco-ristoranti,EUR 1-10,False
366,McDonald's,Marche,Ascoli Piceno,AP,Ascoli Piceno,Burgers,EUR 10-20,4.0,1582,42.84496403,13.62094098,Shopping Mall,"Via dei Gorghi, 11, 63100 Ascoli Piceno AP",https://www.mcdonalds.it/elenco-ristoranti,EUR 10-20,False
367,McDonald's,Marche,Ascoli Piceno,AP,San Benedetto del Tronto,Burgers,EUR 10-20,3.8,3189,42.94130756,13.88004797,Shopping Mall,"Via della Liberazione, 14, 63074 San Benedetto del Tronto AP",https://www.mcdonalds.it/elenco-ristoranti,EUR 10-20,False
368,McDonald's,Marche,Macerata,MC,Civitanova Marche,Burgers,EUR 10-20,3.6,1700,43.30097965,13.70617796,Commercial Area,"Via Silvio Pellico, Km 1, 62012 Civitanova Marche MC",https://www.mcdonalds.it/elenco-ristoranti,EUR 10-20,False
369,McDonald's,Marche,Macerata,MC,Corridonia,Burgers,EUR 1-10,3.9,2521,43.27023992,13.48432773,Shopping Mall,"Via Enrico Mattei, 189, 62014 Corridonia MC",https://www.mcdonalds.it/elenco-ristoranti,EUR 1-10,False
370,McDonald's,Marche,Macerata,MC,Montecassiano,Burgers,EUR 10-20,3.6,244,43.33952851,13.43582127,Commercial Area,"Località Valle Cascia, 41 ter, 62010 Montecassiano MC",https://www.mcdonalds.it/elenco-ristoranti,EUR 10-20,False
371,McDonald's,Marche,Macerata,MC,Tolentino,Burgers,EUR 10-20,3.9,767,43.21643923,13.3092227,Shopping Mall,"Via Sandro Pertini, 23, 62029 Tolentino MC",https://www.mcdonalds.it/elenco-ristoranti,EUR 10-20,False
372,McDonald's,Marche,Fermo,FM,Fermo,Burgers,EUR 10-20,3.6,208,43.17688539,13.67350791,Shopping Mall,"Via Giacomo Filippo Maria Prosperi, 63900 Campiglione FM",https://www.mcdonalds.it/elenco-ristoranti,EUR 10-20,False
373,McDonald's,Marche,Fermo,FM,Sant'Elpidio a Mare,Burgers,EUR 10-20,3.5,3374,43.28661246,13.72369169,Service Area,"A14 -Taranto - Bologna 263,900 Nord km 263,900 Nord, 63811 Sant'Elpidio a Mare FM",https://www.mcdonalds.it/elenco-ristoranti,EUR 10-20,False
374,McDonald's,Marche,Fermo,FM,Sant'Elpidio a Mare,Burgers,EUR 1-10,2.6,34,43.28569538,13.72189432,Service Area,"c/o ADS Chienti Ovest, A14 km, 263, 63811 Sant'Elpidio a Mare FM",https://www.mcdonalds.it/elenco-ristoranti,EUR 1-10,False
375,McDonald's,Marche,Fermo,FM,Porto San Giorgio,Burgers,EUR 1-10,3.7,2551,43.16485708,13.80086147,Commercial Area,"Borgo Fratelli Rosselli, 264, 63822 Porto San Giorgio FM",https://www.mcdonalds.it/elenco-ristoranti,EUR 1-10,False
376,McDonald's,Marche,Pesaro e Urbino,PU,Fano,Burgers,EUR 1-10,4.1,2786,43.8341577,13.03926003,Commercial Area,"Viale Piceno, 56, 61032 Fano PU",https://www.mcdonalds.it/elenco-ristoranti,EUR 1-10,False
377,McDonald's,Marche,Pesaro e Urbino,PU,Fano,Burgers,EUR 10-20,4.7,205,43.80106672,13.01216043,Shopping Mall,"Via L. Einaudi, 30, 61032 Fano PU",https://www.mcdonalds.it/elenco-ristoranti,EUR 10-20,False
378,McDonald's,Marche,Pesaro e Urbino,PU,Pesaro,Burgers,EUR 1-10,4.0,3216,43.90664345,12.87143444,Commercial Area,"Via Grande Torino, 6, 61122 Pesaro PU",https://www.mcdonalds.it/elenco-ristoranti,EUR 1-10,False
379,McDonald's,Abruzzo,Chieti,CH,Chieti,Burgers,EUR 10-20,3.7,2320,42.34449364,14.13525777,Commercial Area,"Viale Abruzzo, 549, 66100 Chieti CH",https://www.mcdonalds.it/elenco-ristoranti,EUR 10-20,False
380,McDonald's,Abruzzo,Chieti,CH,Francavilla al Mare,Burgers,EUR 10-20,4.3,59,42.42887703,14.27178037,Commercial Area,"Via Nazionale Adriatica Nord, 66023 Francavilla al Mare CH",https://www.mcdonalds.it/elenco-ristoranti,EUR 10-20,False
381,McDonald's,Abruzzo,Chieti,CH,Lanciano,Burgers,EUR 1-10,3.8,741,42.22012857,14.39310644,Commercial Area,"Via Ercole Tinari, 66034 Lanciano CH",https://www.mcdonalds.it/elenco-ristoranti,EUR 1-10,False
382,McDonald's,Abruzzo,Chieti,CH,San Giovanni Teatino,Burgers,EUR 10-20,3.9,2015,42.41607091,14.16768318,Shopping Mall,"Via Po, 1, 66020 Sambuceto CH",https://www.mcdonalds.it/elenco-ristoranti,EUR 10-20,False
383,McDonald's,Abruzzo,Chieti,CH,Vasto,Burgers,EUR 1-10,4.2,2294,42.11746949,14.70123599,Commercial Area,"Circonvallazione Histoniense, 66054 Vasto CH",https://www.mcdonalds.it/elenco-ristoranti,EUR 1-10,False
384,McDonald's,Abruzzo,L'Aquila,AQ,Avezzano,Burgers,EUR 10-20,3.9,2724,42.04196721,13.41165496,Commercial Area,"Via Roma, 246, 67051 Avezzano AQ",https://www.mcdonalds.it/elenco-ristoranti,EUR 10-20,False
385,McDonald's,Abruzzo,L'Aquila,AQ,Castel di Sangro,Burgers,EUR 10-20,4.0,64,41.77262033,14.10201728,Commercial Area,"SS17, 67031 Castel di Sangro AQ",https://www.mcdonalds.it/elenco-ristoranti,EUR 10-20,False
386,McDonald's,Abruzzo,L'Aquila,AQ,L'Aquila,Burgers,EUR 1-10,4.0,2525,42.35914199,13.38097399,Commercial Area,"Viale Corrado IV, 54, 67100 L'Aquila AQ",https://www.mcdonalds.it/elenco-ristoranti,EUR 1-10,False
387,McDonald's,Abruzzo,L'Aquila,AQ,L'Aquila,Burgers,EUR 10-20,4.2,58,42.34740328,13.39799391,City Center,"Corso Federico II, 67100 L'Aquila AQ",https://www.mcdonalds.it/elenco-ristoranti,EUR 10-20,False
388,McDonald's,Abruzzo,Teramo,TE,Colonnella,Burgers,EUR 1-10,3.9,2811,42.83591554,13.89359598,Shopping Mall,"Contrada Riomoro, 252, 64010 Colonnella TE",https://www.mcdonalds.it/elenco-ristoranti,EUR 1-10,False
389,McDonald's,Abruzzo,Teramo,TE,Giulianova,Burgers,EUR 10-20,3.7,382,42.73123953,13.95798556,Commercial Area,"SS80, 64021 Giulianova TE",https://www.mcdonalds.it/elenco-ristoranti,EUR 10-20,False
390,McDonald's,Abruzzo,Teramo,TE,Roseto degli Abruzzi,Burgers,EUR 10-20,3.4,303,42.65905239,14.02813712,Commercial Area,"Via Nazionale, 64026 Roseto degli Abruzzi TE",https://www.mcdonalds.it/elenco-ristoranti,EUR 10-20,False
391,McDonald's,Abruzzo,Teramo,TE,Silvi,Burgers,EUR 1-10,3.5,261,42.54293101,14.12212826,Shopping Mall,"Via Statale Sud, 64028 Silvi TE",https://www.mcdonalds.it/elenco-ristoranti,EUR 1-10,False
392,McDonald's,Abruzzo,Teramo,TE,Teramo,Burgers,EUR 10-20,3.5,644,42.65967615,13.70898591,City Center,"Circonvallazione Ragusa, 64100 Teramo TE",https://www.mcdonalds.it/elenco-ristoranti,EUR 10-20,False
393,McDonald's,Abruzzo,Pescara,PE,Montesilvano,Burgers,EUR 1-10,3.7,3876,42.51866215,14.14791422,Commercial Area,"Via Nazionale Adriatica Nord, 7, 65015 Montesilvano PE",https://www.mcdonalds.it/elenco-ristoranti,EUR 1-10,False
394,McDonald's,Abruzzo,Pescara,PE,Pescara,Burgers,EUR 1-10,3.7,1260,42.46643126,14.18481079,Commercial Area,"Str. Vecchia della Madonna, 2, 65125 Pescara PE",https://www.mcdonalds.it/elenco-ristoranti,EUR 1-10,False
395,McDonald's,Abruzzo,Pescara,PE,Pescara,Burgers,EUR 10-20,3.8,3224,42.45226383,14.22782471,Commercial Area,"Viale G. Marconi, 375, 65127 Pescara PE",https://www.mcdonalds.it/elenco-ristoranti,EUR 10-20,False
396,McDonald's,Abruzzo,Pescara,PE,Pescara,Burgers,EUR 1-10,3.8,2631,42.47429002,14.21063241,City Center,"Viale della Riviera, 4, 65123 Pescara PE",https://www.mcdonalds.it/elenco-ristoranti,EUR 1-10,False
397,McDonald's,Puglia,Bari,BA,Bari,Burgers,EUR 10-20,3.1,657,41.13447141,16.76429046,Transport Hub,"Viale Enzo Ferrari, 70128 Bari BA",https://www.mcdonalds.it/elenco-ristoranti,EUR 10-20,False
398,McDonald's,Puglia,Bari,BA,Casamassima,Burgers,EUR 10-20,3.9,5673,40.96584593,16.92570856,Shopping Mall,"Via Noicàttaro, 2, 70010 Casamassima BA",https://www.mcdonalds.it/elenco-ristoranti,EUR 10-20,False
399,McDonald's,Puglia,Bari,BA,Bari,Burgers,EUR 1-10,3.5,2945,41.12615036,16.87182309,City Center,"Corso Vittorio Emanuele II, 2, 70122 Bari BA",https://www.mcdonalds.it/elenco-ristoranti,EUR 1-10,False
400,McDonald's,Puglia,Bari,BA,Bari,Burgers,EUR 1-10,3.9,5594,41.08911425,16.89585646,Commercial Area,"Via Caduti del Lavoro, 2, 70126 Bari BA",https://www.mcdonalds.it/elenco-ristoranti,EUR 1-10,False
401,McDonald's,Puglia,Bari,BA,Bari,Burgers,EUR 1-10,3.9,3761,41.09085823,16.86420203,Service Area,"Uscita 11, Tangenziale di Bari, 70124 Bari BA",https://www.mcdonalds.it/elenco-ristoranti,EUR 1-10,False
402,McDonald's,Puglia,Bari,BA,Bari,Burgers,EUR 1-10,3.9,4128,41.09924858,16.82950854,Commercial Area,"Str. Santa Caterina, 17/F, 70124 Bari BA",https://www.mcdonalds.it/elenco-ristoranti,EUR 1-10,False
403,McDonald's,Puglia,Bari,BA,Bari,Burgers,EUR 1-10,3.5,4580,41.11935112,16.86978041,City Center,"Via Sparano da Bari, 155/157/159, 70121 Bari BA",https://www.mcdonalds.it/elenco-ristoranti,EUR 1-10,False
404,McDonald's,Puglia,Bari,BA,Bari,Burgers,EUR 1-10,4.0,4857,41.1246669,16.82221744,Commercial Area,"Viale Europa, 3, 70132 Bari BA",https://www.mcdonalds.it/elenco-ristoranti,EUR 1-10,False
405,McDonald's,Puglia,Bari,BA,Bari,Burgers,EUR 10-20,4.3,304,41.13200123,16.82461132,Commercial Area,"Via Napoli, snc, 70132 Bari BL",https://www.mcdonalds.it/elenco-ristoranti,EUR 10-20,False
406,McDonald's,Puglia,Bari,BA,Triggiano,Burgers,EUR 10-20,4.0,1199,41.08307313,16.94614964,Shopping Mall,"Centro commerciale, Bariblu, 70019 Triggiano BA",https://www.mcdonalds.it/elenco-ristoranti,EUR 10-20,False
407,McDonald's,Puglia,Bari,BA,Molfetta,Burgers,EUR 10-20,4.0,4263,41.20546155,16.5563766,Shopping Mall,"Via A. Olivetti, 70056 Molfetta BA",https://www.mcdonalds.it/elenco-ristoranti,EUR 10-20,False
408,McDonald's,Puglia,Bari,BA,Monopoli,Burgers,EUR 1-10,4.4,1513,40.95849114,17.28213391,Commercial Area,"Viale Aldo Moro, 69, 70043 Monopoli BA",https://www.mcdonalds.it/elenco-ristoranti,EUR 1-10,False
409,McDonald's,Puglia,Barletta-Andria-Trani,BT,Andria,Burgers,EUR 10-20,3.6,109,41.24075531,16.3152882,Commercial Area,"Via Trani, 76123 Andria BT",https://www.mcdonalds.it/elenco-ristoranti,EUR 10-20,False
410,McDonald's,Puglia,Barletta-Andria-Trani,BT,Barletta,Burgers,EUR 1-10,4.0,3002,41.32043445,16.25708691,Commercial Area,"Via Foggia, 42, 76121 Barletta BT",https://www.mcdonalds.it/elenco-ristoranti,EUR 1-10,False
411,McDonald's,Puglia,Barletta-Andria-Trani,BT,Barletta,Burgers,EUR 1-10,3.7,415,41.31813509,16.29150606,Commercial Area,"Via Trani, 8, 76121 Barletta BT",https://www.mcdonalds.it/elenco-ristoranti,EUR 1-10,False
412,McDonald's,Puglia,Barletta-Andria-Trani,BT,Bisceglie,Burgers,EUR 10-20,3.7,2125,41.24458694,16.49025882,Commercial Area,"Via G. Bovio 312, S.S, 16, 76011 Bisceglie BT",https://www.mcdonalds.it/elenco-ristoranti,EUR 10-20,False
413,McDonald's,Puglia,Lecce,LE,Galatina,Burgers,EUR 10-20,4.4,376,40.18132568,18.16788047,Commercial Area,"Via Lecce, 73013 Galatina LE",https://www.mcdonalds.it/elenco-ristoranti,EUR 10-20,False
414,McDonald's,Puglia,Lecce,LE,Surbo,Burgers,EUR 1-10,4.7,15645,40.37561917,18.14721085,Shopping Mall,"Via Benzi, 73010 Surbo LE",https://www.mcdonalds.it/elenco-ristoranti,EUR 1-10,False
415,McDonald's,Puglia,Lecce,LE,Lecce,Burgers,EUR 1-10,4.2,6787,40.35389364,18.17680879,City Center,"Via Salvatore Trinchese, 32, 73100 Lecce LE",https://www.mcdonalds.it/elenco-ristoranti,EUR 1-10,False
416,McDonald's,Puglia,Lecce,LE,Lecce,Burgers,EUR 1-10,4.6,457,40.36079058,18.15546466,Commercial Area,"Via Taranto, 73100 Lecce LE",https://www.mcdonalds.it/elenco-ristoranti,EUR 1-10,False
417,McDonald's,Puglia,Brindisi,BR,Brindisi,Burgers,EUR 1-10,4.6,7038,40.62332211,17.91603984,Commercial Area,"Viale Caduti di Via Fani, 72100 Brindisi BR",https://www.mcdonalds.it/elenco-ristoranti,EUR 1-10,False
418,McDonald's,Puglia,Brindisi,BR,Fasano,Burgers,EUR 1-10,3.9,1747,40.8429556,17.35846967,Commercial Area,"Via Roma, 327, 72015 Fasano BR",https://www.mcdonalds.it/elenco-ristoranti,EUR 1-10,False
419,McDonald's,Puglia,Brindisi,BR,Mesagne,Burgers,EUR 1-10,4.2,2297,40.58013649,17.83846919,Shopping Mall,"SS 7 Km 10, c/o C.C. Appia Antica, 72023 Mesagne BR",https://www.mcdonalds.it/elenco-ristoranti,EUR 1-10,False
420,McDonald's,Puglia,Foggia,FG,Cerignola,Burgers,EUR 1-10,3.9,996,41.26677697,15.90698134,Commercial Area,"Via Nizza, 8, 71042 Cerignola FG",https://www.mcdonalds.it/elenco-ristoranti,EUR 1-10,False
421,McDonald's,Puglia,Foggia,FG,Foggia,Burgers,EUR 1-10,4.0,1779,41.41513494,15.65319569,Shopping Mall,"SP76, km 2, 71022, 71122 Foggia FG",https://www.mcdonalds.it/elenco-ristoranti,EUR 1-10,False
422,McDonald's,Puglia,Foggia,FG,Foggia,Burgers,EUR 10-20,4.0,2800,41.44875849,15.56963549,Commercial Area,"Corso del Mezzogiorno, 71122 Foggia FG",https://www.mcdonalds.it/elenco-ristoranti,EUR 10-20,False
423,McDonald's,Puglia,Foggia,FG,Foggia,Burgers,EUR 1-10,3.9,3130,41.44471303,15.54389991,Shopping Mall,"Viale degli Aviatori, 126, 71122 Foggia FG",https://www.mcdonalds.it/elenco-ristoranti,EUR 1-10,False
424,McDonald's,Puglia,Taranto,TA,Martina Franca,Burgers,EUR 1-10,4.3,461,40.69681718,17.33926826,Commercial Area,"Via Madonna Piccola, 74015 Martina Franca TA",https://www.mcdonalds.it/elenco-ristoranti,EUR 1-10,False
425,McDonald's,Puglia,Taranto,TA,Massafra,Burgers,EUR 10-20,4.5,865,40.58374517,17.1113737,Commercial Area,"SS7, 74016 Massafra TA",https://www.mcdonalds.it/elenco-ristoranti,EUR 10-20,False
426,McDonald's,Puglia,Taranto,TA,Taranto,Burgers,EUR 10-20,4.0,530,40.4592943,17.28849864,Commercial Area,"Via Emilio Consiglio, 26, 74121 Taranto TA",https://www.mcdonalds.it/elenco-ristoranti,EUR 10-20,False
427,McDonald's,Puglia,Taranto,TA,Taranto,Burgers,EUR 1-10,3.9,4515,40.46131996,17.29961051,Shopping Mall,"Via per S. Giorgio, 74121 Taranto TA",https://www.mcdonalds.it/elenco-ristoranti,EUR 1-10,False
428,McDonald's,Puglia,Taranto,TA,Taranto,Burgers,EUR 10-20,4.4,380,40.52026919,17.28067114,Commercial Area,"Viale del Turismo, 74123 Paolo VI TA",https://www.mcdonalds.it/elenco-ristoranti,EUR 10-20,False
429,McDonald's,Sicilia,Agrigento,AG,Agrigento,Burgers,EUR 1-10,4.1,3174,37.27092219,13.62297599,Commercial Area,"SS115, 92100 Villaggio Mosè AG",https://www.mcdonalds.it/elenco-ristoranti,EUR 1-10,False
430,McDonald's,Sicilia,Enna,EN,Enna,Burgers,EUR 1-10,4.2,1765,37.5528913,14.29878618,Commercial Area,"Via Libero Grassi, 16, 94100 Enna EN",https://www.mcdonalds.it/elenco-ristoranti,EUR 1-10,False
431,McDonald's,Sicilia,Palermo,PA,Bagheria,Burgers,EUR 1-10,3.7,54,38.08515095,13.51537967,Commercial Area,"Via Santa Marina, 49, 90011 Bagheria PA",https://www.mcdonalds.it/elenco-ristoranti,EUR 1-10,False
432,McDonald's,Sicilia,Palermo,PA,Carini,Burgers,EUR 10-20,3.9,3024,38.17223635,13.21598553,Shopping Mall,"Via Don L. Sturzo, 90044 Carini PA",https://www.mcdonalds.it/elenco-ristoranti,EUR 10-20,False
433,McDonald's,Sicilia,Palermo,PA,Palermo,Burgers,EUR 1-10,3.6,4092,38.12480822,13.35707132,City Center,"V. Emerico Amari, 160, 90139 Palermo PA",https://www.mcdonalds.it/elenco-ristoranti,EUR 1-10,False
434,McDonald's,Sicilia,Palermo,PA,Palermo,Burgers,EUR 1-10,3.7,871,38.13376559,13.30191025,Shopping Mall,"Via Assoro, 25b/Lot pe3, 90135 Palermo PA",https://www.mcdonalds.it/elenco-ristoranti,EUR 1-10,False
435,McDonald's,Sicilia,Palermo,PA,Palermo,Burgers,EUR 10-20,3.7,3339,38.1281099,13.32878377,Commercial Area,"Viale della Regione Siciliana, 90135 Palermo PA",https://www.mcdonalds.it/elenco-ristoranti,EUR 10-20,False
436,McDonald's,Sicilia,Palermo,PA,Palermo,Burgers,EUR 10-20,3.9,3309,38.16316833,13.31271694,Commercial Area,"V. Ugo La Malfa, 5, 90146 Palermo PA",https://www.mcdonalds.it/elenco-ristoranti,EUR 10-20,False
437,McDonald's,Sicilia,Palermo,PA,Palermo,Burgers,EUR 1-10,3.9,461,38.1901109,13.29416014,Commercial Area,"V. Rosario Nicoletti, 90147 Palermo PA",https://www.mcdonalds.it/elenco-ristoranti,EUR 1-10,False
438,McDonald's,Sicilia,Palermo,PA,Palermo,Burgers,EUR 10-20,3.6,1233,38.13221284,13.3420942,Transport Hub,"Piazza Matteo Maria Boiardo, 90144 Palermo PA",https://www.mcdonalds.it/elenco-ristoranti,EUR 10-20,False
439,McDonald's,Sicilia,Palermo,PA,Palermo,Burgers,EUR 1-10,3.8,3859,38.08998014,13.4108035,Shopping Mall,"via Pecoraino c/o CC Forum, Via Filippo Pecoraino, 90124 Palermo PA",https://www.mcdonalds.it/elenco-ristoranti,EUR 1-10,False
440,McDonald's,Sicilia,Palermo,PA,Palermo,Burgers,EUR 1-10,3.3,1205,38.10976951,13.36708827,Transport Hub,"P.za Giulio Cesare, 43, 90127 Palermo PA",https://www.mcdonalds.it/elenco-ristoranti,EUR 1-10,False
441,McDonald's,Sicilia,Trapani,TP,Castelvetro,Burgers,EUR 10-20,4.0,3166,37.66230866,12.81123003,Shopping Mall,"Via Caduti di Nassirya, 91022 Castelvetrano TP",https://www.mcdonalds.it/elenco-ristoranti,EUR 10-20,False
442,McDonald's,Sicilia,Trapani,TP,Mazara del Vallo,Burgers,EUR 10-20,3.7,208,37.66017175,12.60659874,Commercial Area,"Via Salemi, 91026 Mazara del Vallo TP",https://www.mcdonalds.it/elenco-ristoranti,EUR 10-20,False
443,McDonald's,Sicilia,Trapani,TP,Trapani,Burgers,EUR 10-20,3.9,3317,38.0103997,12.5657052,Commercial Area,"Via Nicolò Rodolico, 91100 Trapani TP",https://www.mcdonalds.it/elenco-ristoranti,EUR 10-20,False
444,McDonald's,Sicilia,Caltanissetta,CL,Caltanissetta,Burgers,EUR 10-20,3.9,3014,37.49160333,14.04079063,Commercial Area,"Via Papa, Via Leone XIII, 101, 93100 Caltanissetta CL",https://www.mcdonalds.it/elenco-ristoranti,EUR 10-20,False
445,McDonald's,Sicilia,Caltanissetta,CL,Gela,Burgers,EUR 1-10,3.7,2892,37.08089303,14.21732467,Commercial Area,"Via Venezia, 93012 Gela CL",https://www.mcdonalds.it/elenco-ristoranti,EUR 1-10,False
446,McDonald's,Sicilia,Messina,ME,Barcellona Pozzo di Gotto,Burgers,EUR 1-10,3.7,81,38.15130357,15.19077846,Shopping Mall,"Via Filicudi, 98051 Barcellona Pozzo di Gotto ME",https://www.mcdonalds.it/elenco-ristoranti,EUR 1-10,False
447,McDonald's,Sicilia,Messina,ME,Messina,Burgers,EUR 1-10,3.8,2780,38.18525408,15.55657901,City Center,"Piazza Cairoli, 98123 Messina ME",https://www.mcdonalds.it/elenco-ristoranti,EUR 1-10,False
448,McDonald's,Sicilia,Messina,ME,Messina,Burgers,EUR 10-20,4.1,38,38.25818347,15.60277613,Residential Area,"Viale Ferdinando Stagno d'Alcontres, 98166 Messina ME",https://www.mcdonalds.it/elenco-ristoranti,EUR 10-20,False
449,McDonald's,Sicilia,Messina,ME,Messina,Burgers,EUR 10-20,3.9,1719,38.15356087,15.53109823,Commercial Area,"SS 114 Orientale Sicula, 114, 98125 Contesse ME",https://www.mcdonalds.it/elenco-ristoranti,EUR 10-20,False
450,McDonald's,Sicilia,Messina,ME,Messina,Burgers,EUR 10-20,3.1,393,38.17245824,15.55084274,Commercial Area,"Via Maregrosso, 26, 98124 Messina ME",https://www.mcdonalds.it/elenco-ristoranti,EUR 10-20,False
451,McDonald's,Sicilia,Messina,ME,Milazzo,Burgers,EUR 10-20,4.0,2595,38.18732643,15.26826044,Commercial Area,"Via Firenze, snc, 98057 Milazzo ME",https://www.mcdonalds.it/elenco-ristoranti,EUR 10-20,False
452,McDonald's,Sicilia,Catania,CT,Acireale,Burgers,EUR 1-10,4.0,4249,37.621843,15.14234106,Commercial Area,"Viale Cristoforo Colombo, 95024 Acireale CT",https://www.mcdonalds.it/elenco-ristoranti,EUR 1-10,False
453,McDonald's,Sicilia,Catania,CT,Belpasso,Burgers,EUR 1-10,3.8,4192,37.54231355,14.95423291,Shopping Mall,"Via Valcorrente, 23, 95032 Belpasso CT",https://www.mcdonalds.it/elenco-ristoranti,EUR 1-10,False
454,McDonald's,Sicilia,Catania,CT,Caltagirone,Burgers,EUR 1-10,4.0,546,37.21755386,14.52218834,Commercial Area,"Viale Europa, 95041 Caltagirone CT",https://www.mcdonalds.it/elenco-ristoranti,EUR 1-10,False
455,McDonald's,Sicilia,Catania,CT,Catania,Burgers,EUR 1-10,3.8,5367,37.50721883,15.0867297,City Center,"P.zza Stesicoro, 57/58, 95131 Catania CT",https://www.mcdonalds.it/elenco-ristoranti,EUR 1-10,False
456,McDonald's,Sicilia,Catania,CT,Catania,Burgers,EUR 10-20,2.5,364,37.47093373,15.06538588,Transport Hub,"Via Fontanarossa, 35, 95121 Catania CT",https://www.mcdonalds.it/elenco-ristoranti,EUR 10-20,False
457,McDonald's,Sicilia,Catania,CT,Catania,Burgers,EUR 1-10,3.8,2295,37.50072625,15.08857089,City Center,"Via Alcalà, 13/15, 95129 Catania CT",https://www.mcdonalds.it/elenco-ristoranti,EUR 1-10,False
458,McDonald's,Sicilia,Catania,CT,Catania,Burgers,EUR 1-10,4.0,3472,37.53523083,15.07535732,Commercial Area,"Via Passo Gravina, 170, 95125 Catania CT",https://www.mcdonalds.it/elenco-ristoranti,EUR 1-10,False
459,McDonald's,Sicilia,Catania,CT,Catania,Burgers,EUR 1-10,4.0,2228,37.47200396,15.05046836,Shopping Mall,"Via Gelso Bianco, 121, 95121 Catania CT",https://www.mcdonalds.it/elenco-ristoranti,EUR 1-10,False
460,McDonald's,Sicilia,Catania,CT,San Giovanni la Punta,Burgers,EUR 1-10,3.9,2889,37.58384834,15.1033175,Shopping Mall,"Viale Cristoforo Colombo, 13, 95037 San Giovanni la Punta CT",https://www.mcdonalds.it/elenco-ristoranti,EUR 1-10,False
461,McDonald's,Sicilia,Catania,CT,Misterbianco,Burgers,EUR 1-10,3.9,4215,37.4849898,15.00867605,Shopping Mall,"SP54, 95045 Misterbianco CT",https://www.mcdonalds.it/elenco-ristoranti,EUR 1-10,False
462,McDonald's,Sicilia,Catania,CT,Catania,Burgers,EUR 1-10,3.9,3409,37.53138185,15.10790731,Commercial Area,"Viale Ulisse, 11, 95126 Catania CT",https://www.mcdonalds.it/elenco-ristoranti,EUR 1-10,False
463,McDonald's,Sicilia,Catania,CT,Giarre,Burgers,EUR 1-10,3.9,1956,37.70442092,15.17126842,Commercial Area,"SP4i, 95014 Giarre CT",https://www.mcdonalds.it/elenco-ristoranti,EUR 1-10,False
464,McDonald's,Sicilia,Catania,CT,Misterbianco,Burgers,EUR 1-10,3.6,337,37.51147264,15.02123247,Commercial Area,"Via Comunità Economica Europea, 37, 95045 Misterbianco CT",https://www.mcdonalds.it/elenco-ristoranti,EUR 1-10,False
465,McDonald's,Sicilia,Catania,CT,San Giovanni la Punta,Burgers,EUR 10-20,3.5,89,37.56905581,15.09816993,Shopping Mall,"Via Galileo Galilei, 20, 95037 San Giovanni la Punta CT",https://www.mcdonalds.it/elenco-ristoranti,EUR 10-20,False
466,McDonald's,Sicilia,Siracusa,SR,Avola,Burgers,EUR 10-20,3.6,703,36.90152265,15.11705103,Commercial Area,"SS115, 96012 Avola SR",https://www.mcdonalds.it/elenco-ristoranti,EUR 10-20,False
467,McDonald's,Sicilia,Siracusa,SR,Siracusa,Burgers,EUR 1-10,4.0,4065,37.0674799,15.27275084,Commercial Area,"Via Gaetano Mario Columba, 43, 96100 Siracusa SR",https://www.mcdonalds.it/elenco-ristoranti,EUR 1-10,False
468,McDonald's,Sicilia,Siracusa,SR,Siracusa,Burgers,EUR 1-10,4.5,224,37.06784409,15.26254884,Shopping Mall,"Via Necropoli del Fusco, 96100 Siracusa SR",https://www.mcdonalds.it/elenco-ristoranti,EUR 1-10,False
469,McDonald's,Sicilia,Siracusa,SR,Melassi,Burgers,EUR 1-10,4.0,1914,37.11071117,15.22846587,Shopping Mall,"Parco Commerciale Belvedere, Viale Garrone, Contrada Spalla, 96010 Melilli SR",https://www.mcdonalds.it/elenco-ristoranti,EUR 1-10,False
470,McDonald's,Sicilia,Siracusa,SR,Siracusa,Burgers,EUR 1-10,3.2,329,37.08958891,15.26065427,Commercial Area,"Via Professore Lino Romano, 27, 96100 Siracusa SR",https://www.mcdonalds.it/elenco-ristoranti,EUR 1-10,False
471,McDonald's,Basilicata,Matera,MT,Policoro,Burgers,EUR 10-20,3.9,734,40.17768799,16.65790916,Commercial Area,"Via Nazionale, snc, 75025 Policoro MT",https://www.mcdonalds.it/elenco-ristoranti,EUR 10-20,False
472,McDonald's,Basilicata,Potenza,PZ,Potenza,Burgers,EUR 10-20,3.5,3198,40.62707886,15.79902393,Service Area,"Viale del Basento AdS, 85100 Potenza PZ",https://www.mcdonalds.it/elenco-ristoranti,EUR 10-20,False
473,McDonald's,Basilicata,Potenza,PZ,Potenza,Burgers,EUR 1-10,3.1,209,40.63815996,15.80258237,City Center,"Via Pretoria, 134, 85100 Potenza PZ",https://www.mcdonalds.it/elenco-ristoranti,EUR 1-10,False
474,McDonald's,Calabria,Catanzaro,CZ,Catanzaro,Burgers,EUR 10-20,3.9,1236,38.88493135,16.59883273,Commercial Area,"Viale Lucrezia della Valle, 88100 Catanzaro CZ",https://www.mcdonalds.it/elenco-ristoranti,EUR 10-20,False
475,McDonald's,Calabria,Catanzaro,CZ,Catanzaro,Burgers,EUR 1-10,4.2,3100,38.84257884,16.64742391,Commercial Area,"Viale Emilia, 88100 Catanzaro CZ",https://www.mcdonalds.it/elenco-ristoranti,EUR 1-10,False
476,McDonald's,Calabria,Catanzaro,CZ,Maida,Burgers,EUR 10-20,3.8,1928,38.89966685,16.35058067,Shopping Mall,"SS 280 dei Due Mari, 88025 Maida CZ",https://www.mcdonalds.it/elenco-ristoranti,EUR 10-20,False
477,McDonald's,Calabria,Catanzaro,CZ,Lamezia Terme,Burgers,EUR 1-10,4.1,2386,38.93379031,16.3311941,Commercial Area,"Via del Progresso, 532, 88046 Lamezia Terme CZ",https://www.mcdonalds.it/elenco-ristoranti,EUR 1-10,False
478,McDonald's,Calabria,Catanzaro,CZ,Montepaolo,Burgers,EUR 1-10,4.1,2194,38.71729616,16.53179391,Commercial Area,"Via Nausica, 88060 Montepaone Lido CZ",https://www.mcdonalds.it/elenco-ristoranti,EUR 1-10,False
479,McDonald's,Calabria,Vibo Valentia,VV,Vibo Valentia,Burgers,EUR 1-10,4.2,801,38.67345683,16.08706024,Commercial Area,"Viale Affaccio, 89900 Vibo Valentia VV",https://www.mcdonalds.it/elenco-ristoranti,EUR 1-10,False
480,McDonald's,Calabria,Cosenza,CS,Corigliano Rossano,Burgers,EUR 1-10,4.1,1387,39.67256215,16.508115,Shopping Mall,"Via, 87064 CS",https://www.mcdonalds.it/elenco-ristoranti,EUR 1-10,False
481,McDonald's,Calabria,Cosenza,CS,Cosenza,Burgers,EUR 1-10,4.1,2005,39.3027769,16.2522809,City Center,"P.za Carlo Bilotti, 17, 87100 Cosenza CS",https://www.mcdonalds.it/elenco-ristoranti,EUR 1-10,False
482,McDonald's,Calabria,Cosenza,CS,Rende,Burgers,EUR 1-10,4.3,3480,39.3284575,16.24110483,Commercial Area,"Via Kennedy, 87036 Roges CS",https://www.mcdonalds.it/elenco-ristoranti,EUR 1-10,False
483,McDonald's,Calabria,Cosenza,CS,Rende,Burgers,EUR 1-10,4.2,4307,39.3535801,16.23449494,Shopping Mall,"Via G. Marconi, 87036 Rende CS",https://www.mcdonalds.it/elenco-ristoranti,EUR 1-10,False
484,McDonald's,Calabria,Cosenza,CS,Montalto Uffugo,Burgers,EUR 10-20,4.3,2397,39.310908,16.26390457,Commercial Area,"Via Beato Francesco Marino, snc, 87040 Malavicina CS",https://www.mcdonalds.it/elenco-ristoranti,EUR 10-20,False
485,McDonald's,Calabria,Crotone,KR,Cirò Marina,Burgers,EUR 1-10,3.1,19,39.36899791,17.1140603,Commercial Area,"S.da Statale 106 Jonica, 88811 Cirò Marina KR",https://www.mcdonalds.it/elenco-ristoranti,EUR 1-10,False
486,McDonald's,Calabria,Crotone,KR,Crotone,Burgers,EUR 1-10,4.0,177,39.07489193,17.11042649,Commercial Area,"Via Gioacchino da Fiore, 88900 Crotone KR",https://www.mcdonalds.it/elenco-ristoranti,EUR 1-10,False
487,McDonald's,Calabria,Crotone,KR,Crotone,Burgers,EUR 10-20,4.1,2663,39.11368115,17.09160373,Commercial Area,"Rotonda Loc Passovecchio, 88900 Crotone KR",https://www.mcdonalds.it/elenco-ristoranti,EUR 10-20,False
488,McDonald's,Calabria,Reggio Calabria,RC,Gioia Tauro,Burgers,EUR 10-20,3.9,3333,38.40761814,15.9175858,Commercial Area,"SP1, 430, 89013 Gioia Tauro RC",https://www.mcdonalds.it/elenco-ristoranti,EUR 10-20,False
489,McDonald's,Calabria,Reggio Calabria,RC,Reggio Calabria,Burgers,EUR 1-10,3.8,2730,38.10320853,15.63768177,City Center,"Corso Giuseppe Garibaldi, 460, 89127 Reggio Calabria RC",https://www.mcdonalds.it/elenco-ristoranti,EUR 1-10,False
490,McDonald's,Calabria,Reggio Calabria,RC,Reggio Calabria,Burgers,EUR 1-10,4.3,1975,38.06733163,15.66261031,Shopping Mall,"SS 106 Km 1, 89134 Reggio Calabria RC",https://www.mcdonalds.it/elenco-ristoranti,EUR 1-10,False
491,McDonald's,Calabria,Reggio Calabria,RC,Siderno,Burgers,EUR 1-10,4.3,2402,38.28751766,16.31466264,Commercial Area,"S.da Statale 106 Jonica, 89048 Siderno RC",https://www.mcdonalds.it/elenco-ristoranti,EUR 1-10,False
492,McDonald's,Toscana,Arezzo,AR,Arezzo,Burgers,EUR 10-20,3.9,3235,43.4707874,11.86548866,Commercial Area,"Via Fiorentina, 2, 52100 Arezzo AR",https://www.mcdonalds.it/elenco-ristoranti,EUR 10-20,False
493,McDonald's,Toscana,Arezzo,AR,Arezzo,Burgers,EUR 10-20,3.4,65,43.46097308,11.87604501,Transport Hub,"Piazzale della Repubblica, 52100 Arezzo AR",https://www.mcdonalds.it/elenco-ristoranti,EUR 10-20,False
494,McDonald's,Toscana,Arezzo,AR,Foiano della Chiana,Burgers,EUR 10-20,3.9,3672,43.22603454,11.79855668,Shopping Mall,"Via Enzo Ferrari, Loc.Le, 52045 Farniole AR",https://www.mcdonalds.it/elenco-ristoranti,EUR 10-20,False
495,McDonald's,Toscana,Arezzo,AR,Sansepolcro,Burgers,EUR 1-10,4.2,290,43.56098576,12.11487799,Commercial Area,"Via Senese Aretina, 52037 Sansepolcro AR",https://www.mcdonalds.it/elenco-ristoranti,EUR 1-10,False
496,McDonald's,Toscana,Arezzo,AR,Terranuova Bracciolini,Burgers,EUR 10-20,4.1,1519,43.54368816,11.57174081,Service Area,"STRADA PROVINCIALE LUNGARNO, SNC, 52028 Terranuova Bracciolini AR",https://www.mcdonalds.it/elenco-ristoranti,EUR 10-20,False
497,McDonald's,Toscana,Lucca,LU,Lido di Camaiore,Burgers,EUR 10-20,3.8,3404,43.90674068,10.22638174,Commercial Area,"Km361+700, SS 1, 55041 Lido di Camaiore LU",https://www.mcdonalds.it/elenco-ristoranti,EUR 10-20,False
498,McDonald's,Toscana,Lucca,LU,Capannori,Burgers,EUR 10-20,3.9,2474,43.8655939,10.57943846,Commercial Area,"Viale Europa, 56, 55013 Capannori LU",https://www.mcdonalds.it/elenco-ristoranti,EUR 10-20,False
499,McDonald's,Toscana,Lucca,LU,Lucca,Burgers,EUR 10-20,3.9,5265,43.83119249,10.49477523,Commercial Area,"Viale Europa, 895, 55100 Lucca LU, Italy",https://www.mcdonalds.it/elenco-ristoranti,EUR 10-20,False
500,McDonald's,Toscana,Lucca,LU,Marina di Pietrasanta,Burgers,EUR 10-20,3.8,1541,43.92894401,10.22428385,Service Area,"A12 - Area di servizio, 55045 Marina di Pietrasanta LU",https://www.mcdonalds.it/elenco-ristoranti,EUR 10-20,False
501,McDonald's,Toscana,Lucca,LU,Viareggio,Burgers,EUR 10-20,4.0,2508,43.86641565,10.25868765,Commercial Area,"Via Pisana, 55049 Viareggio LU",https://www.mcdonalds.it/elenco-ristoranti,EUR 10-20,False
502,McDonald's,Toscana,Firenze,FI,Reggello,Burgers,EUR 10-20,3.7,6265,43.65071127,11.46377449,Service Area,"Autostrada A1 Milano-Napoli, KM 331, 50066, 50066 Reggello FI",https://www.mcdonalds.it/elenco-ristoranti,EUR 10-20,False
503,McDonald's,Toscana,Firenze,FI,Campi Bisenzio,Burgers,EUR 10-20,3.7,2169,43.84826014,11.1437183,Shopping Mall,"Via San Quirico, 165, 50013 Campi Bisenzio FI",https://www.mcdonalds.it/elenco-ristoranti,EUR 10-20,False
504,McDonald's,Toscana,Firenze,FI,Empoli,Burgers,EUR 10-20,4.0,1504,43.71351771,10.91928994,Commercial Area,"Via Livornese, 182, 50053 Empoli FI",https://www.mcdonalds.it/elenco-ristoranti,EUR 10-20,False
505,McDonald's,Toscana,Firenze,FI,Firenze,Burgers,EUR 1-10,3.9,2842,43.74664202,11.28686364,Commercial Area,"Via Giovanni Agnelli, 11/1, 50125 Firenze FI",https://www.mcdonalds.it/elenco-ristoranti,EUR 1-10,False
506,McDonald's,Toscana,Firenze,FI,Firenze,Burgers,EUR 1-10,3.7,2638,43.79176502,11.21860628,Commercial Area,"Via Francesco Baracca, 114, 50127 Firenze FI",https://www.mcdonalds.it/elenco-ristoranti,EUR 1-10,False
507,McDonald's,Toscana,Firenze,FI,Campi Bisenzio,Burgers,EUR 10-20,3.6,1289,43.81786049,11.12209876,Commercial Area,"Via Barberinese, 157/a, 50013 Campi Bisenzio FI",https://www.mcdonalds.it/elenco-ristoranti,EUR 10-20,False
508,McDonald's,Toscana,Firenze,FI,Firenze,Burgers,EUR 1-10,3.2,4226,43.77674595,11.25714434,City Center,"Via Camillo Cavour, 61r, 50129 Firenze FI",https://www.mcdonalds.it/elenco-ristoranti,EUR 1-10,False
509,McDonald's,Toscana,Firenze,FI,Firenze,Burgers,EUR 1-10,3.4,7659,43.77629641,11.24976597,Transport Hub,"Piazza della Stazione, 25/37 r, 50123 Firenze FI",https://www.mcdonalds.it/elenco-ristoranti,EUR 1-10,False
510,McDonald's,Toscana,Firenze,FI,Firenze,Burgers,EUR 10-20,3.1,11326,43.77706611,11.24838393,Transport Hub,"Piazza della Stazione, 1, 50123 Firenze FI",https://www.mcdonalds.it/elenco-ristoranti,EUR 10-20,False
511,McDonald's,Toscana,Firenze,FI,Firenze,Burgers,EUR 10-20,3.9,3184,43.76586707,11.20638605,Commercial Area,"Viale Pietro Nenni, 16/3, 50143 Firenze FI",https://www.mcdonalds.it/elenco-ristoranti,EUR 10-20,False
512,McDonald's,Toscana,Firenze,FI,Sesto Fiorentino,Burgers,EUR 10-20,3.8,3750,43.80292343,11.18416744,Commercial Area,"Via del Ponte di Quaracchi, 34/36, 50145 Sesto Fiorentino FI",https://www.mcdonalds.it/elenco-ristoranti,EUR 10-20,False
513,McDonald's,Toscana,Firenze,FI,Firenze,Burgers,EUR 10-20,4.0,2400,43.74948735,11.23464252,Commercial Area,"Via Senese, 172, 50124 Firenze FI",https://www.mcdonalds.it/elenco-ristoranti,EUR 10-20,False
514,McDonald's,Toscana,Firenze,FI,Barberino di Mugello,Burgers,EUR 10-20,3.6,2862,43.98032191,11.21867977,Commercial Area,"Via del Lago, 11, 50031 Barberino di Mugello FI",https://www.mcdonalds.it/elenco-ristoranti,EUR 10-20,False
515,McDonald's,Toscana,Firenze,FI,Barberino Val D'elsa,Burgers,EUR 1-10,3.9,1155,43.47719428,11.12930555,Commercial Area,"Via Lame di Sotto, 50028 Barberino Val D'elsa FI",https://www.mcdonalds.it/elenco-ristoranti,EUR 1-10,False
516,McDonald's,Toscana,Grosseto,GR,Grosseto,Burgers,EUR 10-20,3.6,3671,42.77366873,11.12097203,Commercial Area,"Via Senese, 162, 58100 Grosseto GR",https://www.mcdonalds.it/elenco-ristoranti,EUR 10-20,False
517,McDonald's,Toscana,Livorno,LI,Cecina,Burgers,EUR 10-20,3.7,4192,43.31381814,10.5262221,Commercial Area,"Via C. Carrà, 2, 57023 Cecina LI",https://www.mcdonalds.it/elenco-ristoranti,EUR 10-20,False
518,McDonald's,Toscana,Livorno,LI,Collesalvetti,Burgers,EUR 10-20,3.7,2623,43.58914359,10.34635433,Service Area,"Via Aurelia Km, 320+748, 57017 Stagno, Collesalvetti LI",https://www.mcdonalds.it/elenco-ristoranti,EUR 10-20,False
519,McDonald's,Toscana,Livorno,LI,Livorno,Burgers,EUR 10-20,3.5,2995,43.53283204,10.32740381,Shopping Mall,"Via Lidia Poet, 57124 Livorno LI",https://www.mcdonalds.it/elenco-ristoranti,EUR 10-20,False
520,McDonald's,Toscana,Livorno,LI,Livorno,Burgers,EUR 10-20,3.6,279,43.54417979,10.30195902,Shopping Mall,"Via Edda Fagni, 57123 Livorno LI",https://www.mcdonalds.it/elenco-ristoranti,EUR 10-20,False
521,McDonald's,Toscana,Livorno,LI,Piombino,Burgers,EUR 10-20,4.0,3528,42.93415945,10.52741225,Commercial Area,"Viale Unità d'Italia, 33, 57025 Piombino LI",https://www.mcdonalds.it/elenco-ristoranti,EUR 10-20,False
522,McDonald's,Toscana,Massa-Carrara,MS,Aulla,Burgers,,4.0,11,44.21696397,9.96680538,Commercial Area,"Viale Lunigiana, 54011 Aulla MS",https://www.mcdonalds.it/elenco-ristoranti,EUR 10-20,True
523,McDonald's,Toscana,Massa-Carrara,MS,Carrara,Burgers,EUR 10-20,3.9,300,44.05251838,10.07038757,Commercial Area,"SS 1, 32C, 54033 Carrara MS",https://www.mcdonalds.it/elenco-ristoranti,EUR 10-20,False
524,McDonald's,Toscana,Massa-Carrara,MS,Massa,Burgers,EUR 10-20,3.7,3859,44.04060832,10.1261105,Commercial Area,"Via Aurelia Ovest, 92, 54100 Massa MS",https://www.mcdonalds.it/elenco-ristoranti,EUR 10-20,False
525,McDonald's,Toscana,Prato,PO,Montemurlo,Burgers,EUR 10-20,4.1,1961,43.91260651,11.06081592,Commercial Area,"Via Giuseppe Di Vittorio, 2/4, 59013 Montemurlo PO",https://www.mcdonalds.it/elenco-ristoranti,EUR 10-20,False
526,McDonald's,Toscana,Prato,PO,Prato,Burgers,EUR 10-20,3.7,4531,43.85865294,11.10944564,Commercial Area,"Viale Leonardo Da Vinci, 107, 59100 Prato PO",https://www.mcdonalds.it/elenco-ristoranti,EUR 10-20,False
527,McDonald's,Toscana,Pistoia,PT,Montecatini-Terme,Burgers,EUR 10-20,3.8,3082,43.86127466,10.76807664,Commercial Area,"Via Camporcioni, 31, 51016 Montecatini-Terme PT",https://www.mcdonalds.it/elenco-ristoranti,EUR 10-20,False
528,McDonald's,Toscana,Pistoia,PT,Pistoia,Burgers,EUR 10-20,3.9,3733,43.92164958,10.91987999,Commercial Area,"Via Francesco Guicciardini, 2/B, 51100 Pistoia PT",https://www.mcdonalds.it/elenco-ristoranti,EUR 10-20,False
529,McDonald's,Toscana,Siena,SI,Siena,Burgers,EUR 10-20,3.9,3917,43.34222517,11.30651961,Commercial Area,"Via Fiorentina, 122, 53100 Siena SI",https://www.mcdonalds.it/elenco-ristoranti,EUR 10-20,False
530,McDonald's,Toscana,Siena,SI,Siena,Burgers,EUR 10-20,3.9,504,43.32181703,11.34869152,Commercial Area,"Via Guccio di Mannaia, 53100 Siena SI",https://www.mcdonalds.it/elenco-ristoranti,EUR 10-20,False
531,McDonald's,Toscana,Pisa,PI,Fornacette,Burgers,EUR 10-20,4.0,3184,43.66838792,10.59644033,Commercial Area,"Via Mazzei, 2, 56012 Fornacette PI",https://www.mcdonalds.it/elenco-ristoranti,EUR 10-20,False
532,McDonald's,Toscana,Pisa,PI,Navacchio,Burgers,EUR 10-20,4.0,3474,43.6801595,10.47836541,Shopping Mall,"Via Oristano, 56023 Navacchio PI",https://www.mcdonalds.it/elenco-ristoranti,EUR 10-20,False
533,McDonald's,Toscana,Pisa,PI,Pisa,Burgers,EUR 10-20,2.6,239,43.69861574,10.40023134,Transport Hub,"Piazzale D'Ascanio, 1, 56121 Pisa PI",https://www.mcdonalds.it/elenco-ristoranti,EUR 10-20,False
534,McDonald's,Toscana,Pisa,PI,Pisa,Burgers,EUR 10-20,4.0,3558,43.69575667,10.38260416,Commercial Area,"Via di Gargalone, 56121 Pisa PI",https://www.mcdonalds.it/elenco-ristoranti,EUR 10-20,False
535,McDonald's,Toscana,Pisa,PI,Pisa,Burgers,EUR 10-20,3.6,4261,43.72309625,10.3926723,City Center,"P.za Daniele Manin, 1, 56122 Pisa PI",https://www.mcdonalds.it/elenco-ristoranti,EUR 10-20,False
536,McDonald's,Toscana,Pisa,PI,Pisa,Burgers,EUR 1-10,3.1,1259,43.70861727,10.39792768,Transport Hub,"Piazza della Stazione, 12, 56125 Pisa PI",https://www.mcdonalds.it/elenco-ristoranti,EUR 1-10,False
537,McDonald's,Toscana,Pisa,PI,San Giuliano Terme,Burgers,EUR 10-20,3.9,3111,43.74469128,10.36998518,Commercial Area,"Via Aurelia, 56017 San Giuliano Terme PI",https://www.mcdonalds.it/elenco-ristoranti,EUR 10-20,False
538,McDonald's,Toscana,Pisa,PI,Pontedera,Burgers,EUR 10-20,3.6,135,43.64240258,10.61724179,Service Area,"SGC, 56025 Pontedera PI",https://www.mcdonalds.it/elenco-ristoranti,EUR 10-20,False
539,McDonald's,Emilia-Romagna,Bologna,BO,Bologna,Burgers,EUR 1-10,3.8,2773,44.51616286,11.39609217,Shopping Mall,"Viale Tito Carnacini, 6, 40127 Bologna BO",https://www.mcdonalds.it/elenco-ristoranti,EUR 1-10,False
540,McDonald's,Emilia-Romagna,Bologna,BO,Bologna,Burgers,EUR 1-10,3.5,4903,44.49502054,11.34248666,City Center,"Via dell'Indipendenza, 2, 40121 Bologna BO",https://www.mcdonalds.it/elenco-ristoranti,EUR 1-10,False
541,McDonald's,Emilia-Romagna,Bologna,BO,Bologna,Burgers,EUR 10-20,3.6,3192,44.47326692,11.4001327,Commercial Area,"Via Giuseppe Dozza, 33, 40139 Bologna BO",https://www.mcdonalds.it/elenco-ristoranti,EUR 10-20,False
542,McDonald's,Emilia-Romagna,Bologna,BO,Bologna,Burgers,EUR 10-20,3.9,4281,44.5192706,11.36208006,Commercial Area,"V. Stalingrado, 71, 40128 Bologna BO",https://www.mcdonalds.it/elenco-ristoranti,EUR 10-20,False
543,McDonald's,Emilia-Romagna,Bologna,BO,Bologna,Burgers,EUR 1-10,3.6,5137,44.50881715,11.28081328,Commercial Area,"Viale Palmiro Togliatti, 11, 40133 Bologna BO",https://www.mcdonalds.it/elenco-ristoranti,EUR 1-10,False
544,McDonald's,Emilia-Romagna,Bologna,BO,Bologna,Burgers,EUR 10-20,3.9,2476,44.49625165,11.39325353,Shopping Mall,"Via Larga, 17, 40138 Bologna BO",https://www.mcdonalds.it/elenco-ristoranti,EUR 10-20,False
545,McDonald's,Emilia-Romagna,Bologna,BO,Bologna,Burgers,EUR 10-20,3.7,4737,44.49979557,11.34481785,City Center,"Piazza dell'Otto Agosto, 31, 40126 Bologna BO",https://www.mcdonalds.it/elenco-ristoranti,EUR 10-20,False
546,McDonald's,Emilia-Romagna,Bologna,BO,Casalecchio di Reno,Burgers,EUR 10-20,3.9,1449,44.48713512,11.24539187,Shopping Mall,"Via Antonio de Curtis, 9/4, 40033 Casalecchio di Reno BO",https://www.mcdonalds.it/elenco-ristoranti,EUR 10-20,False
547,McDonald's,Emilia-Romagna,Bologna,BO,Casalecchio di Reno,Burgers,EUR 10-20,3.9,3004,44.46832034,11.27004087,Shopping Mall,"Via Porrettana, 502, 40033 Casalecchio di Reno BO",https://www.mcdonalds.it/elenco-ristoranti,EUR 10-20,False
548,McDonald's,Emilia-Romagna,Bologna,BO,Casalecchio di Reno,Burgers,EUR 1-10,3.7,1028,44.48822581,11.24812123,Shopping Mall,"Via Marilyn Monroe, 2, 40033 Casalecchio di Reno BO",https://www.mcdonalds.it/elenco-ristoranti,EUR 1-10,False
549,McDonald's,Emilia-Romagna,Bologna,BO,Castel Maggiore,Burgers,EUR 10-20,4.0,2623,44.56865174,11.35986,Shopping Mall,"Via Galliera, 24, 40013 Castel Maggiore BO",https://www.mcdonalds.it/elenco-ristoranti,EUR 10-20,False
550,McDonald's,Emilia-Romagna,Bologna,BO,Castel San Pietro Terme,Burgers,EUR 10-20,3.5,448,44.40394949,11.58473527,Shopping Mall,"Via Emilia Ponente, 210, 40024 Castel San Pietro Terme BO",https://www.mcdonalds.it/elenco-ristoranti,EUR 10-20,False
551,McDonald's,Emilia-Romagna,Bologna,BO,Imola,Burgers,EUR 10-20,3.8,431,44.37390601,11.73407764,Commercial Area,"Via Provinciale Selice, 43A, 40026 Imola BO",https://www.mcdonalds.it/elenco-ristoranti,EUR 10-20,False
552,McDonald's,Emilia-Romagna,Bologna,BO,Zola Predosa,Burgers,EUR 10-20,3.5,8350,44.51961713,11.21426842,Service Area,"La Pioppa Est-A14 km 741, 40069 Zola Predosa BO",https://www.mcdonalds.it/elenco-ristoranti,EUR 10-20,False
553,McDonald's,Emilia-Romagna,Bologna,BO,Zola Predosa,Burgers,EUR 10-20,3.5,2717,44.51850791,11.21490143,Service Area,"A14, 40069 Zola Predosa BO",https://www.mcdonalds.it/elenco-ristoranti,EUR 10-20,False
554,McDonald's,Emilia-Romagna,Ferrara,FE,Argenta,Burgers,EUR 10-20,4.4,245,44.603467,11.84236317,Commercial Area,"Via Celletta, 104, 44011 Argenta FE",https://www.mcdonalds.it/elenco-ristoranti,EUR 10-20,False
555,McDonald's,Emilia-Romagna,Ferrara,FE,Cento,Burgers,EUR 1-10,3.5,2416,44.74911464,11.30214818,Shopping Mall,"Via Matteo Loves, 1, 44042 Cento FE",https://www.mcdonalds.it/elenco-ristoranti,EUR 1-10,False
556,McDonald's,Emilia-Romagna,Ferrara,FE,Ferrara,Burgers,EUR 10-20,3.9,3170,44.8460861,11.59793107,Commercial Area,"Via Modena, 17/4, 44122 Ferrara FE",https://www.mcdonalds.it/elenco-ristoranti,EUR 10-20,False
557,McDonald's,Emilia-Romagna,Ferrara,FE,Ferrara,Burgers,EUR 10-20,4.0,3378,44.81523523,11.59827656,Commercial Area,"Via Bologna, 306, 44124 Ferrara FE",https://www.mcdonalds.it/elenco-ristoranti,EUR 10-20,False
558,McDonald's,Emilia-Romagna,Ferrara,FE,Ferrara,Burgers,EUR 1-10,3.7,2687,44.83525022,11.61949846,City Center,"Piazza Trento - Trieste, 6, 44121 Ferrara FE",https://www.mcdonalds.it/elenco-ristoranti,EUR 1-10,False
559,McDonald's,Emilia-Romagna,Ferrara,FE,Comacchiesi,Burgers,EUR 10-20,3.9,5140,44.69050393,12.22261971,Commercial Area,"Strada Statale 309 Romea, 3a, 44022 Comacchio FE",https://www.mcdonalds.it/elenco-ristoranti,EUR 10-20,False
560,McDonald's,Emilia-Romagna,Forlì-Cesena,FC,Cesena,Burgers,EUR 10-20,3.8,2526,44.14579001,12.21786861,Commercial Area,"Via Emilia Ponente, 864, 47522 Cesena FC",https://www.mcdonalds.it/elenco-ristoranti,EUR 10-20,False
561,McDonald's,Emilia-Romagna,Forlì-Cesena,FC,Cesena,Burgers,EUR 10-20,3.7,3072,44.16923606,12.28262611,Commercial Area,"Via Cervese, 3622, 47521 Cesena FC",https://www.mcdonalds.it/elenco-ristoranti,EUR 10-20,False
562,McDonald's,Emilia-Romagna,Forlì-Cesena,FC,Forlì,Burgers,EUR 10-20,3.8,3025,44.22929237,12.02323089,Commercial Area,"Viale Bologna, 74, 47122 Forlì FC",https://www.mcdonalds.it/elenco-ristoranti,EUR 10-20,False
563,McDonald's,Emilia-Romagna,Forlì-Cesena,FC,Forlì,Burgers,EUR 10-20,3.9,1344,44.2434382,12.08115997,Shopping Mall,"Piazzale della Cooperazione, 2, 47122 Forlì FC",https://www.mcdonalds.it/elenco-ristoranti,EUR 10-20,False
564,McDonald's,Emilia-Romagna,Forlì-Cesena,FC,Forlì,Burgers,EUR 10-20,3.9,826,44.24828505,12.08882333,Shopping Mall,"Via Argentina Altobelli, 47122 Forlì FC",https://www.mcdonalds.it/elenco-ristoranti,EUR 10-20,False
565,McDonald's,Emilia-Romagna,Forlì-Cesena,FC,Località Quattro Laghi,Burgers,EUR 10-20,3.2,79,44.19413273,12.10498575,Commercial Area,"Via Emilia per Forlí, 1498, 47034 Località Quattro Laghi FC",https://www.mcdonalds.it/elenco-ristoranti,EUR 10-20,False
566,McDonald's,Emilia-Romagna,Forlì-Cesena,FC,Savignano sul Rubicone,Burgers,EUR 10-20,3.7,3764,44.15683841,12.43264456,Shopping Mall,"Via Giovanni da Verazzano, 4, 47039 Savignano sul Rubicone FC",https://www.mcdonalds.it/elenco-ristoranti,EUR 10-20,False
567,McDonald's,Emilia-Romagna,Modena,MO,Capri,Burgers,EUR 1-10,3.6,3674,44.7761094,10.86183907,Commercial Area,"Via delle Magliaie, 55, 41012 Carpi MO",https://www.mcdonalds.it/elenco-ristoranti,EUR 1-10,False
568,McDonald's,Emilia-Romagna,Modena,MO,Formigine,Burgers,EUR 10-20,3.7,988,44.59856204,10.86205857,Commercial Area,"Via Giardini Nord, 531, 41043 Formigine MO",https://www.mcdonalds.it/elenco-ristoranti,EUR 10-20,False
569,McDonald's,Emilia-Romagna,Modena,MO,Castelfranco Emilia,Burgers,EUR 10-20,3.9,1160,44.60352536,11.02703323,Commercial Area,"Via I Carracci, 3, 41013 Castelfranco Emilia MO",https://www.mcdonalds.it/elenco-ristoranti,EUR 10-20,False
570,McDonald's,Emilia-Romagna,Modena,MO,Mirandola,Burgers,EUR 1-10,3.7,2458,44.8909518,11.05083527,Commercial Area,"Via G. Agnini, 69, 41037 Mirandola MO",https://www.mcdonalds.it/elenco-ristoranti,EUR 1-10,False
571,McDonald's,Emilia-Romagna,Modena,MO,Modena,Burgers,EUR 1-10,3.6,1611,44.64775768,10.85292577,Shopping Mall,"Via Emilia Ovest, 1480, 41123 Modena MO",https://www.mcdonalds.it/elenco-ristoranti,EUR 1-10,False
572,McDonald's,Emilia-Romagna,Modena,MO,Modena,Burgers,EUR 10-20,3.8,3202,44.63875911,10.94514261,Commercial Area,"Via Emilia Est, 519, 41121 Modena MO",https://www.mcdonalds.it/elenco-ristoranti,EUR 10-20,False
573,McDonald's,Emilia-Romagna,Modena,MO,Modena,Burgers,EUR 10-20,3.6,3567,44.65449248,10.90632092,Commercial Area,"Via Emilia Ovest, 407, 41100 Modena MO",https://www.mcdonalds.it/elenco-ristoranti,EUR 10-20,False
574,McDonald's,Emilia-Romagna,Modena,MO,Modena,Burgers,EUR 1-10,3.1,705,44.65428864,10.9309243,Transport Hub,"Piazza Dante Alighieri, 41121 Modena MO",https://www.mcdonalds.it/elenco-ristoranti,EUR 1-10,False
575,McDonald's,Emilia-Romagna,Modena,MO,Pavullo nel Frignano,Burgers,EUR 10-20,4.2,264,44.32400412,10.83875543,Commercial Area,"Via Gianluigi Plati, 4, 41026 Pavullo nel Frignano MO",https://www.mcdonalds.it/elenco-ristoranti,EUR 10-20,False
576,McDonald's,Emilia-Romagna,Modena,MO,Sassuolo,Burgers,EUR 10-20,3.4,3681,44.55684322,10.79862475,Commercial Area,"V. Radici in Piano, 421, 41049 Sassuolo MO",https://www.mcdonalds.it/elenco-ristoranti,EUR 10-20,False
577,McDonald's,Emilia-Romagna,Modena,MO,Vignola,Burgers,EUR 10-20,3.8,3096,44.49925865,11.01983619,Commercial Area,"Via per Spilamberto, 1662, 41058 Vignola MO",https://www.mcdonalds.it/elenco-ristoranti,EUR 10-20,False
578,McDonald's,Emilia-Romagna,Parma,PR,Fidenza,Burgers,EUR 1-10,3.8,2908,44.88180951,10.08989753,Shopping Mall,"Shopping Park, Via Sorelle Fontana, 770, 43036 Fidenza PR",https://www.mcdonalds.it/elenco-ristoranti,EUR 1-10,False
579,McDonald's,Emilia-Romagna,Parma,PR,Parma,Burgers,EUR 10-20,3.7,3856,44.80941495,10.2903645,Commercial Area,"Via Emilia Ovest, 101A, 43100 Parma PR",https://www.mcdonalds.it/elenco-ristoranti,EUR 10-20,False
580,McDonald's,Emilia-Romagna,Parma,PR,Parma,Burgers,EUR 1-10,3.7,3503,44.78483189,10.38140181,Commercial Area,"Via Emilio Lepido, 70/A, 43123 Parma PR",https://www.mcdonalds.it/elenco-ristoranti,EUR 1-10,False
581,McDonald's,Emilia-Romagna,Parma,PR,Parma,Burgers,EUR 10-20,3.4,3772,44.82056932,10.33464981,Shopping Mall,"Via Mansueto Rodolfi, 4/a, 43122 Parma PR",https://www.mcdonalds.it/elenco-ristoranti,EUR 10-20,False
582,McDonald's,Emilia-Romagna,Parma,PR,Salsomaggiore Terme,Burgers,EUR 1-10,3.8,649,44.81725781,9.99398261,Commercial Area,"Via Vittorio Rossi, 43039 Salsomaggiore Terme PR",https://www.mcdonalds.it/elenco-ristoranti,EUR 1-10,False
583,McDonald's,Emilia-Romagna,Parma,PR,Salsomaggiore Terme,Burgers,EUR 10-20,3.7,3856,44.80918991,10.29032962,Commercial Area,"Via Emilia Ovest, 101A, 43100 Parma PR",https://www.mcdonalds.it/elenco-ristoranti,EUR 10-20,False
584,McDonald's,Emilia-Romagna,Parma,PR,Sorbolo,Burgers,EUR 10-20,3.6,292,44.840188,10.4362205,Commercial Area,"Largo Alberazza, 2, 43058 Sorbolo PR",https://www.mcdonalds.it/elenco-ristoranti,EUR 10-20,False
585,McDonald's,Emilia-Romagna,Piacenza,PC,Castel San Giovanni,Burgers,EUR 10-20,3.9,425,45.05648978,9.44809376,Commercial Area,"Via Emilia Piacentina, 29015 Castel San Giovanni PC",https://www.mcdonalds.it/elenco-ristoranti,EUR 10-20,False
586,McDonald's,Emilia-Romagna,Piacenza,PC,Fiorenzuola d'Arda,Burgers,EUR 10-20,3.6,330,44.93706449,9.89807006,Commercial Area,"Via Europa, 24, 29017 Fiorenzuola d'Arda PC",https://www.mcdonalds.it/elenco-ristoranti,EUR 10-20,False
587,McDonald's,Emilia-Romagna,Piacenza,PC,Piacenza,Burgers,EUR 10-20,3.9,3130,45.05448855,9.65607359,Commercial Area,"Via Emilia Pavese, 29121 Piacenza PC",https://www.mcdonalds.it/elenco-ristoranti,EUR 10-20,False
588,McDonald's,Emilia-Romagna,Piacenza,PC,Piacenza,Burgers,EUR 10-20,3.9,1851,45.03240968,9.7336979,Shopping Mall,"Via Stradiotti, 1, 29122 Piacenza PC",https://www.mcdonalds.it/elenco-ristoranti,EUR 10-20,False
589,McDonald's,Emilia-Romagna,Piacenza,PC,Piacenza,Burgers,EUR 1-10,3.6,1345,45.05130976,9.70597166,Transport Hub,"Piazzale Guglielmo Marconi, 29121 Piacenza PC",https://www.mcdonalds.it/elenco-ristoranti,EUR 1-10,False
590,McDonald's,Emilia-Romagna,Rimini,RN,Cattolica,Burgers,EUR 10-20,3.5,1202,43.95316404,12.73062846,Commercial Area,"SS16, 47841 Cattolica RN",https://www.mcdonalds.it/elenco-ristoranti,EUR 10-20,False
591,McDonald's,Emilia-Romagna,Rimini,RN,Riccione,Burgers,EUR 10-20,4.1,217,44.00552553,12.63333052,Commercial Area,"Via Flaminia, 51, 47838 Riccione RN",https://www.mcdonalds.it/elenco-ristoranti,EUR 10-20,False
592,McDonald's,Emilia-Romagna,Rimini,RN,Rimini,Burgers,EUR 10-20,3.8,4186,44.03868546,12.59378124,Shopping Mall,"Via Flaminia, 275, 47924 Rimini RN",https://www.mcdonalds.it/elenco-ristoranti,EUR 10-20,False
593,McDonald's,Emilia-Romagna,Rimini,RN,Rimini,Burgers,EUR 10-20,3.8,2844,44.04060936,12.58677301,Shopping Mall,"Via Caduti di Nassiriya, 20, 47924 Rimini RN",https://www.mcdonalds.it/elenco-ristoranti,EUR 10-20,False
594,McDonald's,Emilia-Romagna,Rimini,RN,Viserbella,Burgers,EUR 10-20,3.6,3120,44.08962209,12.51414919,Commercial Area,"Via Popilia, 237, 47922 Viserbella RN",https://www.mcdonalds.it/elenco-ristoranti,EUR 10-20,False
595,McDonald's,Emilia-Romagna,Reggio Emilia,RE,Correggio,Burgers,EUR 1-10,3.7,760,44.76311822,10.7923514,Commercial Area,"Viale Vecchia Ferrovia, 28, 42015 Correggio RE",https://www.mcdonalds.it/elenco-ristoranti,EUR 1-10,False
596,McDonald's,Emilia-Romagna,Reggio Emilia,RE,Montecchio Emilia,Burgers,EUR 10-20,3.5,96,44.69746669,10.46994157,Commercial Area,"Via Albert Einstein, 26, 42027 Montecchio Emilia RE",https://www.mcdonalds.it/elenco-ristoranti,EUR 10-20,False
597,McDonald's,Emilia-Romagna,Reggio Emilia,RE,Reggio nell'Emilia,Burgers,EUR 10-20,3.8,2143,44.66665125,10.59815846,Commercial Area,"Via David Ricardo, 7, 42123 Reggio nell'Emilia RE",https://www.mcdonalds.it/elenco-ristoranti,EUR 10-20,False
598,McDonald's,Emilia-Romagna,Reggio Emilia,RE,Reggio Emilia,Burgers,EUR 1-10,3.8,4301,44.71128945,10.61731153,Commercial Area,"Via Nicolò Copernico, 30a, 42124 Reggio Emilia RE",https://www.mcdonalds.it/elenco-ristoranti,EUR 1-10,False
599,McDonald's,Emilia-Romagna,Reggio Emilia,RE,Reggio nell'Emilia,Burgers,EUR 10-20,3.4,2284,44.69285954,10.64655892,Commercial Area,"Via Emilia All'Ospizio, 45, 42122 Reggio nell'Emilia RE",https://www.mcdonalds.it/elenco-ristoranti,EUR 10-20,False
600,McDonald's,Emilia-Romagna,Ravenna,RA,Faenza,Burgers,EUR 10-20,3.6,2773,44.30476594,11.89578926,Shopping Mall,"Via Vietri Sul Mare, 4, 48018 Faenza RA",https://www.mcdonalds.it/elenco-ristoranti,EUR 10-20,False
601,McDonald's,Emilia-Romagna,Ravenna,RA,Lugo,Burgers,EUR 10-20,3.9,2103,44.42832562,11.91114732,Commercial Area,"Via Piratello, 64, 48022 Lugo RA",https://www.mcdonalds.it/elenco-ristoranti,EUR 10-20,False
602,McDonald's,Emilia-Romagna,Ravenna,RA,Cervia,Burgers,EUR 10-20,4.0,623,44.2216582,12.3729232,Commercial Area,"Via Romea Sud, 189, 48015 Cervia RA",https://www.mcdonalds.it/elenco-ristoranti,EUR 10-20,False
603,McDonald's,Emilia-Romagna,Ravenna,RA,Ravenna,Burgers,EUR 1-10,4.0,1487,44.33299246,12.2692274,Commercial Area,"Strada Statale 16 Adriatica, Km 162, 48125 Ravenna RA",https://www.mcdonalds.it/elenco-ristoranti,EUR 1-10,False
604,McDonald's,Emilia-Romagna,Ravenna,RA,Ravenna,Burgers,EUR 10-20,3.9,3121,44.39608704,12.1805213,Shopping Mall,"ang. M. Bussato 48, Via Classicana, 408, 48100 Ravenna RA",https://www.mcdonalds.it/elenco-ristoranti,EUR 10-20,False
605,McDonald's,Emilia-Romagna,Ravenna,RA,Ravenna,Burgers,EUR 10-20,3.4,2514,44.33574491,12.26304836,Commercial Area,"SS16 Km 162, 48125 Ravenna RA",https://www.mcdonalds.it/elenco-ristoranti,EUR 10-20,False
606,McDonald's,Emilia-Romagna,Ravenna,RA,Ravenna,Burgers,EUR 1-10,2.9,312,44.41888876,12.20818694,Transport Hub,"Piazza Luigi Carlo Farini, 16, 48121 Ravenna RA",https://www.mcdonalds.it/elenco-ristoranti,EUR 1-10,False
607,McDonald's,Emilia-Romagna,Ravenna,RA,Ravenna,Burgers,EUR 10-20,4.0,3335,44.42598001,12.23020699,Shopping Mall,"Via Manlio Travaglini, 28, 48122 Ravenna RA",https://www.mcdonalds.it/elenco-ristoranti,EUR 10-20,False
608,McDonald's,Molise,Campobasso,CB,Campobasso,Burgers,EUR 1-10,4.0,2731,41.57628775,14.67476937,Commercial Area,"Via Colle delle Api, 42/D, 86100 Campobasso CB",https://www.mcdonalds.it/elenco-ristoranti,EUR 1-10,False
609,McDonald's,Molise,Isernia,IS,Isernia,Burgers,EUR 1-10,3.9,649,41.59790967,14.25034629,Commercial Area,"SS17, 86170 Isernia IS",https://www.mcdonalds.it/elenco-ristoranti,EUR 1-10,False
610,McDonald's,Molise,Isernia,IS,Venafro,Burgers,EUR 10-20,4.2,34,41.46543472,14.05603483,Commercial Area,"SS 85 Venafrana, 18, 86079 Zona Industriale IS",https://www.mcdonalds.it/elenco-ristoranti,EUR 10-20,False
611,McDonald's,Campania,Avellino,AV,Avellino,Burgers,EUR 1-10,3.9,453,40.91584122,14.78036864,Transport Hub,"Via Francesco Fariello, 83100 Avellino AV",https://www.mcdonalds.it/elenco-ristoranti,EUR 1-10,False
612,McDonald's,Campania,Avellino,AV,Località Macera,Burgers,EUR 10-20,3.9,2920,40.91145303,14.74869747,Shopping Mall,"Via Nicola Santangelo, 175, 83013 Località Macera AV",https://www.mcdonalds.it/elenco-ristoranti,EUR 10-20,False
613,McDonald's,Campania,Benevento,BN,Benevento,Burgers,EUR 1-10,4.2,270,41.1166466,14.77779374,Commercial Area,"Via Saverio Casselli, 82100 Benevento BN",https://www.mcdonalds.it/elenco-ristoranti,EUR 1-10,False
614,McDonald's,Campania,Benevento,BN,Benevento,Burgers,EUR 1-10,4.0,2102,41.12680359,14.79647489,Commercial Area,"Via Mario Vetrone, 6, 82100 Benevento BN",https://www.mcdonalds.it/elenco-ristoranti,EUR 1-10,False
615,McDonald's,Campania,Caserta,CE,Caianello,Burgers,EUR 10-20,3.7,884,41.30629762,14.09656076,Service Area,"Via Ceraselle, 81059 Caianello CE",https://www.mcdonalds.it/elenco-ristoranti,EUR 10-20,False
616,McDonald's,Campania,Caserta,CE,Capodrise,Burgers,EUR 10-20,3.6,562,41.04327968,14.31908566,Shopping Mall,"Via Retella, 81020 Capodrise CE",https://www.mcdonalds.it/elenco-ristoranti,EUR 10-20,False
617,McDonald's,Campania,Caserta,CE,Capua,Burgers,EUR 10-20,3.2,121,41.11689517,14.20162337,Commercial Area,"Via Fuori Porta Roma, 81043 Capua CE",https://www.mcdonalds.it/elenco-ristoranti,EUR 10-20,False
618,McDonald's,Campania,Caserta,CE,Carinaro,Burgers,EUR 10-20,3.7,257,40.9814096,14.22324814,Shopping Mall,"Via S. Salvatore, 81032 Carinaro CE",https://www.mcdonalds.it/elenco-ristoranti,EUR 10-20,False
619,McDonald's,Campania,Caserta,CE,Caserta,Burgers,EUR 1-10,3.7,1063,41.07761066,14.34989831,Commercial Area,"Via Sant'Augusto, 81100 Caserta CE",https://www.mcdonalds.it/elenco-ristoranti,EUR 1-10,False
620,McDonald's,Campania,Caserta,CE,Frignano,Burgers,EUR 10-20,3.7,261,41.00017849,14.18717064,Commercial Area,"Via Massimo Troisi (Crossroads with, Corso Italia, Frignano",https://www.mcdonalds.it/elenco-ristoranti,EUR 10-20,False
621,McDonald's,Campania,Caserta,CE,Maddaloni,Burgers,EUR 1-10,4.0,2945,41.02473909,14.3729789,Commercial Area,"Via Forche Caudine, 81024 Maddaloni CE",https://www.mcdonalds.it/elenco-ristoranti,EUR 1-10,False
622,McDonald's,Campania,Caserta,CE,Marcianise,Burgers,EUR 1-10,3.9,4572,41.00373028,14.32899621,Shopping Mall,"Centro Commerciale Campania, Località Aurno, 87, 81025 Marcianise CE",https://www.mcdonalds.it/elenco-ristoranti,EUR 1-10,False
623,McDonald's,Campania,Caserta,CE,Marcianise,Burgers,EUR 10-20,4.0,839,41.01902655,14.32648407,Shopping Mall,"SS Sannitica, 81025 Zona Industriale Marcianise Nord CE",https://www.mcdonalds.it/elenco-ristoranti,EUR 10-20,False
624,McDonald's,Campania,Caserta,CE,San Prisco,Burgers,EUR 10-20,3.7,2863,41.08103107,14.27182187,Commercial Area,"SS7, 60, 81054 San Prisco CE",https://www.mcdonalds.it/elenco-ristoranti,EUR 10-20,False
625,McDonald's,Campania,Caserta,CE,Nola,Burgers,EUR 1-10,3.9,2075,40.94945034,14.48721873,Shopping Mall,"Via Boscofangone, snc, 80035 Nola NA",https://www.mcdonalds.it/elenco-ristoranti,EUR 1-10,False
626,McDonald's,Campania,Caserta,CE,Trentola,Burgers,EUR 10-20,3.8,2577,40.96800202,14.17324449,Shopping Mall,"81038 Trentola-Ducenta, Province of Caserta",https://www.mcdonalds.it/elenco-ristoranti,EUR 10-20,False
627,McDonald's,Campania,Salerno,SA,Salerno,Burgers,EUR 1-10,3.4,1212,40.60320715,14.97440879,Commercial Area,"SS 18 Tirrena Inferiore, 84091 Salerno SA",https://www.mcdonalds.it/elenco-ristoranti,EUR 1-10,False
628,McDonald's,Campania,Salerno,SA,Eboli,Burgers,EUR 1-10,3.7,3719,40.55961734,14.99050467,Shopping Mall,"SS 18 Tirrena Inferiore, 84020 Eboli SA",https://www.mcdonalds.it/elenco-ristoranti,EUR 1-10,False
629,McDonald's,Campania,Salerno,SA,Fisciano,Burgers,EUR 1-10,3.9,1930,40.75786088,14.78986329,Commercial Area,"Via Fratelli Napoli, 97 C, 84084 Fisciano SA",https://www.mcdonalds.it/elenco-ristoranti,EUR 1-10,False
630,McDonald's,Campania,Salerno,SA,Nocera Superiore,Burgers,EUR 10-20,3.8,3076,40.72976949,14.68913253,Commercial Area,"Via Nazionale, 62, 84015 Nocera Superiore SA",https://www.mcdonalds.it/elenco-ristoranti,EUR 10-20,False
631,McDonald's,Campania,Salerno,SA,Pagani,Burgers,EUR 1-10,3.0,74,40.74782638,14.6004072,Commercial Area,"Via Alcide de Gasperi, 84016 Pagani SA",https://www.mcdonalds.it/elenco-ristoranti,EUR 1-10,False
632,McDonald's,Campania,Salerno,SA,Pontecagnano Faiano,Burgers,EUR 1-10,3.8,2097,40.63603131,14.90727718,Shopping Mall,"Via Antonio Pacinotti, 33, 84098 Pontecagnano Faiano SA",https://www.mcdonalds.it/elenco-ristoranti,EUR 1-10,False
633,McDonald's,Campania,Salerno,SA,Sala Consilina,Burgers,EUR 10-20,4.1,505,40.36735445,15.61358087,Commercial Area,"Via Fontanelle, 84036 Sala Consilina SA",https://www.mcdonalds.it/elenco-ristoranti,EUR 10-20,False
634,McDonald's,Campania,Salerno,SA,Salerno,Burgers,EUR 10-20,3.6,3324,40.6593708,14.79987752,Residential Area,"Via Trento, 132, 84129 Salerno SA",https://www.mcdonalds.it/elenco-ristoranti,EUR 10-20,False
635,McDonald's,Campania,Salerno,SA,Salerno,Burgers,EUR 1-10,3.5,122,40.64823462,14.86160393,Commercial Area,"SS 18 Tirrena Inferiore, 84131 Salerno SA",https://www.mcdonalds.it/elenco-ristoranti,EUR 1-10,False
636,McDonald's,Campania,Salerno,SA,Salerno,Burgers,EUR 1-10,4.2,33,40.67531036,14.77224358,Transport Hub,"Piazza Vittorio Veneto, 1, 84123 Salerno SA",https://www.mcdonalds.it/elenco-ristoranti,EUR 1-10,False
637,McDonald's,Campania,Salerno,SA,Salerno,Burgers,EUR 1-10,3.1,1779,40.67860984,14.7567687,City Center,"Via Roma, 69/73, 84121 Salerno SA",https://www.mcdonalds.it/elenco-ristoranti,EUR 1-10,False
638,McDonald's,Campania,Napoli,NA,Afragola,Burgers,EUR 10-20,3.8,3801,40.93295809,14.35400416,Commercial Area,"Via Santa Maria la Nova, 80021 Afragola NA",https://www.mcdonalds.it/elenco-ristoranti,EUR 10-20,False
639,McDonald's,Campania,Napoli,NA,Cardito,Burgers,EUR 1-10,3.0,497,40.93258563,14.29587063,Commercial Area,"Via Enrico Fermi, 80024 Cardito NA",https://www.mcdonalds.it/elenco-ristoranti,EUR 1-10,False
640,McDonald's,Campania,Napoli,NA,Casavatore,Burgers,EUR 1-10,4.3,1272,40.89908714,14.28335456,Commercial Area,"Via A. del Giudice, 5/7, 80020 Casavatore NA",https://www.mcdonalds.it/elenco-ristoranti,EUR 1-10,False
641,McDonald's,Campania,Napoli,NA,Casoria,Burgers,EUR 1-10,3.8,4524,40.89823138,14.3104726,Shopping Mall,"Via S. Salvatore, 80026 Casoria NA",https://www.mcdonalds.it/elenco-ristoranti,EUR 1-10,False
642,McDonald's,Campania,Napoli,NA,Casoria,Burgers,EUR 1-10,4.5,339,40.89451822,14.32651488,Commercial Area,"Via Nazionale delle Puglie, 80026 Casoria NA",https://www.mcdonalds.it/elenco-ristoranti,EUR 1-10,False
643,McDonald's,Campania,Napoli,NA,Casoria,Burgers,EUR 10-20,3.8,77,40.91965871,14.29216046,Commercial Area,"Via Sannitica, 80026 Casoria NA",https://www.mcdonalds.it/elenco-ristoranti,EUR 10-20,False
644,McDonald's,Campania,Napoli,NA,Giugliano in Campania,Burgers,EUR 10-20,3.8,3355,40.93396852,14.14804394,Shopping Mall,"Via Santa Maria a Cubito, 80014 Giugliano in Campania NA",https://www.mcdonalds.it/elenco-ristoranti,EUR 10-20,False
645,McDonald's,Campania,Napoli,NA,Giugliano in Campania,Burgers,EUR 10-20,3.4,378,40.88967625,14.08351187,Commercial Area,"Via S. Nullo, 105, 80014 Giugliano in Campania NA",https://www.mcdonalds.it/elenco-ristoranti,EUR 10-20,False
646,McDonald's,Campania,Napoli,NA,Giugliano in Campania,Burgers,EUR 10-20,3.6,1596,40.93275633,14.22249548,Commercial Area,"Via Appia Sud, 80014 Giugliano in Campania NA",https://www.mcdonalds.it/elenco-ristoranti,EUR 10-20,False
647,McDonald's,Campania,Napoli,NA,Napoli,Burgers,EUR 10-20,2.9,654,40.87799805,14.28221222,Transport Hub,"Viale F. Ruffo di Calabria, 80144 Napoli NA",https://www.mcdonalds.it/elenco-ristoranti,EUR 10-20,False
648,McDonald's,Campania,Napoli,NA,Napoli,Burgers,EUR 1-10,3.8,1099,40.85004861,14.31140106,Shopping Mall,"Via Argine, 380 c\o C, 80147 Napoli NA",https://www.mcdonalds.it/elenco-ristoranti,EUR 1-10,False
649,McDonald's,Campania,Napoli,NA,Napoli,Burgers,EUR 10-20,3.7,2383,40.87299884,14.27958665,Shopping Mall,"A56, 80144 Napoli NA",https://www.mcdonalds.it/elenco-ristoranti,EUR 10-20,False
650,McDonald's,Campania,Napoli,NA,Napoli,Burgers,EUR 1-10,3.7,1926,40.83843088,14.24892175,City Center,"Galleria Umberto I, 72, 80132 Napoli NA",https://www.mcdonalds.it/elenco-ristoranti,EUR 1-10,False
651,McDonald's,Campania,Napoli,NA,Napoli,Burgers,EUR 10-20,3.8,1081,40.88761943,14.25531983,Shopping Mall,"La Birreria, c/o CC, Piazza Madonna dell'Arco, 80145 Napoli NA",https://www.mcdonalds.it/elenco-ristoranti,EUR 10-20,False
652,McDonald's,Campania,Napoli,NA,Napoli,Burgers,EUR 1-10,3.4,2095,40.85302766,14.26887384,Transport Hub,"P.za Giuseppe Garibaldi, 39, 80142 Napoli NA",https://www.mcdonalds.it/elenco-ristoranti,EUR 1-10,False
653,McDonald's,Campania,Napoli,NA,Napoli,Burgers,EUR 10-20,3.8,3849,40.82688963,14.1953529,Transport Hub,"Via Giulia Gonzaga, 31/35, 80125 Napoli NA",https://www.mcdonalds.it/elenco-ristoranti,EUR 10-20,False
654,McDonald's,Campania,Napoli,NA,Napoli,Burgers,EUR 1-10,2.9,864,40.85334142,14.2720744,Transport Hub,"P.za Giuseppe Garibaldi, 80142 Napoli NA",https://www.mcdonalds.it/elenco-ristoranti,EUR 1-10,False
655,McDonald's,Campania,Napoli,NA,Napoli,Burgers,EUR 1-10,3.5,2779,40.84046113,14.25193164,City Center,"Via Medina, P.za Municipio, 37/38/39, 80133 Napoli NA",https://www.mcdonalds.it/elenco-ristoranti,EUR 1-10,False
656,McDonald's,Campania,Napoli,NA,Napoli,Burgers,EUR 1-10,4.0,3438,40.84322853,14.22947948,City Center,"Via Giovanni Merliani, 38, 80127 Napoli NA",https://www.mcdonalds.it/elenco-ristoranti,EUR 1-10,False
657,McDonald's,Campania,Napoli,NA,Napoli,Burgers,EUR 1-10,3.9,2075,40.94945551,14.48721955,Shopping Mall,"Via Boscofangone, snc, 80035 Nola NA",https://www.mcdonalds.it/elenco-ristoranti,EUR 1-10,False
658,McDonald's,Campania,Napoli,NA,Nola,Burgers,EUR 10-20,3.6,630,40.93738461,14.53348157,Commercial Area,"SS7bis, 345, 80035 Nola NA",https://www.mcdonalds.it/elenco-ristoranti,EUR 10-20,False
659,McDonald's,Campania,Napoli,NA,Pomigliano d'Arco,Burgers,EUR 10-20,3.8,3553,40.90224114,14.3581652,Commercial Area,"Via Nazionale delle Puglie, 315, 80038 Pomigliano d'Arco NA",https://www.mcdonalds.it/elenco-ristoranti,EUR 10-20,False
660,McDonald's,Campania,Napoli,NA,Pompei,Burgers,EUR 1-10,3.7,1823,40.74929303,14.49858131,City Center,"Via Roma, 33/35, 80045 Pompei NA",https://www.mcdonalds.it/elenco-ristoranti,EUR 1-10,False
661,McDonald's,Campania,Napoli,NA,Pompei,Burgers,EUR 1-10,3.9,1791,40.74059204,14.5028447,Shopping Mall,"Via Macello, 22, 80045 Pompei NA",https://www.mcdonalds.it/elenco-ristoranti,EUR 1-10,False
662,McDonald's,Campania,Napoli,NA,Torre Annunziata,Burgers,EUR 10-20,4.0,212,40.74773278,14.47089229,Shopping Mall,"Via Plinio, 56, 80058 Torre Annunziata NA",https://www.mcdonalds.it/elenco-ristoranti,EUR 10-20,False
663,McDonald's,Campania,Napoli,NA,Quarto,Burgers,EUR 10-20,4.0,2029,40.87932141,14.1134321,Shopping Mall,"Via Masullo, 76, 80010 Quarto NA",https://www.mcdonalds.it/elenco-ristoranti,EUR 10-20,False
664,McDonald's,Campania,Napoli,NA,Sant'Anastasia,Burgers,EUR 10-20,4.4,1654,40.88456298,14.39712807,Commercial Area,"Via Palmentola, 80048 Sant'Anastasia NA",https://www.mcdonalds.it/elenco-ristoranti,EUR 10-20,False
665,McDonald's,Lazio,Frosinone,FR,Cassino,Burgers,EUR 10-20,4.0,3883,41.48906153,13.84464951,Commercial Area,"Via Casilina Sud, Km 140, 03043 Cassino FR",https://www.mcdonalds.it/elenco-ristoranti,EUR 10-20,False
666,McDonald's,Lazio,Frosinone,FR,Frosinone,Burgers,EUR 1-10,4.1,446,41.62142202,13.2853802,Shopping Mall,"V. Armando Vona, 20, 03100 Frosinone FR",https://www.mcdonalds.it/elenco-ristoranti,EUR 1-10,False
667,McDonald's,Lazio,Frosinone,FR,Ceccano,Burgers,EUR 10-20,4.1,3926,41.61455454,13.3067065,Commercial Area,"Via Dei Monti Lepini, 03023 Ceccano FR",https://www.mcdonalds.it/elenco-ristoranti,EUR 10-20,False
668,McDonald's,Lazio,Frosinone,FR,Frosinone,Burgers,EUR 1-10,3.6,159,41.64217075,13.33053536,Commercial Area,"Via Tommaso Landolfi, 03100 Frosinone FR",https://www.mcdonalds.it/elenco-ristoranti,EUR 1-10,False
669,McDonald's,Lazio,Frosinone,FR,Piedimonte San Germano,Burgers,EUR 1-10,4.3,361,41.49527601,13.75784334,Shopping Mall,"SR Casilina, 03030 Piedimonte San Germano FR",https://www.mcdonalds.it/elenco-ristoranti,EUR 1-10,False
670,McDonald's,Lazio,Frosinone,FR,Sora,Burgers,EUR 10-20,4.0,2116,41.71009505,13.59905128,Commercial Area,"Viale S. Domenico, 33, 03039 Sora FR",https://www.mcdonalds.it/elenco-ristoranti,EUR 10-20,False
671,McDonald's,Lazio,Latina,LT,Aprilia,Burgers,EUR 1-10,4.1,2562,41.58105325,12.65348032,Shopping Mall,"Via P. Mascagni, 115, 04011 Aprilia LT",https://www.mcdonalds.it/elenco-ristoranti,EUR 1-10,False
672,McDonald's,Lazio,Latina,LT,Aprilia,Burgers,EUR 10-20,3.9,1592,41.59333243,12.62792587,Shopping Mall,"Via Riserva Nuova, 4, 04011 Aprilia LT",https://www.mcdonalds.it/elenco-ristoranti,EUR 10-20,False
673,McDonald's,Lazio,Latina,LT,Cisterna di Latina,Burgers,EUR 1-10,4.3,761,41.58427757,12.82710748,Commercial Area,"Via Nettuno, 39, 04012 Cisterna di Latina LT",https://www.mcdonalds.it/elenco-ristoranti,EUR 1-10,False
674,McDonald's,Lazio,Latina,LT,Fondi,Burgers,EUR 1-10,4.1,168,41.35660721,13.40638976,Commercial Area,"SS7, 04022 Fondi LT",https://www.mcdonalds.it/elenco-ristoranti,EUR 1-10,False
675,McDonald's,Lazio,Latina,LT,Formia,Burgers,EUR 10-20,3.9,2559,41.25709157,13.609542,City Center,"Via Vitruvio, 48, 04023 Formia LT",https://www.mcdonalds.it/elenco-ristoranti,EUR 10-20,False
676,McDonald's,Lazio,Latina,LT,Formia,Burgers,EUR 10-20,3.8,960,41.26730217,13.6707083,Shopping Mall,"Via Mamurrano, 04023 Formia LT",https://www.mcdonalds.it/elenco-ristoranti,EUR 10-20,False
677,McDonald's,Lazio,Latina,LT,Latina,Burgers,EUR 1-10,4.3,2080,41.46565362,12.89083168,Commercial Area,"V.le Pier Luigi Nervi, 04100 Latina LT",https://www.mcdonalds.it/elenco-ristoranti,EUR 1-10,False
678,McDonald's,Lazio,Latina,LT,Latina,Burgers,EUR 1-10,4.1,3233,41.45178415,12.90620094,Residential Area,"Via Isonzo, 152, 04100 Latina LT",https://www.mcdonalds.it/elenco-ristoranti,EUR 1-10,False
679,McDonald's,Lazio,Latina,LT,Latina,Burgers,EUR 10-20,4.0,3484,41.47123625,12.89435934,Transport Hub,"Via Carlo Romagnoli, 11, 04100 Latina LT",https://www.mcdonalds.it/elenco-ristoranti,EUR 10-20,False
680,McDonald's,Lazio,Latina,LT,Latina,Burgers,EUR 1-10,4.0,186,41.44815538,12.89050271,Commercial Area,"Via del Lido, 131, 04100 Latina LT",https://www.mcdonalds.it/elenco-ristoranti,EUR 1-10,False
681,McDonald's,Lazio,Latina,LT,Terracina,Burgers,EUR 10-20,3.9,3471,41.28467315,13.19044637,Service Area,"SR148, km 105+300, Via Pontina, 148, 04019 Terracina LT",https://www.mcdonalds.it/elenco-ristoranti,EUR 10-20,False
682,McDonald's,Lazio,Viterbo,VT,Caldare,Burgers,EUR 10-20,4.3,4270,42.45324523,12.40803803,Service Area,"Via Lazio, 2, 01028 Caldare VT",https://www.mcdonalds.it/elenco-ristoranti,EUR 10-20,False
683,McDonald's,Lazio,Viterbo,VT,Viterbo,Burgers,EUR 10-20,4.3,3613,42.43384714,12.09963023,Commercial Area,"Via Igino Garbini, 01100 Viterbo VT",https://www.mcdonalds.it/elenco-ristoranti,EUR 10-20,False
684,McDonald's,Lazio,Viterbo,VT,Viterbo,Burgers,EUR 10-20,4.1,3543,42.41419664,12.0973825,Residential Area,"Via S. Paolo, 3, 01100 Viterbo VT",https://www.mcdonalds.it/elenco-ristoranti,EUR 10-20,False
685,McDonald's,Lazio,Rieti,RI,Fara in Sabina,Burgers,EUR 10-20,3.9,1318,42.15244267,12.6568465,Commercial Area,"Via Salaria, 02032 Passo Corese RI",https://www.mcdonalds.it/elenco-ristoranti,EUR 10-20,False
686,McDonald's,Lazio,Rieti,RI,Rieti,Burgers,EUR 10-20,3.6,2224,42.40205998,12.85322977,Commercial Area,"Viale Cesare Verani, 12, 02100 Rieti RI",https://www.mcdonalds.it/elenco-ristoranti,EUR 10-20,False
687,McDonald's,Lazio,Rieti,RI,Rieti,Burgers,EUR 10-20,3.7,88,42.4250794,12.85932914,Residential Area,"Via Angelo Maria Ricci, 02100 Rieti RI",https://www.mcdonalds.it/elenco-ristoranti,EUR 10-20,False
688,McDonald's,Lazio,Roma,RM,Roma,Burgers,EUR 10-20,4.1,249,41.83928089,12.58933703,Transport Hub,"Via Anagnina, 19, 00173 Roma RM",https://www.mcdonalds.it/elenco-ristoranti,EUR 10-20,False
689,McDonald's,Lazio,Roma,RM,Anzio,Burgers,EUR 1-10,3.9,2337,41.48992401,12.62473046,Commercial Area,"Via Nettunense, 00042 Anzio RM",https://www.mcdonalds.it/elenco-ristoranti,EUR 1-10,False
690,McDonald's,Lazio,Roma,RM,Ardea,Burgers,EUR 10-20,3.8,481,41.57321535,12.53048394,City Center,"Viale S. Lorenzo, 00040 Marina di Ardea RM",https://www.mcdonalds.it/elenco-ristoranti,EUR 10-20,False
691,McDonald's,Lazio,Roma,RM,Bracciano,Burgers,EUR 10-20,3.9,2035,42.08809619,12.18326068,Shopping Mall,"Via Santa Lucia, 26/A, 00062 Bracciano RM",https://www.mcdonalds.it/elenco-ristoranti,EUR 10-20,False
692,McDonald's,Lazio,Roma,RM,Castel Romano,Burgers,EUR 10-20,4.1,3263,41.71500555,12.44329664,Shopping Mall,"Via del Ponte di Piscina Cupa, 00128 Castel Romano RM",https://www.mcdonalds.it/elenco-ristoranti,EUR 10-20,False
693,McDonald's,Lazio,Roma,RM,Ciampino,Burgers,EUR 1-10,4.3,4793,41.81927258,12.58517193,Commercial Area,"Via John F. Kennedy, 90, 00043 Ciampino RM",https://www.mcdonalds.it/elenco-ristoranti,EUR 1-10,False
694,McDonald's,Lazio,Roma,RM,Ciampino,Burgers,EUR 10-20,2.0,362,41.79937419,12.59106533,Transport Hub,"Via Appia Nuova, 1651, 00040 Ciampino RM",https://www.mcdonalds.it/elenco-ristoranti,EUR 10-20,False
695,McDonald's,Lazio,Roma,RM,Civitavecchia,Burgers,EUR 1-10,3.7,2610,42.09061976,11.79211096,City Center,"Largo Plebiscito, 1, 00053 Civitavecchia RM",https://www.mcdonalds.it/elenco-ristoranti,EUR 1-10,False
696,McDonald's,Lazio,Roma,RM,Fiano Romano,Burgers,EUR 10-20,3.6,387,42.1406674,12.59531254,Commercial Area,"Via Fontanella del Solco, 2, 00065 Fiano Romano RM",https://www.mcdonalds.it/elenco-ristoranti,EUR 10-20,False
697,McDonald's,Lazio,Roma,RM,Fiumicino,Burgers,EUR 10-20,3.7,2968,41.80839889,12.3013951,Shopping Mall,"Via Geminiano Montanari, 00054 Vignole, RM",https://www.mcdonalds.it/elenco-ristoranti,EUR 10-20,False
698,McDonald's,Lazio,Roma,RM,Fiumicino,Burgers,EUR 10-20,3.7,2502,41.91718514,12.1992076,Service Area,"SS 1, 00050 Torrimpietra RM",https://www.mcdonalds.it/elenco-ristoranti,EUR 10-20,False
699,McDonald's,Lazio,Roma,RM,Fiumicino,Burgers,EUR 10-20,4.0,2922,41.7669129,12.23488467,City Center,"Via del Faro, 60, 00054 Fiumicino RM",https://www.mcdonalds.it/elenco-ristoranti,EUR 10-20,False
700,McDonald's,Lazio,Roma,RM,Frascati,Burgers,EUR 10-20,3.9,1642,41.8130293,12.6549792,Commercial Area,"Via Tuscolana, 52, 00044 Frascati RM",https://www.mcdonalds.it/elenco-ristoranti,EUR 10-20,False
701,McDonald's,Lazio,Roma,RM,Guidonia Montecelio,Burgers,EUR 10-20,4.0,2600,41.97078967,12.71379652,Commercial Area,"Via delle Genziane, 1/3, 00012 Guidonia Montecelio RM",https://www.mcdonalds.it/elenco-ristoranti,EUR 10-20,False
702,McDonald's,Lazio,Roma,RM,Ladispoli,Burgers,EUR 10-20,3.9,2977,41.96721451,12.0835904,Commercial Area,"Via Settevene Palo, 00055 Ladispoli RM",https://www.mcdonalds.it/elenco-ristoranti,EUR 10-20,False
703,McDonald's,Lazio,Roma,RM,Lariano,Burgers,EUR 10-20,3.8,152,41.73664178,12.84751848,Residential Area,"Via Napoli, 166, 00076 Lariano RM",https://www.mcdonalds.it/elenco-ristoranti,EUR 10-20,False
704,McDonald's,Lazio,Roma,RM,Monterotondo,Burgers,EUR 10-20,3.8,2690,42.04956983,12.62604641,Commercial Area,"Via Lampedusa, 2, 00015 Monterotondo RM",https://www.mcdonalds.it/elenco-ristoranti,EUR 10-20,False
705,McDonald's,Lazio,Roma,RM,Nettuno,Burgers,EUR 1-10,3.8,2296,41.46444304,12.66262973,City Center,"Piazzale Kennedy, 1, 00048 Nettuno RM",https://www.mcdonalds.it/elenco-ristoranti,EUR 1-10,False
706,McDonald's,Lazio,Roma,RM,Roma,Burgers,EUR 1-10,3.6,2951,41.73017412,12.27566936,City Center,"Lungomare Paolo Toscanelli, 126/128, 00121 Lido di Ostia RM",https://www.mcdonalds.it/elenco-ristoranti,EUR 1-10,False
707,McDonald's,Lazio,Roma,RM,Pomezia,Burgers,EUR 1-10,3.9,2826,41.68219186,12.50728466,Commercial Area,"Via dei Castelli Romani, 00071 Pomezia RM",https://www.mcdonalds.it/elenco-ristoranti,EUR 1-10,False
708,McDonald's,Lazio,Roma,RM,Pomezia,Burgers,EUR 1-10,3.8,3031,41.67688774,12.49834486,Residential Area,"Via del Mare, 00071 Pomezia RM",https://www.mcdonalds.it/elenco-ristoranti,EUR 1-10,False
709,McDonald's,Lazio,Roma,RM,Roma,Burgers,EUR 1-10,4.0,2257,41.83825873,12.59404565,Shopping Mall,"Via Torre di Mezzavia, 51, 00173 Roma RM",https://www.mcdonalds.it/elenco-ristoranti,EUR 1-10,False
710,McDonald's,Lazio,Roma,RM,Roma,Burgers,EUR 1-10,4.1,3974,41.92492224,12.51621833,Transport Hub,"P.za Annibaliano, 8, 00198 Roma RM",https://www.mcdonalds.it/elenco-ristoranti,EUR 1-10,False
711,McDonald's,Lazio,Roma,RM,Marino,Burgers,EUR 10-20,4.0,3518,41.76775981,12.6161476,Service Area,"Via Appia Nuova, km 19.750, 00047 Frattocchie RM",https://www.mcdonalds.it/elenco-ristoranti,EUR 10-20,False
712,McDonald's,Lazio,Roma,RM,Roma,Burgers,EUR 10-20,3.8,5079,41.7936608,12.51765907,Service Area,"Grande Raccordo Anulare, 00134 Roma RM",https://www.mcdonalds.it/elenco-ristoranti,EUR 10-20,False
713,McDonald's,Lazio,Roma,RM,Roma,Burgers,EUR 10-20,3.8,5279,41.88687399,12.40113956,Service Area,"Via Aurelia, Km 8/400, 00163 Roma RM",https://www.mcdonalds.it/elenco-ristoranti,EUR 10-20,False
714,McDonald's,Lazio,Roma,RM,Roma,Burgers,EUR 1-10,4.1,10132,41.90380681,12.45853425,City Center,"Borgo Pio, 93/96, 00193 Roma RM",https://www.mcdonalds.it/elenco-ristoranti,EUR 1-10,False
715,McDonald's,Lazio,Roma,RM,Roma,Burgers,EUR 10-20,3.7,5282,41.9401466,12.47137247,Commercial Area,"Corso di Francia, 80, 00191 Roma RM",https://www.mcdonalds.it/elenco-ristoranti,EUR 10-20,False
716,McDonald's,Lazio,Roma,RM,Fiano Romano,Burgers,EUR 10-20,3.9,3794,42.115461,12.58716597,Shopping Mall,"Via Tiberina, 34h, 00060 Capena RM",https://www.mcdonalds.it/elenco-ristoranti,EUR 10-20,False
717,McDonald's,Lazio,Roma,RM,Roma,Burgers,EUR 1-10,4.2,399,41.89924987,12.5326136,Shopping Mall,"Via Alberto Pollio, 50, 00159 Roma RM",https://www.mcdonalds.it/elenco-ristoranti,EUR 1-10,False
718,McDonald's,Lazio,Roma,RM,Roma,Burgers,EUR 10-20,4.0,2147,41.94987804,12.39620697,Residential Area,"Via di Casal del Marmo, 331, 00166 Roma RM",https://www.mcdonalds.it/elenco-ristoranti,EUR 10-20,False
719,McDonald's,Lazio,Roma,RM,Roma,Burgers,EUR 1-10,4.0,3409,41.91517509,12.38125383,Residential Area,"Via di Boccea, 561, 00166 Roma RM",https://www.mcdonalds.it/elenco-ristoranti,EUR 1-10,False
720,McDonald's,Lazio,Roma,RM,Roma,Burgers,EUR 1-10,3.6,2799,41.89880989,12.42717969,Transport Hub,"Piazza S. Giovanni Battista de La Salle, 9, 00165 Roma RM",https://www.mcdonalds.it/elenco-ristoranti,EUR 1-10,False
721,McDonald's,Lazio,Roma,RM,Roma,Burgers,EUR 10-20,3.8,2529,41.77559751,12.33699112,Commercial Area,"Viale Charles Lenormant, 235, 00126 Roma RM",https://www.mcdonalds.it/elenco-ristoranti,EUR 10-20,False
722,McDonald's,Lazio,Roma,RM,Roma,Burgers,EUR 10-20,3.6,2569,41.81696897,12.4581786,Shopping Mall,"Viale dell'Oceano Pacifico, 83, 00144 Roma RM",https://www.mcdonalds.it/elenco-ristoranti,EUR 10-20,False
723,McDonald's,Lazio,Roma,RM,Roma,Burgers,EUR 1-10,3.4,6698,41.90032496,12.48193408,City Center,"Via delle Muratte, 31, 00187 Roma RM",https://www.mcdonalds.it/elenco-ristoranti,EUR 1-10,False
724,McDonald's,Lazio,Roma,RM,Roma,Burgers,EUR 1-10,3.3,6221,41.90005584,12.50092953,Transport Hub,"Via Giovanni Giolitti, 65, 00185 Roma RM",https://www.mcdonalds.it/elenco-ristoranti,EUR 1-10,False
725,McDonald's,Lazio,Roma,RM,Roma,Burgers,EUR 1-10,4.1,8673,41.9088376,12.45661827,Transport Hub,"Viale Giulio Cesare, 199, 00192 Roma RM",https://www.mcdonalds.it/elenco-ristoranti,EUR 1-10,False
726,McDonald's,Lazio,Roma,RM,Roma,Burgers,EUR 10-20,4.4,140,41.87445385,12.52256702,Residential Area,"Via Cesare Baronio, 00179 Roma RM",https://www.mcdonalds.it/elenco-ristoranti,EUR 10-20,False
727,McDonald's,Lazio,Roma,RM,Roma,Burgers,EUR 1-10,3.4,534,41.8081953,12.48568978,Shopping Mall,"Via Laurentina, 865, 00143 Roma RM",https://www.mcdonalds.it/elenco-ristoranti,EUR 1-10,False
728,McDonald's,Lazio,Roma,RM,Roma,Burgers,EUR 10-20,3.6,3379,41.91546005,12.66119683,Shopping Mall,"V. Collatina, 858, 00132 Roma RM",https://www.mcdonalds.it/elenco-ristoranti,EUR 10-20,False
729,McDonald's,Lazio,Roma,RM,Roma,Burgers,EUR 10-20,3.5,2959,41.82035818,12.40510773,Service Area,"AdS Magliana Nord, Km 5.657, Roma - Fiumicino, 00148 Roma RM",https://www.mcdonalds.it/elenco-ristoranti,EUR 10-20,False
730,McDonald's,Lazio,Roma,RM,Roma,Burgers,EUR 10-20,4.1,74,41.84941415,12.45891154,Commercial Area,"Via della Magliana, 205, 00146 Roma RM",https://www.mcdonalds.it/elenco-ristoranti,EUR 10-20,False
731,McDonald's,Lazio,Roma,RM,Roma,Burgers,EUR 10-20,4.2,5126,41.88096547,12.56717369,Transport Hub,"Piazza dei Mirti, 28-29, 00172 Roma RM",https://www.mcdonalds.it/elenco-ristoranti,EUR 10-20,False
732,McDonald's,Lazio,Roma,RM,Roma,Burgers,EUR 10-20,3.8,4410,41.95725392,12.57863507,Commercial Area,"Via Nomentana, 1141, 00137 Roma RM",https://www.mcdonalds.it/elenco-ristoranti,EUR 10-20,False
733,McDonald's,Lazio,Roma,RM,Roma,Burgers,EUR 1-10,3.5,5046,41.90042782,12.47396719,City Center,"Piazza delle Cinque Lune, 75, 00186 Roma RM",https://www.mcdonalds.it/elenco-ristoranti,EUR 1-10,False
734,McDonald's,Lazio,Roma,RM,Roma,Burgers,EUR 1-10,3.9,9698,41.90477033,12.48350082,City Center,"Piazza di Spagna, 46, 00187 Roma RM",https://www.mcdonalds.it/elenco-ristoranti,EUR 1-10,False
735,McDonald's,Lazio,Roma,RM,Roma,Burgers,EUR 10-20,3.8,2279,41.85260384,12.44055467,Commercial Area,"Via Castellina Marittima, 14, 00149 Roma RM",https://www.mcdonalds.it/elenco-ristoranti,EUR 10-20,False
736,McDonald's,Lazio,Roma,RM,Roma,Burgers,EUR 10-20,4.0,1825,41.75139914,12.36730927,Shopping Mall,"Parchi della Colombo, Via Cristoforo Colombo, 1897, 00124 Roma RM",https://www.mcdonalds.it/elenco-ristoranti,EUR 10-20,False
737,McDonald's,Lazio,Roma,RM,Roma,Burgers,EUR 1-10,3.4,880,41.91205652,12.47561886,Transport Hub,"Piazzale Flaminio, 15, 00196 Roma RM",https://www.mcdonalds.it/elenco-ristoranti,EUR 1-10,False
738,McDonald's,Lazio,Roma,RM,Roma,Burgers,EUR 1-10,3.8,2283,41.89535352,12.43853337,Residential Area,"Piazza Pio XI, 89-90/92-93, 00165 Roma RM",https://www.mcdonalds.it/elenco-ristoranti,EUR 1-10,False
739,McDonald's,Lazio,Roma,RM,Roma,Burgers,EUR 1-10,3.5,2487,41.97146454,12.53995824,Shopping Mall,"C.C. ""PORTA DI ROMA"", Via Alberto Lionello, 201, 00139 Roma RM",https://www.mcdonalds.it/elenco-ristoranti,EUR 1-10,False
740,McDonald's,Lazio,Roma,RM,Roma,Burgers,EUR 10-20,3.5,3554,41.94574599,12.52174811,Commercial Area,"Via dei Prati Fiscali, 73, 00141 Roma RM",https://www.mcdonalds.it/elenco-ristoranti,EUR 10-20,False
741,McDonald's,Lazio,Roma,RM,Roma,Burgers,EUR 10-20,3.9,286,41.91382082,12.41486427,Residential Area,"Piazza Clemente XI, 3, 00168 Roma RM",https://www.mcdonalds.it/elenco-ristoranti,EUR 10-20,False
742,McDonald's,Lazio,Roma,RM,Roma,Burgers,EUR 1-10,3.5,4116,41.88320186,12.51211561,Transport Hub,"Via Appia Nuova, 114/120, 00183 Roma RM",https://www.mcdonalds.it/elenco-ristoranti,EUR 1-10,False
743,McDonald's,Lazio,Roma,RM,Roma,Burgers,EUR 1-10,3.7,2432,41.913692,12.50595553,Residential Area,"Piazza Regina Margherita, 15, 00198 Roma RM",https://www.mcdonalds.it/elenco-ristoranti,EUR 1-10,False
744,McDonald's,Lazio,Roma,RM,Roma,Burgers,EUR 1-10,3.9,4386,41.85718275,12.47767724,Transport Hub,"Via Ostiense, 273, 00145 Roma RM",https://www.mcdonalds.it/elenco-ristoranti,EUR 1-10,False
745,McDonald's,Lazio,Roma,RM,Roma,Burgers,EUR 10-20,4.0,880,41.7944865,12.45139355,Residential Area,"Via Carmelo Maestrini, 00128 Roma RM",https://www.mcdonalds.it/elenco-ristoranti,EUR 10-20,False
746,McDonald's,Lazio,Roma,RM,Roma,Burgers,EUR 1-10,2.8,259,41.91106367,12.53109874,Transport Hub,"Piazzale della Stazione Tiburtina, 9, 00162 Roma RM",https://www.mcdonalds.it/elenco-ristoranti,EUR 1-10,False
747,McDonald's,Lazio,Roma,RM,Roma,Burgers,EUR 10-20,3.8,3148,41.87435882,12.46840179,Transport Hub,"Via degli Stradivari, 35-37, 00153 Roma RM",https://www.mcdonalds.it/elenco-ristoranti,EUR 10-20,False
748,McDonald's,Lazio,Roma,RM,Roma,Burgers,EUR 1-10,3.7,4016,41.83468808,12.46779421,Commercial Area,"Piazzale Don Luigi Sturzo, 21/22, 00144 Roma RM",https://www.mcdonalds.it/elenco-ristoranti,EUR 1-10,False
749,McDonald's,Lazio,Roma,RM,Roma,Burgers,EUR 1-10,3.0,2040,41.90169392,12.50298393,Transport Hub,"Via Marsala, 25, 00185 Roma RM",https://www.mcdonalds.it/elenco-ristoranti,EUR 1-10,False
750,McDonald's,Lazio,Roma,RM,Roma,Burgers,EUR 1-10,3.3,370,41.90171604,12.5028648,Transport Hub,"Via Marsala c/o Stazione Termini, Lato, Binario 1, 00185 Roma RM",https://www.mcdonalds.it/elenco-ristoranti,EUR 1-10,False
751,McDonald's,Lazio,Roma,RM,Roma,Burgers,EUR 1-10,3.8,425,41.8771601,12.47458897,Residential Area,"Via Galvani, 71/83, 00153 Roma RM",https://www.mcdonalds.it/elenco-ristoranti,EUR 1-10,False
752,McDonald's,Lazio,Roma,RM,Roma,Burgers,EUR 10-20,4.1,3570,41.93238087,12.59527923,Commercial Area,"Via Tiburtina, 1150, 00156 Roma RM",https://www.mcdonalds.it/elenco-ristoranti,EUR 10-20,False
753,McDonald's,Lazio,Roma,RM,Roma,Burgers,EUR 1-10,4.0,3384,41.90874035,12.54083383,Transport Hub,"Via Tiburtina, 515, 00159 Roma RM",https://www.mcdonalds.it/elenco-ristoranti,EUR 1-10,False
754,McDonald's,Lazio,Roma,RM,Roma,Burgers,EUR 10-20,3.8,1733,41.87753207,12.62675372,Residential Area,"Via di Tor Bella Monaca, 353, 00133 Roma RM",https://www.mcdonalds.it/elenco-ristoranti,EUR 10-20,False
755,McDonald's,Lazio,Roma,RM,Roma,Burgers,EUR 10-20,3.8,872,41.84054587,12.62257683,Shopping Mall,"Viale Luigi Schiavonetti, 426, 00173 Roma RM",https://www.mcdonalds.it/elenco-ristoranti,EUR 10-20,False
756,McDonald's,Lazio,Roma,RM,Roma,Burgers,EUR 1-10,4.3,2893,41.8801028,12.5419718,Residential Area,"Via Casilina, 384, 00176 Roma RM",https://www.mcdonalds.it/elenco-ristoranti,EUR 1-10,False
757,McDonald's,Lazio,Roma,RM,Roma,Burgers,EUR 10-20,3.8,2283,41.86363326,12.63422266,Commercial Area,"Via Casilina, 1583, 00133 Roma RM",https://www.mcdonalds.it/elenco-ristoranti,EUR 10-20,False
758,McDonald's,Lazio,Roma,RM,Roma,Burgers,EUR 1-10,4.1,2540,41.83801093,12.47716893,Commercial Area,"Via delle Tre Fontane, 114, 00144 Roma RM",https://www.mcdonalds.it/elenco-ristoranti,EUR 1-10,False
759,McDonald's,Lazio,Roma,RM,Roma,Burgers,EUR 10-20,3.9,2830,41.93716885,12.43098048,Residential Area,"Via Trionfale, 8000, 00135 Roma RM",https://www.mcdonalds.it/elenco-ristoranti,EUR 10-20,False
760,McDonald's,Lazio,Roma,RM,Roma,Burgers,EUR 1-10,3.7,2770,41.85898455,12.55889455,Transport Hub,"Via Tuscolana, 829, 00175 Roma RM",https://www.mcdonalds.it/elenco-ristoranti,EUR 1-10,False
761,McDonald's,Lazio,Roma,RM,Roma,Burgers,EUR 1-10,3.9,1424,41.90181148,12.43838006,Shopping Mall,"Viale di Valle Aurelia, 30, 00167 Roma RM",https://www.mcdonalds.it/elenco-ristoranti,EUR 1-10,False
762,McDonald's,Lazio,Roma,RM,Roma,Burgers,EUR 10-20,4.0,1641,42.03950322,12.37605566,Service Area,"Via Cassia, km 20+750, Via Cassia, 2069, 00123 Roma RM",https://www.mcdonalds.it/elenco-ristoranti,EUR 10-20,False
763,McDonald's,Lazio,Roma,RM,Roma,Burgers,EUR 1-10,3.8,2718,41.9025852,12.48416599,City Center,"Via del Tritone, 57-58, 00187 Roma RM",https://www.mcdonalds.it/elenco-ristoranti,EUR 1-10,False
764,McDonald's,Lazio,Roma,RM,Roma,Burgers,EUR 10-20,4.3,92,41.82714186,12.50940332,Residential Area,"Via di Vigna Murata, 302, 00143 Roma RM",https://www.mcdonalds.it/elenco-ristoranti,EUR 10-20,False
765,McDonald's,Lazio,Roma,RM,Roma,Burgers,EUR 1-10,3.8,1926,41.90208227,12.4950322,City Center,"Via Nazionale, 258, 00184 Roma RM",https://www.mcdonalds.it/elenco-ristoranti,EUR 1-10,False
766,McDonald's,Lazio,Roma,RM,Roma,Burgers,EUR 1-10,3.9,1282,41.86990613,12.58764555,Commercial Area,"Via di Tor Tre Teste, 25, 00169 Roma RM",https://www.mcdonalds.it/elenco-ristoranti,EUR 1-10,False
767,McDonald's,Lazio,Roma,RM,Roma,Burgers,EUR 10-20,3.9,4755,41.84815777,12.59941291,Shopping Mall,"Via Bernardino Alimena, 20, 00173 Roma RM",https://www.mcdonalds.it/elenco-ristoranti,EUR 10-20,False
768,McDonald's,Lazio,Roma,RM,San Cesareo,Burgers,EUR 10-20,3.4,675,41.82372859,12.80331041,Commercial Area,"Via Casilina, 00030 San Cesareo RM",https://www.mcdonalds.it/elenco-ristoranti,EUR 10-20,False
769,McDonald's,Lazio,Roma,RM,Tivoli,Burgers,EUR 10-20,3.7,2540,41.95199552,12.72736194,Commercial Area,"Via Nazionale Tiburtina, 162, 00011 Tivoli Terme RM",https://www.mcdonalds.it/elenco-ristoranti,EUR 10-20,False
770,McDonald's,Lazio,Roma,RM,Valmontone,Burgers,EUR 10-20,3.4,155,41.7631318,12.9554078,Shopping Mall,"Via della Pace, 00038 Valmontone RM",https://www.mcdonalds.it/elenco-ristoranti,EUR 10-20,False
771,McDonald's,Lazio,Roma,RM,Velletri,Burgers,EUR 1-10,4.0,3058,41.68607431,12.78313971,Commercial Area,"Viale dei Volsci, 101, 00049 Velletri RM",https://www.mcdonalds.it/elenco-ristoranti,EUR 1-10,False
772,McDonald's,Sardegna,Cagliari,CA,Elmas,Burgers,EUR 10-20,3.0,230,39.25348286,9.0610316,Transport Hub,"Via dei Trasvolatori, 09067 Elmas CA",https://www.mcdonalds.it/elenco-ristoranti,EUR 10-20,False
773,McDonald's,Sardegna,Cagliari,CA,Cagliari,Burgers,EUR 1-10,3.9,2252,39.22787496,9.12020248,Commercial Area,"Via Ottone Bacaredda, 97, 09131 Cagliari CA",https://www.mcdonalds.it/elenco-ristoranti,EUR 1-10,False
774,McDonald's,Sardegna,Cagliari,CA,Cagliari,Burgers,EUR 10-20,4.1,4336,39.25060243,9.11268557,Commercial Area,"Via Giuseppe Peretti, 3, 09126 Cagliari CA",https://www.mcdonalds.it/elenco-ristoranti,EUR 10-20,False
775,McDonald's,Sardegna,Cagliari,CA,Cagliari,Burgers,EUR 1-10,4.0,2487,39.2313499,9.09224934,Shopping Mall,"Via S. Simone, 60, 09122 Cagliari CA",https://www.mcdonalds.it/elenco-ristoranti,EUR 1-10,False
776,McDonald's,Sardegna,Cagliari,CA,Cagliari,Burgers,EUR 1-10,3.9,1050,39.21650799,9.11342024,City Center,"V. Giovanni Maria Dettori, 34, 09124 Cagliari CA",https://www.mcdonalds.it/elenco-ristoranti,EUR 1-10,False
777,McDonald's,Sardegna,Cagliari,CA,Quartu Sant'Elena,Burgers,EUR 1-10,4.0,4501,39.2291429,9.21643309,Commercial Area,"Viale Lungomare del Golfo, 8, 09045 Quartu Sant'Elena CA",https://www.mcdonalds.it/elenco-ristoranti,EUR 1-10,False
778,McDonald's,Sardegna,Cagliari,CA,Quartucciu,Burgers,EUR 1-10,4.1,3582,39.24497834,9.16468973,Shopping Mall,"Via delle Serre, 09044 Quartucciu CA",https://www.mcdonalds.it/elenco-ristoranti,EUR 1-10,False
779,McDonald's,Sardegna,Cagliari,CA,Sestu,Burgers,EUR 1-10,4.2,6163,39.29116047,9.0676543,Shopping Mall,"SS 131ex, 09028 Sestu CA",https://www.mcdonalds.it/elenco-ristoranti,EUR 1-10,False
780,McDonald's,Sardegna,Cagliari,CA,Settimo San Pietro,Burgers,EUR 1-10,3.7,392,39.27609479,9.18064908,Shopping Mall,"Strada Comunale Carcere Minorile, 09040 Settimo San Pietro CA",https://www.mcdonalds.it/elenco-ristoranti,EUR 1-10,False
781,McDonald's,Sardegna,Nuoro,NU,Nuoro,Burgers,EUR 10-20,4.0,2400,40.32203942,9.30592648,Shopping Mall,"V. Don Giovanni Bosco, 08100 Nuoro NU",https://www.mcdonalds.it/elenco-ristoranti,EUR 10-20,False
782,McDonald's,Sardegna,Oristano,OR,Oristano,Burgers,EUR 1-10,4.1,1560,39.91234319,8.58794843,Commercial Area,"Via Cagliari, 45, 09170 Oristano OR",https://www.mcdonalds.it/elenco-ristoranti,EUR 1-10,False
783,McDonald's,Sardegna,Oristano,OR,Oristano,Burgers,EUR 10-20,3.9,99,39.89031109,8.59847535,Shopping Mall,"Via Dublino, 09170 Oristano OR",https://www.mcdonalds.it/elenco-ristoranti,EUR 10-20,False
784,McDonald's,Sardegna,Sud Sardegna,SU,Carbonia,Burgers,EUR 10-20,4.1,2391,39.16910656,8.51159325,Commercial Area,"Via della Stazione, 09013 Carbonia CI",https://www.mcdonalds.it/elenco-ristoranti,EUR 10-20,False
785,McDonald's,Sardegna,Olbia-Tempio,OT,Olbia,Burgers,EUR 1-10,3.8,2957,40.90941888,9.5225778,Shopping Mall,"SS 125 Orientale Sarda, 07026 Olbia OT",https://www.mcdonalds.it/elenco-ristoranti,EUR 1-10,False
786,McDonald's,Sardegna,Olbia-Tempio,OT,Olbia,Burgers,EUR 10-20,4.0,861,40.95529383,9.4946316,Commercial Area,"Via Bratislava, 1, 07026 Olbia OT",https://www.mcdonalds.it/elenco-ristoranti,EUR 10-20,False
787,McDonald's,Sardegna,Olbia-Tempio,OT,Olbia,Burgers,EUR 10-20,3.8,2915,40.93114178,9.51041012,Commercial Area,"Via Indonesia, 1, 07026 Olbia OT",https://www.mcdonalds.it/elenco-ristoranti,EUR 10-20,False
788,McDonald's,Sardegna,Sassari,SS,Porto Torres,Burgers,EUR 1-10,3.9,569,40.82910971,8.39948537,Commercial Area,"Via dell'Industria, 07046 Porto Torres SS",https://www.mcdonalds.it/elenco-ristoranti,EUR 1-10,False
789,McDonald's,Sardegna,Sassari,SS,Sassari,Burgers,EUR 10-20,3.6,2192,40.73792392,8.53503413,Shopping Mall,"Viale Porto Torres, 07100 Sassari SS",https://www.mcdonalds.it/elenco-ristoranti,EUR 10-20,False
790,McDonald's,Sardegna,Sassari,SS,Sassari,Burgers,EUR 10-20,3.6,1385,40.72762901,8.54905643,Commercial Area,"Via Predda Niedda, 21, 07100 Sassari SS",https://www.mcdonalds.it/elenco-ristoranti,EUR 10-20,False
791,Burger King,Campania,Napoli,NA,Casoria,Burgers,EUR 10-20,3.9,3511,40.89679213,14.31456134,Commercial Area,"2, Via San Silvestro, Casoria, Italy",https://www.burgerking.it/up/lista_ristoranti_bk_italia_1.pdf?,EUR 10-20,False
792,Burger King,Veneto,Verona,VR,San Martino Buon Albergo,Burgers,EUR 10-20,3.9,1442,45.41269359,11.09454935,Shopping Mall,"1, Viale del Commercio, San Martino Buon Albergo, Italy",https://www.burgerking.it/up/lista_ristoranti_bk_italia_1.pdf?,EUR 10-20,False
793,Burger King,Lazio,Roma,RM,Fiumicino,Burgers,,4.1,1883,45.4126922,11.0945487,Shopping Mall,"Via Bramante, Fiumicino, Italy",https://www.burgerking.it/up/lista_ristoranti_bk_italia_1.pdf?,EUR 10-20,True
794,Burger King,Lazio,Roma,RM,Roma,Burgers,EUR 10-20,3.9,1928,41.8720613,12.4798033,Commercial Area,"50, Via Ostiense, Roma, Italy",https://www.burgerking.it/up/lista_ristoranti_bk_italia_1.pdf?,EUR 10-20,False
795,Burger King,Piemonte,Torino,TO,Torino,Burgers,EUR 10-20,3.8,2629,45.0873514,7.6680943,Commercial Area,"26, Via Treviso, Torino, Italy",https://www.burgerking.it/up/lista_ristoranti_bk_italia_1.pdf?,EUR 10-20,False
796,Burger King,Abruzzo,Teramo,TE,Teramo,Burgers,EUR 10-20,3.7,1900,42.6823832,13.7599562,Commercial Area,"Strada Provinciale 18, Piano d'Accio, Italy",https://www.burgerking.it/up/lista_ristoranti_bk_italia_1.pdf?,EUR 10-20,False
797,Burger King,Piemonte,Cuneo,CN,Mondovì,Burgers,EUR 10-20,4.0,722,44.4188142,7.8530972,City Center,"15, Piazza Cerea, Mondovì, Italy",https://www.burgerking.it/up/lista_ristoranti_bk_italia_1.pdf?,EUR 10-20,False
798,Burger King,Campania,Napoli,NA,Giugliano in Campania,Burgers,EUR 10-20,4.4,3985,40.9233755,14.1697723,Commercial Area,"31, Via S. Francesco a Patria, Giugliano, Italy",https://www.burgerking.it/up/lista_ristoranti_bk_italia_1.pdf?,EUR 10-20,False
799,Burger King,Friuli-Venezia Giulia,Udine,UD,Udine,Burgers,EUR 10-20,4.0,2034,46.0941447,13.2319463,Commercial Area,"155, Via Tricesimo, Udine, Italy",https://www.burgerking.it/up/lista_ristoranti_bk_italia_1.pdf?,EUR 10-20,False
800,Burger King,Piemonte,Asti,AT,Asti,Burgers,EUR 10-20,4.1,1687,44.9148527,8.2269867,Commercial Area,"319, Corso Casale, Asti, Italy",https://www.burgerking.it/up/lista_ristoranti_bk_italia_1.pdf?,EUR 10-20,False
801,Burger King,Emilia-Romagna,Rimini,RN,Rimini,Burgers,EUR 10-20,3.3,2185,44.063742,12.5730677,Transport Hub,"8, Piazzale Cesare Battist, Rimini, Italy",https://www.burgerking.it/up/lista_ristoranti_bk_italia_1.pdf?,EUR 10-20,False
802,Burger King,Puglia,Bari,BA,Bari,Burgers,EUR 10-20,3.9,3662,41.1192174,16.8704968,Transport Hub,"8, Piazza Aldo Moro, Bari, Italy",https://www.burgerking.it/up/lista_ristoranti_bk_italia_1.pdf?,EUR 10-20,False
803,Burger King,Lazio,Roma,RM,Roma,Burgers,EUR 10-20,3.0,5678,41.8974639,12.4880099,City Center,"178, Via Nazionale, Roma, Italy",https://www.burgerking.it/up/lista_ristoranti_bk_italia_1.pdf?,EUR 10-20,False
804,Burger King,Lazio,Roma,RM,Ostia,Burgers,EUR 10-20,4.0,1828,41.7317921,12.2837329,City Center,"1, Via Paolo Orlando, Ostia, Italy",https://www.burgerking.it/up/lista_ristoranti_bk_italia_1.pdf?,EUR 10-20,False
805,Burger King,Lazio,Roma,RM,Roma,Burgers,EUR 10-20,3.9,2401,41.8160219,12.4553036,Commercial Area,"3, Via Paride stefanini, Roma, Italy",https://www.burgerking.it/up/lista_ristoranti_bk_italia_1.pdf?,EUR 10-20,False
806,Burger King,Friuli-Venezia Giulia,Pordenone,PN,Pordenone,Burgers,EUR 10-20,4.0,3465,45.9683453,12.6291868,Commercial Area,"1, Via Chioggia, Pordenone, Italy",https://www.burgerking.it/up/lista_ristoranti_bk_italia_1.pdf?,EUR 10-20,False
807,Burger King,Veneto,Vicenza,VI,Torri di Quartesolo,Burgers,EUR 10-20,3.9,4674,45.5112537,11.6246064,Commercial Area,"Via Brescia, Torri di Quartesolo, Italy",https://www.burgerking.it/up/lista_ristoranti_bk_italia_1.pdf?,EUR 10-20,False
808,Burger King,Toscana,Prato,PO,Prato,Burgers,EUR 10-20,3.5,1244,43.8742055,11.0628244,Shopping Mall,"Via delle Pleiadi, Prato, Italy",https://www.burgerking.it/up/lista_ristoranti_bk_italia_1.pdf?,EUR 10-20,False
809,Burger King,Lazio,Roma,RM,Roma,Burgers,EUR 10-20,4.0,1963,41.8692394,12.5385766,Commercial Area,"461, Via Tuscolana, Roma, Italy",https://www.burgerking.it/up/lista_ristoranti_bk_italia_1.pdf?,EUR 10-20,False
810,Burger King,Lombardia,Milano,MI,Milano,Burgers,EUR 10-20,3.4,4717,45.4854744,9.2054121,Transport Hub,"1, Piazza Luigi di Savoia, Milano, Italy",https://www.burgerking.it/up/lista_ristoranti_bk_italia_1.pdf?,EUR 10-20,False
811,Burger King,Sicilia,Palermo,PA,Palermo,Burgers,EUR 10-20,3.8,2049,38.1492585,13.3244328,Commercial Area,"Viale Regione Siciliana, Palermo, Italy",https://www.burgerking.it/up/lista_ristoranti_bk_italia_1.pdf?,EUR 10-20,False
812,Burger King,Piemonte,Cuneo,CN,Alba,Burgers,EUR 10-20,4.0,1615,44.7207076,8.0378711,Commercial Area,"Corso Asti, Alba, Italy",https://www.burgerking.it/up/lista_ristoranti_bk_italia_1.pdf?,EUR 10-20,False
813,Burger King,Marche,Pesaro e Urbino,PU,Pesaro,Burgers,EUR 10-20,4.1,2951,43.9064138,12.8650502,Commercial Area,"166, Via Y. A. Gagarin, Pesaro, Italy",https://www.burgerking.it/up/lista_ristoranti_bk_italia_1.pdf?,EUR 10-20,False
814,Burger King,Friuli-Venezia Giulia,Trieste,TS,Trieste,Burgers,EUR 10-20,2.8,76,45.651686,13.780746,City Center,"25, Via XX Settembre, Trieste, Italy",https://www.burgerking.it/up/lista_ristoranti_bk_italia_1.pdf?,EUR 10-20,False
815,Burger King,Piemonte,Novara,NO,Castelletto Sopra Ticino,Burgers,EUR 10-20,4.0,1811,45.7190642,8.5954375,Service Area,"SS Sempione 185, Castelletto Ticino, Italy",https://www.burgerking.it/up/lista_ristoranti_bk_italia_1.pdf?,EUR 10-20,False
816,Burger King,Lombardia,Brescia,BS,Castenedolo,Burgers,EUR 10-20,4.1,3771,45.4559883,10.3228883,Commercial Area,"3, Via Vulcania, Castenedolo, Italy",https://www.burgerking.it/up/lista_ristoranti_bk_italia_1.pdf?,EUR 10-20,False
817,Burger King,Lazio,Roma,RM,Roma,Burgers,EUR 10-20,3.9,1307,41.8166802,12.4581982,Commercial Area,"Via dell'Oceano Pacifico, Roma",https://www.burgerking.it/up/lista_ristoranti_bk_italia_1.pdf?,EUR 10-20,False
818,Burger King,Lazio,Roma,RM,Roma,Burgers,EUR 10-20,4.1,2749,41.9082224,12.5402494,Commercial Area,"474, Via Tiburtina, Roma, Italy",https://www.burgerking.it/up/lista_ristoranti_bk_italia_1.pdf?,EUR 10-20,False
819,Burger King,Emilia-Romagna,Bologna,BO,Bologna,Burgers,EUR 10-20,3.6,3251,44.495446,11.338437,City Center,"10, Via Ugo Bassi, Bologna, Italy",https://www.burgerking.it/up/lista_ristoranti_bk_italia_1.pdf?,EUR 10-20,False
820,Burger King,Liguria,Imperia,IM,Imperia,Burgers,EUR 10-20,4.0,2014,43.8792313,8.0054673,Commercial Area,Via Giuseppe Airenti 5 7 Porto Mauricio Zona Caramagna Imperia,https://www.burgerking.it/up/lista_ristoranti_bk_italia_1.pdf?,EUR 10-20,False
821,Burger King,Piemonte,Alessandria,AL,Casale Monferrato,Burgers,EUR 10-20,4.0,1659,45.122408,8.463607,Commercial Area,"7, Via Madre Teresa di Calcutta, Casale Monferrato, Italy",https://www.burgerking.it/up/lista_ristoranti_bk_italia_1.pdf?,EUR 10-20,False
822,Burger King,Veneto,Venezia,VE,Jesolo,Burgers,EUR 10-20,3.6,2384,45.5062827,12.6332337,City Center,"Via XIII Martiri, Jesolo, Italy",https://www.burgerking.it/up/lista_ristoranti_bk_italia_1.pdf?,EUR 10-20,False
823,Burger King,Emilia-Romagna,Bologna,BO,Bologna,Burgers,EUR 10-20,3.5,2771,44.5289354,11.3359043,Commercial Area,"7, Via Cristoforo Colombo, Bologna, Italy",https://www.burgerking.it/up/lista_ristoranti_bk_italia_1.pdf?,EUR 10-20,False
824,Burger King,Lombardia,Monza e della Brianza,MB,Lentate sul Seveso,Burgers,EUR 10-20,4.1,3036,45.6922562,9.1028287,Commercial Area,"Via Nazionale dei Giovi, Lentate sul Seveso, Italy",https://www.burgerking.it/up/lista_ristoranti_bk_italia_1.pdf?,EUR 10-20,False
825,Burger King,Abruzzo,Chieti,CH,Chieti,Burgers,EUR 10-20,4.0,2085,42.344679,14.128325,Shopping Mall,Via Tirino - Loc. Santa Filomena,https://www.burgerking.it/up/lista_ristoranti_bk_italia_1.pdf?,EUR 10-20,False
826,Burger King,Lombardia,Monza e della Brianza,MB,Busnago,Burgers,EUR 10-20,4.2,1985,45.6216464,9.4742709,Shopping Mall,"197, Via Italia, Busnago, Italy",https://www.burgerking.it/up/lista_ristoranti_bk_italia_1.pdf?,EUR 10-20,False
827,Burger King,Lombardia,Monza e della Brianza,MB,Seregno,Burgers,EUR 10-20,4.0,3412,45.6625874,9.2166992,Commercial Area,"75, Via Briantina, Seregno, Italy",https://www.burgerking.it/up/lista_ristoranti_bk_italia_1.pdf?,EUR 10-20,False
828,Burger King,Piemonte,Torino,TO,Moncalieri,Burgers,EUR 10-20,3.9,3364,45.004848,7.6726596,City Center,"13, Corso Roma, Moncalieri, Italy",https://www.burgerking.it/up/lista_ristoranti_bk_italia_1.pdf?,EUR 10-20,False
829,Burger King,Veneto,Venezia,VE,Portogruaro,Burgers,EUR 10-20,3.9,1287,45.7914106,12.8169848,Commercial Area,"29, Via Prati Guori, Portogruaro, Italy",https://www.burgerking.it/up/lista_ristoranti_bk_italia_1.pdf?,EUR 10-20,False
830,Burger King,Lazio,Roma,RM,Roma,Burgers,EUR 10-20,3.6,512,41.7139498,12.4457291,Shopping Mall,"64, Ponte di Piscina Cupa, Roma, Italy",https://www.burgerking.it/up/lista_ristoranti_bk_italia_1.pdf?,EUR 10-20,False
831,Burger King,Sicilia,Agrigento,AG,Agrigento,Burgers,EUR 10-20,3.7,1258,37.2987294,13.5531584,Shopping Mall,"Via Fosse Ardeatine, Villaseta, Italy",https://www.burgerking.it/up/lista_ristoranti_bk_italia_1.pdf?,EUR 10-20,False
832,Burger King,Lazio,Roma,RM,Roma,Burgers,EUR 10-20,4.0,2127,41.7632856,12.3606048,Residential Area,"134, Via di Macchia Saponara, Roma, Italy",https://www.burgerking.it/up/lista_ristoranti_bk_italia_1.pdf?,EUR 10-20,False
833,Burger King,Veneto,Verona,VR,Verona,Burgers,EUR 10-20,3.8,906,45.4354782,10.9920538,City Center,"10, Via Carlo Montanari, Verona, Italy",https://www.burgerking.it/up/lista_ristoranti_bk_italia_1.pdf?,EUR 10-20,False
834,Burger King,Veneto,Verona,VR,Bussolengo,Burgers,EUR 10-20,4.1,3471,45.4735222,10.8412084,Commercial Area,"20, Via Guglielmo Marconi, Bussolengo, Italy",https://www.burgerking.it/up/lista_ristoranti_bk_italia_1.pdf?,EUR 10-20,False
835,Burger King,Lazio,Roma,RM,Guidonia Montecelio,Burgers,EUR 10-20,4.3,2199,41.9540594,12.6960182,Shopping Mall,"c/o Tiburtino Shopping Center, km 20, Via Tiburtina, Guidonia, Italy",https://www.burgerking.it/up/lista_ristoranti_bk_italia_1.pdf?,EUR 10-20,False
836,Burger King,Piemonte,Alessandria,AL,Alessandria,Burgers,EUR 10-20,3.9,2301,44.9207904,8.5948594,Commercial Area,"69/B, Via Giordano Bruno, Alessandria, Italy",https://www.burgerking.it/up/lista_ristoranti_bk_italia_1.pdf?,EUR 10-20,False
837,Burger King,Marche,Pesaro e Urbino,PU,Fano,Burgers,EUR 10-20,3.2,2207,43.8016421,13.0157925,Commercial Area,"1, Via Einaudi, Fano, Italy",https://www.burgerking.it/up/lista_ristoranti_bk_italia_1.pdf?,EUR 10-20,False
838,Burger King,Lombardia,Monza e della Brianza,MB,Monza,Burgers,EUR 10-20,3.6,2007,45.5858312,9.3114425,Shopping Mall,"c/o Iper La Grande, 98, Via della Guerrina, Monza, Italy",https://www.burgerking.it/up/lista_ristoranti_bk_italia_1.pdf?,EUR 10-20,False
839,Burger King,Lombardia,Bergamo,BG,Brembate,Burgers,EUR 10-20,4.2,3371,45.6072216,9.5439186,Shopping Mall,"c/o Iper Brembate, Via Vittorio Veneto 56 Brembate",https://www.burgerking.it/up/lista_ristoranti_bk_italia_1.pdf?,EUR 10-20,False
840,Burger King,Veneto,Venezia,VE,Venezia,Burgers,EUR 10-20,3.5,2310,45.4407377,12.3229046,City Center,Venezia Canal Grande Fondamenta San Simeon Piccolo Santa Venezia,https://www.burgerking.it/up/lista_ristoranti_bk_italia_1.pdf?,EUR 10-20,False
841,Burger King,Piemonte,Torino,TO,Settimo Torinese,Burgers,EUR 10-20,3.9,3596,45.1364444,7.7351287,Commercial Area,"Settimo Torinese, Settimo Cielo Park Umberto Giordano 12 Settimo Milanese",https://www.burgerking.it/up/lista_ristoranti_bk_italia_1.pdf?,EUR 10-20,False
842,Burger King,Campania,Caserta,CE,San Nicola la Strada,Burgers,EUR 10-20,3.8,2261,41.046056,14.3241327,Commercial Area,"156, Via Carlo Terno, San Nicola La Strada, Italy",https://www.burgerking.it/up/lista_ristoranti_bk_italia_1.pdf?,EUR 10-20,False
843,Burger King,Veneto,Venezia,VE,Mestre,Burgers,EUR 10-20,4.0,3886,45.5176981,12.237565,Commercial Area,"23, Via del Terraglio, Mestre, Italy",https://www.burgerking.it/up/lista_ristoranti_bk_italia_1.pdf?,EUR 10-20,False
844,Burger King,Lombardia,Monza e della Brianza,MB,Varedo,Burgers,EUR 10-20,4.0,4611,45.596651,9.170139,Commercial Area,"41, Via Vittorio Emanuele Orlando, Varedo, Italy",https://www.burgerking.it/up/lista_ristoranti_bk_italia_1.pdf?,EUR 10-20,False
845,Burger King,Lazio,Roma,RM,Roma,Burgers,EUR 10-20,4.0,1805,41.957741,12.5483662,Shopping Mall,"98, Via D. Niccodemi, Roma, Italy",https://www.burgerking.it/up/lista_ristoranti_bk_italia_1.pdf?,EUR 10-20,False
846,Burger King,Abruzzo,Pescara,PE,Montesilvano,Burgers,EUR 10-20,3.9,2059,42.4956478,14.1758452,City Center,"351, Corso Umberto 1°, Montesilvano, Italy",https://www.burgerking.it/up/lista_ristoranti_bk_italia_1.pdf?,EUR 10-20,False
847,Burger King,Lombardia,Varese,VA,Caronno Pertusella,Burgers,EUR 10-20,4.0,3261,45.5906255,9.0508854,Commercial Area,"1000, Viale Cinque Giornate, Caronno Pertusella, Italy",https://www.burgerking.it/up/lista_ristoranti_bk_italia_1.pdf?,EUR 10-20,False
848,Burger King,Lombardia,Brescia,BS,Manerba del Garda,Burgers,EUR 10-20,4.1,2384,45.5388585,10.5310894,Commercial Area,"Via Trevisago snc, Manerba del Garda, Italy",https://www.burgerking.it/up/lista_ristoranti_bk_italia_1.pdf?,EUR 10-20,False
849,Burger King,Campania,Napoli,NA,Napoli,Burgers,EUR 10-20,3.3,2905,40.8443272,14.2497231,City Center,"26, Piazza Carita, Napoli, Italy",https://www.burgerking.it/up/lista_ristoranti_bk_italia_1.pdf?,EUR 10-20,False
850,Burger King,Lazio,Roma,RM,Genzano di Roma,Burgers,EUR 10-20,3.9,1590,41.7042569,12.6868997,Commercial Area,"Via Riccardo Lombardi, Genzano di Roma, Italy",https://www.burgerking.it/up/lista_ristoranti_bk_italia_1.pdf?,EUR 10-20,False
851,Burger King,Umbria,Perugia,PG,Corciano,Burgers,EUR 10-20,3.8,2057,43.0978726,12.3080728,Shopping Mall,"Via Aldo Capitini, Corciano, Italy",https://www.burgerking.it/up/lista_ristoranti_bk_italia_1.pdf?,EUR 10-20,False
852,Burger King,Lazio,Roma,RM,Roma,Burgers,EUR 10-20,4.0,2253,41.8613656,12.4640577,Commercial Area,"9, Piazza Meucci, Roma, Italy",https://www.burgerking.it/up/lista_ristoranti_bk_italia_1.pdf?,EUR 10-20,False
853,Burger King,Lazio,Latina,LT,Aprilia,Burgers,EUR 1-10,4.1,609,41.5931333,12.6275788,Commercial Area,"2, Via Riserva Nuova, Aprilia2, Aprilia, Italy",https://www.burgerking.it/up/lista_ristoranti_bk_italia_1.pdf?,EUR 1-10,False
854,Burger King,Veneto,Verona,VR,Verona,Burgers,EUR 10-20,4.1,1654,45.4668502,10.9570871,Commercial Area,"42, Via Preare, Parona, Italy",https://www.burgerking.it/up/lista_ristoranti_bk_italia_1.pdf?,EUR 10-20,False
855,Burger King,Lombardia,Lecco,LC,Lecco,Burgers,EUR 10-20,3.9,2012,45.8543173,9.3985821,Shopping Mall,"10, Largo Caleotto, Lecco, Italy",https://www.burgerking.it/up/lista_ristoranti_bk_italia_1.pdf?,EUR 10-20,False
856,Burger King,Lombardia,Pavia,PV,San Martino Siccomario,Burgers,EUR 10-20,3.9,3219,45.1608266,9.1315598,Commercial Area,"26, Via Turati, San Martino Siccomario, Italy",https://www.burgerking.it/up/lista_ristoranti_bk_italia_1.pdf?,EUR 10-20,False
857,Burger King,Emilia-Romagna,Modena,MO,Modena,Burgers,EUR 10-20,3.4,2639,44.6536703,10.9098526,Commercial Area,"346, Via Emilia Ovest, Modena, Italy",https://www.burgerking.it/up/lista_ristoranti_bk_italia_1.pdf?,EUR 10-20,False
858,Burger King,Lombardia,Bergamo,BG,Mapello,Burgers,EUR 10-20,4.0,2975,45.7141819,9.5612611,Shopping Mall,"c/o Centro Commerciale Continente, 4,Via Str. Regia, Mapello, Italy",https://www.burgerking.it/up/lista_ristoranti_bk_italia_1.pdf?,EUR 10-20,False
859,Burger King,Lazio,Roma,RM,Roma,Burgers,EUR 10-20,3.9,3417,41.9290126,12.4266605,Commercial Area,"213, Via della Pineta Sacchetti, Roma, Italy",https://www.burgerking.it/up/lista_ristoranti_bk_italia_1.pdf?,EUR 10-20,False
860,Burger King,Lombardia,Brescia,BS,Rovato,Burgers,EUR 10-20,4.1,3237,45.5774392,10.009966,Commercial Area,"11, Via del Commercio, Rovato, Italy",https://www.burgerking.it/up/lista_ristoranti_bk_italia_1.pdf?,EUR 10-20,False
861,Burger King,Lombardia,Milano,MI,Cologno Monzese,Burgers,EUR 10-20,3.7,2281,45.5346017,9.2866086,Commercial Area,"Via Pasubio ang. Via Treviso, Cologno, Italy",https://www.burgerking.it/up/lista_ristoranti_bk_italia_1.pdf?,EUR 10-20,False
862,Burger King,Piemonte,Novara,NO,Trecate,Burgers,EUR 10-20,3.8,2743,45.4337181,8.7128371,Commercial Area,"133, Via Novara, Trecate, Italy",https://www.burgerking.it/up/lista_ristoranti_bk_italia_1.pdf?,EUR 10-20,False
863,Burger King,Piemonte,Cuneo,CN,Borgo San Dalmazzo,Burgers,EUR 10-20,3.9,3273,44.3472182,7.505836,Commercial Area,"78, Via Cuneo, Borgo San Dalmazzo, Italy",https://www.burgerking.it/up/lista_ristoranti_bk_italia_1.pdf?,EUR 10-20,False
864,Burger King,Veneto,Treviso,TV,Silea,Burgers,EUR 10-20,3.8,4187,45.6483954,12.3114177,Commercial Area,"Via Strada della Serenissima, Silea, Italy",https://www.burgerking.it/up/lista_ristoranti_bk_italia_1.pdf?,EUR 10-20,False
865,Burger King,Friuli-Venezia Giulia,Udine,UD,Martignacco,Burgers,EUR 10-20,4.2,1188,46.0857125,13.1798163,Shopping Mall,"4, Via Antonio Bardelli, Torreano di Martignacco, Italy",https://www.burgerking.it/up/lista_ristoranti_bk_italia_1.pdf?,EUR 10-20,False
866,Burger King,Lombardia,Brescia,BS,Rezzato,Burgers,EUR 10-20,3.8,3566,45.5088985,10.3238059,Commercial Area,"70, Via Giuseppe Garibaldi, Rezzato, Italy",https://www.burgerking.it/up/lista_ristoranti_bk_italia_1.pdf?,EUR 10-20,False
867,Burger King,Trentino-Alto Adige,Trento,TN,Trento,Burgers,EUR 10-20,3.4,4893,46.0860532,11.1180263,Commercial Area,"111, Viale Brennero, Trento, Italy",https://www.burgerking.it/up/lista_ristoranti_bk_italia_1.pdf?,EUR 10-20,False
868,Burger King,Veneto,Verona,VR,San Giovanni Lupatoto,Burgers,EUR 10-20,4.1,3068,45.3935255,11.031894,Commercial Area,"240, Via Garofoli, San Giovanni Lupatoto, Italy",https://www.burgerking.it/up/lista_ristoranti_bk_italia_1.pdf?,EUR 10-20,False
869,Burger King,Lombardia,Milano,MI,Pogliano Milanese,Burgers,EUR 10-20,3.7,3666,45.5424812,9.0103188,Service Area,"SS 33 del Sempione, Pogliano Milanese, Italy",https://www.burgerking.it/up/lista_ristoranti_bk_italia_1.pdf?,EUR 10-20,False
870,Burger King,Marche,Ascoli Piceno,AP,Ascoli Piceno,Burgers,EUR 10-20,4.1,1900,42.8447035,13.6233283,Commercial Area,"2, Via del Commercio, Ascoli Piceno, Italy",https://www.burgerking.it/up/lista_ristoranti_bk_italia_1.pdf?,EUR 10-20,False
871,Burger King,Lombardia,Bergamo,BG,Caravaggio,Burgers,EUR 10-20,3.7,2740,45.5022567,9.6300227,Commercial Area,"8, Via Treviglio, Caravaggio, Italy",https://www.burgerking.it/up/lista_ristoranti_bk_italia_1.pdf?,EUR 10-20,False
872,Burger King,Emilia-Romagna,Bologna,BO,Castenaso,Burgers,EUR 10-20,3.8,2722,44.4911082,11.423204,Commercial Area,"28, Via Villanova, Castenaso, Italy",https://www.burgerking.it/up/lista_ristoranti_bk_italia_1.pdf?,EUR 10-20,False
873,Burger King,Lombardia,Mantova,MN,San Giorgio di Mantova,Burgers,EUR 10-20,4.1,3257,45.1667046,10.8507058,Commercial Area,"Via del Commercio, San Giorgio di Mantova, Italy",https://www.burgerking.it/up/lista_ristoranti_bk_italia_1.pdf?,EUR 10-20,False
874,Burger King,Emilia-Romagna,Piacenza,PC,Piacenza,Burgers,EUR 10-20,3.7,2940,45.0548484,9.7031726,Commercial Area,"25, Viale Sant'Ambrogio, Piacenza, Italy",https://www.burgerking.it/up/lista_ristoranti_bk_italia_1.pdf?,EUR 10-20,False
875,Burger King,Veneto,Rovigo,RO,Rovigo,Burgers,EUR 10-20,3.8,3096,45.0335924,11.7771851,Commercial Area,"Viale della Cooperazione 2, Rovigo (RO))",https://www.burgerking.it/up/lista_ristoranti_bk_italia_1.pdf?,EUR 10-20,False
876,Burger King,Lombardia,Brescia,BS,Palazzolo sull'Oglio,Burgers,EUR 10-20,4.2,3377,45.5898213,9.896446,Commercial Area,"Via Europa, Palazzolo, Italy",https://www.burgerking.it/up/lista_ristoranti_bk_italia_1.pdf?,EUR 10-20,False
877,Burger King,Lazio,Latina,LT,Campoverde,Burgers,EUR 10-20,3.9,2142,41.5374821,12.7318159,Service Area,"km 56, SS 148 Pontina, Campoverde, Italy",https://www.burgerking.it/up/lista_ristoranti_bk_italia_1.pdf?,EUR 10-20,False
878,Burger King,Lazio,Roma,RM,Roma,Burgers,EUR 10-20,4.1,4101,41.8942298,12.5928945,Commercial Area,"909, Via Prenestina, Roma, Italy",https://www.burgerking.it/up/lista_ristoranti_bk_italia_1.pdf?,EUR 10-20,False
879,Burger King,Lombardia,Milano,MI,San Giuliano Milanese,Burgers,EUR 10-20,3.8,4057,45.3909599,9.2584794,Commercial Area,"Via Po, ang. Via Volturno, San Giuliano Milanese (MI)",https://www.burgerking.it/up/lista_ristoranti_bk_italia_1.pdf?,EUR 10-20,False
880,Burger King,Lazio,Roma,RM,Valmontone,Burgers,EUR 10-20,3.8,2305,41.7624277,12.9559323,Shopping Mall,"Viale della Pace, Valmontone, Italy",https://www.burgerking.it/up/lista_ristoranti_bk_italia_1.pdf?,EUR 10-20,False
881,Burger King,Lazio,Roma,RM,Roma,Burgers,EUR 10-20,4.1,2285,41.8839784,12.5665964,Commercial Area,"169, Via dei Castani, Roma, Italia",https://www.burgerking.it/up/lista_ristoranti_bk_italia_1.pdf?,EUR 10-20,False
882,Burger King,Lombardia,Milano,MI,Cerro Maggiore,Burgers,EUR 10-20,3.8,3336,45.6005306,8.9450239,Commercial Area,"81,Via Filippo Turati, Cerro Maggiore, Italy",https://www.burgerking.it/up/lista_ristoranti_bk_italia_1.pdf?,EUR 10-20,False
883,Burger King,Veneto,Vicenza,VI,Thiene,Burgers,EUR 10-20,3.7,2727,45.6888592,11.4841864,Commercial Area,"snc, Via dei Mestieri, Thiene, Italy",https://www.burgerking.it/up/lista_ristoranti_bk_italia_1.pdf?,EUR 10-20,False
884,Burger King,Lombardia,Monza e della Brianza,MB,Verano Brianza,Burgers,EUR 10-20,3.8,3488,45.6757211,9.2119823,Commercial Area,"Via Comasina, Verano Brianza, Italy",https://www.burgerking.it/up/lista_ristoranti_bk_italia_1.pdf?,EUR 10-20,False
885,Burger King,Campania,Napoli,NA,Napoli,Burgers,EUR 10-20,3.4,1412,40.8534215,14.2717976,Transport Hub,"Piazza Giuseppe Garibaldi, Napoli, Italy",https://www.burgerking.it/up/lista_ristoranti_bk_italia_1.pdf?,EUR 10-20,False
886,Burger King,Emilia-Romagna,Bologna,BO,Bologna,Burgers,EUR 10-20,3.5,2786,44.5052595,11.3438902,Transport Hub,"Piazza delle Medaglie d'Oro, Bologna",https://www.burgerking.it/up/lista_ristoranti_bk_italia_1.pdf?,EUR 10-20,False
887,Burger King,Veneto,Padova,PD,Piove di Sacco,Burgers,EUR 10-20,3.9,2924,45.3032669,12.0202097,Commercial Area,"18, Via Adige, Piove di Sacco (PD)",https://www.burgerking.it/up/lista_ristoranti_bk_italia_1.pdf?,EUR 10-20,False
888,Burger King,Lombardia,Milano,MI,Milano,Burgers,EUR 10-20,3.7,3697,45.4648958,9.1903434,City Center,"1, Via Ugo Foscolo, Milano, Italy",https://www.burgerking.it/up/lista_ristoranti_bk_italia_1.pdf?,EUR 10-20,False
889,Burger King,Piemonte,Biella,BI,Biella,Burgers,EUR 10-20,3.8,2055,45.5478201,8.0778847,Shopping Mall,"3b, Viale Domenico Modugno, Biella, Italy",https://www.burgerking.it/up/lista_ristoranti_bk_italia_1.pdf?,EUR 10-20,False
890,Burger King,Lombardia,Milano,MI,Rozzano,Burgers,EUR 10-20,3.8,2681,45.3827988,9.1694218,Commercial Area,"Via Grandi, Rozzano, Italy",https://www.burgerking.it/up/lista_ristoranti_bk_italia_1.pdf?,EUR 10-20,False
891,Burger King,Veneto,Verona,VR,Legnago,Burgers,EUR 10-20,3.8,3260,45.1852874,11.2605094,Commercial Area,"28, Viale Europa, Legnago, Italy",https://www.burgerking.it/up/lista_ristoranti_bk_italia_1.pdf?,EUR 10-20,False
892,Burger King,Lombardia,Milano,MI,Peschiera Borromeo,Burgers,EUR 10-20,4.0,1326,45.4231305,9.2937379,Commercial Area,"8, Via della Liberazione, Peschiera Borromeo, Italy",https://www.burgerking.it/up/lista_ristoranti_bk_italia_1.pdf?,EUR 10-20,False
893,Burger King,Veneto,Verona,VR,Verona,Burgers,EUR 10-20,3.2,2320,45.4290359,10.9815615,Transport Hub,"4, Piazzale XXV Aprile, Italy",https://www.burgerking.it/up/lista_ristoranti_bk_italia_1.pdf?,EUR 10-20,False
894,Burger King,Abruzzo,L'Aquila,AQ,L'Aquila,Burgers,EUR 10-20,3.9,1671,42.3483657,13.3516035,Shopping Mall,"CC. L'Aquilone - Loc. Campo Di Pile, L'Aquila, Italy",https://www.burgerking.it/up/lista_ristoranti_bk_italia_1.pdf?,EUR 10-20,False
895,Burger King,Lombardia,Brescia,BS,Castel Mella,Burgers,EUR 10-20,4.0,2797,45.5152444,10.1380582,Commercial Area,"Via Renolda, Castel Mella, Italy",https://www.burgerking.it/up/lista_ristoranti_bk_italia_1.pdf?,EUR 10-20,False
896,Burger King,Veneto,Treviso,TV,San Fior,Burgers,EUR 10-20,3.8,3476,45.9077413,12.3388478,Commercial Area,"75, Via Nazionale, San Fior, Italy",https://www.burgerking.it/up/lista_ristoranti_bk_italia_1.pdf?,EUR 10-20,False
897,Burger King,Liguria,Savona,SV,Savona,Burgers,EUR 10-20,3.6,1422,44.3007192,8.4763662,Shopping Mall,"Corso Vittorio Veneto, Savona, Italy",https://www.burgerking.it/up/lista_ristoranti_bk_italia_1.pdf?,EUR 10-20,False
898,Burger King,Lombardia,Lodi,LO,Casalpusterlengo,Burgers,EUR 10-20,3.8,1822,45.177106,9.6325629,Commercial Area,"77, Via Amendola, Casalpusterlengo, Italy",https://www.burgerking.it/up/lista_ristoranti_bk_italia_1.pdf?,EUR 10-20,False
899,Burger King,Sicilia,Messina,ME,Messina,Burgers,EUR 10-20,4.0,1388,38.1939914,15.5539196,City Center,"Piazza Antonello, Messina, Italy",https://www.burgerking.it/up/lista_ristoranti_bk_italia_1.pdf?,EUR 10-20,False
900,Burger King,Piemonte,Torino,TO,Nichelino,Burgers,EUR 10-20,3.9,2569,45.0054142,7.6226811,Commercial Area,"Viale Cibrario snc, Nichelino, Italy",https://www.burgerking.it/up/lista_ristoranti_bk_italia_1.pdf?,EUR 10-20,False
901,Burger King,Lazio,Latina,LT,Terracina,Burgers,EUR 10-20,3.8,1751,41.2882801,13.2162926,Service Area,"SS 148, Terracina, Italy",https://www.burgerking.it/up/lista_ristoranti_bk_italia_1.pdf?,EUR 10-20,False
902,Burger King,Veneto,Vicenza,VI,Bassano del Grappa,Burgers,EUR 10-20,3.8,3166,45.7441111,11.73915,Commercial Area,"213, Via Ca' Dolfin, Bassano del Grappa, Italy",https://www.burgerking.it/up/lista_ristoranti_bk_italia_1.pdf?,EUR 10-20,False
903,Burger King,Lazio,Roma,RM,Roma,Burgers,EUR 10-20,4.3,3645,41.8578671,12.5930497,Commercial Area,"Via del Fosso di Santa Maura, Roma, Italy",https://www.burgerking.it/up/lista_ristoranti_bk_italia_1.pdf?,EUR 10-20,False
904,Burger King,Emilia-Romagna,Ferrara,FE,Ferrara,Burgers,EUR 10-20,3.8,3494,44.8169053,11.607312,Commercial Area,"Via Richard Wagner, Ferrara, Italy",https://www.burgerking.it/up/lista_ristoranti_bk_italia_1.pdf?,EUR 10-20,False
905,Burger King,Lombardia,Brescia,BS,Brescia,Burgers,EUR 10-20,3.9,5429,45.5581059,10.227548,Transport Hub,"Piazzale Francesco Roncalli, Brescia, Italy",https://www.burgerking.it/up/lista_ristoranti_bk_italia_1.pdf?,EUR 10-20,False
906,Burger King,Veneto,Venezia,VE,Venezia,Burgers,EUR 10-20,3.5,4169,45.4392927,12.3370412,City Center,"Salizada S. Giovanni Grisostomo, Venezia, Italy",https://www.burgerking.it/up/lista_ristoranti_bk_italia_1.pdf?,EUR 10-20,False
907,Burger King,Lombardia,Lodi,LO,Zelo Buon Persico,Burgers,EUR 10-20,3.7,1852,45.41720007,9.42855417,Commercial Area,strada Paullese SP415,https://www.burgerking.it/up/lista_ristoranti_bk_italia_1.pdf?,EUR 10-20,False
908,Burger King,Emilia-Romagna,Parma,PR,Parma,Burgers,EUR 10-20,3.8,2642,44.7810263,10.3424281,Commercial Area,"Via Traversetolo, Parma, Italy",https://www.burgerking.it/up/lista_ristoranti_bk_italia_1.pdf?,EUR 10-20,False
909,Burger King,Lombardia,Brescia,BS,Concesio,Burgers,EUR 10-20,4.1,2403,45.6091995,10.2077026,Commercial Area,"6, Via Mazzini, Concesio, Italy",https://www.burgerking.it/up/lista_ristoranti_bk_italia_1.pdf?,EUR 10-20,False
910,Burger King,Toscana,Siena,SI,Siena,Burgers,EUR 10-20,4.2,2539,43.3172931,11.3537965,Service Area,"Viale Toselli, Siena, Italy",https://www.burgerking.it/up/lista_ristoranti_bk_italia_1.pdf?,EUR 10-20,False
911,Burger King,Marche,Ancona,AN,Ancona,Burgers,EUR 10-20,3.6,2660,43.5501099,13.5108423,Commercial Area,"Via Albertini, Ancona, Italy",https://www.burgerking.it/up/lista_ristoranti_bk_italia_1.pdf?,EUR 10-20,False
912,Burger King,Piemonte,Alessandria,AL,Novi Ligure,Burgers,EUR 10-20,4.0,2185,44.7361875,8.8305396,Shopping Mall,"Strada Serravalle n°189, Novi",https://www.burgerking.it/up/lista_ristoranti_bk_italia_1.pdf?,EUR 10-20,False
913,Burger King,Liguria,Genova,GE,Genova,Burgers,EUR 10-20,3.4,1999,44.4121309,8.9264189,City Center,Molo Ponte Morosini 1,https://www.burgerking.it/up/lista_ristoranti_bk_italia_1.pdf?,EUR 10-20,False
914,Burger King,Lombardia,Milano,MI,Lacchiarella,Burgers,EUR 10-20,3.8,1778,45.3265568,9.1353163,Commercial Area,"SP40, Lacchiarella, Italy",https://www.burgerking.it/up/lista_ristoranti_bk_italia_1.pdf?,EUR 10-20,False
915,Burger King,Emilia-Romagna,Modena,MO,Carpi,Burgers,EUR 10-20,3.7,2679,44.77473,10.86184,Commercial Area,"Via Parmenide, Carpi, Italy",https://www.burgerking.it/up/lista_ristoranti_bk_italia_1.pdf?,EUR 10-20,False
916,Burger King,Campania,Napoli,NA,Napoli,Burgers,EUR 10-20,3.9,1404,40.83625224,14.19146457,Residential Area,"249/251, Cupa Nuova Cintia, Napoli, Italy",https://www.burgerking.it/up/lista_ristoranti_bk_italia_1.pdf?,EUR 10-20,False
917,Burger King,Emilia-Romagna,Reggio Emilia,RE,Reggio Emilia,Burgers,EUR 10-20,3.9,3856,44.7221129,10.6222498,Commercial Area,"Via dei Gonzaga, Reggio Emilia",https://www.burgerking.it/up/lista_ristoranti_bk_italia_1.pdf?,EUR 10-20,False
918,Burger King,Abruzzo,Pescara,PE,Città Sant'Angelo,Burgers,EUR 10-20,4.4,298,42.5187752,14.1305557,Shopping Mall,"140, Via Petruzzi, Città Sant'Angelo, Italy",https://www.burgerking.it/up/lista_ristoranti_bk_italia_1.pdf?,EUR 10-20,False
919,Burger King,Sardegna,Cagliari,CA,Cagliari,Burgers,EUR 10-20,4.0,4194,39.2381922,9.1238696,Shopping Mall,"Via Calamattia 7, Cagliari, Italy",https://www.burgerking.it/up/lista_ristoranti_bk_italia_1.pdf?,EUR 10-20,False
920,Burger King,Lombardia,Pavia,PV,Voghera,Burgers,EUR 10-20,4.1,2201,44.996334,9.0621986,Commercial Area,"Via Piacenza snc, Voghera, Italy",https://www.burgerking.it/up/lista_ristoranti_bk_italia_1.pdf?,EUR 10-20,False
921,Burger King,Emilia-Romagna,Bologna,BO,San Lazzaro di Savena,Burgers,EUR 10-20,3.9,1800,44.4684139,11.4152106,Commercial Area,via Emilia 253,https://www.burgerking.it/up/lista_ristoranti_bk_italia_1.pdf?,EUR 10-20,False
922,Burger King,Lazio,Viterbo,VT,Viterbo,Burgers,EUR 10-20,4.5,3611,41.9810235,12.4169024,Commercial Area,"Via Cassia, Viterbo, Italy",https://www.burgerking.it/up/lista_ristoranti_bk_italia_1.pdf?,EUR 10-20,False
923,Burger King,Lombardia,Cremona,CR,Cremona,Burgers,EUR 10-20,3.8,1763,45.1422653,10.0618238,Commercial Area,"Via Mantova, Cremona, Italy",https://www.burgerking.it/up/lista_ristoranti_bk_italia_1.pdf?,EUR 10-20,False
924,Burger King,Campania,Caserta,CE,Marcianise,Burgers,EUR 10-20,3.6,1145,41.0082642,14.322595,Shopping Mall,"S.P. 336 Sannitica, Marcianise,Italy",https://www.burgerking.it/up/lista_ristoranti_bk_italia_1.pdf?,EUR 10-20,False
925,Burger King,Piemonte,Torino,TO,Torino,Burgers,EUR 10-20,3.5,1322,45.0887137,7.6897017,Commercial Area,"Corso Novara, 5, 10154 Torino TO",https://www.burgerking.it/up/lista_ristoranti_bk_italia_1.pdf?,EUR 10-20,False
926,Burger King,Piemonte,Torino,TO,Caselle Torinese,Burgers,EUR 10-20,4.1,2275,45.1890807,7.6366336,Transport Hub,via della Zecca 13,https://www.burgerking.it/up/lista_ristoranti_bk_italia_1.pdf?,EUR 10-20,False
927,Burger King,Lazio,Roma,RM,Roma,Burgers,EUR 10-20,4.3,2590,41.8631213,12.6276419,Commercial Area,"Via Casilina 1519, Roma, Italy",https://www.burgerking.it/up/lista_ristoranti_bk_italia_1.pdf?,EUR 10-20,False
928,Burger King,Lombardia,Monza e della Brianza,MB,Monza,Burgers,EUR 1-10,3.9,891,45.5901149,9.249248,Shopping Mall,"c/o Centro Commerciale MONZA AUCHAN, Via Lario 17, Monza (MB) 20900",https://www.burgerking.it/up/lista_ristoranti_bk_italia_1.pdf?,EUR 1-10,False
929,Burger King,Friuli-Venezia Giulia,Gorizia,GO,Monfalcone,Burgers,EUR 10-20,4.1,866,45.8174405,13.5110515,Shopping Mall,via F. Pocar 1 CC Belforte,https://www.burgerking.it/up/lista_ristoranti_bk_italia_1.pdf?,EUR 10-20,False
930,Burger King,Lombardia,Brescia,BS,Lonato del Garda,Burgers,EUR 10-20,4.2,2463,45.4310616,10.5185348,Commercial Area,"SS 567, Lonato del Garda, Italy",https://www.burgerking.it/up/lista_ristoranti_bk_italia_1.pdf?,EUR 10-20,False
931,Burger King,Piemonte,Alessandria,AL,Alessandria,Burgers,EUR 10-20,3.9,452,44.901848,8.6340151,Shopping Mall,"Corso Giuseppe Romita, 38, 15121 Alessandria AL",https://www.burgerking.it/up/lista_ristoranti_bk_italia_1.pdf?,EUR 10-20,False
932,Burger King,Emilia-Romagna,Ravenna,RA,Ravenna,Burgers,EUR 10-20,3.8,2916,44.4236108,12.167775,Commercial Area,Via Faentina 158-160,https://www.burgerking.it/up/lista_ristoranti_bk_italia_1.pdf?,EUR 10-20,False
933,Burger King,Emilia-Romagna,Rimini,RN,Riccione,Burgers,EUR 10-20,3.9,2047,43.9959869,12.6456937,Commercial Area,"8, Via Fiesole, Riccione, Italy",https://www.burgerking.it/up/lista_ristoranti_bk_italia_1.pdf?,EUR 10-20,False
934,Burger King,Lombardia,Bergamo,BG,Dalmine,Burgers,EUR 10-20,3.7,2356,45.6407002,9.6128742,Commercial Area,Via Roma 2a - Dalmine (BG) 24044,https://www.burgerking.it/up/lista_ristoranti_bk_italia_1.pdf?,EUR 10-20,False
935,Burger King,Lombardia,Brescia,BS,Capriolo,Burgers,EUR 10-20,4.3,3040,45.6456172,9.937394,Commercial Area,"Capriolo, via Bromela 34",https://www.burgerking.it/up/lista_ristoranti_bk_italia_1.pdf?,EUR 10-20,False
936,Burger King,Lombardia,Bergamo,BG,Orio al Serio,Burgers,EUR 10-20,3.8,1990,45.6620778,9.6959485,Shopping Mall,"71 Via Portico, Orio al Serio, Italy",https://www.burgerking.it/up/lista_ristoranti_bk_italia_1.pdf?,EUR 10-20,False
937,Burger King,Piemonte,Torino,TO,Torino,Burgers,EUR 10-20,3.8,1605,45.0676976,7.6940372,City Center,"Piazzale Aldo Moro, Torino (TO) 10124, IT",https://www.burgerking.it/up/lista_ristoranti_bk_italia_1.pdf?,EUR 10-20,False
938,Burger King,Lazio,Roma,RM,Roma,Burgers,EUR 10-20,3.8,1620,41.8857515,12.5099398,City Center,p.le Appio,https://www.burgerking.it/up/lista_ristoranti_bk_italia_1.pdf?,EUR 10-20,False
939,Burger King,Lombardia,Milano,MI,Milano,Burgers,EUR 10-20,4.1,3364,45.4437192,9.178924,Commercial Area,viale Tibaldi 11,https://www.burgerking.it/up/lista_ristoranti_bk_italia_1.pdf?,EUR 10-20,False
940,Burger King,Umbria,Terni,TR,Terni,Burgers,EUR 10-20,3.8,913,42.5506781,12.63485562,Commercial Area,"Piazza D. Alighieri, Terni, Italy",https://www.burgerking.it/up/lista_ristoranti_bk_italia_1.pdf?,EUR 10-20,False
941,Burger King,Lazio,Roma,RM,Roma,Burgers,EUR 1-10,3.2,212,41.8707593,12.583683,Shopping Mall,"Via Casilina, 1011",https://www.burgerking.it/up/lista_ristoranti_bk_italia_1.pdf?,EUR 1-10,False
942,Burger King,Veneto,Vicenza,VI,Altavilla Vicentina,Burgers,EUR 10-20,3.8,2696,43.5978836,13.517167,Service Area,"Via Tavernelle, 1D, 36077 Altavilla Vicentina VI",https://www.burgerking.it/up/lista_ristoranti_bk_italia_1.pdf?,EUR 10-20,False
943,Burger King,Lombardia,Cremona,CR,Cremona,Burgers,EUR 10-20,3.7,1069,45.1489256,9.9948767,Commercial Area,"Via Sesto n. 47A, 26100 Cremona",https://www.burgerking.it/up/lista_ristoranti_bk_italia_1.pdf?,EUR 10-20,False
944,Burger King,Emilia-Romagna,Parma,PR,Parma,Burgers,EUR 10-20,3.8,2642,44.8206458,10.3324143,Transport Hub,"Largo Umberto Beseghi, 43122 Parma PR",https://www.burgerking.it/up/lista_ristoranti_bk_italia_1.pdf?,EUR 10-20,False
945,Burger King,Lazio,Roma,RM,Frattocchie,Burgers,EUR 10-20,4.0,1625,41.754241,12.6186868,Commercial Area,via Nettunense 86,https://www.burgerking.it/up/lista_ristoranti_bk_italia_1.pdf?,EUR 10-20,False
946,Burger King,Lombardia,Lodi,LO,Lodi,Burgers,EUR 10-20,4.0,2313,45.3027082,9.4869467,Commercial Area,Viale Pavia 98,https://www.burgerking.it/up/lista_ristoranti_bk_italia_1.pdf?,EUR 10-20,False
947,Burger King,Lombardia,Varese,VA,Cavaria con Premezzo,Burgers,EUR 10-20,3.2,1014,45.6929526,8.8027543,Service Area,"via Scipione Ronchetti, 563",https://www.burgerking.it/up/lista_ristoranti_bk_italia_1.pdf?,EUR 10-20,False
948,Burger King,Veneto,Padova,PD,Cittadella,Burgers,EUR 10-20,4.1,1839,45.6429757,11.7735355,Commercial Area,"Via Cristoforo Colombo, Cittadella, Italy",https://www.burgerking.it/up/lista_ristoranti_bk_italia_1.pdf?,EUR 10-20,False
949,Burger King,Piemonte,Torino,TO,Pinerolo,Burgers,EUR 10-20,3.9,1133,44.8834571,7.3502411,Commercial Area,"Via Poirino, 37",https://www.burgerking.it/up/lista_ristoranti_bk_italia_1.pdf?,EUR 10-20,False
950,Burger King,Lombardia,Milano,MI,Cassina de' Pecchi,Burgers,EUR 10-20,4.0,1914,45.5180243,9.3527951,Commercial Area,"Via Don Verderio, 1, 20060 Cassina De' Pecchi MI",https://www.burgerking.it/up/lista_ristoranti_bk_italia_1.pdf?,EUR 10-20,False
951,Burger King,Lazio,Frosinone,FR,Frosinone,Burgers,EUR 10-20,3.9,1562,41.6438651,13.3331742,Service Area,"Via dei Monti Lepini, km 1,375 (stazione di servizio La Rocca)",https://www.burgerking.it/up/lista_ristoranti_bk_italia_1.pdf?,EUR 10-20,False
952,Burger King,Lombardia,Monza e della Brianza,MB,Villasanta,Burgers,EUR 10-20,4.1,794,45.618405,9.3104625,Shopping Mall,c/o Centro Commerciale IL GIGANTE - Via Tiziano Vecellio 1 - Villasanta MB,https://www.burgerking.it/up/lista_ristoranti_bk_italia_1.pdf?,EUR 10-20,False
953,Burger King,Emilia-Romagna,Modena,MO,Modena,Burgers,EUR 10-20,3.7,1031,44.6301472,10.9546957,Commercial Area,"Via Nuova Estense, 103",https://www.burgerking.it/up/lista_ristoranti_bk_italia_1.pdf?,EUR 10-20,False
954,Burger King,Calabria,Catanzaro,CZ,Catanzaro,Burgers,EUR 10-20,4.0,798,38.91042876,16.5888274,City Center,Piazza Matteotti snc,https://www.burgerking.it/up/lista_ristoranti_bk_italia_1.pdf?,EUR 10-20,False
955,Burger King,Lombardia,Milano,MI,Milano,Burgers,EUR 10-20,3.5,852,45.4965463,9.1749731,Commercial Area,"Viale Jenner, 51",https://www.burgerking.it/up/lista_ristoranti_bk_italia_1.pdf?,EUR 10-20,False
956,Burger King,Piemonte,Torino,TO,San Mauro Torinese,Burgers,EUR 10-20,3.4,461,45.2418326,7.9730193,Commercial Area,Strada Settimo 371,https://www.burgerking.it/up/lista_ristoranti_bk_italia_1.pdf?,EUR 10-20,False
957,Burger King,Lombardia,Bergamo,BG,Bergamo,Burgers,EUR 10-20,4.1,1395,45.7094443,9.6819692,Commercial Area,"Viale Giulio Cesare, 18",https://www.burgerking.it/up/lista_ristoranti_bk_italia_1.pdf?,EUR 10-20,False
958,Burger King,Abruzzo,Teramo,TE,Giulianova,Burgers,EUR 10-20,3.9,1847,42.7679725,13.9558141,Commercial Area,Via G. Galilei 348,https://www.burgerking.it/up/lista_ristoranti_bk_italia_1.pdf?,EUR 10-20,False
959,Burger King,Lombardia,Cremona,CR,Crema,Burgers,EUR 10-20,4.2,841,45.3587798,9.6660164,Shopping Mall,Via Giorgio La Pira 12 (c/o Centro Commerciale Crema Gran Rondò),https://www.burgerking.it/up/lista_ristoranti_bk_italia_1.pdf?,EUR 10-20,False
960,Burger King,Lombardia,Milano,MI,Milano,Burgers,EUR 10-20,4.0,1616,38.91043112,16.58882577,Commercial Area,via Pola 9,https://www.burgerking.it/up/lista_ristoranti_bk_italia_1.pdf?,EUR 10-20,False
961,Burger King,Piemonte,Torino,TO,Torino,Burgers,EUR 10-20,3.6,552,45.1107249,7.6431357,Commercial Area,"Strada Altessano, 141",https://www.burgerking.it/up/lista_ristoranti_bk_italia_1.pdf?,EUR 10-20,False
962,Burger King,Lombardia,Milano,MI,Milano,Burgers,EUR 10-20,3.6,726,45.5222833,9.2153918,Shopping Mall,"c/o Centro Commerciale BICOCCA VILLAGE - Viale Sarca, Angolo Via Chiese snc",https://www.burgerking.it/up/lista_ristoranti_bk_italia_1.pdf?,EUR 10-20,False
963,Burger King,Calabria,Reggio Calabria,RC,Reggio Calabria,Burgers,EUR 10-20,3.5,714,38.1117023,15.6481907,City Center,"Corso Giuseppe Garibaldi, 167",https://www.burgerking.it/up/lista_ristoranti_bk_italia_1.pdf?,EUR 10-20,False
964,Burger King,Lombardia,Varese,VA,Busto Arsizio,Burgers,EUR 10-20,3.9,2483,45.635662,8.8335841,Commercial Area,"Corso Sempione, 194/1, 21052 Busto Arsizio VA",https://www.burgerking.it/up/lista_ristoranti_bk_italia_1.pdf?,EUR 10-20,False
965,Burger King,Lombardia,Varese,VA,Vergiate,Burgers,EUR 10-20,3.9,2072,45.7209202,8.6903549,Service Area,"Via Sempione 94, Vergiate (VA)",https://www.burgerking.it/up/lista_ristoranti_bk_italia_1.pdf?,EUR 10-20,False
966,Burger King,Lombardia,Monza e della Brianza,MB,Lissone,Burgers,EUR 10-20,4.1,1298,45.6023137,9.2320878,Commercial Area,"Viale Valassina, 188, 20851 Lissone MB",https://www.burgerking.it/up/lista_ristoranti_bk_italia_1.pdf?,EUR 10-20,False
967,Burger King,Abruzzo,L'Aquila,AQ,Avezzano,Burgers,EUR 10-20,4.5,728,42.03926,13.42223,Commercial Area,"Via B. Cassinelli, SNC, 67051 Avezzano AQ",Google Maps,EUR 10-20,False
968,Five Guys,Piemonte,Torino,TO,Torino,Burgers,EUR 10-20,3.5,161,45.0632734,7.6782164,Transport Hub,Turin Porta Nuova 58 Corso Vittorio Emanuele II 10121 Turin Piemonte,https://restaurants.fiveguys.it/en_it,EUR 10-20,False
969,Five Guys,Veneto,Venezia,VE,Venezia,Burgers,EUR 20-30,3.0,160,45.4417559,12.3211191,Transport Hub,Santa Lucia Station Fondamenta Santa Lucia binario 1 30121 Venice VE,https://restaurants.fiveguys.it/en_it,EUR 20-30,False
970,Five Guys,Lombardia,Milano,MI,Milano,Burgers,EUR 10-20,3.1,441,45.4854273,9.2054316,Transport Hub,"Milan Centrale Milano Centrale, Piazza Duca D'Aosta, 1 20124 Milan Lombardy",https://restaurants.fiveguys.it/en_it,EUR 10-20,False
971,Five Guys,Campania,Napoli,NA,Napoli,Burgers,EUR 10-20,3.4,90,40.8520102,14.2705554,Transport Hub,"Naples Centrale Naples Centrale, Galleria Commerciale Ipogea, Piazza Giuseppe Garibaldi 80142 Naples Naples",https://restaurants.fiveguys.it/en_it,EUR 10-20,False
972,Five Guys,Lazio,Roma,RM,Roma,Burgers,EUR 10-20,3.4,1135,41.9012873,12.5015756,Transport Hub,Rome Termini Piazzale dei Cinquencento 00187 Rome,https://restaurants.fiveguys.it/en_it,EUR 10-20,False
973,Five Guys,Toscana,Firenze,FI,Firenze,Burgers,EUR 10-20,3.3,319,43.7763323,11.2467874,Transport Hub,"Via Alamanni 2R Santa Maria Novella, Stazione Square 50123 Firenze FI",https://restaurants.fiveguys.it/en_it,EUR 10-20,False
974,Five Guys,Veneto,Vicenza,VI,Vicenza,Burgers,EUR 10-20,2.9,75,45.5479673,11.5844725,Shopping Mall,Via Aldo Moro Building 245 36100 Vicenza VI,https://restaurants.fiveguys.it/en_it,EUR 10-20,False
975,Five Guys,Lombardia,Milano,MI,Milano,Burgers,EUR 10-20,3.9,1735,45.4664011,9.1843417,City Center,Via Dante 7 20123 Milan,https://restaurants.fiveguys.it/en_it,EUR 10-20,False
976,Five Guys,Toscana,Firenze,FI,Campi Bisenzio,Burgers,EUR 20-30,3.2,162,43.8480896,11.1432732,Shopping Mall,Via San Quirico 165 50013 Campi Bisenzio Tuscany,https://restaurants.fiveguys.it/en_it,EUR 20-30,False
977,Five Guys,Lombardia,Milano,MI,Milano,Burgers,EUR 10-20,3.8,996,45.4601714,9.1816822,City Center,Via Stampa 13-15 Via Torino 20123 Milan Lombardy,https://restaurants.fiveguys.it/en_it,EUR 10-20,False
978,KFC,Lombardia,Monza e della Brianza,MB,Torri Bianche,Fried Chicken,EUR 10-20,4.4,82,45.6008267,9.3586894,Shopping Mall,Via Torri Bianche 16 20871 Vimercate,https://www.kfc.it/ristoranti,EUR 10-20,False
979,KFC,Friuli-Venezia Giulia,Gorizia,GO,Villesse,Fried Chicken,EUR 10-20,4.4,1118,45.8647239,13.4298393,Shopping Mall,Localitá Maranuz 2 34070 Villesse,https://www.kfc.it/ristoranti,EUR 10-20,False
980,KFC,Lombardia,Milano,MI,Vignate,Fried Chicken,EUR 10-20,3.1,115,45.5036318,9.3710224,Shopping Mall,Via Nuova Cassanese 10 20052 Vignate,https://www.kfc.it/ristoranti,EUR 10-20,False
981,KFC,Veneto,Vicenza,VI,Vicenza,Fried Chicken,EUR 10-20,4.3,595,45.5288202,11.5951034,Shopping Mall,Str. Padana verso Padova 60 36100 Vicenza,https://www.kfc.it/ristoranti,EUR 10-20,False
982,KFC,Calabria,Vibo Valentia,VV,Vibo Valentia,Fried Chicken,EUR 10-20,4.7,110,38.6534647,16.054717,Shopping Mall,SS 18 Tirrena Inferiore 89900 Vibo Valentia,https://www.kfc.it/ristoranti,EUR 10-20,False
983,KFC,Veneto,Verona,VR,Verona,Fried Chicken,EUR 10-20,3.4,1301,45.442531,10.9980404,City Center,Via Fratelli Cairoli 2A 37121 Verona,https://www.kfc.it/ristoranti,EUR 10-20,False
984,KFC,Veneto,Verona,VR,Verona,Fried Chicken,EUR 10-20,4.1,3811,45.4069147,10.9770724,Shopping Mall,Viale delle Nazioni 1 37135 Verona,https://www.kfc.it/ristoranti,EUR 10-20,False
985,KFC,Veneto,Venezia,VE,Venezia,Fried Chicken,EUR 10-20,4.2,9787,45.439714,12.3195569,Transport Hub,Stazione di Venezia Santa Lucia 30100 Venezia,https://www.kfc.it/ristoranti,EUR 10-20,False
986,KFC,Lazio,Roma,RM,Valmontone,Fried Chicken,EUR 10-20,4.0,4689,41.762426,12.9562759,Shopping Mall,Via della Pace snc 00038 Roma,https://www.kfc.it/ristoranti,EUR 10-20,False
987,KFC,Friuli-Venezia Giulia,Udine,UD,Cotonificio-Cormor,Fried Chicken,EUR 10-20,4.3,3320,46.0849414,13.1830888,Shopping Mall,Via Antonio Bardelli 4 33035 Martignacco,https://www.kfc.it/ristoranti,EUR 10-20,False
988,KFC,Sicilia,Trapani,TP,Trapani,Fried Chicken,EUR 10-20,3.5,197,38.0146821,12.5175689,Commercial Area,Via Avvocato Giuseppe Palmeri 5 91100 Trapani,https://www.kfc.it/ristoranti,EUR 10-20,False
989,KFC,Campania,Napoli,NA,Torre Annunziata,Fried Chicken,EUR 10-20,4.5,552,40.7476795,14.4701535,Shopping Mall,Via Plinio 80058 Napoli,https://www.kfc.it/ristoranti,EUR 10-20,False
990,KFC,Piemonte,Torino,TO,Torino,Fried Chicken,EUR 10-20,3.9,230,45.1204292,7.7202508,Commercial Area,Corso Romania 460 10156 Torino,https://www.kfc.it/ristoranti,EUR 10-20,False
991,KFC,Piemonte,Torino,TO,Torino,Fried Chicken,EUR 10-20,4.7,226,45.0870777,7.6681037,Shopping Mall,Via Treviso 26G 10144 Torino,https://www.kfc.it/ristoranti,EUR 10-20,False
992,KFC,Piemonte,Torino,TO,Torino,Fried Chicken,EUR 10-20,4.2,5413,45.0328169,7.6654062,Shopping Mall,Via Nizza 262 10126 Torino,https://www.kfc.it/ristoranti,EUR 10-20,False
993,KFC,Piemonte,Torino,TO,Torino,Fried Chicken,EUR 10-20,4.2,686,45.0622028,7.6813132,Transport Hub,Corso Vittorio Emanuele II 52 10122 Torino,https://www.kfc.it/ristoranti,EUR 10-20,False
994,KFC,Umbria,Terni,TR,Terni,Fried Chicken,EUR 1-10,4.7,475,42.5506786,12.6348529,Shopping Mall,Via Montefiorino 48 05100 Terni,https://www.kfc.it/ristoranti,EUR 1-10,False
995,KFC,Abruzzo,Teramo,TE,Piano D'accio,Fried Chicken,,4.0,128,42.681609,13.7595165,Shopping Mall,Località Piano D'Accio 64100 Teramo,https://www.kfc.it/ristoranti,EUR 10-20,True
996,KFC,Puglia,Taranto,TA,Auchan,Fried Chicken,EUR 10-20,4.9,2710,40.4619824,17.2992446,Shopping Mall,Via per San Giorgio Jonico 74121 Taranto,https://www.kfc.it/ristoranti,EUR 10-20,False
997,KFC,Puglia,Lecce,LE,Zona P.i.p.,Fried Chicken,EUR 10-20,4.6,1109,40.376344,18.1438886,Shopping Mall,Strada Statale 6113 73010 Surbo,https://www.kfc.it/ristoranti,EUR 10-20,False
998,KFC,Lombardia,Bergamo,BG,Stezzano,Fried Chicken,EUR 10-20,2.5,20,45.6477896,9.6300195,Shopping Mall,Via Guzzanica 62/64 24040 Stezzano,https://www.kfc.it/ristoranti,EUR 10-20,False
999,KFC,Toscana,Siena,SI,Siena,Fried Chicken,EUR 10-20,4.4,356,43.330818,11.3226874,Transport Hub,Piazzale Rosselli 25 53100 Siena,https://www.kfc.it/ristoranti,EUR 10-20,False
1000,KFC,Piemonte,Torino,TO,Settimo Torinese,Fried Chicken,EUR 10-20,4.5,3600,45.1414309,7.7331371,Shopping Mall,Via Niccolò Paganini 10036 Settimo Torinese,https://www.kfc.it/ristoranti,EUR 10-20,False
1001,KFC,Lombardia,Milano,MI,Sesto San Giovanni,Fried Chicken,EUR 10-20,2.9,45,45.5502911,9.2564781,Shopping Mall,"Viale Italia, Sesto San Giovanni 555 20099 Milano",https://www.kfc.it/ristoranti,EUR 10-20,False
1002,KFC,Lombardia,Milano,MI,Novegro-Tregarezzo,Fried Chicken,EUR 10-20,3.5,69,45.4741888,9.2850245,Commercial Area,Via Rivoltana 64 20054 Segrate,https://www.kfc.it/ristoranti,EUR 10-20,False
1003,KFC,Sardegna,Sassari,SS,Sassari,Fried Chicken,EUR 10-20,4.8,1151,40.7275498,8.5478813,Shopping Mall,Via Caniga 1 07100 Sassari,https://www.kfc.it/ristoranti,EUR 10-20,False
1004,KFC,Lombardia,Milano,MI,San Giuliano Milanese,Fried Chicken,EUR 10-20,3.8,1548,45.3881849,9.2582636,Shopping Mall,Via Po 12 20098 San Giuliano Milanese,https://www.kfc.it/ristoranti,EUR 10-20,False
1005,KFC,Lombardia,Milano,MI,San Giuliano Milanese,Fried Chicken,EUR 10-20,3.6,359,45.3790144,9.3063489,Shopping Mall,Via della Pace 26 20098 San Giuliano Milanese,https://www.kfc.it/ristoranti,EUR 10-20,False
1006,KFC,Veneto,Verona,VR,San Giovanni Lupatoto,Fried Chicken,EUR 10-20,3.9,93,45.3951573,11.0160028,Shopping Mall,Via Monte Cristallo 1 37057 Verona,https://www.kfc.it/ristoranti,EUR 10-20,False
1007,KFC,Veneto,Venezia,VE,San Donà di Piave,Fried Chicken,EUR 10-20,4.8,214,45.6406192,12.5975561,Shopping Mall,Via Iseo 1 30027 San Donà di Piave,https://www.kfc.it/ristoranti,EUR 10-20,False
1008,KFC,Campania,Salerno,SA,Pontecagnano Faiano,Fried Chicken,EUR 10-20,4.9,1644,40.6354638,14.9076722,Shopping Mall,Via Antonio Pacinotti 84098 Pontecagnano Faiano,https://www.kfc.it/ristoranti,EUR 10-20,False
1009,KFC,Campania,Salerno,SA,Salerno,Fried Chicken,EUR 10-20,4.4,1540,40.6785879,14.755318,City Center,Piazza Giovanni Amendola 11 84121 Salerno,https://www.kfc.it/ristoranti,EUR 10-20,False
1010,KFC,Lombardia,Milano,MI,Milano,Fried Chicken,EUR 10-20,3.2,215,45.3924558,9.1756776,Shopping Mall,Via Eugenio Curiel 25 20089 Rozzano,https://www.kfc.it/ristoranti,EUR 10-20,False
1011,KFC,Lazio,Roma,RM,Roma,Fried Chicken,EUR 10-20,3.7,193,41.8741103,12.6070696,Service Area,"GRA km37, Roma RM 00133 Roma",https://www.kfc.it/ristoranti,EUR 10-20,False
1012,KFC,Lazio,Roma,RM,Roma,Fried Chicken,EUR 10-20,4.2,726,41.864806,12.4693809,Commercial Area,Viale Guglielmo Marconi 211 00146 Roma,https://www.kfc.it/ristoranti,EUR 10-20,False
1013,KFC,Lazio,Roma,RM,Roma,Fried Chicken,EUR 10-20,4.5,699,41.855058,12.5659,Transport Hub,Via Tuscolana 977 00175 Roma,https://www.kfc.it/ristoranti,EUR 10-20,False
1014,KFC,Lazio,Roma,RM,Roma,Fried Chicken,EUR 10-20,4.1,258,41.9088654,12.5421855,Commercial Area,Via Tiburtina 541 00175 Roma,https://www.kfc.it/ristoranti,EUR 10-20,False
1015,KFC,Lazio,Roma,RM,Roma,Fried Chicken,EUR 10-20,3.8,3615,41.8992752,12.5008319,Transport Hub,Via Gioberti 25/35 00185 Roma,https://www.kfc.it/ristoranti,EUR 10-20,False
1016,KFC,Lazio,Roma,RM,Roma,Fried Chicken,EUR 10-20,4.6,1234,41.902111,12.484078,City Center,Via della Stamperia 64 00187 Roma,https://www.kfc.it/ristoranti,EUR 10-20,False
1017,KFC,Lazio,Roma,RM,Roma,Fried Chicken,EUR 10-20,4.2,917,41.9104058,12.5308604,Transport Hub,Circonvallazione Nomentana - Piazzale Stazione Tiburtina 00162 Roma,https://www.kfc.it/ristoranti,EUR 10-20,False
1018,KFC,Lazio,Roma,RM,Roma,Fried Chicken,EUR 10-20,4.0,4102,41.915726,12.6608373,Shopping Mall,Via Collatina 858 00132 Roma,https://www.kfc.it/ristoranti,EUR 10-20,False
1019,KFC,Lazio,Roma,RM,Roma,Fried Chicken,EUR 10-20,3.9,400,41.8084073,12.4857327,Shopping Mall,Via Laurentina 865 00143 Roma,https://www.kfc.it/ristoranti,EUR 10-20,False
1020,KFC,Lazio,Roma,RM,Roma,Fried Chicken,EUR 10-20,3.9,1952,41.8740341,12.5225377,Commercial Area,Via Appia Nuova 448 00179 Roma,https://www.kfc.it/ristoranti,EUR 10-20,False
1021,KFC,Lazio,Roma,RM,Roma,Fried Chicken,EUR 10-20,4.0,3178,41.902342,12.4382579,Shopping Mall,Via di Valle Aurelia 30 00167 Roma,https://www.kfc.it/ristoranti,EUR 10-20,False
1022,KFC,Lazio,Rieti,RI,Rieti,Fried Chicken,EUR 10-20,4.0,93,42.401381,12.8532332,Shopping Mall,Viale Lionello Matteucci 94-96 02100 Rieti,https://www.kfc.it/ristoranti,EUR 10-20,False
1023,KFC,Calabria,Cosenza,CS,Quattromiglia,Fried Chicken,EUR 10-20,4.5,333,39.3543926,16.2435056,Commercial Area,Piazza Santo Sergio 20 87036 Rende,https://www.kfc.it/ristoranti,EUR 10-20,False
1024,KFC,Calabria,Cosenza,CS,Quattromiglia,Fried Chicken,EUR 10-20,4.2,690,39.3284775,16.2427028,Shopping Mall,Via Kennedy 4 87036 Rende,https://www.kfc.it/ristoranti,EUR 10-20,False
1025,KFC,Emilia-Romagna,Reggio Emilia,RE,Reggio Emilia,Fried Chicken,EUR 1-10,4.4,3294,44.7148917,10.6509601,Shopping Mall,Piazzale Atleti Azzurri d'Italia 5 42122 Reggio Emilia,https://www.kfc.it/ristoranti,EUR 1-10,False
1026,KFC,Emilia-Romagna,Ravenna,RA,Ravenna,Fried Chicken,EUR 10-20,4.3,411,44.3942841,12.1764398,Commercial Area,Via M. Bussato 74 48124 Ravenna,https://www.kfc.it/ristoranti,EUR 10-20,False
1027,KFC,Sicilia,Ragusa,RG,A.s.i.,Fried Chicken,EUR 10-20,4.3,222,36.9072382,14.7216597,Shopping Mall,Via Achille Grandi 26 97100 Ragusa,https://www.kfc.it/ristoranti,EUR 10-20,False
1028,KFC,Toscana,Prato,PO,Prato,Fried Chicken,EUR 10-20,4.1,450,43.8748084,11.0634624,Shopping Mall,Via delle Pleiadi 81/83 59100 Prato,https://www.kfc.it/ristoranti,EUR 10-20,False
1029,KFC,Campania,Napoli,NA,Pompei,Fried Chicken,EUR 10-20,4.1,2669,40.7409054,14.502947,Shopping Mall,Via Macello 22 80045 Pompei,https://www.kfc.it/ristoranti,EUR 10-20,False
1030,KFC,Abruzzo,Pescara,PE,Pescara,Fried Chicken,EUR 10-20,3.8,147,42.4720233,14.2041893,Transport Hub,Corso Vittorio Emanuele II 378 65122 Pescara,https://www.kfc.it/ristoranti,EUR 10-20,False
1031,KFC,Emilia-Romagna,Parma,PR,Parma,Fried Chicken,EUR 10-20,4.4,1527,44.8057743,10.3060281,Shopping Mall,via Gramsci 30 43126 Parma,https://www.kfc.it/ristoranti,EUR 10-20,False
1032,KFC,Emilia-Romagna,Parma,PR,Parma,Fried Chicken,EUR 10-20,4.4,650,44.799247,10.341745,Shopping Mall,Via Emilia Est 7B 41121 Parma,https://www.kfc.it/ristoranti,EUR 10-20,False
1033,KFC,Sicilia,Palermo,PA,Palermo,Fried Chicken,EUR 10-20,4.1,1919,38.1337957,13.3495521,Commercial Area,Via Emanuele Notarbartolo 1A 90141 Palermo,https://www.kfc.it/ristoranti,EUR 10-20,False
1034,KFC,Sicilia,Palermo,PA,Palermo,Fried Chicken,EUR 1-10,4.4,186,38.1184888,13.36291,City Center,Piazza San Domenico 8/9 90121 Palermo,https://www.kfc.it/ristoranti,EUR 1-10,False
1035,KFC,Sicilia,Palermo,PA,Palermo,Fried Chicken,EUR 10-20,3.6,64,38.1236917,13.355007,City Center,Piazza Castelnuovo 23 90141 Palermo,https://www.kfc.it/ristoranti,EUR 10-20,False
1036,KFC,Sicilia,Palermo,PA,Palermo,Fried Chicken,EUR 10-20,4.4,212,38.0885511,13.4113183,Shopping Mall,Via Filippo Pecoraino 90124 Palermo,https://www.kfc.it/ristoranti,EUR 10-20,False
1037,KFC,Sicilia,Palermo,PA,Palermo,Fried Chicken,EUR 10-20,4.6,568,38.183444,13.308651,Shopping Mall,Via Giuseppe Lanza di Scalea 1963 90146 Palermo,https://www.kfc.it/ristoranti,EUR 10-20,False
1038,KFC,Veneto,Padova,PD,Padova,Fried Chicken,EUR 10-20,4.1,664,45.4096251,11.877771,Shopping Mall,Galleria Garibaldi 2 35127 Padova,https://www.kfc.it/ristoranti,EUR 10-20,False
1039,KFC,Veneto,Padova,PD,Padova,Fried Chicken,EUR 10-20,4.2,2982,45.4171398,11.8789995,Transport Hub,Piazzale della Stazione 4C 35131 Padova,https://www.kfc.it/ristoranti,EUR 10-20,False
1040,KFC,Piemonte,Novara,NO,Novara,Fried Chicken,EUR 10-20,4.1,176,45.446546,8.6007813,Shopping Mall,Via Ugo Porzio Giovanola 7 28100 Novara,https://www.kfc.it/ristoranti,EUR 10-20,False
1041,KFC,Campania,Napoli,NA,Nola,Fried Chicken,EUR 10-20,4.5,458,40.949369,14.4867607,Shopping Mall,Via Boscofangone 80035 Nola,https://www.kfc.it/ristoranti,EUR 10-20,False
1042,KFC,Campania,Napoli,NA,Napoli,Fried Chicken,EUR 10-20,4.0,1667,40.8448099,14.2491386,City Center,Via Toledo 73-74 80134 Napoli,https://www.kfc.it/ristoranti,EUR 10-20,False
1043,KFC,Campania,Napoli,NA,Napoli,Fried Chicken,EUR 10-20,4.6,401,40.8509126,14.312105,Shopping Mall,Via Argine 380 80147 Napoli,https://www.kfc.it/ristoranti,EUR 10-20,False
1044,KFC,Lombardia,Monza e della Brianza,MB,Monza,Fried Chicken,EUR 10-20,4.7,686,45.5796294,9.272911,Transport Hub,Corso Milano 11 20900 Monza,https://www.kfc.it/ristoranti,EUR 10-20,False
1045,KFC,Puglia,Bari,BA,Molfetta,Fried Chicken,EUR 10-20,4.8,2421,41.204938,16.552872,Shopping Mall,Via Adriano Olivetti 70056 Molfetta,https://www.kfc.it/ristoranti,EUR 10-20,False
1046,KFC,Sicilia,Catania,CT,Misterbianco,Fried Chicken,EUR 10-20,4.7,1601,37.4781337,15.0104947,Shopping Mall,Strada Provinciale 54 95045 Misterbianco,https://www.kfc.it/ristoranti,EUR 10-20,False
1047,KFC,Sicilia,Messina,ME,Milazzo,Fried Chicken,EUR 10-20,4.2,763,38.1870069,15.2685994,Shopping Mall,Via Firenze 98057 Milazzo,https://www.kfc.it/ristoranti,EUR 10-20,False
1048,KFC,Lombardia,Milano,MI,Milano,Fried Chicken,EUR 10-20,3.6,174,45.4431736,9.1161215,Commercial Area,Via Lorenteggio 271 20152 Milano,https://www.kfc.it/ristoranti,EUR 10-20,False
1049,KFC,Lombardia,Milano,MI,Milano,Fried Chicken,EUR 10-20,3.6,184,45.5028606,9.1815896,Commercial Area,Via Imbonati 52 20159 Milano,https://www.kfc.it/ristoranti,EUR 10-20,False
1050,KFC,Lombardia,Milano,MI,Milano,Fried Chicken,EUR 10-20,3.6,68,45.4660675,9.1917328,City Center,Via Agnello 18 20121 Milano,https://www.kfc.it/ristoranti,EUR 10-20,False
1051,KFC,Lombardia,Milano,MI,Milano,Fried Chicken,EUR 10-20,3.8,148,45.453185,9.180137,Transport Hub,Piazza 24 Maggio 4 20136 Milano,https://www.kfc.it/ristoranti,EUR 10-20,False
1052,KFC,Lombardia,Milano,MI,Milano,Fried Chicken,EUR 10-20,3.5,1068,45.4855409,9.2167089,Commercial Area,Viale Abruzzi 93 20131 Milano,https://www.kfc.it/ristoranti,EUR 10-20,False
1053,KFC,Lombardia,Milano,MI,Milano,Fried Chicken,EUR 10-20,3.5,472,45.4808881,9.171125,Commercial Area,Via Sarpi 61 20154 Milano,https://www.kfc.it/ristoranti,EUR 10-20,False
1054,KFC,Lombardia,Milano,MI,Milano,Fried Chicken,EUR 10-20,3.5,520,45.4759267,9.2050826,Commercial Area,Via Panfilo Castaldi 37 20124 Milano,https://www.kfc.it/ristoranti,EUR 10-20,False
1055,KFC,Lombardia,Milano,MI,Milano,Fried Chicken,EUR 10-20,3.9,7614,45.4643077,9.187621,City Center,Via Orefici 10 20123 Milano,https://www.kfc.it/ristoranti,EUR 10-20,False
1056,KFC,Lombardia,Milano,MI,Milano,Fried Chicken,EUR 10-20,3.8,955,45.4854435,9.2048556,Transport Hub,Piazza Duca D'Aosta 1 20125 Milano,https://www.kfc.it/ristoranti,EUR 10-20,False
1057,KFC,Lombardia,Milano,MI,Milano,Fried Chicken,EUR 10-20,3.6,382,45.4532304,9.1702434,Transport Hub,Piazzale Stazione Genova snc 20144 Milano,https://www.kfc.it/ristoranti,EUR 10-20,False
1058,KFC,Lombardia,Milano,MI,Milano,Fried Chicken,EUR 10-20,3.7,1274,45.4647438,9.1943187,City Center,Via Privata della Passarella 4 20122 Milano,https://www.kfc.it/ristoranti,EUR 10-20,False
1059,KFC,Lombardia,Milano,MI,Milano,Fried Chicken,EUR 10-20,4.3,621,45.5139125,9.1032843,Shopping Mall,Via Daimler 61 20151 Milano,https://www.kfc.it/ristoranti,EUR 10-20,False
1060,KFC,Lombardia,Milano,MI,Milano,Fried Chicken,EUR 10-20,3.9,4641,45.5220831,9.2159078,Shopping Mall,Viale Sarca 228 20126 Milano,https://www.kfc.it/ristoranti,EUR 10-20,False
1061,KFC,Veneto,Venezia,VE,Venezia,Fried Chicken,EUR 10-20,3.4,219,45.5107066,12.2270141,Shopping Mall,Via Don Federico Tosatto 22 30174 Venezia,https://www.kfc.it/ristoranti,EUR 10-20,False
1062,KFC,Sicilia,Messina,ME,Messina,Fried Chicken,EUR 10-20,4.1,517,38.1857462,15.5570503,Commercial Area,Via Dogali 24/26 98122 Messina,https://www.kfc.it/ristoranti,EUR 10-20,False
1063,KFC,Campania,Avellino,AV,Località Macera,Fried Chicken,EUR 10-20,4.6,1190,40.9116186,14.7483574,Shopping Mall,Via Nicola Sant'Angelo 83013 Mercogliano,https://www.kfc.it/ristoranti,EUR 10-20,False
1064,KFC,Lombardia,Brescia,BS,Molinetto,Fried Chicken,EUR 10-20,3.1,29,45.5013439,10.3520256,Shopping Mall,Via Alcide De Gaspari 6 25080 Molinetto,https://www.kfc.it/ristoranti,EUR 10-20,False
1065,KFC,Veneto,Venezia,VE,Marcon,Fried Chicken,EUR 10-20,4.1,2767,45.5459006,12.304598,Shopping Mall,Via Enrico Mattei 1/C 30020 Marcon,https://www.kfc.it/ristoranti,EUR 10-20,False
1066,KFC,Campania,Caserta,CE,Marcianise,Fried Chicken,EUR 10-20,4.2,3231,41.0038451,14.3286315,Shopping Mall,Localitá Aurno 87 81025 Marcianise,https://www.kfc.it/ristoranti,EUR 10-20,False
1067,KFC,Toscana,Livorno,LI,Livorno,Fried Chicken,EUR 10-20,4.4,816,43.551007,10.308821,City Center,Piazza Grande 51 57123 Livorno,https://www.kfc.it/ristoranti,EUR 10-20,False
1068,KFC,Lombardia,Monza e della Brianza,MB,Limbiate,Fried Chicken,EUR 10-20,4.5,417,45.6076736,9.1306985,Shopping Mall,Via Giuseppe Garibaldi 1 20812 Limbiate,https://www.kfc.it/ristoranti,EUR 10-20,False
1069,KFC,Puglia,Lecce,LE,Cavallino,Fried Chicken,EUR 10-20,4.8,292,40.2934599,18.1974033,Shopping Mall,"SS16, 73020 73020 Cavallino",https://www.kfc.it/ristoranti,EUR 10-20,False
1070,KFC,Calabria,Catanzaro,CZ,Maida,Fried Chicken,EUR 10-20,4.8,987,38.9002452,16.3502911,Shopping Mall,Località Comuni Condomini km 48 88025 Maida,https://www.kfc.it/ristoranti,EUR 10-20,False
1071,KFC,Liguria,La Spezia,SP,La Spezia,Fried Chicken,EUR 10-20,3.9,308,44.1134357,9.8375247,Shopping Mall,Viale Italia 138 19124 La Spezia,https://www.kfc.it/ristoranti,EUR 10-20,False
1072,KFC,Lazio,Roma,RM,Roma,Fried Chicken,EUR 10-20,3.8,178,41.7541435,12.3707659,Commercial Area,Via Ermanno Wolf Ferrari 350 00124 Roma,https://www.kfc.it/ristoranti,EUR 10-20,False
1073,KFC,Lazio,Roma,RM,Albuccione,Fried Chicken,EUR 10-20,3.9,182,41.9551513,12.6971716,Shopping Mall,Via Dei Pioppi 7 00012 Guidonia,https://www.kfc.it/ristoranti,EUR 10-20,False
1074,KFC,Toscana,Grosseto,GR,Grosseto,Fried Chicken,EUR 10-20,4.7,844,42.7880622,11.1150296,Shopping Mall,Via Ecuador snc 58100 Grosseto,https://www.kfc.it/ristoranti,EUR 10-20,False
1075,KFC,Piemonte,Verbano-Cusio-Ossola,VB,Gravellona Toce,Fried Chicken,EUR 10-20,4.3,80,45.931291,8.4387263,Shopping Mall,Corso Guglielmo Marconi 42-44 28883 Gravellona,https://www.kfc.it/ristoranti,EUR 10-20,False
1076,KFC,Campania,Napoli,NA,Giugliano in Campania,Fried Chicken,EUR 10-20,3.2,46,40.934184,14.149362,Shopping Mall,Via Santa Maria a Cubito - Loc. Chiatano 80014 Giugliano,https://www.kfc.it/ristoranti,EUR 10-20,False
1077,KFC,Liguria,Genova,GE,Genova,Fried Chicken,EUR 10-20,4.3,2228,44.4070841,8.9462983,Transport Hub,Piazza Giuseppe Verdi 16122 Genova,https://www.kfc.it/ristoranti,EUR 10-20,False
1078,KFC,Liguria,Genova,GE,Genova,Fried Chicken,EUR 10-20,4.0,2040,44.413449,8.8802516,Shopping Mall,Via Fiumara 15/16 16149 Genova,https://www.kfc.it/ristoranti,EUR 10-20,False
1079,KFC,Emilia-Romagna,Forlì-Cesena,FC,Forlì,Fried Chicken,EUR 10-20,3.8,39,44.243164,12.082272,Shopping Mall,Piazzale della Cooperazione 2 47122 Forlì,https://www.kfc.it/ristoranti,EUR 10-20,False
1080,KFC,Lazio,Roma,RM,Roma,Fried Chicken,EUR 10-20,4.1,1106,41.8075068,12.2970211,Shopping Mall,Via Rino Gaetano 9 00054 Fiumicino,https://www.kfc.it/ristoranti,EUR 10-20,False
1081,KFC,Lazio,Roma,RM,Fiumicino,Fried Chicken,EUR 10-20,4.4,204,41.7989081,12.2972511,Shopping Mall,Viale Donato Bramante 31/65 00054 Fiumicino,https://www.kfc.it/ristoranti,EUR 10-20,False
1082,KFC,Toscana,Firenze,FI,Firenze,Fried Chicken,EUR 10-20,4.5,893,43.7761542,11.2500671,Transport Hub,Largo Fratelli Alinari 1 50123 Firenze,https://www.kfc.it/ristoranti,EUR 10-20,False
1083,KFC,Toscana,Firenze,FI,Firenze,Fried Chicken,EUR 10-20,4.9,1003,43.783343,11.262883,Commercial Area,Piazza della Libertà 47 50129 Firenze,https://www.kfc.it/ristoranti,EUR 10-20,False
1084,KFC,Toscana,Firenze,FI,Campi Bisenzio,Fried Chicken,EUR 10-20,4.5,7299,43.8482868,11.1436314,Shopping Mall,"Via San Quirico, 165 165 50013 Campi Bisenzio",https://www.kfc.it/ristoranti,EUR 10-20,False
1085,KFC,Friuli-Venezia Giulia,Udine,UD,Udine,Fried Chicken,EUR 10-20,3.8,21,46.0939909,13.231806,Shopping Mall,Via Tricesimo 149 33100 Udine,https://www.kfc.it/ristoranti,EUR 10-20,False
1086,KFC,Sardegna,Cagliari,CA,Sestu,Fried Chicken,EUR 10-20,3.8,931,39.3025421,9.0652583,Shopping Mall,"Ex ss 131, km 10800 09028 Sestu",https://www.kfc.it/ristoranti,EUR 10-20,False
1087,KFC,Lombardia,Brescia,BS,Roncadelle,Fried Chicken,EUR 10-20,3.0,225,45.5346408,10.1496162,Shopping Mall,Via Enrico Mattei 37/39 25030 Roncadelle,https://www.kfc.it/ristoranti,EUR 10-20,False
1088,KFC,Lazio,Roma,RM,Roma,Fried Chicken,EUR 10-20,4.6,577,41.8698869,12.5815054,Commercial Area,Via Casilina 1002 00169 Roma,https://www.kfc.it/ristoranti,EUR 10-20,False
1089,KFC,Emilia-Romagna,Rimini,RN,Rimini,Fried Chicken,EUR 10-20,3.5,544,44.042312,12.575579,Commercial Area,Via Flaminia Conca 145 47923 RImini,https://www.kfc.it/ristoranti,EUR 10-20,False
1090,KFC,Lazio,Roma,RM,Area Produttiva,Fried Chicken,EUR 10-20,4.2,1757,41.6738223,12.496582,Shopping Mall,Via del Mare 16 00046 Pomezia,https://www.kfc.it/ristoranti,EUR 10-20,False
1091,KFC,Lombardia,Bergamo,BG,Curno,Fried Chicken,EUR 10-20,3.9,2304,45.6912488,9.6238112,Shopping Mall,Via Enrico Fermi 56 24035 Curno,https://www.kfc.it/ristoranti,EUR 10-20,False
1092,KFC,Lombardia,Milano,MI,Assago,Fried Chicken,EUR 10-20,4.0,4109,45.4056172,9.1504342,Shopping Mall,Viale Milano Fiori 20090 Assago,https://www.kfc.it/ristoranti,EUR 10-20,False
1093,KFC,Campania,Napoli,NA,Sant'Antimo,Fried Chicken,EUR 10-20,4.2,1287,40.9339346,14.2226814,Service Area,S.S. Appia Sud snc 80029 Sant'Antimo,https://www.kfc.it/ristoranti,EUR 10-20,False
1094,KFC,Emilia-Romagna,Modena,MO,Cittanova,Fried Chicken,EUR 10-20,4.5,1364,44.6489014,10.8604022,Commercial Area,Viale Virgilio 9 41123 Modena,https://www.kfc.it/ristoranti,EUR 10-20,False
1095,KFC,Lombardia,Brescia,BS,Lonato del Garda,Fried Chicken,EUR 10-20,3.7,452,45.4349473,10.5157598,Commercial Area,Via Tiracollo 13 25017 Lonato del Garda,https://www.kfc.it/ristoranti,EUR 10-20,False
1096,KFC,Lombardia,Bergamo,BG,Dalmine,Fried Chicken,EUR 10-20,3.5,519,45.6514272,9.6197962,Commercial Area,Via Provinciale snc 24044 Dalmine,https://www.kfc.it/ristoranti,EUR 10-20,False
1097,KFC,Lombardia,Sondrio,SO,Castione Andevenno,Fried Chicken,EUR 10-20,3.7,133,46.1624557,9.8125909,Commercial Area,Viale Bruno Tirelli 149 23012 Castione Andevenno,https://www.kfc.it/ristoranti,EUR 10-20,False
1098,KFC,Lazio,Roma,RM,Anzio,Fried Chicken,EUR 10-20,4.2,471,41.4538285,12.6229946,Commercial Area,Via Nettunese Km 37+200 00042 Anzio,https://www.kfc.it/ristoranti,EUR 10-20,False
1099,KFC,Lombardia,Brescia,BS,"Località Viadotto, Desenzano Del Garda",Fried Chicken,EUR 10-20,2.8,118,45.4643162,10.5271189,Shopping Mall,Via Guglielmo Marconi 1 25015 Desenzano del Garda,https://www.kfc.it/ristoranti,EUR 10-20,False
1100,KFC,Lombardia,Bergamo,BG,Curno,Fried Chicken,EUR 10-20,3.3,98,45.6824333,9.6103866,Shopping Mall,Via Enrico Fermi 1 24035 Curno,https://www.kfc.it/ristoranti,EUR 10-20,False
1101,KFC,Calabria,Cosenza,CS,Corigliano,Fried Chicken,EUR 10-20,4.5,151,39.6735664,16.5051229,Shopping Mall,Strada Statale 106 km 18 87064 Corigliano,https://www.kfc.it/ristoranti,EUR 10-20,False
1102,KFC,Umbria,Perugia,PG,Perugia,Fried Chicken,EUR 10-20,4.9,1098,43.099091,12.309369,Shopping Mall,Via Aldo Capitini 8 06073 Corciano,https://www.kfc.it/ristoranti,EUR 10-20,False
1103,KFC,Marche,Macerata,MC,Civitanova Marche,Fried Chicken,EUR 10-20,2.5,134,43.2939723,13.7021062,Shopping Mall,Via S. Costantino 98 62012 Civitanova Marche,https://www.kfc.it/ristoranti,EUR 10-20,False
1104,KFC,Abruzzo,Chieti,CH,Chieti,Fried Chicken,EUR 10-20,3.9,1258,42.3430777,14.1251829,Shopping Mall,Localitá Santa Filomena 445 66100 Chieti,https://www.kfc.it/ristoranti,EUR 10-20,False
1105,KFC,Calabria,Catanzaro,CZ,Catanzaro,Fried Chicken,EUR 10-20,4.7,321,38.8423013,16.6470691,Shopping Mall,Viale Emilia 6188100 Catanzaro,https://www.kfc.it/ristoranti,EUR 10-20,False
1106,KFC,Sicilia,Catania,CT,Catania,Fried Chicken,EUR 10-20,4.2,1100,37.5066638,15.0879863,City Center,Piazza Turi Ferro 1 95100 Catania,https://www.kfc.it/ristoranti,EUR 10-20,False
1107,KFC,Sicilia,Catania,CT,San Giovanni La Punta,Fried Chicken,EUR 10-20,4.6,221,37.5867952,15.1016833,Shopping Mall,Via Alessandro Manzoni snc 95037 San Giovanni la Punta,https://www.kfc.it/ristoranti,EUR 10-20,False
1108,KFC,Sicilia,Catania,CT,Catania,Fried Chicken,EUR 10-20,4.2,2776,37.471712,15.0482977,Shopping Mall,Via Gelso Bianco 95121 Catania,https://www.kfc.it/ristoranti,EUR 10-20,False
1109,KFC,Lazio,Roma,RM,Roma,Fried Chicken,EUR 10-20,4.2,32,41.7142502,12.4453372,Shopping Mall,Via del Ponte di Piscina Cupa 121 00128 Castel Romano,https://www.kfc.it/ristoranti,EUR 10-20,False
1110,KFC,Campania,Caserta,CE,Caserta,Fried Chicken,EUR 10-20,4.0,145,41.0734317,14.3311679,Residential Area,Via Franco Ferrante 43 81100 Caserta,https://www.kfc.it/ristoranti,EUR 10-20,False
1111,KFC,Lombardia,Como,CO,Cantù,Fried Chicken,EUR 10-20,3.6,393,45.7347773,9.1133075,Shopping Mall,Corso Europa 23 22063 Cantù,https://www.kfc.it/ristoranti,EUR 10-20,False
1112,KFC,Sardegna,Cagliari,CA,Cagliari,Fried Chicken,EUR 10-20,4.7,517,39.2176336,9.1129903,City Center,Corso Vittorio Emanuele 7 09124 Cagliari,https://www.kfc.it/ristoranti,EUR 10-20,False
1113,KFC,Sardegna,Cagliari,CA,Quartucciu,Fried Chicken,EUR 10-20,4.7,1036,39.2446811,9.1626697,Shopping Mall,Via delle Serre 09044 Quartucciu,https://www.kfc.it/ristoranti,EUR 10-20,False
1114,KFC,Lombardia,Monza e della Brianza,MB,Busnago,Fried Chicken,EUR 10-20,3.4,370,45.6208942,9.4738492,Shopping Mall,Via Italia 197 20874 Busnago,https://www.kfc.it/ristoranti,EUR 10-20,False
1115,KFC,Lombardia,Brescia,BS,Brescia,Fried Chicken,EUR 10-20,4.2,210,45.57957571,10.2288099,Commercial Area,Via Triumplina 249 25136 Brescia,https://www.kfc.it/ristoranti,EUR 10-20,False
1116,KFC,Lombardia,Brescia,BS,Brescia,Fried Chicken,EUR 10-20,3.5,556,45.53780924,10.22003892,Commercial Area,Via IV Novembre 2 25121 Brescia,https://www.kfc.it/ristoranti,EUR 10-20,False
1117,KFC,Trentino-Alto Adige,Bolzano,BZ,Bolzano,Fried Chicken,EUR 10-20,4.1,720,46.4863911,11.3361803,Shopping Mall,Via Galileo Galilei 20 39100 Bolzano,https://www.kfc.it/ristoranti,EUR 10-20,False
1118,KFC,Emilia-Romagna,Bologna,BO,Zona Industriale Via del Lavoro,Fried Chicken,EUR 10-20,4.4,1773,44.48825,11.249,Shopping Mall,Centro Commerciale Gran Reno - Via Marilyn Monroe 2 40033 Casalecchio di Reno,https://www.kfc.it/ristoranti,EUR 10-20,False
1119,KFC,Emilia-Romagna,Bologna,BO,Bologna,Fried Chicken,EUR 10-20,4.1,4477,44.5053896,11.34248,Transport Hub,Piazza delle Medaglie d'Oro 1 40121 Bologna,https://www.kfc.it/ristoranti,EUR 10-20,False
1120,KFC,Lombardia,Bergamo,BG,Bergamo,Fried Chicken,EUR 10-20,2.8,345,45.6939302,9.6704309,City Center,Largo Porta Nuova 5 24122 Bergamo,https://www.kfc.it/ristoranti,EUR 10-20,False
1121,KFC,Lombardia,Bergamo,BG,Orio al Serio,Fried Chicken,EUR 10-20,3.9,3451,45.6617636,9.696004,Transport Hub,Via Portico 71 24050 Orio Al Serio,https://www.kfc.it/ristoranti,EUR 10-20,False
1122,KFC,Sicilia,Catania,CT,Belpasso,Fried Chicken,EUR 1-10,4.7,438,37.5422636,14.9541142,Commercial Area,Località Valcorrente 95032 Belpasso,https://www.kfc.it/ristoranti,EUR 1-10,False
1123,KFC,Lombardia,Milano,MI,Bellinzago Lombardo,Fried Chicken,EUR 1-20,3.5,31,45.5458442,9.4535501,Shopping Mall,Via Padana Superiore 154 20060 Bellinzago Lombardo,https://www.kfc.it/ristoranti,EUR 10-20,True
1124,KFC,Puglia,Bari,BA,Centri Commerc. Baricentro-Auchan,Fried Chicken,EUR 10-20,4.5,1390,40.9680372,16.9248904,Shopping Mall,Via Noicattaro 2 70010 Casamassima,https://www.kfc.it/ristoranti,EUR 10-20,False
1125,KFC,Piemonte,Asti,AT,Asti,Fried Chicken,EUR 10-20,2.7,105,44.9148924,8.2247238,Shopping Mall,Corso Casale 319 14100 Asti,https://www.kfc.it/ristoranti,EUR 10-20,False
1126,KFC,Lazio,Roma,RM,Ariccia,Fried Chicken,EUR 10-20,4.3,103,41.713883,12.6315996,Service Area,via Nettunense km 6.500 00072 Roma,https://www.kfc.it/ristoranti,EUR 10-20,False
1127,KFC,Toscana,Arezzo,AR,Arezzo,Fried Chicken,EUR 10-20,4.6,736,43.4755449,11.8618018,Shopping Mall,Viale Giovanni Amendola 13-15 52100 Arezzo,https://www.kfc.it/ristoranti,EUR 10-20,False
1128,KFC,Lombardia,Milano,MI,Arese,Fried Chicken,EUR 10-20,3.8,3715,45.5639146,9.0541244,Shopping Mall,Via Giuseppe Eugenio Luraghi 11 20044 Arese,https://www.kfc.it/ristoranti,EUR 10-20,False
1129,KFC,Lazio,Roma,RM,Fiumicino,Fried Chicken,EUR 10-20,3.4,1599,41.7951792,12.2565306,Transport Hub,"T1 - Partenze, piano 1 00054 Fiumicino",https://www.kfc.it/ristoranti,EUR 10-20,False
1130,KFC,Lombardia,Bergamo,BG,Orio al Serio,Fried Chicken,EUR 10-20,2.0,17,45.6651241,9.702185,Transport Hub,Via Aeroporto 13 24050 Bergamo,https://www.kfc.it/ristoranti,EUR 10-20,False
1131,Popeyes,Lombardia,Milano,MI,Milano,Fried Chicken,EUR 10-20,4.3,603,45.4582745,9.1781894,City Center,"Via Edmondo de Amicis, 25, 20123 Milano MI",Google maps: popeyes locations in italy,EUR 10-20,False
1132,Popeyes,Lombardia,Milano,MI,Milano,Fried Chicken,EUR 10-20,4.2,861,45.4796161,9.2099211,Commercial Area,"Corso Buenos Aires, 35, 20124 Milano MI",Google maps: popeyes locations in italy,EUR 10-20,False
1133,Popeyes,Piemonte,Torino,TO,Torino,Fried Chicken,EUR 10-20,3.3,160,45.0767631,7.6705873,City Center,"Piazza Statuto, 16, 10122 Torino TO",Google maps: popeyes locations in italy,EUR 10-20,False
1134,Popeyes,Abruzzo,Pescara,PE,Montesilvano,Fried Chicken,EUR 10-20,4.1,205,42.518628,14.146599,City Center,"Via Cavallotti, 3, 65015 Montesilvano PE",Google maps: popeyes locations in italy,EUR 10-20,False
1135,Popeyes,Lombardia,Milano,MI,Milano,Fried Chicken,EUR 10-20,4.2,141,45.4805369,9.19251,Commercial Area,"Piazzale Clotilde, Via Amerigo Vespucci, 20124 Milano MI",Google maps: popeyes locations in italy,EUR 10-20,False
1136,Popeyes,Lombardia,Milano,MI,Milano,Fried Chicken,EUR 10-20,4.1,92,45.4776316,9.1463705,Commercial Area,"Via Guglielmo Silva, 49, 20149 Milano MI",Google maps: popeyes locations in italy,EUR 10-20,False
1137,Popeyes,Campania,Caserta,CE,Gricignano di Aversa,Fried Chicken,EUR 20-30,3.5,10,40.9915754,14.2518713,Shopping Mall,"81030 Gricignano di Aversa, Province of Caserta",Google maps: popeyes locations in italy,EUR 20-30,False
1138,Popeyes,Lazio,Roma,RM,Roma,Fried Chicken,EUR 10-20,4.1,170,41.9082757,12.5386395,Commercial Area,"Via Tiburtina, 436, 00159 Roma RM",Google maps: popeyes locations in italy,EUR 10-20,False
1139,Popeyes,Toscana,Firenze,FI,Firenze,Fried Chicken,EUR 10-20,3.8,36,43.7846748,11.2277412,Commercial Area,"Via Gaetano Donizetti, 16, 50144 Firenze FI",Google maps: popeyes locations in italy,EUR 10-20,False
1140,Popeyes,Sicilia,Palermo,PA,Palermo,Fried Chicken,EUR 1-10,4.7,45,38.1117226,13.3357091,Commercial Area,"Via Libero Grassi, 38, 90135 Palermo PA",Google maps: popeyes locations in italy,EUR 1-10,False
1141,Popeyes,Lombardia,Milano,MI,Milano,Fried Chicken,EUR 10-20,4.6,546,45.3610512,9.2161174,Shopping Mall,"Via Milano, 5, 20085 Milano MI",Google maps: popeyes locations in italy,EUR 10-20,False
1142,Popeyes,Marche,Macerata,MC,Cingoli,Fried Chicken,EUR 10-20,4.4,1738,43.3736503,13.1534028,Service Area,"Località Castreccioni, 44, 62011 Cingoli MC",Google maps: popeyes locations in italy,EUR 10-20,False
1143,Popeyes,Lazio,Roma,RM,Roma,Fried Chicken,EUR 1-10,4.6,1200,41.9126924,12.4541647,Residential Area,"Via della Giuliana, 53/55, 00195 Roma RM",Google maps: popeyes locations in italy,EUR 1-10,False
1144,Popeyes,Marche,Macerata,MC,Potenza Picena,Fried Chicken,EUR 10-20,4.6,297,43.3635853,13.6188331,Residential Area,"Via delle Fonti, 11, 62018 Potenza Picena MC",Google maps: popeyes locations in italy,EUR 10-20,False
1145,Popeyes,Emilia-Romagna,Bologna,BO,Imola,Fried Chicken,EUR 10-20,4.8,164,44.3505965,11.7155855,City Center,"Via Quaini, 43, 40026 Imola BO",Google maps: popeyes locations in italy,EUR 10-20,False
1146,Starbucks,Lazio,Roma,RM,Roma,Coffee,EUR 1-10,3.9,1160,41.9002757,12.4787784,City Center,Via Della Guglia 56/59 Roma 00186,https://www.starbucks.it/it/stores,EUR 1-10,False
1147,Starbucks,Lazio,Roma,RM,Roma,Coffee,EUR 1-10,3.9,951,41.9022227,12.4809056,City Center,"Piazza San Silvestro, 6 Roma 00187",https://www.starbucks.it/it/stores,EUR 1-10,False
1148,Starbucks,Lazio,Roma,RM,Roma,Coffee,EUR 1-10,3.9,401,41.9090677,12.4689228,Commercial Area,Via Cola di Rienzo 21/A-23/A Roma 00192,https://www.starbucks.it/it/stores,EUR 1-10,False
1149,Starbucks,Lazio,Roma,RM,Roma,Coffee,EUR 1-10,2.8,11,41.9014401,12.5022423,Transport Hub,Via G. Giolitti 40 Roma 00185,https://www.starbucks.it/it/stores,EUR 1-10,False
1150,Starbucks,Lazio,Roma,RM,Roma,Coffee,EUR 1-10,2.7,128,41.9709322,12.5387076,Shopping Mall,Via Alberto Lionello 201 Roma 00139,https://www.starbucks.it/it/stores,EUR 1-10,False
1151,Starbucks,Lazio,Roma,RM,Castel Romano,Coffee,EUR 1-10,3.8,1599,41.7161901,12.4445736,Shopping Mall,Via del Ponte di Piscina Cupa 64 Roma 00128,https://www.starbucks.it/it/stores,EUR 1-10,False
1152,Starbucks,Campania,Caserta,CE,Marcianise,Coffee,EUR 1-10,3.6,613,41.0052195,14.3207538,Shopping Mall,S.P. 336 Sannitica Marcianise 81025,https://www.starbucks.it/it/stores,EUR 1-10,False
1153,Starbucks,Campania,Napoli,NA,Napoli,Coffee,EUR 1-10,3.8,473,40.8389919,14.2494443,City Center,Galleria Umberto I 40-43 Napoli 80132,https://www.starbucks.it/it/stores,EUR 1-10,False
1154,Starbucks,Campania,Napoli,NA,Napoli,Coffee,EUR 1-10,3.0,108,40.8534404,14.2724053,Transport Hub,"Piazza Garibaldi, 1 Napoli 80142",https://www.starbucks.it/it/stores,EUR 1-10,False
1155,Starbucks,Campania,Napoli,NA,Torre Annunziata,Coffee,EUR 1-10,3.9,93,40.7483874,14.4695046,Shopping Mall,"Via Plinio, 56 Torre Annunziata 80058 &#160",https://www.starbucks.it/it/stores,EUR 1-10,False
1156,Starbucks,Toscana,Firenze,FI,Firenze,Coffee,EUR 1-10,3.1,201,43.7715298,11.2570307,City Center,"Via del Corso, 24 Firenze 50122",https://www.starbucks.it/it/stores,EUR 1-10,False
1157,Starbucks,Toscana,Firenze,FI,Firenze,Coffee,EUR 1-10,3.5,891,43.7734965,11.252939,City Center,Via de' Cerretani 46/R Firenze 50123,https://www.starbucks.it/it/stores,EUR 1-10,False
1158,Starbucks,Toscana,Firenze,FI,Firenze,Coffee,EUR 1-10,3.4,288,43.7765949,11.2487554,Transport Hub,Piazza della Stazione Firenze 50123,https://www.starbucks.it/it/stores,EUR 1-10,False
1159,Starbucks,Emilia-Romagna,Rimini,RN,Rimini,Coffee,EUR 1-10,2.9,118,44.0398216,12.5866426,Shopping Mall,"Via Caduti di Nassirya, 20 Rimini 47924",https://www.starbucks.it/it/stores,EUR 1-10,False
1160,Starbucks,Toscana,Firenze,FI,Campi Bisenzio,Coffee,EUR 1-10,3.8,2376,43.8480209,11.143117,Shopping Mall,Via San Quirico 165 Campi Bisenzio 50013,https://www.starbucks.it/it/stores,EUR 1-10,False
1161,Starbucks,Toscana,Livorno,LI,Livorno,Coffee,EUR 1-10,3.9,522,43.543969,10.3021399,Shopping Mall,Via Gaetano D'Alesio 2 Porta a Mare 57123,https://www.starbucks.it/it/stores,EUR 1-10,False
1162,Starbucks,Emilia-Romagna,Bologna,BO,Bologna,Coffee,EUR 1-10,3.6,593,44.4916812,11.3419066,City Center,Via D'Azeglio 34 Bologna 40124,https://www.starbucks.it/it/stores,EUR 1-10,False
1163,Starbucks,Emilia-Romagna,Bologna,BO,Zona Industriale Via del Lavoro,Coffee,EUR 1-10,3.3,68,44.4885428,11.2477067,Shopping Mall,Via Marilyn Monroe 2 Casalecchio di Reno 40033,https://www.starbucks.it/it/stores,EUR 1-10,False
1164,Starbucks,Puglia,Bari,BA,Bari,Coffee,EUR 1-10,3.6,710,41.1225369,16.8706754,City Center,Via Argiro 112-112A Bari 70121,https://www.starbucks.it/it/stores,EUR 1-10,False
1165,Starbucks,Veneto,Padova,PD,Padova,Coffee,EUR 1-10,3.5,296,45.4064963,11.8758816,City Center,"Piazza delle Erbe, 1 Padova 35122",https://www.starbucks.it/it/stores,EUR 1-10,False
1166,Starbucks,Veneto,Venezia,VE,Venezia,Coffee,EUR 1-10,3.8,416,45.4372878,12.336584,City Center,Marzarieta Due Aprile Venezia 30124,https://www.starbucks.it/it/stores,EUR 1-10,False
1167,Starbucks,Liguria,Genova,GE,Genova,Coffee,EUR 1-10,3.8,598,44.4059534,8.9380607,City Center,"Via Alla Porta Degli Archi, 6R Genova 16128",https://www.starbucks.it/it/stores,EUR 1-10,False
1168,Starbucks,Veneto,Verona,VR,Verona,Coffee,EUR 1-10,3.3,95,45.405258,10.9760224,Shopping Mall,"Viale Delle Nazioni, 1 Verona 37135",https://www.starbucks.it/it/stores,EUR 1-10,False
1169,Starbucks,Veneto,Verona,VR,Verona,Coffee,EUR 1-10,4.1,1462,45.4420721,10.995303,City Center,Galleria Pellicciai 2 Verona 37121,https://www.starbucks.it/it/stores,EUR 1-10,False
1170,Starbucks,Veneto,Venezia,VE,Noventa di Piave,Coffee,EUR 1-10,3.6,60,45.6697768,12.5361856,Shopping Mall,"Via Marco Polo, 1 Noventa di Piave 30020",https://www.starbucks.it/it/stores,EUR 1-10,False
1171,Starbucks,Lombardia,Brescia,BS,Lonato del Garda,Coffee,EUR 1-10,3.7,33,45.431661,10.5146485,Shopping Mall,"Via Mantova, 36 Lonato 25017",https://www.starbucks.it/it/stores,EUR 1-10,False
1172,Starbucks,Piemonte,Alessandria,AL,Serravalle Scrivia,Coffee,EUR 1-10,3.8,2279,44.735252,8.8379174,Shopping Mall,Via della Moda 1 Serravalle Scrivia 15069,https://www.starbucks.it/it/stores,EUR 1-10,False
1173,Starbucks,Lombardia,Brescia,BS,Roncadelle,Coffee,EUR 1-10,3.3,214,45.534811,10.1647796,Shopping Mall,Via Einaudi Mattei 37/39 Roncadelle 25030,https://www.starbucks.it/it/stores,EUR 1-10,False
1174,Starbucks,Lombardia,Brescia,BS,Rodengo Saiano,Coffee,EUR 1-10,4.2,851,45.5763835,10.119336,Shopping Mall,Piazza Cascina Moie 1/2 Rodengo Saiano 25050,https://www.starbucks.it/it/stores,EUR 1-10,False
1175,Starbucks,Lombardia,Brescia,BS,Villa Pedergnano,Coffee,EUR 1-10,3.9,724,45.5799802,10.0035205,Commercial Area,Via Rovato 43 Erbusco 25030,https://www.starbucks.it/it/stores,EUR 1-10,False
1176,Starbucks,Lombardia,Milano,MI,Carla Betulla,Coffee,EUR 1-10,3.4,337,45.3610924,9.2160175,Shopping Mall,Via Milano 5 Locate di Triulzi 20085,https://www.starbucks.it/it/stores,EUR 1-10,False
1177,Starbucks,Lombardia,Milano,MI,Milano,Coffee,EUR 1-10,3.5,41,45.3918083,9.1778346,Shopping Mall,Via Curiel 25 Rozzano 20089,https://www.starbucks.it/it/stores,EUR 1-10,False
1178,Starbucks,Lombardia,Bergamo,BG,Orio al Serio,Coffee,EUR 1-10,4.3,472,45.6643601,9.6955429,Shopping Mall,Via Portico 71 Orio al Serio 24050,https://www.starbucks.it/it/stores,EUR 1-10,False
1179,Starbucks,Lombardia,Milano,MI,Milano,Coffee,EUR 1-10,3.8,2448,45.4656733,9.1985864,City Center,Via Durini 28 Milano 20122,https://www.starbucks.it/it/stores,EUR 1-10,False
1180,Starbucks,Lombardia,Milano,MI,Milano,Coffee,EUR 1-10,3.8,701,45.4625775,9.1870121,City Center,Via Torino 21 Milano 20123,https://www.starbucks.it/it/stores,EUR 1-10,False
1181,Starbucks,Lombardia,Milano,MI,Milano,Coffee,EUR 1-10,3.8,2800,45.4857709,9.2058508,Transport Hub,Piazza Savoia 1 Milano 20124,https://www.starbucks.it/it/stores,EUR 1-10,False
1182,Starbucks,Lombardia,Milano,MI,Milano,Coffee,EUR 1-10,3.9,1314,45.4663709,9.1645017,Commercial Area,Corso Vercelli 2 Milano 20145,https://www.starbucks.it/it/stores,EUR 1-10,False
1183,Starbucks,Lombardia,Milano,MI,Milano,Coffee,EUR 1-10,3.9,2891,45.4801045,9.1866584,Commercial Area,Corso Garibaldi 118 Milano 20121,https://www.starbucks.it/it/stores,EUR 1-10,False
1184,Starbucks,Lombardia,Bergamo,BG,Bergamo,Coffee,EUR 1-10,4.1,536,45.6930418,9.6669928,City Center,Via XX Settembre Bergamo 24122,https://www.starbucks.it/it/stores,EUR 1-10,False
1185,Starbucks,Lombardia,Milano,MI,Milano,Coffee,EUR 1-10,3.8,816,45.4881981,9.1953575,Commercial Area,Via Restelli 5 Milano 20124,https://www.starbucks.it/it/stores,EUR 1-10,False
1186,Starbucks,Lombardia,Milano,MI,Milano,Coffee,EUR 1-10,3.9,37,45.513327,9.1001461,Shopping Mall,Via Triboniano Milano 20151,https://www.starbucks.it/it/stores,EUR 1-10,False
1187,Starbucks,Lombardia,Milano,MI,Arese,Coffee,EUR 1-10,3.1,225,45.5631654,9.053646,Shopping Mall,Via Giuseppe Eugenio Luraghi 1 Arese 20044,https://www.starbucks.it/it/stores,EUR 1-10,False
1188,Starbucks,Lombardia,Varese,VA,Ferno,Coffee,EUR 1-10,3.8,751,45.6266085,8.7127663,Transport Hub,Aeroporto Milano Malpensa T1 Ferno 21010,https://www.starbucks.it/it/stores,EUR 1-10,False
1189,Starbucks,Lombardia,Varese,VA,Somma Lombardo,Coffee,EUR 1-10,3.9,16,45.6468235,8.7233618,Transport Hub,Aeroporto Milano Malpensa T2 Somma Lombarda 21019,https://www.starbucks.it/it/stores,EUR 1-10,False
1190,Starbucks,Trentino-Alto Adige,Bolzano,BZ,Bolzano,Coffee,EUR 1-10,3.3,48,46.4964726,11.3556662,Shopping Mall,"Piazza Alto Adige, 1 Bolzano 39100",https://www.starbucks.it/it/stores,EUR 1-10,False
1191,Starbucks,Piemonte,Torino,TO,Torino,Coffee,EUR 1-10,3.7,300,45.0617405,7.6783568,Transport Hub,Corso Vittorio Emanuele II 58 Torino 10123,https://www.starbucks.it/it/stores,EUR 1-10,False
1192,Starbucks,Piemonte,Torino,TO,Torino,Coffee,EUR 1-10,3.8,3088,45.0656176,7.6804157,City Center,Via Bruno Buozzi 5 Torino 10121,https://www.starbucks.it/it/stores,EUR 1-10,False
1193,Starbucks,Piemonte,Torino,TO,Settimo Torinese,Coffee,EUR 1-10,3.7,277,45.1285918,7.7389881,Shopping Mall,Via Torino 160 Settimo Torinese 10036,https://www.starbucks.it/it/stores,EUR 1-10,False
1194,Subway,Friuli-Venezia Giulia,Pordenone,PN,Aviano,Sandwiches,EUR 1-10,4.1,28,46.0659894,12.5786219,Shopping Mall,Casella Postale 6 Area 1 Bldg 179 33081 Aviano,https://restaurants.subway.com/italy,EUR 1-10,False
1195,Subway,Toscana,Firenze,FI,Firenze,Sandwiches,EUR 1-10,3.9,814,43.7768652,11.2572341,City Center,Via Cavour 65/R 50129 Florence FI,https://restaurants.subway.com/italy,EUR 1-10,False
1196,Subway,Campania,Caserta,CE,Gricignano di Aversa,Sandwiches,EUR 10-20,3.5,42,40.9915369,14.2521363,Shopping Mall,210-990 Base Military American Bldg 2091 81030 Gricignano Di Aversa CE,https://restaurants.subway.com/italy,EUR 10-20,False
1197,Subway,Sicilia,Siracusa,SR,Lentini,Sandwiches,,1.0,1,37.4101855,14.9203852,Shopping Mall,Naval Air Station Sigonella Ii 96016 Lentini SR,https://restaurants.subway.com/italy,EUR 1-10,True
1198,Subway,Sicilia,Siracusa,SR,Lentini,Sandwiches,EUR 10-20,4.1,77,37.410538,14.9198641,Shopping Mall,Nex Sigonella 96016 Lentini SR,https://restaurants.subway.com/italy,EUR 10-20,False
1199,Subway,Campania,Napoli,NA,Napoli,Sandwiches,,3.3,9,40.8899241,14.275774,Commercial Area,Bldg 448 Naval Support Acitivity 80144 Naples NA,https://restaurants.subway.com/italy,EUR 1-10,True
1200,Subway,Toscana,Pisa,PI,Pisa,Sandwiches,EUR 1-10,3.6,992,43.7221723,10.3979715,City Center,Piazza Dell'Arcivescovado 3 56126 Pisa PI,https://restaurants.subway.com/italy,EUR 1-10,False
1201,Subway,Veneto,Vicenza,VI,Vicenza,Sandwiches,,1.8,13,45.548694,11.577881,Shopping Mall,Caserne Ederle Bldg 302 Food Court 36100 Vicenza,https://restaurants.subway.com/italy,EUR 1-10,True
1202,Subway,Veneto,Vicenza,VI,Vicenza,Sandwiches,,2.3,8,45.556829,11.5651733,Commercial Area,Dal Molin Airfield Via Sant' Antonio #59 36100 Vicenza VI,https://restaurants.subway.com/italy,EUR 1-10,True
1203,Alice Pizza,Veneto,Verona,VR,Affi,Pizza,EUR 1-10,4.1,169,45.5521303,10.7820158,Shopping Mall,"Alice Affi Centro Commerciale Grand'Affi, Località Canove, 1, 37010 Affi",https://www.alicepizza.it/en/pizzerias/,EUR 1-10,False
1204,Alice Pizza,Sicilia,Agrigento,AG,Villaseta,Pizza,EUR 1-10,3.6,45,37.2983069,13.5534796,Shopping Mall,"Alice Pizza Città dei Templi Via Fosse Ardeatine, Agrigento",https://www.alicepizza.it/en/pizzerias/,EUR 1-10,False
1205,Alice Pizza,Lazio,Roma,RM,Albano Laziale,Pizza,EUR 1-10,4.1,311,41.7279333,12.6597374,City Center,Alice Albano Laziale Corso Giacomo Matteotti 183 Albano,https://www.alicepizza.it/en/pizzerias/,EUR 1-10,False
1206,Alice Pizza,Lazio,Latina,LT,Aprilia,Pizza,EUR 1-10,4.0,360,41.5931874,12.6275187,Shopping Mall,Alice Pizza CC Aprilia C.C. Aprilia 2 SS 148 Pontina Km 44 Aprilia 06/9253893,https://www.alicepizza.it/en/pizzerias/,EUR 1-10,False
1207,Alice Pizza,Lazio,Latina,LT,Aprilia,Pizza,EUR 1-10,4.3,394,41.5892598,12.6528221,Commercial Area,Alice Aprilia Via De Gasperi Via Alcide De Gasperi 79 Aprilia,https://www.alicepizza.it/en/pizzerias/,EUR 1-10,False
1208,Alice Pizza,Lombardia,Milano,MI,Assago,Pizza,EUR 1-10,3.3,118,45.4035676,9.1527834,Shopping Mall,"Alice Assago Centro Commerciale Milanofiori Viale Milano Fiori, 20090 Assago MI 02 5004 3632",https://www.alicepizza.it/en/pizzerias/,EUR 1-10,False
1209,Alice Pizza,Abruzzo,L'Aquila,AQ,Avezzano,Pizza,EUR 1-10,4.3,108,42.0360432,13.4277797,City Center,Alice Avezzano Via Camillo Corradini 195 Avezzano 0863/455252,https://www.alicepizza.it/en/pizzerias/,EUR 1-10,False
1210,Alice Pizza,Lombardia,Milano,MI,Bellinzago Lombardo,Pizza,EUR 1-10,3.7,81,45.5459044,9.4541661,Shopping Mall,"Alice La Corte Lombarda Centro Commerciale La Corte Lombarda, Via Padana Superiore, 154, 20060 Bellinzago Lombardo MI",https://www.alicepizza.it/en/pizzerias/,EUR 1-10,False
1211,Alice Pizza,Lombardia,Bergamo,BG,Orio al Serio,Pizza,EUR 1-10,2.9,113,45.6618521,9.6960598,Shopping Mall,"Alice Orio Center Via Portico, 71 Orio al Serio | Orio Center 1° Piano",https://www.alicepizza.it/en/pizzerias/,EUR 1-10,False
1212,Alice Pizza,Lombardia,Bergamo,BG,Bergamo,Pizza,EUR 1-10,4.1,550,45.6932559,9.6715077,City Center,"Alice Bergamo Viale Papa Giovanni XXIII 44, Bergamo",https://www.alicepizza.it/en/pizzerias/,EUR 1-10,False
1213,Alice Pizza,Emilia-Romagna,Bologna,BO,Bologna,Pizza,EUR 1-10,4.1,35,44.5141483,11.3294678,Service Area,"Alice Pizza La Pioppa Est A14 Bologna-Taranto, Km 2.3 - Zola Predosa (BO), 40069",https://www.alicepizza.it/en/pizzerias/,EUR 1-10,False
1214,Alice Pizza,Puglia,Brindisi,BR,Brindisi,Pizza,EUR 1-10,4.7,335,40.6187835,17.9020437,Commercial Area,"Alice Brindisi Centro Commerciale Le Colonne, SS7, 712, 72100 Brindisi BR",https://www.alicepizza.it/en/pizzerias/,EUR 1-10,False
1215,Alice Pizza,Sardegna,Cagliari,CA,Cagliari,Pizza,EUR 1-10,4.0,308,39.2170153,9.1192545,City Center,"Alice Pizza Cagliari Garibaldi Via Giuseppe Garibaldi, 144-146, 09125 Cagliari CA",https://www.alicepizza.it/en/pizzerias/,EUR 1-10,False
1216,Alice Pizza,Sardegna,Cagliari,CA,Quartucciu,Pizza,EUR 1-10,3.9,324,39.2452258,9.1652224,Shopping Mall,"Alice Cagliari Centro Commerciale Le Vele, Via delle Serre, Quartucciu (Cagliari)",https://www.alicepizza.it/en/pizzerias/,EUR 1-10,False
1217,Alice Pizza,Abruzzo,Chieti,CH,Chieti,Pizza,EUR 1-10,3.5,208,42.3440422,14.1284478,Shopping Mall,Alice Chieti Centro Commerciale Megalò Località Santa Filomena Chieti,https://www.alicepizza.it/en/pizzerias/,EUR 1-10,False
1218,Alice Pizza,Lazio,Roma,RM,Ciampino,Pizza,EUR 1-10,4.3,928,41.8045898,12.6014125,Transport Hub,Alice Ciampino Viale John Fitzgerald Kennedy 41 Ciampino,https://www.alicepizza.it/en/pizzerias/,EUR 1-10,False
1219,Alice Pizza,Lombardia,Milano,MI,Cinisello Balsamo,Pizza,EUR 1-10,4.2,55,45.549746,9.2382617,Commercial Area,"Alice Pizza Cinisello Viale Brianza 2, Cinisello Balsamo 02 72199377",https://www.alicepizza.it/en/pizzerias/,EUR 1-10,False
1220,Alice Pizza,Lombardia,Cremona,CR,Cremona,Pizza,EUR 1-10,2.7,38,45.1486985,9.9979576,Shopping Mall,"Alice Pizza CC CremonaPo Centro Commerciale CremonaPo, via Castelleone 108, Cremona (CR) 02 40703328",https://www.alicepizza.it/en/pizzerias/,EUR 1-10,False
1221,Alice Pizza,Piemonte,Cuneo,CN,Cuneo,Pizza,EUR 1-10,4.2,489,44.3924608,7.5824927,Shopping Mall,Alice Cuneo Centro Commerciale Auchan Via Margarita 8 Cuneo,https://www.alicepizza.it/en/pizzerias/,EUR 1-10,False
1222,Alice Pizza,Piemonte,Cuneo,CN,Cuneo,Pizza,EUR 1-10,4.3,314,44.3849144,7.5421816,Commercial Area,Alice Corso Giolitti (Cuneo) Corso Giolitti 4d,https://www.alicepizza.it/en/pizzerias/,EUR 1-10,False
1223,Alice Pizza,Lombardia,Brescia,BS,Bessimo Superiore I,Pizza,EUR 1-30,3.9,47,45.8733864,10.1563407,Shopping Mall,"Alice Adamello Centro Commerciale Adamello, Via Cassiano Serventi, n. 2, 25047 Darfo Boario Terme BS",https://www.alicepizza.it/en/pizzerias/,EUR 1-10,True
1224,Alice Pizza,Lombardia,Brescia,BS,Desenzano del Garda,Pizza,EUR 1-10,4.3,57,45.4641826,10.52731,Shopping Mall,"Alice Pizza Desenzano Centro Commerciale Le Vele | Via Guglielmo Marconi 1, Desenzano del Garda (BS)",https://www.alicepizza.it/en/pizzerias/,EUR 1-10,False
1225,Alice Pizza,Lombardia,Brescia,BS,Villa Pedergnano,Pizza,EUR 1-10,4.0,21,45.5799886,9.9995172,Shopping Mall,"Alice Le Porte Franche Centro Commerciale Le Porte Franche, Via Rovato 44, 25030 Erbusco (BS)",https://www.alicepizza.it/en/pizzerias/,EUR 1-10,False
1226,Alice Pizza,Lombardia,Varese,VA,Ferno,Pizza,EUR 10-20,2.4,169,45.6288826,8.7125443,Transport Hub,Alice Pizza Malpensa Aeroporto Milano Malpensa - Terminal 1 arrivi internazionali,https://www.alicepizza.it/en/pizzerias/,EUR 10-20,False
1227,Alice Pizza,Lazio,Roma,RM,Tor Lupara,Pizza,EUR 1-10,4.3,363,41.9947363,12.6188879,Commercial Area,Alice Fonte Nuova Via Nomentana 622 Fonte Nuova (Roma),https://www.alicepizza.it/en/pizzerias/,EUR 1-10,False
1228,Alice Pizza,Emilia-Romagna,Forlì-Cesena,FC,Forlì,Pizza,EUR 1-10,4.2,145,44.2435268,12.0815285,Shopping Mall,Alice Forlì C.C. Punta di Ferro C.C. Punta di Ferro Piazzale della Cooperazione 2 47122 Forlì,https://www.alicepizza.it/en/pizzerias/,EUR 1-10,False
1229,Alice Pizza,Lazio,Frosinone,FR,Le Lame-area Industriale,Pizza,EUR 1-10,4.6,211,41.6216241,13.2855155,Shopping Mall,"Alice Pizza CC Le Sorgenti Via armando vona , 20 C/O C.c. Le Sorgenti",https://www.alicepizza.it/en/pizzerias/,EUR 1-10,False
1230,Alice Pizza,Liguria,Genova,GE,Genova,Pizza,EUR 1-10,4.2,863,44.4127962,8.8825755,Shopping Mall,Alice Pizza Genova CC Fiumara Fiumara Centro Commerciale - Via Fiumara 15 Genova 010/2368611,https://www.alicepizza.it/en/pizzerias/,EUR 1-10,False
1231,Alice Pizza,Toscana,Grosseto,GR,Grosseto,Pizza,EUR 1-10,3.4,61,42.7885304,11.1138987,Shopping Mall,Alice Grosseto Centro Maremà Via Ecuador 30 Grosseto,https://www.alicepizza.it/en/pizzerias/,EUR 1-10,False
1232,Alice Pizza,Lazio,Roma,RM,Grottaferrata,Pizza,EUR 1-10,4.3,115,41.7888662,12.6701488,City Center,"Alice Pizza Grottaferrata Via A. Santovetti 16, Grottaferrata 06.87726668",https://www.alicepizza.it/en/pizzerias/,EUR 1-10,False
1233,Alice Pizza,Lazio,Roma,RM,Villanova,Pizza,EUR 1-10,4.1,158,41.9645864,12.7560252,Commercial Area,"Alice Villanova di Guidonia Via Maremmana Inferiore, 264, 00012 Guidonia Montecelio 0774 707954",https://www.alicepizza.it/en/pizzerias/,EUR 1-10,False
1234,Alice Pizza,Lazio,Roma,RM,Guidonia Montecelio,Pizza,EUR 1-10,3.4,27,41.9541782,12.6958521,Shopping Mall,Alice Tiburtino Shopping Center Centro Commerciale Tiburtino Shopping Center Via dei Pioppi 6 Guidonia Montecelio,https://www.alicepizza.it/en/pizzerias/,EUR 1-10,False
1235,Alice Pizza,Lazio,Roma,RM,Guidonia Montecelio,Pizza,EUR 1-10,4.3,771,41.975493,12.6446367,Commercial Area,Alice Palombarese Via Palombarese 207 Guidonia,https://www.alicepizza.it/en/pizzerias/,EUR 1-10,False
1236,Alice Pizza,Lazio,Roma,RM,Guidonia Montecelio,Pizza,EUR 1-10,4.0,368,41.9864798,12.716294,Commercial Area,"Alice Guidonia Viale Roma 187, Guidonia",https://www.alicepizza.it/en/pizzerias/,EUR 1-10,False
1237,Alice Pizza,Liguria,La Spezia,SP,La Spezia,Pizza,EUR 1-10,3.9,134,44.119089,9.8326068,Shopping Mall,Alice La Spezia Centro Commerciale Le Terrazze Via Fontevivo 17,https://www.alicepizza.it/en/pizzerias/,EUR 1-10,False
1238,Alice Pizza,Lazio,Roma,RM,Ladispoli,Pizza,EUR 1-10,4.2,407,41.9495112,12.0789296,Commercial Area,"Alice Ladispoli Viale Italia, 8 0631053285",https://www.alicepizza.it/en/pizzerias/,EUR 1-10,False
1239,Alice Pizza,Lazio,Latina,LT,Latina,Pizza,EUR 1-10,3.9,196,41.464672,12.8902493,Shopping Mall,Alice Latina Centro Commerciale Latinafiori Viale Pierluigi Nervi Latina 0773/479021,https://www.alicepizza.it/en/pizzerias/,EUR 1-10,False
1240,Alice Pizza,Lombardia,Monza e della Brianza,MB,Limbiate,Pizza,EUR 1-10,3.3,89,45.6071185,9.1313538,Shopping Mall,"Alice Limbiate CC Limbiate Via Giuseppe Garibaldi Ex SS 527, 20812 Limbiate MB Limbiate",https://www.alicepizza.it/en/pizzerias/,EUR 1-10,False
1241,Alice Pizza,Toscana,Lucca,LU,Lucca,Pizza,EUR 1-10,4.6,952,43.8429018,10.5016547,City Center,Alice Lucca Via S. Paolino 22 Lucca,https://www.alicepizza.it/en/pizzerias/,EUR 1-10,False
1242,Alice Pizza,Veneto,Venezia,VE,Marcon-gaggio Zona Commerciale,Pizza,EUR 1-10,4.2,134,45.5446641,12.3054053,Shopping Mall,"Alice Marcon Centro Commerciale Valecenter, Via Enrico Mattei, 1 / C, 30020 Marcon VE",https://www.alicepizza.it/en/pizzerias/,EUR 1-10,False
1243,Alice Pizza,Lombardia,Milano,MI,Melegnano,Pizza,EUR 1-10,4.8,73,45.3386816,9.3651646,Commercial Area,"Alice Pizza Melegnano SS 9 via Emilia 2, Melegnano 0230552408",https://www.alicepizza.it/en/pizzerias/,EUR 1-10,False
1244,Alice Pizza,Veneto,Venezia,VE,Venezia,Pizza,EUR 1-10,4.0,465,45.5101526,12.2272641,Shopping Mall,Alice Mestre Via Don Tosatto 22 041-8760064,https://www.alicepizza.it/en/pizzerias/,EUR 1-10,False
1245,Alice Pizza,Lombardia,Milano,MI,Milano,Pizza,EUR 1-10,3.5,125,45.4683833,9.2139256,Commercial Area,"Alice Indipendenza Corso Indipendenza 7, Milano 02.40703328",https://www.alicepizza.it/en/pizzerias/,EUR 1-10,False
1246,Alice Pizza,Lombardia,Milano,MI,Milano,Pizza,EUR 1-10,3.5,274,45.4512931,9.1511315,Commercial Area,"Alice Pizza Giambellino Via Tolstoj 16, ang. Via Giambellino, 20144 Milano 02.40703328",https://www.alicepizza.it/en/pizzerias/,EUR 1-10,False
1247,Alice Pizza,Lombardia,Milano,MI,Milano,Pizza,EUR 1-10,3.7,135,45.4375287,9.1540438,Residential Area,"Alice Miani Piazza Miani 4, 20143 Milano 02.40703328",https://www.alicepizza.it/en/pizzerias/,EUR 1-10,False
1248,Alice Pizza,Lombardia,Milano,MI,Milano,Pizza,EUR 1-10,3.6,194,45.4492378,9.211264,Commercial Area,"Alice Viale Umbria Viale Umbria 15, 20135 Milano 02.40703328",https://www.alicepizza.it/en/pizzerias/,EUR 1-10,False
1249,Alice Pizza,Lombardia,Milano,MI,Milano,Pizza,EUR 1-10,3.9,547,45.4607858,9.1829499,City Center,"Alice Pizza Via Torino Via Torino 62, Milano 02.40703328",https://www.alicepizza.it/en/pizzerias/,EUR 1-10,False
1250,Alice Pizza,Lombardia,Milano,MI,Milano,Pizza,EUR 1-10,4.1,204,45.4568358,9.1687994,Commercial Area,"Alice Pizza Via Solari 1 Via Solari 1, Milano 02.40703328",https://www.alicepizza.it/en/pizzerias/,EUR 1-10,False
1251,Alice Pizza,Lombardia,Milano,MI,Milano,Pizza,EUR 1-10,3.4,115,45.4595868,9.2074444,Commercial Area,"Alice Monte Nero Via Spartaco 2, Milano 02.40703328",https://www.alicepizza.it/en/pizzerias/,EUR 1-10,False
1252,Alice Pizza,Lombardia,Milano,MI,Milano,Pizza,EUR 1-10,3.6,229,45.4912184,9.2378389,Transport Hub,"Alice Udine Via Feltre 1, Milano 02 40703328",https://www.alicepizza.it/en/pizzerias/,EUR 1-10,False
1253,Alice Pizza,Lombardia,Milano,MI,Milano,Pizza,EUR 1-10,4.2,293,45.4624511,9.1730493,Transport Hub,"Alice San Vittore Via San Vittore 1, Milano 02.40703328",https://www.alicepizza.it/en/pizzerias/,EUR 1-10,False
1254,Alice Pizza,Lombardia,Milano,MI,Milano,Pizza,EUR 1-10,3.9,323,45.4949259,9.206883743,Commercial Area,"Via Melchiorre Gioia, 139, 20125 Milano MI, Italy",https://www.alicepizza.it/en/pizzerias/,EUR 1-10,False
1255,Alice Pizza,Lombardia,Milano,MI,Milano,Pizza,EUR 1-10,4.1,290,45.4937644,9.1527676,Residential Area,"Alice Pizza Prealpi Via Masolino da Panicale 12, Milano",https://www.alicepizza.it/en/pizzerias/,EUR 1-10,False
1256,Alice Pizza,Lombardia,Milano,MI,Milano,Pizza,EUR 1-10,3.6,241,45.5138871,9.1738872,Commercial Area,"Alice Affori Via Pellegrino Rossi 80, Milano",https://www.alicepizza.it/en/pizzerias/,EUR 1-10,False
1257,Alice Pizza,Lombardia,Milano,MI,Milano,Pizza,EUR 1-10,3.9,323,45.4949262,9.2068844,Commercial Area,"Alice Pizza Gioia Via Melchiorre Gioia 139, 20125 Milano, Lombardia",https://www.alicepizza.it/en/pizzerias/,EUR 1-10,False
1258,Alice Pizza,Lombardia,Milano,MI,Milano,Pizza,EUR 1-10,4.1,337,45.5036235,9.1764301,Residential Area,"Alice Pizza Dergano Via Giuseppe Tartini 3, Milano",https://www.alicepizza.it/en/pizzerias/,EUR 1-10,False
1259,Alice Pizza,Lombardia,Milano,MI,Milano,Pizza,EUR 1-10,4.2,331,45.453099,9.1707703,Transport Hub,"Alice Pizza via Vigevano Via Vigevano 43, Milano",https://www.alicepizza.it/en/pizzerias/,EUR 1-10,False
1260,Alice Pizza,Lombardia,Milano,MI,Milano,Pizza,EUR 1-10,3.5,486,45.4809185,9.2249417,Transport Hub,"Alice Pizza Città Studi Via Antonio Bazzini 1, Milano",https://www.alicepizza.it/en/pizzerias/,EUR 1-10,False
1261,Alice Pizza,Lombardia,Milano,MI,Milano,Pizza,EUR 1-10,3.7,196,45.455602,9.1646638,Commercial Area,"Alice Via Solari 23 Via Andrea Solari 23, Milano",https://www.alicepizza.it/en/pizzerias/,EUR 1-10,False
1262,Alice Pizza,Lombardia,Milano,MI,Milano,Pizza,EUR 1-10,4.1,651,45.4853222,9.2156235,Commercial Area,"Alice Buenos Aires Corso Buenos Aires 77, Milano",https://www.alicepizza.it/en/pizzerias/,EUR 1-10,False
1263,Alice Pizza,Lombardia,Milano,MI,Milano,Pizza,EUR 1-10,3.9,778,45.4760933,9.2077245,City Center,Alice Pizza Spallanzani Via L. Spallanzani 18 Milano,https://www.alicepizza.it/en/pizzerias/,EUR 1-10,False
1264,Alice Pizza,Lazio,Roma,RM,Monterotondo,Pizza,EUR 1-10,4.4,566,42.0532855,12.6195519,City Center,Alice Monterotondo Via XX Settembre 2 Monterotondo 06/90623253,https://www.alicepizza.it/en/pizzerias/,EUR 1-10,False
1265,Alice Pizza,Lombardia,Monza e della Brianza,MB,Villasanta,Pizza,EUR 1-10,3.8,120,45.6186254,9.3090406,Shopping Mall,"Alice Villasanta Centro Commerciale Villasanta Il Gigante, Via Tiziano Vecellio, 2 Villasanta, Monza Brianza",https://www.alicepizza.it/en/pizzerias/,EUR 1-10,False
1266,Alice Pizza,Lombardia,Milano,MI,Novate Milanese,Pizza,EUR 10-20,4.0,166,45.5197505,9.1497346,Shopping Mall,"Alice Metropoli Via Carlo Amoretti 1, Novate Milanese Centro Commerciale Metropoli",https://www.alicepizza.it/en/pizzerias/,EUR 10-20,False
1267,Alice Pizza,Lombardia,Varese,VA,Solbiate Olona,Pizza,EUR 10-20,4.6,225,45.6411137,8.8634969,Shopping Mall,"Alice Solbiate Olona Centro Commerciale Le Betulle, Via per Busto Arsizio, 11, 21058 Solbiate Olona VA",https://www.alicepizza.it/en/pizzerias/,EUR 10-20,False
1268,Alice Pizza,Sardegna,Sassari,SS,Olbia,Pizza,EUR 1-10,4.0,227,40.9098719,9.5232004,Shopping Mall,"Alice Olbia Centro commerciale Olbia Mare, Strada Statale 125 Orientale Sarda, 07026 Olbia SS",https://www.alicepizza.it/en/pizzerias/,EUR 1-10,False
1269,Alice Pizza,Lazio,Roma,RM,Lido di Ostia,Pizza,EUR 1-10,4.5,431,41.7338663,12.2774048,Commercial Area,Alice Ostia Viale Vasco de Gama 54 Ostia 06/5693659,https://www.alicepizza.it/en/pizzerias/,EUR 1-10,False
1270,Alice Pizza,Lombardia,Milano,MI,Paderno Dugnano,Pizza,EUR 1-10,3.9,66,45.5750437,9.1776653,Shopping Mall,"Alice CC Brianza Centro Commerciale Brianza Strada dei Giovi, Paderno Dugnano",https://www.alicepizza.it/en/pizzerias/,EUR 1-10,False
1271,Alice Pizza,Lombardia,Pavia,PV,Pavia,Pizza,EUR 10-20,3.6,201,45.2049408,9.1725024,Commercial Area,Alice Pavia C.C. Carrefour Strada Vigentina ang. Via Cassani,https://www.alicepizza.it/en/pizzerias/,EUR 10-20,False
1272,Alice Pizza,Umbria,Perugia,PG,Perugia,Pizza,EUR 1-10,4.4,208,43.10876,12.389761,City Center,Alice Perugia Via Sant'Ercolano n.32 Perugia,https://www.alicepizza.it/en/pizzerias/,EUR 1-10,False
1273,Alice Pizza,Abruzzo,Pescara,PE,San Martino Bassa,Pizza,EUR 1-10,4.0,253,42.5196473,14.1288354,Shopping Mall,Alice CC Pescara Nord Via Leonardo Petruzzi 140 Pescara,https://www.alicepizza.it/en/pizzerias/,EUR 1-10,False
1274,Alice Pizza,Lombardia,Milano,MI,Peschiera Borromeo,Pizza,EUR 1-10,4.0,688,45.4236408,9.2943102,Shopping Mall,Alice Peschiera Borromeo Galleria Borromea Shopping Center Via della Liberazione 8,https://www.alicepizza.it/en/pizzerias/,EUR 1-10,False
1275,Alice Pizza,Lazio,Roma,RM,Pomezia,Pizza,EUR 1-10,4.2,638,41.6690927,12.500607,City Center,Alice Pomezia Via Orazio 21,https://www.alicepizza.it/en/pizzerias/,EUR 1-10,False
1276,Alice Pizza,Campania,Salerno,SA,Pontecagnano Faiano,Pizza,EUR 10-20,2.5,148,40.6356916,14.9078589,Shopping Mall,"Alice Maximall Via Antonio Pacinotti, 84098 Località Scontrafata, Pontecagnano Faiano SA",https://www.alicepizza.it/en/pizzerias/,EUR 10-20,False
1277,Alice Pizza,Veneto,Venezia,VE,Portogruaro,Pizza,EUR 1-10,3.2,70,45.791252,12.8148809,Shopping Mall,"Alice Adriatico2 Centro Commerciale Adriatico2, Via Prati Guori, 29, 30026 Portogruaro VE",https://www.alicepizza.it/en/pizzerias/,EUR 1-10,False
1278,Alice Pizza,Emilia-Romagna,Ravenna,RA,Ravenna,Pizza,EUR 1-10,3.8,301,44.4185922,12.1992569,City Center,Alice Ravenna Via IV Novembre 35,https://www.alicepizza.it/en/pizzerias/,EUR 1-10,False
1279,Alice Pizza,Emilia-Romagna,Ravenna,RA,Ravenna,Pizza,EUR 1-10,3.3,67,44.3946407,12.1782411,Shopping Mall,"Alice C.C. Esp Ravenna Centro Commerciale Esp Via Marco Bussato 74, 48124 Ravenna",https://www.alicepizza.it/en/pizzerias/,EUR 1-10,False
1280,Alice Pizza,Lombardia,Milano,MI,Rescaldina,Pizza,EUR 1-10,3.8,388,45.6092197,8.9633866,Shopping Mall,Alice Rescaldina Centro Commerciale Rescaldina Via Palmiro Togliatti 2,https://www.alicepizza.it/en/pizzerias/,EUR 1-10,False
1281,Alice Pizza,Lazio,Roma,RM,Roma,Pizza,EUR 1-10,4.5,10,41.8956606,12.4903532,City Center,Alice Pizza Serpenti Via dei Serpenti 20,https://www.alicepizza.it/en/pizzerias/,EUR 1-10,False
1282,Alice Pizza,Lazio,Roma,RM,Roma,Pizza,EUR 1-10,3.5,6,41.9322188,12.4656599,Transport Hub,"Alice Pizza Flaminio Via Giulio Romano, 17, 00196 Roma RM",https://www.alicepizza.it/en/pizzerias/,EUR 1-10,False
1283,Alice Pizza,Lazio,Roma,RM,Roma,Pizza,EUR 1-10,4.8,272,41.8608569,12.4858053,Residential Area,"Alice Pizza 7 chiese Largo delle Sette Chiese 13/13A, Roma",https://www.alicepizza.it/en/pizzerias/,EUR 1-10,False
1284,Alice Pizza,Lazio,Roma,RM,Roma,Pizza,EUR 1-10,4.1,77,41.9128645,12.5186273,Transport Hub,"Alice Pizza Largo Ravenna Largo Ravenna 1, Roma (RM)",https://www.alicepizza.it/en/pizzerias/,EUR 1-10,False
1285,Alice Pizza,Lazio,Roma,RM,Roma,Pizza,EUR 1-10,3.7,46,41.9020474,12.4382373,Shopping Mall,"Alice Pizza Aura Viale di Valle Aurelia 30, Roma (RM)",https://www.alicepizza.it/en/pizzerias/,EUR 1-10,False
1286,Alice Pizza,Lazio,Roma,RM,Roma,Pizza,EUR 1-10,4.7,336,41.8193675,12.4798125,Commercial Area,Alice Pizza Cesare Pavese Viale Cesare Pavese 28 - Roma,https://www.alicepizza.it/en/pizzerias/,EUR 1-10,False
1287,Alice Pizza,Lazio,Roma,RM,Roma,Pizza,EUR 1-10,4.3,48,41.9598893,12.4072338,Residential Area,"Alice Pizza Casal del Marmo Via di Casal del Marmo 123-125, Roma",https://www.alicepizza.it/en/pizzerias/,EUR 1-10,False
1288,Alice Pizza,Lazio,Roma,RM,Roma,Pizza,EUR 1-10,4.7,330,41.8856984,12.5101348,Transport Hub,"Alice Pizza largo Brindisi Largo Brindisi 2, Roma",https://www.alicepizza.it/en/pizzerias/,EUR 1-10,False
1289,Alice Pizza,Lazio,Roma,RM,Roma,Pizza,EUR 1-10,4.8,2762,41.8886033,12.470986,City Center,"Alice Trastevere Via di S. Francesco a Ripa 1, Roma",https://www.alicepizza.it/en/pizzerias/,EUR 1-10,False
1290,Alice Pizza,Lazio,Roma,RM,Roma,Pizza,EUR 1-10,4.3,240,41.9295107,12.5672042,Residential Area,"Alice Casal de' Pazzi Via di Casal dei Pazzi, 107, 00156, Roma",https://www.alicepizza.it/en/pizzerias/,EUR 1-10,False
1291,Alice Pizza,Lazio,Roma,RM,Roma,Pizza,EUR 1-10,4.1,287,41.892964,12.501222,City Center,"Alice Merulana Via Merulana 232, 00185 Roma",https://www.alicepizza.it/en/pizzerias/,EUR 1-10,False
1292,Alice Pizza,Lazio,Roma,RM,Roma,Pizza,EUR 1-10,4.2,244,41.8943103,12.5589641,Commercial Area,Alice Tor de' Schiavi Via Tor de' Schiavi 403-407 00171 Roma,https://www.alicepizza.it/en/pizzerias/,EUR 1-10,False
1293,Alice Pizza,Lazio,Roma,RM,Roma,Pizza,EUR 1-10,4.0,579,41.8866423,12.4008249,Service Area,"Alice Aurelia Via Aurelia 8/456 00163, Roma",https://www.alicepizza.it/en/pizzerias/,EUR 1-10,False
1294,Alice Pizza,Lazio,Roma,RM,Roma,Pizza,EUR 1-10,4.0,139,41.9466059,12.4735183,Commercial Area,"Alice Fleming Via Flaminia 679, Roma 06 9785 7681",https://www.alicepizza.it/en/pizzerias/,EUR 1-10,False
1295,Alice Pizza,Lazio,Roma,RM,Roma,Pizza,EUR 1-10,3.1,137,41.8078484,12.4854285,Shopping Mall,Alice Maximo Via Laurentina 865 06 8780 5678,https://www.alicepizza.it/en/pizzerias/,EUR 1-10,False
1296,Alice Pizza,Lazio,Roma,RM,Roma,Pizza,EUR 1-10,4.1,203,41.7818296,12.366448,Commercial Area,"Alice Acilia Via di Acilia 71, Roma +39 0695226 690",https://www.alicepizza.it/en/pizzerias/,EUR 1-10,False
1297,Alice Pizza,Lazio,Roma,RM,Roma,Pizza,EUR 1-10,4.1,400,41.8259606,12.477723,Commercial Area,"Alice Aeronautica Viale dell'Aeronautica, 84, Roma +390687757547",https://www.alicepizza.it/en/pizzerias/,EUR 1-10,False
1298,Alice Pizza,Lazio,Roma,RM,Roma,Pizza,EUR 1-10,4.4,1771,41.9046693,12.4580158,City Center,Alice Via delle Grazie Via delle Grazie 7/9 Roma +39066875746,https://www.alicepizza.it/en/pizzerias/,EUR 1-10,False
1299,Alice Pizza,Lazio,Roma,RM,Roma,Pizza,EUR 1-10,4.6,74,41.9046948,12.4927161,City Center,Alice Barberini Via di San Basilio 56 Roma 06/99702598,https://www.alicepizza.it/en/pizzerias/,EUR 1-10,False
1300,Alice Pizza,Lazio,Roma,RM,Roma,Pizza,EUR 1-10,4.1,485,41.9470767,12.468105,Commercial Area,Alice Via di Vigna Stelluti Via di Vigna Stelluti 186 Roma +390683791203,https://www.alicepizza.it/en/pizzerias/,EUR 1-10,False
1301,Alice Pizza,Lazio,Roma,RM,Roma,Pizza,EUR 1-10,4.6,193,41.9086918,12.4881793,City Center,Alice Via Lazio Via Lazio 15 Roma,https://www.alicepizza.it/en/pizzerias/,EUR 1-10,False
1302,Alice Pizza,Lazio,Roma,RM,Roma,Pizza,EUR 1-10,4.7,13,41.9088593,12.4904423,City Center,Alice Via Marche Via Marche 21 Roma 06/4743344,https://www.alicepizza.it/en/pizzerias/,EUR 1-10,False
1303,Alice Pizza,Lazio,Roma,RM,Roma,Pizza,EUR 1-10,4.2,733,41.880321,12.4777191,Commercial Area,Alice Via Marmorata Via Marmorata 111 Roma 06/5744787,https://www.alicepizza.it/en/pizzerias/,EUR 1-10,False
1304,Alice Pizza,Lazio,Roma,RM,Roma,Pizza,EUR 1-10,4.2,619,41.917773,12.4643721,Commercial Area,Alice Via Monte Zebio Via Monte Zebio 21 Roma 06/37515021,https://www.alicepizza.it/en/pizzerias/,EUR 1-10,False
1305,Alice Pizza,Lazio,Roma,RM,Roma,Pizza,EUR 1-10,4.3,372,41.8772033,12.4302412,Residential Area,Alice Via Silvestri Via Silvestri 228 Roma,https://www.alicepizza.it/en/pizzerias/,EUR 1-10,False
1306,Alice Pizza,Lazio,Roma,RM,Roma,Pizza,EUR 1-10,4.7,45,41.9092063,12.4942983,City Center,Alice Via Romagna Via Romagna 28 Roma,https://www.alicepizza.it/en/pizzerias/,EUR 1-10,False
1307,Alice Pizza,Lazio,Roma,RM,Roma,Pizza,EUR 1-10,4.4,741,41.8721561,12.4798579,Commercial Area,Alice Ostiense Via Ostiense 48 Roma +39065745472,https://www.alicepizza.it/en/pizzerias/,EUR 1-10,False
1308,Alice Pizza,Lazio,Roma,RM,Roma,Pizza,EUR 1-10,4.2,662,41.9272615,12.4926624,Residential Area,Alice Parioli Via di Villa San Filippo 20 Roma 06/80690314,https://www.alicepizza.it/en/pizzerias/,EUR 1-10,False
1309,Alice Pizza,Lazio,Roma,RM,Roma,Pizza,EUR 1-10,4.3,785,41.8643532,12.4686545,Commercial Area,Alice Marconi Via Grimaldi 3 Roma 06/83706255,https://www.alicepizza.it/en/pizzerias/,EUR 1-10,False
1310,Alice Pizza,Lazio,Roma,RM,Roma,Pizza,EUR 1-10,4.5,4833,41.8960658,12.4778505,City Center,Alice Largo Argentina Corso Vittorio Emanuele II 35 Roma,https://www.alicepizza.it/en/pizzerias/,EUR 1-10,False
1311,Alice Pizza,Lazio,Roma,RM,Roma,Pizza,EUR 1-10,4.5,978,41.8838955,12.5088988,Commercial Area,Alice Largo Magna Grecia Largo Magna Grecia 24/25 Roma,https://www.alicepizza.it/en/pizzerias/,EUR 1-10,False
1312,Alice Pizza,Lazio,Roma,RM,Roma,Pizza,EUR 1-10,4.2,528,41.9438994,12.5218521,Residential Area,Alice Val Padana Viale Val Padana 130/132 Roma 06/45598700,https://www.alicepizza.it/en/pizzerias/,EUR 1-10,False
1313,Alice Pizza,Lazio,Roma,RM,Roma,Pizza,EUR 1-10,4.3,367,41.8506323,12.4587719,Commercial Area,Alice Magliana Via di Villa Bonelli 6 Roma 06/45547136,https://www.alicepizza.it/en/pizzerias/,EUR 1-10,False
1314,Alice Pizza,Lazio,Roma,RM,Roma,Pizza,EUR 1-10,4.3,432,41.9096435,12.5375138,Commercial Area,Alice Via Cave di Pietralata Via Cave di Pietralata 47 Roma 06/89520804,https://www.alicepizza.it/en/pizzerias/,EUR 1-10,False
1315,Alice Pizza,Lazio,Roma,RM,Roma,Pizza,EUR 1-10,4.0,332,41.9258773,12.4812936,Commercial Area,Alice Piazza Euclide Via Civinini 91 Roma 06/8077319,https://www.alicepizza.it/en/pizzerias/,EUR 1-10,False
1316,Alice Pizza,Lazio,Roma,RM,Roma,Pizza,EUR 1-10,4.1,528,41.8556259,12.4799162,Commercial Area,Alice Via Chiabrera Via Chiabrera 17/19 Roma 06/546830,https://www.alicepizza.it/en/pizzerias/,EUR 1-10,False
1317,Alice Pizza,Lazio,Roma,RM,Roma,Pizza,EUR 1-10,4.1,358,41.8815785,12.5668134,Commercial Area,Alice Via dei Castani Via dei Castani 66a Roma,https://www.alicepizza.it/en/pizzerias/,EUR 1-10,False
1318,Alice Pizza,Lazio,Roma,RM,Roma,Pizza,EUR 1-10,4.1,532,41.8584593,12.5599873,Commercial Area,Alice Tuscolana Via Tuscolana 853f Roma 06/765403,https://www.alicepizza.it/en/pizzerias/,EUR 1-10,False
1319,Alice Pizza,Lazio,Roma,RM,Roma,Pizza,EUR 1-10,4.3,543,41.8519402,12.4335271,Commercial Area,Alice Trullo Via Portuense 716c,https://www.alicepizza.it/en/pizzerias/,EUR 1-10,False
1320,Alice Pizza,Lazio,Roma,RM,Roma,Pizza,EUR 1-10,4.1,784,41.8079312,12.4331916,Residential Area,Alice Torrino Via della Seta 5 Roma,https://www.alicepizza.it/en/pizzerias/,EUR 1-10,False
1321,Alice Pizza,Lazio,Roma,RM,Roma,Pizza,EUR 1-10,4.2,520,41.9490316,12.5457302,Residential Area,Alice Talenti Via Franco Sacchetti Via Franco Sacchetti 41 Roma,https://www.alicepizza.it/en/pizzerias/,EUR 1-10,False
1322,Alice Pizza,Lazio,Roma,RM,Roma,Pizza,EUR 1-10,4.0,460,41.9240694,12.5152139,Commercial Area,Alice Corso Trieste Corso Trieste 195/197 Roma,https://www.alicepizza.it/en/pizzerias/,EUR 1-10,False
1323,Alice Pizza,Lazio,Roma,RM,Roma,Pizza,EUR 1-10,4.1,489,41.8743941,12.5231031,Commercial Area,Alice Happio Centro Commerciale Happio Via Appia Nuova 448 Roma,https://www.alicepizza.it/en/pizzerias/,EUR 1-10,False
1324,Alice Pizza,Lazio,Roma,RM,Roma,Pizza,EUR 1-10,4.4,491,41.9048856,12.4457364,Commercial Area,Alice Ammiragli Via degli Ammiragli 18 Roma 06/39749283,https://www.alicepizza.it/en/pizzerias/,EUR 1-10,False
1325,Alice Pizza,Lazio,Roma,RM,Roma,Pizza,EUR 1-10,4.0,134,41.9198416,12.4418975,Commercial Area,Alice Balduina Piazza della Balduina 10,https://www.alicepizza.it/en/pizzerias/,EUR 1-10,False
1326,Alice Pizza,Lazio,Roma,RM,Roma,Pizza,EUR 1-10,4.4,1029,41.9023436,12.4250165,Commercial Area,Alice Boccea Via di Boccea 116 Roma,https://www.alicepizza.it/en/pizzerias/,EUR 1-10,False
1327,Alice Pizza,Lazio,Roma,RM,Roma,Pizza,EUR 1-10,4.2,513,41.8619831,12.4431112,Commercial Area,Alice Colli Portuensi Viale dei Colli Portuensi 582 Roma,https://www.alicepizza.it/en/pizzerias/,EUR 1-10,False
1328,Alice Pizza,Lazio,Roma,RM,Roma,Pizza,EUR 1-10,4.0,295,41.8675069,12.494186,Commercial Area,Alice Circonvallazione Ostiense Circonvallazione Ostiense 353 Roma,https://www.alicepizza.it/en/pizzerias/,EUR 1-10,False
1329,Alice Pizza,Lazio,Roma,RM,Roma,Pizza,EUR 1-10,4.1,985,41.85358206,12.5671442,Transport Hub,Alice Cinecittà Via Tito Labieno n.2/4 Roma,https://www.alicepizza.it/en/pizzerias/,EUR 1-10,False
1330,Alice Pizza,Lazio,Roma,RM,Roma,Pizza,EUR 1-10,4.3,501,41.8963754,12.4725371,City Center,Alice Baullari Via dei Baullari 140 Roma,https://www.alicepizza.it/en/pizzerias/,EUR 1-10,False
1331,Alice Pizza,Lazio,Roma,RM,Roma,Pizza,EUR 1-10,4.2,2280,41.9719521,12.5403756,Shopping Mall,Alice Porta di Roma Centro Commerciale Porta di Roma Via Alberto Lionello 201 Roma,https://www.alicepizza.it/en/pizzerias/,EUR 1-10,False
1332,Alice Pizza,Lazio,Roma,RM,Roma,Pizza,EUR 1-10,4.2,1115,41.8165563,12.459816,Shopping Mall,Alice Euroma 2 Centro Commerciale Euroma 2 Via Cristoforo Colombo 710 Roma,https://www.alicepizza.it/en/pizzerias/,EUR 1-10,False
1333,Alice Pizza,Lazio,Roma,RM,Roma,Pizza,EUR 1-10,4.2,1274,41.9150608,12.6609604,Shopping Mall,Alice Roma Est C.C. Roma Est Via Collatina 858 Km 12800 Roma,https://www.alicepizza.it/en/pizzerias/,EUR 1-10,False
1334,Alice Pizza,Lazio,Roma,RM,Roma,Pizza,EUR 1-10,4.6,203,41.8781543,12.5056768,Residential Area,Alice Via Satrico Via Satrico 1d Roma,https://www.alicepizza.it/en/pizzerias/,EUR 1-10,False
1335,Alice Pizza,Lazio,Roma,RM,Roma,Pizza,EUR 1-10,3.9,519,41.8817861,12.458485,Residential Area,Alice Quattro Venti Via dei Quattro Venti 92/94 Roma,https://www.alicepizza.it/en/pizzerias/,EUR 1-10,False
1336,Alice Pizza,Lazio,Roma,RM,Roma,Pizza,EUR 1-10,4.2,327,41.85363788,12.57216847,Shopping Mall,Alice Cinecittadue Centro Commerciale Cinecittadue 06.88970945,https://www.alicepizza.it/en/pizzerias/,EUR 1-10,False
1337,Alice Pizza,Lazio,Roma,RM,Roma,Pizza,EUR 1-10,4.2,372,41.8993417,12.591321,Commercial Area,Alice Tor Sapienza Via di Tor Sapienza 89 E,https://www.alicepizza.it/en/pizzerias/,EUR 1-10,False
1338,Alice Pizza,Lazio,Roma,RM,Roma,Pizza,EUR 1-10,4.2,563,41.8324644,12.4913067,Commercial Area,Alice Tintoretto Via del Serafico 177 Roma,https://www.alicepizza.it/en/pizzerias/,EUR 1-10,False
1339,Alice Pizza,Lazio,Roma,RM,Roma,Pizza,,3.0,4,41.8728551,12.4844522,Transport Hub,"Alice Sottopasso Ostiense Piazzale dei Partigiani, 00154 Roma 0689939442",https://www.alicepizza.it/en/pizzerias/,EUR 1-10,True
1340,Alice Pizza,Lazio,Roma,RM,Roma,Pizza,EUR 1-10,4.4,1109,41.8989751,12.5156636,Commercial Area,Alice San Lorenzo Via Tiburtina 170/172,https://www.alicepizza.it/en/pizzerias/,EUR 1-10,False
1341,Alice Pizza,Lazio,Roma,RM,Roma,Pizza,EUR 1-10,4.2,715,41.9417154,12.5787558,Residential Area,Alice San Basilio Via Casal Tidei 71/77,https://www.alicepizza.it/en/pizzerias/,EUR 1-10,False
1342,Alice Pizza,Lazio,Roma,RM,Roma,Pizza,EUR 1-10,4.3,441,41.9213644,12.4164789,Residential Area,Alice Pietro Maffi Via Pietro Maffi 8 Via Pietro Maffi 8,https://www.alicepizza.it/en/pizzerias/,EUR 1-10,False
1343,Alice Pizza,Lazio,Roma,RM,Roma,Pizza,EUR 10-20,4.3,360,41.7500365,12.3758537,Residential Area,Alice Infernetto Via Ermanno Wolf Ferrari 241,https://www.alicepizza.it/en/pizzerias/,EUR 10-20,False
1344,Alice Pizza,Lazio,Roma,RM,Roma,Pizza,EUR 1-10,4.2,553,41.944935,12.5378436,Residential Area,Alice Monte Gennaro Piazza Monte Gennaro 16 A,https://www.alicepizza.it/en/pizzerias/,EUR 1-10,False
1345,Alice Pizza,Lazio,Roma,RM,Roma,Pizza,EUR 1-10,4.3,766,41.957888,12.5234237,Residential Area,Alice Piazza Vimercati Piazza Ottaviano Vimercati 3/4/5,https://www.alicepizza.it/en/pizzerias/,EUR 1-10,False
1346,Alice Pizza,Lazio,Roma,RM,Roma,Pizza,EUR 1-10,4.1,378,41.8630289,12.6882661,Commercial Area,Alice Finocchio Via Casilina 1859 B,https://www.alicepizza.it/en/pizzerias/,EUR 1-10,False
1347,Alice Pizza,Lazio,Roma,RM,Roma,Pizza,EUR 1-10,4.3,253,41.8671019,12.6393714,Residential Area,Alice Tor Bella Monaca Viale Paolo Ferdinando Quaglia 26,https://www.alicepizza.it/en/pizzerias/,EUR 1-10,False
1348,Alice Pizza,Lazio,Roma,RM,Roma,Pizza,EUR 1-10,4.3,534,41.8501287,12.5904116,Residential Area,Alice Ciamarra Viale Antonio Ciamarra 107 Roma,https://www.alicepizza.it/en/pizzerias/,EUR 1-10,False
1349,Alice Pizza,Lazio,Roma,RM,Roma,Pizza,EUR 1-10,4.2,384,41.9419449,12.4369223,Residential Area,Alice Viale Cortina d'Ampezzo Viale Cortina d'Ampezzo 321/323 Roma,https://www.alicepizza.it/en/pizzerias/,EUR 1-10,False
1350,Alice Pizza,Lazio,Roma,RM,Roma,Pizza,EUR 1-10,4.2,266,41.9128662,12.5744585,Residential Area,Alice Colli Aniene Via Edoardo D'Onofrio 94 Roma 06 45422409,https://www.alicepizza.it/en/pizzerias/,EUR 1-10,False
1351,Alice Pizza,Lazio,Roma,RM,Roma,Pizza,EUR 1-10,4.2,613,41.9017447,12.5035975,Transport Hub,Alice Via Marsala Via Marsala 66 Roma,https://www.alicepizza.it/en/pizzerias/,EUR 1-10,False
1352,Alice Pizza,Lazio,Roma,RM,Roma,Pizza,EUR 1-10,4.2,326,41.9163067,12.3695323,Residential Area,Alice Casalotti Piazza Ormea 32,https://www.alicepizza.it/en/pizzerias/,EUR 1-10,False
1353,Alice Pizza,Lazio,Roma,RM,Roma,Pizza,EUR 1-10,4.2,837,41.7921762,12.4479335,Residential Area,Alice Spinaceto Viale dei Caduti per laResistenza 101 Roma,https://www.alicepizza.it/en/pizzerias/,EUR 1-10,False
1354,Alice Pizza,Lazio,Roma,RM,Roma,Pizza,EUR 1-10,4.0,207,41.9107465,12.5302333,Transport Hub,"Alice Stazione Tiburtina all'interno della Stazione Tiburtina, area Piazza Ipogea",https://www.alicepizza.it/en/pizzerias/,EUR 1-10,False
1355,Alice Pizza,Lazio,Roma,RM,Roma,Pizza,EUR 1-10,4.1,937,41.8379032,12.5935544,Shopping Mall,"Alice C.C. Anagnina C.C. Anagnina Via Torre di Mezzavia, 35, 00173 Roma RM",https://www.alicepizza.it/en/pizzerias/,EUR 1-10,False
1356,Alice Pizza,Lazio,Roma,RM,Roma,Pizza,EUR 1-10,4.4,487,42.0028947,12.3824027,Transport Hub,Alice La Storta Via Cassia 1665 Roma,https://www.alicepizza.it/en/pizzerias/,EUR 1-10,False
1357,Alice Pizza,Lazio,Roma,RM,Roma,Pizza,EUR 1-10,4.1,938,41.8313497,12.4656818,Commercial Area,"Alice Viale Beethoven Viale Beethoven, 72/74",https://www.alicepizza.it/en/pizzerias/,EUR 1-10,False
1358,Alice Pizza,Lazio,Roma,RM,Roma,Pizza,EUR 1-10,4.4,649,41.9717449,12.4348981,Commercial Area,Alice Grottarossa Via di Grottarossa 20/22 Roma,https://www.alicepizza.it/en/pizzerias/,EUR 1-10,False
1359,Alice Pizza,Lazio,Roma,RM,Roma,Pizza,EUR 1-10,4.3,276,41.8984445,12.5359298,Residential Area,Alice Casal Bertone Via di Casal Bertone 163,https://www.alicepizza.it/en/pizzerias/,EUR 1-10,False
1360,Alice Pizza,Lazio,Roma,RM,Roma,Pizza,EUR 1-10,4.7,43,41.8484796,12.4867387,Commercial Area,Alice Fabio Massimo Via Fabio Massimo 46,https://www.alicepizza.it/en/pizzerias/,EUR 1-10,False
1361,Alice Pizza,Lazio,Roma,RM,Roma,Pizza,EUR 1-10,4.2,309,41.9085011,12.5435194,Commercial Area,Alice Via Tiburtina 574 Via Tiburtina 574/576,https://www.alicepizza.it/en/pizzerias/,EUR 1-10,False
1362,Alice Pizza,Lazio,Roma,RM,Roma,Pizza,EUR 1-10,4.1,422,41.87402,12.447804,Commercial Area,Alice Gianicolense Circonvallazione Gianicolense 278,https://www.alicepizza.it/en/pizzerias/,EUR 1-10,False
1363,Alice Pizza,Lazio,Roma,RM,Marino,Pizza,EUR 1-10,4.1,577,41.7548652,12.6178855,Service Area,"Alice Nettunense Via Nettunense km 1+373, 00047 Marino RM",https://www.alicepizza.it/en/pizzerias/,EUR 1-10,False
1364,Alice Pizza,Lazio,Roma,RM,Roma,Pizza,EUR 1-10,3.3,86,41.9401224,12.5065013,Shopping Mall,"Alice Salario Center Via Salaria 665, Salario Center, Roma",https://www.alicepizza.it/en/pizzerias/,EUR 1-10,False
1365,Alice Pizza,Lazio,Roma,RM,Roma,Pizza,EUR 1-10,4.3,608,41.8564624,12.4793905,Commercial Area,"Alice Giustiniano Imperatore Viale Giustiniano Imperatore 32, Roma",https://www.alicepizza.it/en/pizzerias/,EUR 1-10,False
1366,Alice Pizza,Lazio,Roma,RM,Roma,Pizza,EUR 1-10,4.4,126,41.9571713,12.549416,Shopping Mall,"Alice Dima Shopping Bufalotta Centro Commerciale Dima Shopping Bufalotta, Via Dario Niccodemi, 99, Roma",https://www.alicepizza.it/en/pizzerias/,EUR 1-10,False
1367,Alice Pizza,Lazio,Roma,RM,Roma,Pizza,EUR 1-10,4.3,522,41.9363397,12.4228592,Commercial Area,"Alice Torrevecchia Via di Torrevecchia 13, 00168 Roma",https://www.alicepizza.it/en/pizzerias/,EUR 1-10,False
1368,Alice Pizza,Lombardia,Brescia,BS,Roncadelle,Pizza,EUR 1-10,4.0,96,45.5347286,10.1644265,Shopping Mall,"Alice Elnos Elnos Shopping, Via Luigi Einaudi, 5, 25030 Roncadelle BS",https://www.alicepizza.it/en/pizzerias/,EUR 1-10,False
1369,Alice Pizza,Sardegna,Sassari,SS,Sassari,Pizza,EUR 1-10,4.3,541,40.7373599,8.5354268,Shopping Mall,"Alice Sassari Centro Commerciale Porte di Sassari, Viale Porto Torres, 07100 Sassari SS",https://www.alicepizza.it/en/pizzerias/,EUR 1-10,False
1370,Alice Pizza,Toscana,Siena,SI,Siena,Pizza,EUR 1-20,3.7,41,43.3306202,11.3230724,Transport Hub,"Alice PortaSiena Galleria PortaSiena, Piazzale Rosselli 25, Siena",https://www.alicepizza.it/en/pizzerias/,EUR 1-10,True
1371,Alice Pizza,Lombardia,Varese,VA,Somma Lombardo,Pizza,EUR 1-10,4.4,118,45.6808061,8.7214127,Shopping Mall,"Alice Somma Lombardo Via Soragana, 1, 21019 Somma Lombardo VA, Centro Commerciale Il Gigante",https://www.alicepizza.it/en/pizzerias/,EUR 1-10,False
1372,Alice Pizza,Veneto,Verona,VR,Festara,Pizza,EUR 1-10,4.0,291,45.4398984,10.8647244,Shopping Mall,Alice Sona C.C. La GrandeMela Shoppingland Via Trentino 1 Sona (VR) 045/6090497,https://www.alicepizza.it/en/pizzerias/,EUR 1-10,False
1373,Alice Pizza,Lazio,Roma,RM,Tivoli,Pizza,EUR 1-10,4.5,426,41.9618075,12.7968175,City Center,Alice Tivoli Largo Garibaldi 2 Tivoli 0774/331593,https://www.alicepizza.it/en/pizzerias/,EUR 1-10,False
1374,Alice Pizza,Piemonte,Torino,TO,Grugliasco,Pizza,EUR 10-20,2.6,45,45.054708,7.6130367,Shopping Mall,"Alice Grugliasco Shopville Le Gru | Via Crea 10 Grugliasco, Torino 02.40703328",https://www.alicepizza.it/en/pizzerias/,EUR 10-20,False
1375,Alice Pizza,Piemonte,Torino,TO,Torino,Pizza,EUR 1-10,3.6,79,45.1180538,7.7140629,Shopping Mall,"Alice Porte di Torino Corso Romania, 460, 10156 Torino TO",https://www.alicepizza.it/en/pizzerias/,EUR 1-10,False
1376,Alice Pizza,Piemonte,Torino,TO,Torino,Pizza,EUR 1-10,3.8,215,45.0676458,7.6938036,City Center,"Alice Torino Università Torino Università, Piazzale Aldo Moro",https://www.alicepizza.it/en/pizzerias/,EUR 1-10,False
1377,Alice Pizza,Lazio,Roma,RM,Valmontone,Pizza,EUR 1-10,4.0,429,41.7673827,12.9244365,Shopping Mall,"Alice Valmontone Valmontone Outlet Via della Pace, Località Pascolaro 00038 Valmontone",https://www.alicepizza.it/en/pizzerias/,EUR 1-10,False
1378,Alice Pizza,Lombardia,Varese,VA,Varese,Pizza,EUR 1-10,4.9,164,45.8175103,8.8312855,Transport Hub,"Alice Pizza Varese Via Morosini, 17, Varese",https://www.alicepizza.it/en/pizzerias/,EUR 1-10,False
1379,Alice Pizza,Veneto,Verona,VR,Verona,Pizza,EUR 1-10,4.3,118,45.4350015,10.9845826,City Center,"Alice Santo Spirito Piazza Santo Spirito 4/8, 37122 Verona, Veneto",https://www.alicepizza.it/en/pizzerias/,EUR 1-10,False
1380,Alice Pizza,Lombardia,Milano,MI,Vignate,Pizza,EUR 1-10,3.9,71,45.5031743,9.370781,Shopping Mall,"Alice Acquario Vignate, Centro Commerciale Acquario, Via Nuova Cassanese, 10, 20060 (MI)",https://www.alicepizza.it/en/pizzerias/,EUR 1-10,False
1381,Alice Pizza,Lazio,Roma,RM,Tivoli,Pizza,EUR 1-10,4.3,436,41.9564896,12.7732468,Commercial Area,Alice Villa Adriana Via Nazionale Tiburtina 161,https://www.alicepizza.it/en/pizzerias/,EUR 1-10,False
1382,Alice Pizza,Lombardia,Milano,MI,Vimodrone,Pizza,EUR 1-10,3.9,89,45.5112448,9.3031222,Shopping Mall,"Alice Vimodrone C.C. Auchan Via Padana Superiore, km 292, Vimodrone (MI)",https://www.alicepizza.it/en/pizzerias/,EUR 1-10,False
1383,Alice Pizza,Lazio,Viterbo,VT,Viterbo,Pizza,EUR 1-10,3.5,34,42.4265004,12.0963143,Shopping Mall,"Alice Tuscia Centro Commerciale Tuscia, Tangenziale Ovest , Viterbo",https://www.alicepizza.it/en/pizzerias/,EUR 1-10,False
1384,Old Wild West,Abruzzo,L'Aquila,AQ,Avezzano,Burgers,EUR 20-30,4.1,1548,42.037226,13.415065,Commercial Area,Via Roma 273 - 67051 Avezzano (AQ),https://www.oldwildwest.it/en/restaurants,EUR 20-30,False
1385,Old Wild West,Abruzzo,Chieti,CH,Chieti,Burgers,EUR 10-20,3.7,2129,42.3438493,14.1291056,Shopping Mall,Località Santa Filomena - 66100 Chieti Scalo (CH),https://www.oldwildwest.it/en/restaurants,EUR 10-20,False
1386,Old Wild West,Abruzzo,Pescara,PE,Città Sant'Angelo,Burgers,EUR 10-20,4.1,355,42.5149106,14.1209402,Shopping Mall,Via Moscarola (PE) - 65013 Citta' Sant'Angelo (PE),https://www.oldwildwest.it/en/restaurants,EUR 10-20,False
1387,Old Wild West,Abruzzo,Chieti,CH,Francavilla al Mare,Burgers,EUR 10-20,4.3,1852,42.4360949,14.259571,Commercial Area,"Via Nazionale Adriatica Nord, 121 - 66023 Francavilla al Mare (CH)",https://www.oldwildwest.it/en/restaurants,EUR 10-20,False
1388,Old Wild West,Abruzzo,L'Aquila,AQ,L'Aquila,Burgers,EUR 10-20,4.2,1081,42.3583564,13.3670721,Shopping Mall,"Strada Statale 17 Ovest, 22 - 67100 L'Aquila (AQ)",https://www.oldwildwest.it/en/restaurants,EUR 10-20,False
1389,Old Wild West,Abruzzo,Pescara,PE,Montesilvano,Burgers,EUR 10-20,4.1,1433,42.5219475,14.1502299,Shopping Mall,"c/o CC Porto Allegro Via Alberto D'Andrea, 1 - 65015 Montesilvano (PE)",https://www.oldwildwest.it/en/restaurants,EUR 10-20,False
1390,Old Wild West,Calabria,Catanzaro,CZ,Maida,Burgers,EUR 10-20,3.8,1938,38.9016903,16.3497438,Shopping Mall,Località Comuni Condomini - 88025 Lamezia Terme (CZ),https://www.oldwildwest.it/en/restaurants,EUR 10-20,False
1391,Old Wild West,Calabria,Catanzaro,CZ,Lamezia Terme,Burgers,EUR 20-30,4.1,22,38.967302,16.3201345,Shopping Mall,"Via Nazionale Nicastro, 4",https://www.oldwildwest.it/en/restaurants,EUR 20-30,False
1392,Old Wild West,Calabria,Reggio Calabria,RC,Reggio Calabria,Burgers,EUR 10-20,4.2,2056,38.1091047,15.6429116,City Center,"Corso Vittorio Emanuele III, 107 A - 89125 Reggio Calabria",https://www.oldwildwest.it/en/restaurants,EUR 10-20,False
1393,Old Wild West,Calabria,Cosenza,CS,Quattromiglia,Burgers,EUR 20-30,4.2,1975,39.3538974,16.2398908,Commercial Area,"Via Marconi, 32 - 87036 Rende (CS)",https://www.oldwildwest.it/en/restaurants,EUR 20-30,False
1394,Old Wild West,Campania,Napoli,NA,Ipercoop,Burgers,EUR 10-20,3.9,1256,40.9338959,14.3580346,Shopping Mall,"Via Santa Maria La Nuova, 1 c/o C.C. Le Porte di Napoli - 80021 Afragola (NA)",https://www.oldwildwest.it/en/restaurants,EUR 10-20,False
1395,Old Wild West,Campania,Caserta,CE,Aversa,Burgers,EUR 10-20,3.8,222,40.9691885,14.2129333,Commercial Area,"Viale John Fitzgerald Kennedy, 64 - 81031 Aversa (CE)",https://www.oldwildwest.it/en/restaurants,EUR 10-20,False
1396,Old Wild West,Campania,Napoli,NA,Zona Commerciale San Salvatore,Burgers,EUR 20-30,3.8,2194,40.8970773,14.315431,Shopping Mall,Via San Salvatore - 80026 Casoria (NA),https://www.oldwildwest.it/en/restaurants,EUR 20-30,False
1397,Old Wild West,Campania,Napoli,NA,Giugliano in Campania,Burgers,EUR 10-20,4.1,2210,40.9335956,14.1466067,Shopping Mall,Parco Commerciale Grande Sud - 80014 Giugliano in Campania (NA),https://www.oldwildwest.it/en/restaurants,EUR 10-20,False
1398,Old Wild West,Campania,Caserta,CE,Marcianise,Burgers,EUR 10-20,3.7,3876,41.0049271,14.3272008,Shopping Mall,"Strada Statale, 87 - Località Aurno - 81025 Marcianise (CE)",https://www.oldwildwest.it/en/restaurants,EUR 10-20,False
1399,Old Wild West,Campania,Avellino,AV,Località Macera,Burgers,EUR 10-20,3.9,1081,40.9117638,14.7487481,Shopping Mall,Via Nicola Santangelo - 83013 Mercogliano (AV),https://www.oldwildwest.it/en/restaurants,EUR 10-20,False
1400,Old Wild West,Campania,Napoli,NA,Napoli,Burgers,EUR 10-20,3.7,1295,40.821982,14.1830465,Commercial Area,"Viale John Fitzgerald Kennedy, 76 - 80125 Napoli",https://www.oldwildwest.it/en/restaurants,EUR 10-20,False
1401,Old Wild West,Campania,Napoli,NA,Napoli,Burgers,EUR 10-20,4.8,17,40.8500037,14.3113754,Shopping Mall,Via Argine - 80147 Napoli,https://www.oldwildwest.it/en/restaurants,EUR 10-20,False
1402,Old Wild West,Campania,Napoli,NA,Nola,Burgers,EUR 20-30,3.9,1367,40.9499023,14.4883341,Shopping Mall,Località Boscofangone - 80035 Nola (NA),https://www.oldwildwest.it/en/restaurants,EUR 20-30,False
1403,Old Wild West,Campania,Napoli,NA,Pompei,Burgers,EUR 10-20,4.0,1863,40.7407953,14.5025594,Shopping Mall,"Pompei La Cartiera Via Macello, 22 - 80045 Pompei (NA)",https://www.oldwildwest.it/en/restaurants,EUR 10-20,False
1404,Old Wild West,Campania,Napoli,NA,Pompei,Burgers,EUR 10-20,4.1,454,40.7492867,14.4972197,City Center,"Pompei Scavi - Old Wild West Fast Via Roma, 73 Pompei - 80045 Pompei (NA)",https://www.oldwildwest.it/en/restaurants,EUR 10-20,False
1405,Old Wild West,Campania,Salerno,SA,Pontecagnano Faiano,Burgers,EUR 10-20,4.1,2024,40.6351496,14.9080604,Shopping Mall,Pontecagnano Maximall Via Pacinotti 22 - Loc.Scontrafata - 84098 Pontecagnano Faiano (SA),https://www.oldwildwest.it/en/restaurants,EUR 10-20,False
1406,Old Wild West,Campania,Napoli,NA,Portici,Burgers,EUR 10-20,3.9,328,40.8150124,14.3351107,City Center,"Portici (Napoli) - Old Wild West Fast Corso Giuseppe Garibaldi, 79/81 - 80055, Portici (NA)",https://www.oldwildwest.it/en/restaurants,EUR 10-20,False
1407,Old Wild West,Campania,Salerno,SA,Salerno,Burgers,EUR 10-20,4.0,1561,40.636259,14.8379819,Shopping Mall,Salerno C.C. Siniscalchi Via Roberto Wenner c/o C.C. Siniscalchi - 84131 Salerno,https://www.oldwildwest.it/en/restaurants,EUR 10-20,False
1408,Old Wild West,Campania,Caserta,CE,Santa Maria Capua Vetere,Burgers,EUR 20-30,4.0,2086,41.0915492,14.2537953,Shopping Mall,"Santa Maria Capua Vetere Via Galatina, angolo Via Gran Bretagna - 81055 Santa Maria Capua Vetere (CE)",https://www.oldwildwest.it/en/restaurants,EUR 20-30,False
1409,Old Wild West,Emilia-Romagna,Bologna,BO,Bologna,Burgers,EUR 10-20,3.9,1383,44.5138612,11.3286417,Shopping Mall,"Bologna Centro Lame Via Marco Polo, 3 - 40131 Bologna (BO)",https://www.oldwildwest.it/en/restaurants,EUR 10-20,False
1410,Old Wild West,Emilia-Romagna,Bologna,BO,Bologna,Burgers,EUR 20-30,3.8,1549,44.5111744,11.3729153,Commercial Area,"Bologna The Space Viale Europa, 5 - 40127 Bologna (BO)",https://www.oldwildwest.it/en/restaurants,EUR 20-30,False
1411,Old Wild West,Emilia-Romagna,Bologna,BO,Bologna,Burgers,EUR 10-20,4.4,455,44.508947,11.356514,Commercial Area,"Bologna Via Stalingrado Via Stalingrado, 27/6D - 40128 Bologna",https://www.oldwildwest.it/en/restaurants,EUR 10-20,False
1412,Old Wild West,Emilia-Romagna,Modena,MO,Carpi,Burgers,EUR 20-30,3.9,1503,44.780863,10.866106,Shopping Mall,"Carpi Via Dell'integrazione, 7 - 41012 Carpi (MO)",https://www.oldwildwest.it/en/restaurants,EUR 20-30,False
1413,Old Wild West,Emilia-Romagna,Bologna,BO,Zona Industriale Via del Lavoro,Burgers,EUR 10-20,4.3,905,44.4886837,11.2494641,Shopping Mall,"Casalecchio C.C. Gran Reno Via Marilyn Monroe, 2 presso Shopville Gran Reno - 40033 Casalecchio di Reno BO",https://www.oldwildwest.it/en/restaurants,EUR 10-20,False
1414,Old Wild West,Emilia-Romagna,Bologna,BO,Casalecchio di Reno,Burgers,EUR 10-20,3.9,2695,44.4827728,11.2691776,Shopping Mall,"Casalecchio di Reno - C.C. Meridiana Via Aldo Moro, 64 - 40033 Casalecchio di Reno (BO)",https://www.oldwildwest.it/en/restaurants,EUR 10-20,False
1415,Old Wild West,Emilia-Romagna,Bologna,BO,Poggio Piccolo,Burgers,EUR 10-20,3.7,3244,44.4316649,11.6080991,Shopping Mall,"Castel Guelfo Plaza Via del Commercio, 21 - 40023 Castel Guelfo (BO)",https://www.oldwildwest.it/en/restaurants,EUR 10-20,False
1416,Old Wild West,Emilia-Romagna,Bologna,BO,Castenaso,Burgers,EUR 10-20,3.9,282,44.4902448,11.4228419,Shopping Mall,Castenaso Via Villanova 29 - 40055 Castenaso (BO),https://www.oldwildwest.it/en/restaurants,EUR 10-20,False
1417,Old Wild West,Emilia-Romagna,Ferrara,FE,Cento,Burgers,EUR 20-30,4.1,1797,44.7483022,11.3035952,Shopping Mall,"Cento Via Matteo Loves, 21 CC White Park - 44042 Cento (FE)",https://www.oldwildwest.it/en/restaurants,EUR 20-30,False
1418,Old Wild West,Emilia-Romagna,Ferrara,FE,Ferrara,Burgers,EUR 20-30,4.3,1617,44.8474165,11.5969461,Commercial Area,"Ferrara Via Modena, 20 - 44122 Ferrara (FE)",https://www.oldwildwest.it/en/restaurants,EUR 20-30,False
1419,Old Wild West,Emilia-Romagna,Forlì-Cesena,FC,Forlì,Burgers,EUR 10-20,4.3,700,44.2448656,12.0774367,Commercial Area,Forlì Via Ravegnana 474/E - 47122 Forlì,https://www.oldwildwest.it/en/restaurants,EUR 10-20,False
1420,Old Wild West,Emilia-Romagna,Bologna,BO,Imola,Burgers,EUR 10-20,4.6,187,44.3710522,11.7317452,Commercial Area,Imola Via Selice Provinciale 39/H,https://www.oldwildwest.it/en/restaurants,EUR 10-20,False
1421,Old Wild West,Emilia-Romagna,Modena,MO,Modena,Burgers,EUR 10-20,4.0,3749,44.6483799,10.8531087,Shopping Mall,"Modena C.C. Grandemilia Via Emilia Ovest, 1480 - 41123 Modena (MO)",https://www.oldwildwest.it/en/restaurants,EUR 10-20,False
1422,Old Wild West,Emilia-Romagna,Modena,MO,Modena,Burgers,EUR 10-20,4.3,324,44.6396031,10.9424051,Commercial Area,"Modena Est Via Emilia Est, 399 - 41124 Modena (MO)",https://www.oldwildwest.it/en/restaurants,EUR 10-20,False
1423,Old Wild West,Emilia-Romagna,Modena,MO,Modena,Burgers,EUR 20-30,4.2,2105,44.6585969,10.9206465,Commercial Area,"Modena Victoria Cinema Via Sergio Ramelli, 101 - 41100 Modena",https://www.oldwildwest.it/en/restaurants,EUR 20-30,False
1424,Old Wild West,Emilia-Romagna,Parma,PR,Parma,Burgers,EUR 20-30,4.1,1068,44.8288448,10.3394936,Commercial Area,"Parma San Leonardo Via S. Leonardo, 95 - 43122 Parma (PR)",https://www.oldwildwest.it/en/restaurants,EUR 20-30,False
1425,Old Wild West,Emilia-Romagna,Parma,PR,Parma,Burgers,EUR 20-30,4.0,1826,44.7661326,10.3215332,Shopping Mall,"Parma The Space Largo Sergio Leone, 7/A - 43123 Parma",https://www.oldwildwest.it/en/restaurants,EUR 20-30,False
1426,Old Wild West,Emilia-Romagna,Piacenza,PC,Piacenza,Burgers,EUR 10-20,3.9,2615,45.0341383,9.7118333,Shopping Mall,"Piacenza Farnesiana Strada Farnesiana, 110 - 29122 Piacenza",https://www.oldwildwest.it/en/restaurants,EUR 10-20,False
1427,Old Wild West,Emilia-Romagna,Reggio Emilia,RE,Reggio Emilia,Burgers,EUR 10-20,3.9,2284,44.7151454,10.6510952,Shopping Mall,"Reggio Emilia - C.C. I Petali Piazzale Atleti Azzurri d'Italia, 5 - 42122 - Reggio Emilia",https://www.oldwildwest.it/en/restaurants,EUR 10-20,False
1428,Old Wild West,Emilia-Romagna,Reggio Emilia,RE,Reggio Emilia,Burgers,EUR 10-20,3.9,2066,44.6684583,10.5995643,Commercial Area,Reggio Emilia - Via Gagarin Via Yuri Gagarin 9 - Reggio Emilia (RE),https://www.oldwildwest.it/en/restaurants,EUR 10-20,False
1429,Old Wild West,Emilia-Romagna,Rimini,RN,Rimini,Burgers,EUR 10-20,3.9,3261,44.0406806,12.5864094,Shopping Mall,"Rimini Le Befane Via Caduti di Nassiriya, 20 - 47900 Rimini (RN)",https://www.oldwildwest.it/en/restaurants,EUR 10-20,False
1430,Old Wild West,Emilia-Romagna,Modena,MO,Sassuolo,Burgers,EUR 20-30,4.1,550,44.5449638,10.7743681,Commercial Area,"Sassuolo VIA 5 GIORNATE DI MILANO, 86 41049 Sassuolo (MO) - Sassuolo",https://www.oldwildwest.it/en/restaurants,EUR 20-30,False
1431,Old Wild West,Emilia-Romagna,Forlì-Cesena,FC,Savignano sul Rubicone,Burgers,EUR 10-20,4.0,2523,44.1571991,12.427413,Shopping Mall,"Savignano Romagna Piazza Fratelli Lumiere, 22 - 47039 Savignano sul Rubicone (FC)",https://www.oldwildwest.it/en/restaurants,EUR 10-20,False
1432,Old Wild West,Emilia-Romagna,Bologna,BO,Ancona,Burgers,EUR 20-30,3.7,34,44.4278789,11.5985034,Service Area,Sillaro Ovest A14- Autostrada Bologna - Ancona - 40024 Castel San Pietro Terme (BO),https://www.oldwildwest.it/en/restaurants,EUR 20-30,False
1433,Old Wild West,Friuli-Venezia Giulia,Pordenone,PN,Fiume Veneto,Burgers,EUR 10-20,4.2,3666,45.9443687,12.7237597,Shopping Mall,"Fiume Veneto C.C. Granfiume Via Maestri del Lavoro, 42 - 33080 Fiume Veneto (PN)",https://www.oldwildwest.it/en/restaurants,EUR 10-20,False
1434,Old Wild West,Friuli-Venezia Giulia,Gorizia,GO,Gorizia,Burgers,EUR 10-20,3.7,183,45.943911,13.6197649,City Center,Gorizia Corso Verdi 74/5 - 34170 Gorizia GO,https://www.oldwildwest.it/en/restaurants,EUR 10-20,False
1435,Old Wild West,Friuli-Venezia Giulia,Pordenone,PN,Pordenone,Burgers,EUR 10-20,4.2,629,45.9622334,12.6561777,City Center,Pordenone Via XXX Aprile n.15 - 33170 Pordenone (PN),https://www.oldwildwest.it/en/restaurants,EUR 10-20,False
1436,Old Wild West,Friuli-Venezia Giulia,Udine,UD,Pordenone,Burgers,EUR 10-20,4.1,855,46.021,13.285,Shopping Mall,"Pradamano The Space Via Pierpaolo Pasolini, 2 - 33040 Pradamano (UD)",https://www.oldwildwest.it/en/restaurants,EUR 10-20,False
1437,Old Wild West,Friuli-Venezia Giulia,Trieste,TS,Trieste,Burgers,EUR 10-20,4.1,3585,45.6938086,13.73766,Commercial Area,"Trieste Miramare Viale Miramare, 291 - 34136 Trieste",https://www.oldwildwest.it/en/restaurants,EUR 10-20,False
1438,Old Wild West,Friuli-Venezia Giulia,Udine,UD,Martignacco,Burgers,EUR 10-20,4.0,1570,46.0863512,13.181996,Shopping Mall,"Udine Città Fiera Via Antonio Bardelli, 4 - 33035 Torreano di Martignacco",https://www.oldwildwest.it/en/restaurants,EUR 10-20,False
1439,Old Wild West,Friuli-Venezia Giulia,Udine,UD,Feletto Umberto,Burgers,EUR 10-20,4.2,3677,46.10290196,13.2288526,Shopping Mall,"Udine Tavagnacco Via Nazionale, 35 - 33010 Tavagnacco (UD)",https://www.oldwildwest.it/en/restaurants,EUR 10-20,False
1440,Old Wild West,Lazio,Latina,LT,Aprilia,Burgers,EUR 20-30,4.1,1363,41.59287664,12.62870508,Shopping Mall,Aprilia C.C. Aprilia2 SS 148 Pontina Km 44 - Via Riserva Nuova - 04011 Aprilia (LT),https://www.oldwildwest.it/en/restaurants,EUR 20-30,False
1441,Old Wild West,Lazio,Latina,LT,Aprilia,Burgers,EUR 20-30,4.5,205,41.5817138,12.6499182,Service Area,"Aprilia Pontina Strada Statale Pontina, Km 45.800, 148, 04011 Aprilia LT",https://www.oldwildwest.it/en/restaurants,EUR 20-30,False
1442,Old Wild West,Lazio,Roma,RM,Bivio di Capanelle,Burgers,EUR 20-30,4.2,2762,42.1212219,12.591414,Commercial Area,Capena Via Tiberina Via Tiberina km 17 - 00060 Capena (RM),https://www.oldwildwest.it/en/restaurants,EUR 20-30,False
1443,Old Wild West,Lazio,Frosinone,FR,Cassino,Burgers,EUR 10-20,4.1,1133,41.4894954,13.8458352,Shopping Mall,"Cassino Via Casilina Sud, KM 140 - 03043 Cassino",https://www.oldwildwest.it/en/restaurants,EUR 10-20,False
1444,Old Wild West,Lazio,Roma,RM,Fiumicino,Burgers,EUR 20-30,4.3,344,41.80755009,12.2969209,Shopping Mall,Fiumicino Da Vinci Via Rino Gaetano 5b - 00054 Fiumicino (ROMA),https://www.oldwildwest.it/en/restaurants,EUR 20-30,False
1445,Old Wild West,Lazio,Roma,RM,Fiumicino,Burgers,EUR 10-20,4.5,809,41.7689294,12.2255385,City Center,"Fiumicino Darsena Viale Traiano, 141, 00054 Fiumicino (RM) - 00054 Fiumicino (ROMA)",https://www.oldwildwest.it/en/restaurants,EUR 10-20,False
1446,Old Wild West,Lazio,Roma,RM,Fiumicino,Burgers,EUR 20-30,3.9,2135,41.7983981,12.2961837,Shopping Mall,Fiumicino Leonardo Via Gian Lorenzo Bernini 4/6 - 00054 Fiumicino (ROMA),https://www.oldwildwest.it/en/restaurants,EUR 20-30,False
1447,Old Wild West,Lazio,Latina,LT,Formia,Burgers,EUR 10-20,4.0,1386,41.26657,13.6718426,Shopping Mall,"Formia Centro Commerciale Itaca, Via Mamurrano - 04023 Formia (LT)",https://www.oldwildwest.it/en/restaurants,EUR 10-20,False
1448,Old Wild West,Lazio,Frosinone,FR,Frosinone,Burgers,EUR 20-30,4.1,2735,41.6152666,13.3062829,Shopping Mall,"Frosinone Via Dei Monti Lepini, 210 - 03100 Frosinone (FR)",https://www.oldwildwest.it/en/restaurants,EUR 20-30,False
1449,Old Wild West,Lazio,Latina,LT,Gaeta,Burgers,EUR 10-20,4.1,582,41.2305574,13.5674813,Shopping Mall,"Gaeta Via Lungomare Giovanni Caboto, 13c - 04024 Gaeta (LT)",https://www.oldwildwest.it/en/restaurants,EUR 10-20,False
1450,Old Wild West,Lazio,Roma,RM,Guidonia Montecelio,Burgers,EUR 20-30,4.3,1530,41.9827081,12.7137365,Commercial Area,Guidonia Viale Roma 248 - 00012 Guidonia (RM),https://www.oldwildwest.it/en/restaurants,EUR 20-30,False
1451,Old Wild West,Lazio,Latina,LT,Latina,Burgers,EUR 20-30,4.1,3322,41.4793346,12.8698711,Commercial Area,Latina Via Piave Via Piave km 67.700 - 04100 Latina,https://www.oldwildwest.it/en/restaurants,EUR 20-30,False
1452,Old Wild West,Lazio,Roma,RM,Lido di Ostia,Burgers,EUR 10-20,4.1,3438,41.729775,12.276948,City Center,"Ostia Lido P.zza dei Ravennati, 7 - 00122 Ostia Lido (Roma)",https://www.oldwildwest.it/en/restaurants,EUR 10-20,False
1453,Old Wild West,Lazio,Roma,RM,Pomezia,Burgers,EUR 20-30,4.1,3226,41.6710503,12.4937115,Commercial Area,"Pomezia Via del Mare 26A, angolo Via dell'Industria 9 - 00071 Pomezia (RM)",https://www.oldwildwest.it/en/restaurants,EUR 20-30,False
1454,Old Wild West,Lazio,Roma,RM,Roma,Burgers,EUR 20-30,3.9,2348,41.8170047,12.4594942,Shopping Mall,"Roma - Euroma 2 Viale dell'Oceano Pacifico, 83 c/o C.C. Euroma2 - 00144 Roma",https://www.oldwildwest.it/en/restaurants,EUR 20-30,False
1455,Old Wild West,Lazio,Roma,RM,Roma,Burgers,EUR 20-30,4.1,3738,41.887009,12.4026756,Commercial Area,"Roma Aurelia Via Aurelia, 838 - 00165 Roma (RM)",https://www.oldwildwest.it/en/restaurants,EUR 20-30,False
1456,Old Wild West,Lazio,Roma,RM,Roma,Burgers,EUR 20-30,4.1,4046,41.8373979,12.5947221,Shopping Mall,"Roma C.C. Anagnina Via Torre di Mezzavia, 35 - Roma",https://www.oldwildwest.it/en/restaurants,EUR 20-30,False
1457,Old Wild West,Lazio,Roma,RM,Roma,Burgers,EUR 10-20,4.2,2061,41.9018462,12.4388835,Shopping Mall,"Roma C.C. Aura c/o Centro Commerciale Aura"" Viale di Valle Aurelia 62 - 00167 Roma RM""",https://www.oldwildwest.it/en/restaurants,EUR 10-20,False
1458,Old Wild West,Lazio,Roma,RM,Roma,Burgers,EUR 20-30,4.3,574,41.7779234,12.3371128,Residential Area,"Roma Dragona Via di Dragone, 111 - 00126 Roma",https://www.oldwildwest.it/en/restaurants,EUR 20-30,False
1459,Old Wild West,Lazio,Roma,RM,Infernetto,Burgers,EUR 10-20,4.2,1600,41.7516993,12.3677831,Shopping Mall,"Roma Infernetto Parchi della Colombo Via Cristoforo Colombo, 1897 - 00124 Roma",https://www.oldwildwest.it/en/restaurants,EUR 10-20,False
1460,Old Wild West,Lazio,Roma,RM,Roma,Burgers,EUR 20-30,3.9,4012,41.8345971,12.4718064,Commercial Area,"Roma Obelisco Via Cristoforo Colombo, 551 - angolo Viale della Civiltà del Lavoro, 92 - 00144 Roma",https://www.oldwildwest.it/en/restaurants,EUR 20-30,False
1461,Old Wild West,Lazio,Roma,RM,Roma,Burgers,EUR 20-30,4.1,4652,41.9710966,12.5407792,Shopping Mall,"Roma Porta di Roma Via Alberto Lionello, 201 - 00139 Roma",https://www.oldwildwest.it/en/restaurants,EUR 20-30,False
1462,Old Wild West,Lazio,Roma,RM,Roma,Burgers,EUR 10-20,4.2,911,41.8072326,12.4864454,Shopping Mall,Roma S.C. Maximo Via Laurentina - 00143 Roma,https://www.oldwildwest.it/en/restaurants,EUR 10-20,False
1463,Old Wild West,Lazio,Roma,RM,Roma,Burgers,EUR 10-20,4.2,2477,41.8973095,12.5120216,Commercial Area,"Roma San Lorenzo via Tiburtina 25 Via Tiburtina, 25 - 00185 Roma",https://www.oldwildwest.it/en/restaurants,EUR 10-20,False
1464,Old Wild West,Lazio,Roma,RM,Roma,Burgers,EUR 20-30,4.3,993,41.8153313,12.4122558,Shopping Mall,"Roma The Village - Parco de' Medici Via Salvatore Rebecchini, 5 - 00148 Roma (RM)",https://www.oldwildwest.it/en/restaurants,EUR 20-30,False
1465,Old Wild West,Lazio,Roma,RM,Roma,Burgers,EUR 20-30,4.1,4385,41.848279,12.598487,Commercial Area,"Roma Via Alimena Via Alimena, 18 - 00173 Roma",https://www.oldwildwest.it/en/restaurants,EUR 20-30,False
1466,Old Wild West,Lazio,Roma,RM,Roma,Burgers,EUR 20-30,4.1,2374,41.9332636,12.589105,Commercial Area,Roma via Tiburtina 1103 Via Tiburtina 1103 - 00156 Roma,https://www.oldwildwest.it/en/restaurants,EUR 20-30,False
1467,Old Wild West,Lazio,Roma,RM,Roma,Burgers,EUR 20-30,4.0,2300,41.9371411,12.4313692,Commercial Area,"Roma Via Trionfale Via Trionfale, 7988 - 00135 Roma",https://www.oldwildwest.it/en/restaurants,EUR 20-30,False
1468,Old Wild West,Lazio,Roma,RM,Roma,Burgers,EUR 10-20,4.3,4007,41.9158275,12.6607986,Shopping Mall,Romaest Via Collatina KM 12.800 - 00155 Lunghezza (ROMA),https://www.oldwildwest.it/en/restaurants,EUR 10-20,False
1469,Old Wild West,Lazio,Latina,LT,Terracina,Burgers,EUR 10-20,3.9,1535,41.2903177,13.2475784,City Center,"Terracina Piazza Gregorio Antonelli, 1 - 04019 Terracina (LT)",https://www.oldwildwest.it/en/restaurants,EUR 10-20,False
1470,Old Wild West,Lazio,Roma,RM,Valmontone,Burgers,EUR 10-20,4.4,5591,41.7623697,12.9559986,Commercial Area,Valmontone Outlet Via della Pace località Pascolaro - 00038 Valmontone (RM),https://www.oldwildwest.it/en/restaurants,EUR 10-20,False
1471,Old Wild West,Lazio,Roma,RM,Velletri,Burgers,EUR 20-30,4.4,1267,41.6862813,12.7827089,Commercial Area,"Velletri Viale Dei Volsci, 66-68 - 00049 Velletri (RM)",https://www.oldwildwest.it/en/restaurants,EUR 20-30,False
1472,Old Wild West,Lazio,Viterbo,VT,Viterbo,Burgers,EUR 20-30,3.9,912,42.4365933,12.0973368,Shopping Mall,"Viterbo Via Igino Garbini, 93 01100 Viterbo (VT) - Viterbo",https://www.oldwildwest.it/en/restaurants,EUR 20-30,False
1473,Old Wild West,Liguria,Genova,GE,Genova,Burgers,EUR 20-30,4.0,3299,44.4137984,8.8805257,Shopping Mall,"Genova Fiumara Via Paolo Mantovani, 13 - 16100 Genova",https://www.oldwildwest.it/en/restaurants,EUR 20-30,False
1474,Old Wild West,Liguria,Genova,GE,Genova,Burgers,EUR 10-20,4.1,1085,44.4088629,8.9555768,Shopping Mall,Genova Mercato MERCATO CORSO SARDEGNA in Corso Sardegna 67 - Genova (GE),https://www.oldwildwest.it/en/restaurants,EUR 10-20,False
1475,Old Wild West,Liguria,Genova,GE,Genova,Burgers,EUR 20-30,3.9,2795,44.4082671,8.9218399,Shopping Mall,Genova Porto Antico Via Magazzini del Cotone - 16128 Genova,https://www.oldwildwest.it/en/restaurants,EUR 20-30,False
1476,Old Wild West,Liguria,La Spezia,SP,La Spezia,Burgers,EUR 20-30,4.1,1898,44.1190271,9.8315147,Shopping Mall,"La Spezia Le Terrazze Via Fontevivo, 10 - 19125 La Spezia",https://www.oldwildwest.it/en/restaurants,EUR 20-30,False
1477,Old Wild West,Liguria,Savona,SV,Savona,Burgers,EUR 20-30,4.2,3316,44.2997691,8.4631988,Shopping Mall,"Savona Via Stalingrado, 94 - 17100 Savona",https://www.oldwildwest.it/en/restaurants,EUR 20-30,False
1478,Old Wild West,Lombardia,Como,CO,Inverigo,Burgers,EUR 20-30,4.0,2246,45.7221722,9.2150439,Commercial Area,"Arosio Via Valassina, 30 - 22060 Arosio (CO)",https://www.oldwildwest.it/en/restaurants,EUR 20-30,False
1479,Old Wild West,Lombardia,Milano,MI,Assago,Burgers,EUR 10-20,3.6,1333,45.4075178,9.1521043,Commercial Area,Assago Milanofiori Località Cascina Venina - 20090 Assago (MI),https://www.oldwildwest.it/en/restaurants,EUR 10-20,False
1480,Old Wild West,Lombardia,Milano,MI,Bellinzago Lombardo,Burgers,EUR 20-30,4.0,1346,45.5459555,9.4547288,Shopping Mall,"Bellinzago Lombardo Strada Statale 11 Padana Superiore, 154 - 20060 Bellinzago Lombardo (MI)",https://www.oldwildwest.it/en/restaurants,EUR 20-30,False
1481,Old Wild West,Lombardia,Bergamo,BG,Bergamo,Burgers,EUR 10-20,4.6,495,45.7096313,9.6820879,Commercial Area,"Bergamo Stadio Viale Giulio Cesare, 18 - 24124 Bergamo (BG)",https://www.oldwildwest.it/en/restaurants,EUR 10-20,False
1482,Old Wild West,Lombardia,Brescia,BS,Roncadelle,Burgers,EUR 10-20,4.2,148,45.5329856,10.16415,Shopping Mall,"Brescia CC Elnos Shopping Via Luigi Einaudi, presso CC Elnos Shopping - 25030 - Roncadelle (BS)",https://www.oldwildwest.it/en/restaurants,EUR 10-20,False
1483,Old Wild West,Lombardia,Brescia,BS,Brescia,Burgers,EUR 10-20,3.8,2016,45.5235137,10.1780843,Commercial Area,Brescia Oz Via Sorbanella 12 - 25125 Brescia (BS),https://www.oldwildwest.it/en/restaurants,EUR 10-20,False
1484,Old Wild West,Lombardia,Monza e della Brianza,MB,Cornate d'Adda,Burgers,EUR 10-20,3.9,1720,45.6210031,9.4754825,Shopping Mall,"Busnago CC Il Globo Via Italia, 197 - 20874 Busnago (MB)",https://www.oldwildwest.it/en/restaurants,EUR 10-20,False
1485,Old Wild West,Lombardia,Milano,MI,Carugate,Burgers,EUR 10-20,4.0,2701,45.5460461,9.3295111,Shopping Mall,"Carugate Carosello Strada Provinciale 208, Km 2 - 20061 Carugate (MI)",https://www.oldwildwest.it/en/restaurants,EUR 10-20,False
1486,Old Wild West,Lombardia,Milano,MI,Cerro Maggiore,Burgers,EUR 10-20,4.0,1760,45.6007423,8.9480988,Shopping Mall,Cerro Maggiore Move In Via Filippo Turati 72 - 20023 Cerro Maggiore (MI),https://www.oldwildwest.it/en/restaurants,EUR 10-20,False
1487,Old Wild West,Lombardia,Como,CO,Como,Burgers,EUR 20-30,4.3,593,45.806635,9.0780758,Commercial Area,"Como V.le Innocenzo XI, 61 - 22100, Como (CO)",https://www.oldwildwest.it/en/restaurants,EUR 20-30,False
1488,Old Wild West,Lombardia,Cremona,CR,Cremona,Burgers,EUR 10-20,4.0,2071,45.1495489,9.9978609,Shopping Mall,"Cremona Po Via Castelleone, 108 - 26100 Cremona",https://www.oldwildwest.it/en/restaurants,EUR 10-20,False
1489,Old Wild West,Lombardia,Bergamo,BG,Curno,Burgers,EUR 10-20,4.6,1129,45.6830789,9.6099336,Shopping Mall,"Curno Via Enrico Fermi, 1 - 24035 Curno (BG)",https://www.oldwildwest.it/en/restaurants,EUR 10-20,False
1490,Old Wild West,Lombardia,Bergamo,BG,Dalmine,Burgers,EUR 10-20,4.2,2347,45.6439375,9.6142479,Commercial Area,"Dalmine Via Provinciale Via Provinciale, 27 - 24044 Dalmine (BG)",https://www.oldwildwest.it/en/restaurants,EUR 10-20,False
1491,Old Wild West,Lombardia,Brescia,BS,Bessimo Superiore I,Burgers,EUR 10-20,4.1,1079,45.8724205,10.1547441,Shopping Mall,"Darfo Boario Terme Via Nazionale, 43 - 25047 Darfo - Boario Terme (BS)",https://www.oldwildwest.it/en/restaurants,EUR 10-20,False
1492,Old Wild West,Lombardia,Como,CO,Erba,Burgers,EUR 20-30,4.3,452,45.8049034,9.2340996,Commercial Area,"Erba Via Milano, 12 - 22036 Erba",https://www.oldwildwest.it/en/restaurants,EUR 20-30,False
1493,Old Wild West,Lombardia,Brescia,BS,Villa Pedergnano,Burgers,EUR 10-20,4.1,2053,45.5797826,10.0002588,Shopping Mall,"Erbusco Porte Franche Via Rovato, 44 - 25030 Erbusco (BS)",https://www.oldwildwest.it/en/restaurants,EUR 10-20,False
1494,Old Wild West,Lombardia,Varese,VA,Gerenzano,Burgers,EUR 20-30,4.2,2276,45.6318244,9.0163497,Commercial Area,"Gerenzano Via Giampiero Clerici, 151 - 21040 Gerenzano",https://www.oldwildwest.it/en/restaurants,EUR 20-30,False
1495,Old Wild West,Lombardia,Lecco,LC,Lecco,Burgers,EUR 20-30,4.0,3171,45.827852,9.4112398,Commercial Area,"Lecco Palataurus Viale Giacomo Brodolini, 35/A - 23900 Lecco (LC)",https://www.oldwildwest.it/en/restaurants,EUR 20-30,False
1496,Old Wild West,Lombardia,Monza e della Brianza,MB,Limbiate,Burgers,EUR 10-20,4.1,1998,45.6068716,9.1318909,Shopping Mall,"Limbiate Carrefour Ex Strada Statale 527, Via Isonzo - 20812 Limbiate (MB)",https://www.oldwildwest.it/en/restaurants,EUR 10-20,False
1497,Old Wild West,Lombardia,Monza e della Brianza,MB,Lissone,Burgers,EUR 10-20,3.9,926,45.6340967,9.2236625,Commercial Area,Lissone Valacinemas Via Madre Teresa ang. Via Valassina - 20851 Lissone (MB),https://www.oldwildwest.it/en/restaurants,EUR 10-20,False
1498,Old Wild West,Lombardia,Milano,MI,Milano,Burgers,EUR 10-20,3.8,2033,45.52189,9.215454,Shopping Mall,Milano Bicocca Village Via Chiese ang. Viale Sarca c/o Bicocca Village - 20126 Milano,https://www.oldwildwest.it/en/restaurants,EUR 10-20,False
1499,Old Wild West,Lombardia,Milano,MI,Milano,Burgers,EUR 10-20,4.5,1565,45.5135935,9.0996637,Shopping Mall,"Milano C.C. Merlata Bloom Via G.W. Daimler, 61 - 20151 Milano (MI)",https://www.oldwildwest.it/en/restaurants,EUR 10-20,False
1500,Old Wild West,Lombardia,Milano,MI,Rho,Burgers,EUR 10-20,3.9,1252,45.5376935,9.0188279,Shopping Mall,Milano C.C. Rho Center Via Capuana ang. Corso Europa - 20017 Rho (MI),https://www.oldwildwest.it/en/restaurants,EUR 10-20,False
1501,Old Wild West,Lombardia,Milano,MI,Sesto San Giovanni,Burgers,EUR 1-10,3.5,400,45.5353958,9.21781,Commercial Area,Milano Centro Sarca Via Milanese - 20099 Sesto S.Giovanni (MI),https://www.oldwildwest.it/en/restaurants,EUR 1-10,False
1502,Old Wild West,Lombardia,Milano,MI,Milano,Burgers,EUR 20-30,4.0,2132,45.4763911,9.1710566,City Center,Milano Corso Sempione Corso Sempione 3 - 20145 Milano,https://www.oldwildwest.it/en/restaurants,EUR 20-30,False
1503,Old Wild West,Lombardia,Milano,MI,Milano,Burgers,EUR 10-20,4.2,1224,45.4648088,9.1902851,City Center,"Milano Duomo Piazza del Duomo, 25 - 20122 Milano - Milano (MI)",https://www.oldwildwest.it/en/restaurants,EUR 10-20,False
1504,Old Wild West,Lombardia,Milano,MI,San Zenone al Lambro,Burgers,,3.2,39,45.3210858,9.3748827,Service Area,Milano San Zenone Area di servizio San Zenone Ovest - Autostrada A1 MI-NA - 20070 S. Zenone Al Lambro (MI),https://www.oldwildwest.it/en/restaurants,EUR 10-20,True
1505,Old Wild West,Lombardia,Milano,MI,Milano,Burgers,EUR 10-20,3.9,1585,45.5098915,9.1280854,Commercial Area,"Milano v.le Stephenson Via Giorgio Stephenson, 29 - Multisala cinema Certosa - 20157 Milano",https://www.oldwildwest.it/en/restaurants,EUR 10-20,False
1506,Old Wild West,Lombardia,Milano,MI,Milano,Burgers,EUR 10-20,3.8,1252,45.4914593,9.1917709,Transport Hub,"Milano v.le Zara Viale Zara, 13 - 20159 Milano",https://www.oldwildwest.it/en/restaurants,EUR 10-20,False
1507,Old Wild West,Lombardia,Milano,MI,Milano,Burgers,EUR 10-20,4.0,2350,45.4450623,9.161659,Commercial Area,"Milano Viale Cassala Viale Cassala, 14 - 20143 Milano",https://www.oldwildwest.it/en/restaurants,EUR 10-20,False
1508,Old Wild West,Lombardia,Como,CO,Lucino,Burgers,EUR 20-30,4.1,1345,45.7817573,9.0418167,Commercial Area,"Montano Lucino The Screen Cinemas Via Giacomo Leopardi, 1 - 22070 Montano Lucino (CO)",https://www.oldwildwest.it/en/restaurants,EUR 20-30,False
1509,Old Wild West,Lombardia,Pavia,PV,Montebello della Battaglia,Burgers,EUR 10-20,4.0,1529,44.9984187,9.0701466,Commercial Area,"Montebello Iper Via Ingegnere Adolfo Mazza, 50 - 27054 Montebello della Battaglia (PV)",https://www.oldwildwest.it/en/restaurants,EUR 10-20,False
1510,Old Wild West,Lombardia,Monza e della Brianza,MB,Monza,Burgers,EUR 10-20,4.1,1368,45.5904067,9.249335,Shopping Mall,"Monza CC Rondò dei Pini Via Lario, 17 - 20900 Monza Brianza (MB)",https://www.oldwildwest.it/en/restaurants,EUR 10-20,False
1511,Old Wild West,Lombardia,Varese,VA,Olgiate Olona,Burgers,EUR 20-30,4.1,5258,45.6326064,8.8590932,Commercial Area,"Olgiate Olona Via Busto Fagnano, 36 - 21057 Olgiate Olona (VA)",https://www.oldwildwest.it/en/restaurants,EUR 20-30,False
1512,Old Wild West,Lombardia,Bergamo,BG,Orio al Serio,Burgers,EUR 10-20,3.9,2909,45.6641529,9.6968026,Shopping Mall,"Orio al Serio Oriocenter Via Portico, 59/61 - 24050 Orio Al Serio (BG)",https://www.oldwildwest.it/en/restaurants,EUR 10-20,False
1513,Old Wild West,Lombardia,Pavia,PV,Parona,Burgers,EUR 10-20,4.1,1288,45.2764271,8.7877036,Shopping Mall,"Parona Movie Planet Strada per la Cattanea, 106 - 27020, Parona (PV)",https://www.oldwildwest.it/en/restaurants,EUR 10-20,False
1514,Old Wild West,Lombardia,Pavia,PV,Pavia,Burgers,EUR 10-20,4.1,2111,45.2051595,9.1726234,Shopping Mall,"Pavia Via Vigentina, angolo Via Cassani - 27100 Pavia",https://www.oldwildwest.it/en/restaurants,EUR 10-20,False
1515,Old Wild West,Lombardia,Milano,MI,Peschiera Borromeo,Burgers,EUR 10-20,4.0,2048,45.4229225,9.2932016,Shopping Mall,"Peschiera Borromeo Galleria Via della Liberazione, 8 - 20068 Peschiera Borromeo (MI)",https://www.oldwildwest.it/en/restaurants,EUR 10-20,False
1516,Old Wild West,Lombardia,Sondrio,SO,Piantedo,Burgers,EUR 10-20,4.1,863,46.1406728,9.41717,Shopping Mall,"Piantedo Via la Rosa, 354 - 23010 Piantedo (SO)",https://www.oldwildwest.it/en/restaurants,EUR 10-20,False
1517,Old Wild West,Lombardia,Milano,MI,Pioltello,Burgers,EUR 20-30,3.9,962,45.5035858,9.3218087,Commercial Area,"Pioltello Multisala Uci Via S. Francesco, 33 - 20096 Pioltello (MI)",https://www.oldwildwest.it/en/restaurants,EUR 20-30,False
1518,Old Wild West,Lombardia,Milano,MI,Rescaldina,Burgers,EUR 20-30,4.2,3198,45.609404,8.9619013,Shopping Mall,"Rescaldina Via Palmiro Togliatti, 4 - 20027 Rescaldina (MI)",https://www.oldwildwest.it/en/restaurants,EUR 20-30,False
1519,Old Wild West,Lombardia,Milano,MI,Rozzano,Burgers,EUR 10-20,4.0,2426,45.3923834,9.1761574,Shopping Mall,"Rozzano C.C.Fiordaliso Via Curiel, 25 - 20089 Rozzano (MI)",https://www.oldwildwest.it/en/restaurants,EUR 10-20,False
1520,Old Wild West,Lombardia,Mantova,MN,San Giorgio Bigarello,Burgers,EUR 20-30,4.2,3397,45.1676475,10.850614,Commercial Area,San Giorgio di Mantova Via del Commercio - 46030 San Giorgio di Mantova (MN),https://www.oldwildwest.it/en/restaurants,EUR 20-30,False
1521,Old Wild West,Lombardia,Milano,MI,San Giuliano Milanese,Burgers,EUR 10-20,3.9,975,45.3816822,9.3015675,Shopping Mall,"San Giuliano Centro San Giuliano Via L. Tolstoi, angolo Via Emilia - 20098 San Giuliano Milanese MI",https://www.oldwildwest.it/en/restaurants,EUR 10-20,False
1522,Old Wild West,Lombardia,Pavia,PV,San Martino Siccomario,Burgers,EUR 10-20,4.0,1066,45.1532651,9.1266747,Shopping Mall,San Martino Siccomario Via Cascina Madonna - 27028 San Martino Siccomario (PV),https://www.oldwildwest.it/en/restaurants,EUR 10-20,False
1523,Old Wild West,Lombardia,Milano,MI,Segrate,Burgers,EUR 20-30,4.5,1664,45.491177,9.2713603,Commercial Area,Segrate Via Cassanese ( Fianco Aldi) - 20054 Segrate (MI),https://www.oldwildwest.it/en/restaurants,EUR 20-30,False
1524,Old Wild West,Lombardia,Varese,VA,Somma Lombardo,Burgers,EUR 20-30,4.1,793,45.6789457,8.7257738,Commercial Area,Somma Lombardo Via Milano 156 - 21019 Somma Lombardo,https://www.oldwildwest.it/en/restaurants,EUR 20-30,False
1525,Old Wild West,Lombardia,Bergamo,BG,Stezzano,Burgers,EUR 10-20,4.3,574,45.6484841,9.6303705,Shopping Mall,Stezzano Via Guzzanica 62/64 - Stezzano (BG),https://www.oldwildwest.it/en/restaurants,EUR 10-20,False
1526,Old Wild West,Lombardia,Varese,VA,Tradate,Burgers,EUR 20-30,4.1,2419,45.6978378,8.9128112,Shopping Mall,Tradate - P.C. Centradate Via della Fornace Cortellezzi - 21049 Tradate (VA),https://www.oldwildwest.it/en/restaurants,EUR 20-30,False
1527,Old Wild West,Lombardia,Varese,VA,Varese,Burgers,EUR 20-30,4.0,3248,45.8202303,8.8375937,Commercial Area,Varese Via Tonale Via Tonale 3 - 21100 Varese,https://www.oldwildwest.it/en/restaurants,EUR 20-30,False
1528,Old Wild West,Lombardia,Monza e della Brianza,MB,Torri Bianche,Burgers,EUR 20-30,4.0,2032,45.6011838,9.360305,Shopping Mall,"Vimercate Via Torri Bianche Via Torri Bianche 7, condominio H-I - 20871 Vimercate (MB)",https://www.oldwildwest.it/en/restaurants,EUR 20-30,False
1529,Old Wild West,Lombardia,Milano,MI,Vimodrone,Burgers,EUR 10-20,3.9,1065,45.5115337,9.3022261,Shopping Mall,Vimodrone C.C. Vimodrone SS Padana Superiore km 292 - 20090 Vimodrone (MI),https://www.oldwildwest.it/en/restaurants,EUR 10-20,False
1530,Old Wild West,Marche,Ancona,AN,Ancona,Burgers,EUR 10-20,4.1,1734,43.5627352,13.5115511,Commercial Area,"Ancona Multiplex Giometti Via Pietro Filonzi, 4 - 60131 Ancona",https://www.oldwildwest.it/en/restaurants,EUR 10-20,False
1531,Old Wild West,Marche,Ascoli Piceno,AP,Ascoli Piceno,Burgers,EUR 20-30,4.2,1004,42.8435821,13.6242179,Commercial Area,"Ascoli Piceno Via Piceno Aprutina, 98 A - 63100 Ascoli Piceno",https://www.oldwildwest.it/en/restaurants,EUR 20-30,False
1532,Old Wild West,Marche,Macerata,MC,Macerata,Burgers,EUR 10-20,4.3,1233,43.2908325,13.4543476,Commercial Area,"Macerata Via Enrico Mattei, 41 - 62100",https://www.oldwildwest.it/en/restaurants,EUR 10-20,False
1533,Old Wild West,Marche,Pesaro e Urbino,PU,Pesaro,Burgers,EUR 10-20,4.2,1175,43.9044634,12.8665282,Shopping Mall,"Pesaro Uci Piazza Stefanini, 31 - 61100 Pesaro (PU)",https://www.oldwildwest.it/en/restaurants,EUR 10-20,False
1534,Old Wild West,Marche,Ascoli Piceno,AP,San Benedetto del Tronto,Burgers,EUR 10-20,4.1,2095,42.8997296,13.8947345,Shopping Mall,"San Benedetto del Tronto Via Pasubio, 108 - 63074 San Benedetto del Tronto (AP)",https://www.oldwildwest.it/en/restaurants,EUR 10-20,False
1535,Old Wild West,Piemonte,Alessandria,AL,Alessandria,Burgers,EUR 20-30,4.1,3300,44.9094297,8.6372833,Shopping Mall,Alessandria Via Marengo Via Marengo 162/B - 15121 Alessandria (AL),https://www.oldwildwest.it/en/restaurants,EUR 20-30,False
1536,Old Wild West,Piemonte,Asti,AT,Asti,Burgers,EUR 10-20,4.0,2204,44.9055096,8.2275455,Commercial Area,Asti Corso Alessandria 299 - 14100 Asti (AT),https://www.oldwildwest.it/en/restaurants,EUR 10-20,False
1537,Old Wild West,Piemonte,Torino,TO,Beinasco,Burgers,EUR 20-30,4.1,3688,45.0265811,7.5953926,Commercial Area,"Beinasco Strada Torino Strada Torino, 51 - 10092 - Beinasco (TO)",https://www.oldwildwest.it/en/restaurants,EUR 20-30,False
1538,Old Wild West,Piemonte,Biella,BI,Biella,Burgers,EUR 10-20,4.0,2515,45.5475994,8.0768744,Shopping Mall,Biella Gli Orsi c/o Centro Commerciale Gli Orsi - Via Santa Barbara - 13900 Biella,https://www.oldwildwest.it/en/restaurants,EUR 10-20,False
1539,Old Wild West,Piemonte,Novara,NO,Villaggi,Burgers,EUR 20-30,4.2,2318,45.7191473,8.59575,Shopping Mall,"Castelletto Ticino Hollywood Via Sempione, 185 - 28053 Castelletto Ticino (NO)",https://www.oldwildwest.it/en/restaurants,EUR 20-30,False
1540,Old Wild West,Piemonte,Torino,TO,Chivasso,Burgers,EUR 10-20,4.1,1833,45.2023124,7.8904433,Shopping Mall,"Chivasso c/o C.C. Bennet Area ex-Lancia Via Caluso, 50 - 10034 Chivasso (TO)",https://www.oldwildwest.it/en/restaurants,EUR 10-20,False
1541,Old Wild West,Piemonte,Cuneo,CN,Borgo San Dalmazzo,Burgers,EUR 10-20,4.0,3112,44.3470235,7.5047573,Commercial Area,"Cuneo Borgo San Dalmazzo Via Cuneo, 76 - 12011 Borgo San Dalmazzo (CN)",https://www.oldwildwest.it/en/restaurants,EUR 10-20,False
1542,Old Wild West,Piemonte,Torino,TO,Grugliasco,Burgers,EUR 10-20,4.0,5216,45.0569205,7.6124543,Shopping Mall,"Grugliasco Le Gru Via Crea, 10 - 10095 Grugliasco (TO)",https://www.oldwildwest.it/en/restaurants,EUR 10-20,False
1543,Old Wild West,Piemonte,Torino,TO,Moncalieri,Burgers,EUR 10-20,4.1,2414,44.9761348,7.7097663,Shopping Mall,"Moncalieri 45° Nord Entertainment Via Postiglione, 1 - 10024 Moncalieri (TO)",https://www.oldwildwest.it/en/restaurants,EUR 10-20,False
1544,Old Wild West,Piemonte,Novara,NO,Novara,Burgers,EUR 10-20,4.0,1667,45.4467637,8.6006951,Shopping Mall,Novara CC San Martino 2 Via Ugo Porzio Giovanola 7 - 28100 Novara,https://www.oldwildwest.it/en/restaurants,EUR 10-20,False
1545,Old Wild West,Piemonte,Novara,NO,Novara,Burgers,EUR 10-20,4.1,2119,45.4638215,8.6266522,Commercial Area,"Novara Corso della Vittoria Corso della Vittoria, 52 - 28100 Novara",https://www.oldwildwest.it/en/restaurants,EUR 10-20,False
1546,Old Wild West,Piemonte,Torino,TO,Torino,Burgers,EUR 10-20,4.1,2143,45.111043,7.6425021,Shopping Mall,Torino Area 12 Strada Comunale di Altessano 141 - 10151 Altessano (TO),https://www.oldwildwest.it/en/restaurants,EUR 10-20,False
1547,Old Wild West,Piemonte,Torino,TO,Torino,Burgers,EUR 10-20,4.0,1715,45.034964,7.666469,Shopping Mall,Torino Lingotto Via Ermanno Fenoglietti n.15 - 10126 Torino,https://www.oldwildwest.it/en/restaurants,EUR 10-20,False
1548,Old Wild West,Piemonte,Torino,TO,Torino,Burgers,EUR 10-20,4.1,3317,45.087349,7.6680849,Shopping Mall,"Torino Parco Dora Via Livorno 26 , angolo Via Treviso - 10144 Torino",https://www.oldwildwest.it/en/restaurants,EUR 10-20,False
1549,Old Wild West,Piemonte,Torino,TO,Torino,Burgers,EUR 10-20,4.1,2365,45.0620466,7.6787682,Transport Hub,"Torino Stazione Porta Nuova Corso Vittorio Emanuele II, 57 - 10125 Torino",https://www.oldwildwest.it/en/restaurants,EUR 10-20,False
1550,Old Wild West,Piemonte,Torino,TO,Torino,Burgers,EUR 10-20,4.3,644,45.1190817,7.7191478,Shopping Mall,"Torino To Dream Corso Romania, 546 - 10156 Torino (TO)",https://www.oldwildwest.it/en/restaurants,EUR 10-20,False
1551,Old Wild West,Piemonte,Vercelli,VC,Vercelli,Burgers,EUR 20-30,4.1,3113,45.3219835,8.392418,Commercial Area,Vercelli Tangenziale Ovest - Comparto Sud - 13100 Vercelli,https://www.oldwildwest.it/en/restaurants,EUR 20-30,False
1552,Old Wild West,Piemonte,Novara,NO,Vicolungo,Burgers,EUR 10-20,4.5,101,45.4673443,8.4606791,Shopping Mall,"Vicolungo The Style Outlets Piazza Santa Caterina, Vicolungo",https://www.oldwildwest.it/en/restaurants,EUR 10-20,False
1553,Old Wild West,Piemonte,Torino,TO,Garino,Burgers,EUR 10-20,4.1,2284,44.9822101,7.6200317,Shopping Mall,Vinovo Mondojuve Strada Debouchè ang. Via Scarrone - 10142 Nichelino (TO),https://www.oldwildwest.it/en/restaurants,EUR 10-20,False
1554,Old Wild West,Puglia,Bari,BA,Centri Commerc. Baricentro-Auchan,Burgers,EUR 10-20,3.7,4208,40.9694628,16.9262411,Shopping Mall,"Casamassima Auchan Via Noicattaro, 2 - 70010 Casamassima (BA)",https://www.oldwildwest.it/en/restaurants,EUR 10-20,False
1555,Old Wild West,Puglia,Foggia,FG,Area Industriale Incoronata,Burgers,EUR 10-20,4.2,3530,41.4150899,15.6530312,Shopping Mall,"Foggia C.C. GrandApulia Strada Provinciale, 76 - 71122 Foggia (FG)",https://www.oldwildwest.it/en/restaurants,EUR 10-20,False
1556,Old Wild West,Puglia,Lecce,LE,Lecce,Burgers,EUR 10-20,4.4,3538,40.3580597,18.1677913,Commercial Area,Lecce Via F. Calasso ang. Via V. Carluccio - 73100 Lecce,https://www.oldwildwest.it/en/restaurants,EUR 10-20,False
1557,Old Wild West,Puglia,Bari,BA,Molfetta,Burgers,EUR 10-20,3.9,2143,41.2042732,16.5544137,Shopping Mall,Molfetta Mongolfiera Via Adriano Olivetti - 70056 Molfetta (BA),https://www.oldwildwest.it/en/restaurants,EUR 10-20,False
1558,Old Wild West,Puglia,Bari,BA,Molfetta,Burgers,EUR 10-20,3.7,2297,41.2167335,16.5467589,Shopping Mall,"Molfetta Puglia Outlet Village Via dei Portuali, 12 - SS 16 Bis Adriatico - Zona Calderina - 70056 Molfetta (BA)",https://www.oldwildwest.it/en/restaurants,EUR 10-20,False
1559,Old Wild West,Puglia,Taranto,TA,Taranto,Burgers,EUR 10-20,3.9,1346,40.4645302,17.2935139,Commercial Area,"Taranto Via Cesare Battisti, 5200 , angolo Via Speziale, 74121 Taranto (TA) - Taranto",https://www.oldwildwest.it/en/restaurants,EUR 10-20,False
1560,Old Wild West,Sardegna,Cagliari,CA,Quartucciu,Burgers,EUR 10-20,4.3,2824,39.2444309,9.1630011,Shopping Mall,Cagliari - C.C. Millennium Via delle Serre - 09044 Quartucciu (CA),https://www.oldwildwest.it/en/restaurants,EUR 10-20,False
1561,Old Wild West,Sardegna,Cagliari,CA,Cagliari,Burgers,EUR 20-30,4.1,2508,39.2265618,9.0982278,Commercial Area,Cagliari Unione Sarda Piazza Unione Sarda - 09122 Cagliari (CA),https://www.oldwildwest.it/en/restaurants,EUR 20-30,False
1562,Old Wild West,Sardegna,Sassari,SS,Olbia,Burgers,EUR 20-30,4.0,4268,40.9091874,9.5232949,Shopping Mall,"Olbia C.C. Olbia Mare S.S. 125, Località Sa Marinedda - 07026 Olbia",https://www.oldwildwest.it/en/restaurants,EUR 20-30,False
1563,Old Wild West,Sardegna,Oristano,OR,Oristano,Burgers,EUR 20-30,4.1,1430,39.915539,8.5845923,Shopping Mall,Via Cagliari 2/4 - I° piano - 09170 Oristano (OR),https://www.oldwildwest.it/en/restaurants,EUR 20-30,False
1564,Old Wild West,Sardegna,Sassari,SS,Sassari,Burgers,EUR 10-20,4.2,1714,40.7385998,8.5359219,Shopping Mall,"Sassari Auchan Viale Porto Torres, Loc. Predda Niedda - 07100 Sassari",https://www.oldwildwest.it/en/restaurants,EUR 10-20,False
1565,Old Wild West,Sardegna,Cagliari,CA,Cagliari,Burgers,EUR 20-30,3.9,1323,39.303965,9.0661045,Shopping Mall,"Ex S.S. 131, Km 10,800, località More Corraxe - More Corraxe, Sestu (CA)",https://www.oldwildwest.it/en/restaurants,EUR 20-30,False
1566,Old Wild West,Sicilia,Caltanissetta,CL,Caltanissetta,Burgers,EUR 10-20,4.2,1051,37.4908773,14.0381863,Commercial Area,"Via Due Fontane,15 - 93100 Caltanissetta (CL)",https://www.oldwildwest.it/en/restaurants,EUR 10-20,False
1567,Old Wild West,Sicilia,Catania,CT,San Giovanni La Punta,Burgers,EUR 10-20,4.0,654,37.5845528,15.1048878,Shopping Mall,"Catania - P.C. I Portali Parco Commerciale I Portali, Viale Cristoforo Colombo, 13 - San Giovanni La Punta (CT)",https://www.oldwildwest.it/en/restaurants,EUR 10-20,False
1568,Old Wild West,Sicilia,Catania,CT,Misterbianco,Burgers,EUR 10-20,4.2,2804,37.4765714,15.0111262,Shopping Mall,"Catania Centro Sicilia SP 54 Contrada Cubba, Località Tenutella - 95045 Misterbianco (CT)",https://www.oldwildwest.it/en/restaurants,EUR 10-20,False
1569,Old Wild West,Sicilia,Catania,CT,Belpasso,Burgers,EUR 10-20,4.5,4930,37.5425512,14.9537272,Shopping Mall,Catania Etnapolis SS 121 Contrada Valcorrente - 95032 Belpasso (CT),https://www.oldwildwest.it/en/restaurants,EUR 10-20,False
1570,Old Wild West,Sicilia,Catania,CT,Catania,Burgers,EUR 10-20,4.3,2738,37.4716052,15.0499345,Shopping Mall,Catania Porte di Catania c/o CC Porte di Catania - Via Gelso Bianco - 95121 Catania CT,https://www.oldwildwest.it/en/restaurants,EUR 10-20,False
1571,Old Wild West,Sicilia,Trapani,TP,Marsala,Burgers,EUR 10-20,4.1,941,37.7932952,12.4354295,City Center,"Piazza Piemonte e Lombardo, 25/F - 91025 Marsala (TP)",https://www.oldwildwest.it/en/restaurants,EUR 10-20,False
1572,Old Wild West,Sicilia,Messina,ME,Messina,Burgers,EUR 10-20,3.7,124,38.1940421,15.5541079,City Center,"Piazza Antonello, 13 - Messina (ME)",https://www.oldwildwest.it/en/restaurants,EUR 10-20,False
1573,Old Wild West,Sicilia,Messina,ME,Milazzo,Burgers,EUR 10-20,4.1,1404,38.1829757,15.2685976,Shopping Mall,Svincolo A20 - Rotonda Shopping Center - Milazzo (ME),https://www.oldwildwest.it/en/restaurants,EUR 10-20,False
1574,Old Wild West,Sicilia,Palermo,PA,Palermo,Burgers,EUR 10-20,4.4,3391,38.182448,13.3091215,Shopping Mall,"Palermo Conca D'Oro Via Giuseppe Lanza di Scalea, 1936 - 90147 Palermo",https://www.oldwildwest.it/en/restaurants,EUR 10-20,False
1575,Old Wild West,Sicilia,Palermo,PA,Palermo,Burgers,EUR 10-20,4.3,3415,38.09390609,13.40248369,Shopping Mall,Palermo Forum Via Pecoraino - Località Roccella - 90123 Palermo,https://www.oldwildwest.it/en/restaurants,EUR 10-20,False
1576,Old Wild West,Sicilia,Palermo,PA,Palermo,Burgers,EUR 10-20,4.4,610,38.1161319,13.3623667,City Center,"Palermo Via Vittorio Emanuele Via Vittorio Emanuele, 259 - 90133 Palermo",https://www.oldwildwest.it/en/restaurants,EUR 10-20,False
1577,Old Wild West,Toscana,Pisa,PI,Cascina,Burgers,EUR 10-20,4.1,2344,43.6744896,10.4748597,Shopping Mall,"Cascina Centro dei Borghi Via del Fosso Vecchio, 457 - 56023 Cascina (PI)",https://www.oldwildwest.it/en/restaurants,EUR 10-20,False
1578,Old Wild West,Toscana,Firenze,FI,Bagno a Ripoli,Burgers,EUR 20-30,3.3,54,43.7293992,11.3332015,Service Area,Chianti Ovest A1- Autostrada del Sole KM 305.600 - 50012 Bagno a Ripoli,https://www.oldwildwest.it/en/restaurants,EUR 20-30,False
1579,Old Wild West,Toscana,Firenze,FI,Firenze,Burgers,EUR 10-20,4.0,2197,43.7726612,11.1895762,Shopping Mall,"Firenze C.C. Freeland Via del Cavallaccio, 3 - 50142 Firenze",https://www.oldwildwest.it/en/restaurants,EUR 10-20,False
1580,Old Wild West,Toscana,Firenze,FI,Firenze,Burgers,EUR 10-20,3.9,2901,43.7906015,11.2278329,Shopping Mall,"Firenze C.C. San Donato Via Novoli, 10 - 50127 Firenze",https://www.oldwildwest.it/en/restaurants,EUR 10-20,False
1581,Old Wild West,Toscana,Firenze,FI,Campi Bisenzio,Burgers,EUR 10-20,3.9,2643,43.8474901,11.1438977,Shopping Mall,"Firenze I Gigli Via S. Quirico, 165 - 50013 Campi Bisenzio (FI)",https://www.oldwildwest.it/en/restaurants,EUR 10-20,False
1582,Old Wild West,Toscana,Livorno,LI,Livorno,Burgers,EUR 20-30,4.1,2446,43.5744284,10.3340093,Commercial Area,"Livorno Via Firenze Via Firenze, 45 - 57121 Livorno",https://www.oldwildwest.it/en/restaurants,EUR 20-30,False
1583,Old Wild West,Toscana,Pisa,PI,Pisa,Burgers,EUR 20-30,3.8,2384,43.7108391,10.4210905,Commercial Area,Pisa Via Matteucci 36A - 56124 Pisa (PI),https://www.oldwildwest.it/en/restaurants,EUR 20-30,False
1584,Old Wild West,Toscana,Prato,PO,Prato,Burgers,EUR 10-20,4.0,2302,43.8736471,11.0627104,Shopping Mall,"Prato Omnia Center Via delle Pleiadi, 18 - 59100 San Giusto (PO)",https://www.oldwildwest.it/en/restaurants,EUR 10-20,False
1585,Old Wild West,Toscana,Firenze,FI,Sesto Fiorentino,Burgers,EUR 10-20,4.0,1313,43.820628,11.2086298,Shopping Mall,"Sesto Fiorentino C.C. Centro Sesto Via Petrosa, 19 - 50019 Sesto Fiorentino (FI)",https://www.oldwildwest.it/en/restaurants,EUR 10-20,False
1586,Old Wild West,Toscana,Siena,SI,Siena,Burgers,EUR 10-20,4.1,1152,43.3304731,11.32334,Transport Hub,"Siena Galleria PortaSiena Piazzale Carlo Rosselli, 25 - 53100 Siena (SI)",https://www.oldwildwest.it/en/restaurants,EUR 10-20,False
1587,Old Wild West,Toscana,Siena,SI,Siena,Burgers,EUR 20-30,4.3,236,43.3165783,11.3555014,Commercial Area,"Siena Viale Toselli Viale Pietro Toselli, 41 - 53100 Siena",https://www.oldwildwest.it/en/restaurants,EUR 20-30,False
1588,Old Wild West,Toscana,Arezzo,AR,Foiano della Chiana,Burgers,EUR 10-20,4.0,2543,43.2259061,11.8011508,Shopping Mall,"Valdichiana Outlet Village Via Enzo Ferrari, 5 - 52045 Foiano della Chiana (AR)",https://www.oldwildwest.it/en/restaurants,EUR 10-20,False
1589,Old Wild West,Toscana,Lucca,LU,Viareggio,Burgers,EUR 20-30,3.7,1388,43.8836551,10.2474408,Commercial Area,"Viareggio Via Aurelia Nord, 232 - 55049 Viareggio (LU)",https://www.oldwildwest.it/en/restaurants,EUR 20-30,False
1590,Old Wild West,Trentino-Alto Adige,Bolzano,BZ,Bolzano,Burgers,EUR 10-20,4.0,1929,46.4864541,11.3358074,Shopping Mall,"Bolzano Via Galileo Galilei, 20 - 39100 Bolzano (BZ)",https://www.oldwildwest.it/en/restaurants,EUR 10-20,False
1591,Old Wild West,Trentino-Alto Adige,Trento,TN,Trento,Burgers,EUR 10-20,4.4,836,46.0883065,11.1187205,Shopping Mall,"Trento La Cittadella Via Gemma De Gresti, 6 - 38121 Trento",https://www.oldwildwest.it/en/restaurants,EUR 10-20,False
1592,Old Wild West,Trentino-Alto Adige,Trento,TN,Trento,Burgers,EUR 10-20,3.9,3440,46.0601276,11.1146775,City Center,Trento Le Albere P.zza delle Donne Lavoratrici 13 - C.so del Lavoro e della Scienza - 38121 Trento,https://www.oldwildwest.it/en/restaurants,EUR 10-20,False
1593,Old Wild West,Umbria,Perugia,PG,Corciano,Burgers,EUR 10-20,3.9,856,43.0994029,12.3142958,Shopping Mall,Corciano c/o Centro Commerciale Gherlinda - 06074 Corciano (PG),https://www.oldwildwest.it/en/restaurants,EUR 10-20,False
1594,Old Wild West,Umbria,Perugia,PG,Perugia,Burgers,EUR 10-20,4.0,1644,43.096467,12.3555954,Shopping Mall,Perugia Borgonovo Via Centova 1/E - c/o Centro Borgonovo - 06128 Perugia,https://www.oldwildwest.it/en/restaurants,EUR 10-20,False
1595,Old Wild West,Umbria,Terni,TR,Terni,Burgers,EUR 20-30,4.4,1159,42.5714359,12.636046,Commercial Area,Viale Donato Bramante 79 - Terni,https://www.oldwildwest.it/en/restaurants,EUR 20-30,False
1596,Old Wild West,Valle d'Aosta,Aosta,AO,Villair-Amerique,Burgers,EUR 10-20,4.0,2029,45.7411857,7.3717278,Commercial Area,Aosta Amerique S.S. 26 - Località Amerique 125 - 11020 Quart (AO),https://www.oldwildwest.it/en/restaurants,EUR 10-20,False
1597,Old Wild West,Veneto,Verona,VR,Affi,Burgers,EUR 10-20,4.1,386,45.5534271,10.7858314,Shopping Mall,Affi Via Pascoli 10 - 37010 Affi (VR),https://www.oldwildwest.it/en/restaurants,EUR 10-20,False
1598,Old Wild West,Veneto,Vicenza,VI,Altavilla Vicentina,Burgers,EUR 10-20,4.1,2975,45.5232196,11.4883619,Commercial Area,"Via Olmo, 7 - 36077 Altavilla Vicentina (VI)",https://www.oldwildwest.it/en/restaurants,EUR 10-20,False
1599,Old Wild West,Veneto,Vicenza,VI,Bassano del Grappa,Burgers,EUR 10-20,3.9,2983,45.7387269,11.7581723,Commercial Area,"Via Capitelvecchio, 134 - 36061 Bassano Del Grappa (VI)",https://www.oldwildwest.it/en/restaurants,EUR 10-20,False
1600,Old Wild West,Veneto,Belluno,BL,Belluno,Burgers,EUR 10-20,4.1,2290,46.1690973,12.2494373,Commercial Area,"Via Caduti del XIV Settembre 1944, 39 - 32100 Belluno (BL)",https://www.oldwildwest.it/en/restaurants,EUR 10-20,False
1601,Old Wild West,Veneto,Verona,VR,Bussolengo,Burgers,EUR 10-20,4.0,2318,45.448346,10.879141,Shopping Mall,"Bussolengo C.C. Le Porte dell'Adige S.S. Bresciana 11, Località Ferlina - 37012 Bussolengo (VR)",https://www.oldwildwest.it/en/restaurants,EUR 10-20,False
1602,Old Wild West,Veneto,Treviso,TV,Caerano di San Marco,Burgers,EUR 10-20,3.6,109,45.7856436,11.9945922,Commercial Area,Via Padova 1 - Caerano di San Marco (TV),https://www.oldwildwest.it/en/restaurants,EUR 10-20,False
1603,Old Wild West,Veneto,Treviso,TV,Conegliano,Burgers,EUR 10-20,4.1,2922,45.8712971,12.2786607,Commercial Area,"Conegliano Viale Venezia Viale Venezia, 97 - 31015 Conegliano (TV)",https://www.oldwildwest.it/en/restaurants,EUR 10-20,False
1604,Old Wild West,Veneto,Verona,VR,Legnago,Burgers,EUR 20-30,4.2,2647,45.186213,11.2552104,Commercial Area,"Legnago Via Ferrari Via Enzo Ferrari, 1 - 37045 Legnago (VR)",https://www.oldwildwest.it/en/restaurants,EUR 20-30,False
1605,Old Wild West,Veneto,Padova,PD,Legnaro,Burgers,EUR 10-20,4.3,1404,45.3539586,11.9525238,Commercial Area,"Viale dell'Industria, 30 - 35020 Legnaro",https://www.oldwildwest.it/en/restaurants,EUR 10-20,False
1606,Old Wild West,Veneto,Padova,PD,Limena,Burgers,EUR 10-20,4.0,1922,45.4631732,11.8473063,Commercial Area,"Limena The Space Via Breda, 17 - 35010 Limena (PD)",https://www.oldwildwest.it/en/restaurants,EUR 10-20,False
1607,Old Wild West,Veneto,Padova,PD,Limena,Burgers,EUR 10-30,3.3,85,45.44905558,11.84468012,Service Area,"Autostrada A4 Torino - Trieste, km 356 - Ponte autostradale Limenella",https://www.oldwildwest.it/en/restaurants,EUR 10-20,True
1608,Old Wild West,Veneto,Venezia,VE,Marcon,Burgers,EUR 10-20,4.0,2041,45.5457176,12.3055602,Shopping Mall,"Marcon Valecenter Centro Commerciale Valcenter, Via Enrico Mattei 1/C - Venezia",https://www.oldwildwest.it/en/restaurants,EUR 10-20,False
1609,Old Wild West,Veneto,Venezia,VE,Venezia,Burgers,EUR 10-20,3.9,1765,45.4578207,12.2129664,Shopping Mall,Marghera Nave de Vero Strada Statale Romea Angolo Via Arduino - 30175 Marghera (Venezia),https://www.oldwildwest.it/en/restaurants,EUR 10-20,False
1610,Old Wild West,Veneto,Venezia,VE,Venezia,Burgers,EUR 10-20,4.3,234,45.510199,12.2270554,Shopping Mall,"Mestre - C.C. Porte di Mestre Via Don Federico Tosatto, 22 - 30174 Mestre (VE)",https://www.oldwildwest.it/en/restaurants,EUR 10-20,False
1611,Old Wild West,Veneto,Venezia,VE,Venezia,Burgers,EUR 10-20,3.9,2005,45.4944151,12.2395452,Shopping Mall,"Mestre Piazza Candiani Piazzale Candiani, 5 - 30174 Mestre (VE)",https://www.oldwildwest.it/en/restaurants,EUR 10-20,False
1612,Old Wild West,Veneto,Venezia,VE,Mirano,Burgers,EUR 10-20,4.1,2731,45.4947224,12.0900038,Commercial Area,"Via Cavin di Sala, 76 - 30035 Mirano (VE)",https://www.oldwildwest.it/en/restaurants,EUR 10-20,False
1613,Old Wild West,Veneto,Padova,PD,Monselice,Burgers,EUR 10-20,4.0,3675,45.2319736,11.7536007,Commercial Area,"Monselice Via Cristoforo Colombo Via Cristoforo Colombo, 22 - 35043 Monselice (PD)",https://www.oldwildwest.it/en/restaurants,EUR 10-20,False
1614,Old Wild West,Veneto,Treviso,TV,Oderzo,Burgers,EUR 10-20,4.0,2090,45.790017,12.4866022,Commercial Area,"Via G. Pezzulo, angolo Via dei Paleoveneti - 31046 Oderzo (TV)",https://www.oldwildwest.it/en/restaurants,EUR 10-20,False
1615,Old Wild West,Veneto,Padova,PD,Padova,Burgers,EUR 10-20,4.0,4215,45.4096821,11.9039446,Shopping Mall,Via Venezia 51/A - 35129 Padova,https://www.oldwildwest.it/en/restaurants,EUR 10-20,False
1616,Old Wild West,Veneto,Rovigo,RO,Rovigo,Burgers,EUR 20-30,4.2,298,45.0818773,11.7857889,Commercial Area,"Viale Porta Adige, 18 - Rovigo",https://www.oldwildwest.it/en/restaurants,EUR 20-30,False
1617,Old Wild West,Veneto,Treviso,TV,Olmi,Burgers,EUR 10-20,4.1,1796,45.6772145,12.337399,Shopping Mall,"San Biagio di Callalta C.C. Tiziano Via Postumia Ovest, 76 - 31048 Olmi, San Biagio di Callalta (TV)",https://www.oldwildwest.it/en/restaurants,EUR 10-20,False
1618,Old Wild West,Veneto,Venezia,VE,San Donà di Piave,Burgers,EUR 10-20,3.9,409,45.6330378,12.5979073,Commercial Area,"San Donà di Piave Via Calnova, 172 - 30027 San Donà di Piave (VE)",https://www.oldwildwest.it/en/restaurants,EUR 10-20,False
1619,Old Wild West,Veneto,Vicenza,VI,Schio,Burgers,EUR 10-20,4.0,2202,45.7204172,11.3995332,Commercial Area,Schio Via dell'Industria angolo Via Molise - 36015 Schio (VI),https://www.oldwildwest.it/en/restaurants,EUR 10-20,False
1620,Old Wild West,Veneto,Treviso,TV,Silea,Burgers,EUR 10-20,4.1,889,45.6520692,12.2929467,Commercial Area,"Silea The Space Via Sile, 8 - 31057 Silea (TV)",https://www.oldwildwest.it/en/restaurants,EUR 10-20,False
1621,Old Wild West,Veneto,Verona,VR,Lugagnano,Burgers,EUR 10-20,4.4,204,45.4397153,10.864759,Shopping Mall,Sona C.C. La GrandeMela Shoppingland Via Trentino 1 - 37060 Sona (VR),https://www.oldwildwest.it/en/restaurants,EUR 10-20,False
1622,Old Wild West,Veneto,Vicenza,VI,Torri di Quartesolo,Burgers,EUR 10-20,4.0,4208,45.5134314,11.6282412,Shopping Mall,Torri di Quartesolo - Viridea Garden Center,https://www.oldwildwest.it/en/restaurants,EUR 10-20,False
1623,Old Wild West,Veneto,Venezia,VE,Venezia,Burgers,EUR 10-20,4.1,3754,45.44198,12.3330411,City Center,"Venezia Strada Nuova Strada Nuova, 3660/A - Cannaregio - 30121 Venezia",https://www.oldwildwest.it/en/restaurants,EUR 10-20,False
1624,Old Wild West,Veneto,Verona,VR,Verona,Burgers,EUR 10-20,3.9,3273,45.4066043,10.9764393,Shopping Mall,"Verona Adigeo Via delle Nazioni, 1 - 37135 Verona (VR)",https://www.oldwildwest.it/en/restaurants,EUR 10-20,False
1625,Old Wild West,Veneto,Verona,VR,Verona,Burgers,EUR 20-30,4.0,3144,45.4127692,10.9998206,Commercial Area,Verona Via S. Giovanni Lupatoto Via San Giovanni Lupatoto 123 - 37134 Verona,https://www.oldwildwest.it/en/restaurants,EUR 20-30,False
1626,Old Wild West,Veneto,Treviso,TV,Fontane,Burgers,EUR 10-20,3.9,2816,45.6918517,12.2502352,Commercial Area,Viale della Repubblica 42/A - 31020 Lancenigo - Villorba (TV),https://www.oldwildwest.it/en/restaurants,EUR 10-20,False
1627,La Piadineria,Lombardia,Milano,MI,Milano,Piadine,EUR 1-10,4.1,666,45.4790834,9.1855275,City Center,"Milano Garibaldi Milano (MI) , Corso Garibaldi, 115",https://lapiadineria.com/i-nostri-ristoranti-ricerca,EUR 1-10,False
1628,La Piadineria,Lombardia,Milano,MI,Milano,Piadine,EUR 10-20,3.8,561,45.4540955,9.1641028,Commercial Area,"Milano Via Bergognone Milano (MI) , Via Bergognone, 31",https://lapiadineria.com/i-nostri-ristoranti-ricerca,EUR 10-20,False
1629,La Piadineria,Lombardia,Milano,MI,Milano,Piadine,EUR 1-10,4.1,1142,45.477814,9.1565914,Shopping Mall,"Milano CityLife Milano (MI) , Piazza Tre Torri",https://lapiadineria.com/i-nostri-ristoranti-ricerca,EUR 1-10,False
1630,La Piadineria,Lombardia,Milano,MI,Milano,Piadine,EUR 1-10,3.9,579,45.4735958,9.1947737,Commercial Area,"Milano Turati Milano (MI) , Via Filippo Turati, 3",https://lapiadineria.com/i-nostri-ristoranti-ricerca,EUR 1-10,False
1631,La Piadineria,Lombardia,Milano,MI,Milano,Piadine,EUR 10-20,4.0,636,45.4854942,9.2156125,Commercial Area,"Milano Buenos Aires Milano (MI) , Corso Buenos Aires, 77",https://lapiadineria.com/i-nostri-ristoranti-ricerca,EUR 10-20,False
1632,La Piadineria,Lombardia,Milano,MI,Milano,Piadine,EUR 1-10,3.9,492,45.4633989,9.1840987,City Center,"Milano Via Del Bollo Milano (MI) , Via Del Bollo, 6",https://lapiadineria.com/i-nostri-ristoranti-ricerca,EUR 1-10,False
1633,La Piadineria,Lombardia,Milano,MI,Milano,Piadine,EUR 1-10,4.0,590,45.4658292,9.1949419,City Center,"Milano De Cristoforis Milano (MI) , Galleria De Cristoforis",https://lapiadineria.com/i-nostri-ristoranti-ricerca,EUR 1-10,False
1634,La Piadineria,Lombardia,Milano,MI,Milano,Piadine,EUR 1-10,4.2,384,45.4619927,9.1940604,City Center,"Milano Via Bergamini Milano (MI) , Via Bergamini, 5",https://lapiadineria.com/i-nostri-ristoranti-ricerca,EUR 1-10,False
1635,La Piadineria,Lombardia,Milano,MI,Milano,Piadine,EUR 1-10,3.7,402,45.4507204,9.1906855,Commercial Area,"Milano Bocconi Milano (MI) , Via Ferdinando Bocconi, 3",https://lapiadineria.com/i-nostri-ristoranti-ricerca,EUR 1-10,False
1636,La Piadineria,Lombardia,Milano,MI,Milano,Piadine,EUR 10-20,4.0,462,45.4659306,9.176969,City Center,"Milano Corso Magenta Milano (MI) , Corso Magenta, 27",https://lapiadineria.com/i-nostri-ristoranti-ricerca,EUR 10-20,False
1637,La Piadineria,Lombardia,Milano,MI,Milano,Piadine,EUR 1-10,4.1,334,45.4621224,9.2050413,Commercial Area,"Milano - Corso di Porta Vittoria Milano (MI) , Corso Di Porta Vittoria, 46",https://lapiadineria.com/i-nostri-ristoranti-ricerca,EUR 1-10,False
1638,La Piadineria,Lombardia,Milano,MI,Milano,Piadine,EUR 1-10,3.8,291,45.4830627,9.1594344,Shopping Mall,"Milano Via Arona Milano (MI) , Via Arona, 15",https://lapiadineria.com/i-nostri-ristoranti-ricerca,EUR 1-10,False
1639,La Piadineria,Lombardia,Milano,MI,Milano,Piadine,EUR 1-10,4.1,821,45.4807529,9.2101714,Transport Hub,"Milano Vitruvio Milano (MI) , Via Vitruvio, 2",https://lapiadineria.com/i-nostri-ristoranti-ricerca,EUR 1-10,False
1640,La Piadineria,Lombardia,Milano,MI,Milano,Piadine,EUR 1-10,4.2,517,45.4753041,9.2065928,Commercial Area,"Milano Spallanzani Milano (MI) , Via Lazzaro Spallanzani, 6",https://lapiadineria.com/i-nostri-ristoranti-ricerca,EUR 1-10,False
1641,La Piadineria,Lombardia,Milano,MI,Milano,Piadine,EUR 1-10,4.1,479,45.4807589,9.1702014,Commercial Area,"Milano Canonica Milano (MI) , Via Luigi Canonica, 81",https://lapiadineria.com/i-nostri-ristoranti-ricerca,EUR 1-10,False
1642,La Piadineria,Lombardia,Milano,MI,Milano,Piadine,EUR 1-10,3.9,1017,45.4623746,9.1870222,City Center,"Milano Via dell'Unione Milano (MI) , Via Dell'Unione, 4",https://lapiadineria.com/i-nostri-ristoranti-ricerca,EUR 1-10,False
1643,La Piadineria,Lombardia,Milano,MI,Milano,Piadine,EUR 1-10,3.7,323,45.466978,9.1528608,Commercial Area,"Milano Marghera Milano (MI) , Via Marghera, 29",https://lapiadineria.com/i-nostri-ristoranti-ricerca,EUR 1-10,False
1644,La Piadineria,Lombardia,Milano,MI,Milano,Piadine,EUR 1-10,3.9,210,45.4884363,9.1948416,Commercial Area,"Milano Via Pola Milano (MI) , Via Pola, 9",https://lapiadineria.com/i-nostri-ristoranti-ricerca,EUR 1-10,False
1645,La Piadineria,Lombardia,Brescia,BS,Brescia,Piadine,EUR 1-10,4.0,579,45.5673935,10.2299385,Shopping Mall,"Brescia Triumplina Brescia (BS) , Via Triumplina, 45",https://lapiadineria.com/i-nostri-ristoranti-ricerca,EUR 1-10,False
1646,La Piadineria,Lombardia,Brescia,BS,Brescia,Piadine,EUR 1-10,4.3,833,45.538076,10.2219707,City Center,"Brescia Via Trieste Brescia (BS) , Via Trieste, 3",https://lapiadineria.com/i-nostri-ristoranti-ricerca,EUR 1-10,False
1647,La Piadineria,Lombardia,Brescia,BS,Brescia,Piadine,EUR 1-10,4.2,621,45.5238,10.1769987,Commercial Area,"Brescia Sorbanella Brescia (BS) , Via Sorbanella, 18",https://lapiadineria.com/i-nostri-ristoranti-ricerca,EUR 1-10,False
1648,La Piadineria,Lombardia,Milano,MI,Arese,Piadine,EUR 10-20,3.0,630,45.564034,9.0544334,Shopping Mall,"Arese Shopping Center Arese (MI) , Via Giuseppe Eugenio Luraghi, 11",https://lapiadineria.com/i-nostri-ristoranti-ricerca,EUR 10-20,False
1649,La Piadineria,Lombardia,Milano,MI,Assago,Piadine,EUR 1-10,4.0,902,45.4050811,9.1525031,Shopping Mall,"Assago Centro Commerciale Milanofiori Assago (MI) , Viale Milano Fiori, 1 C",https://lapiadineria.com/i-nostri-ristoranti-ricerca,EUR 1-10,False
1650,La Piadineria,Lombardia,Como,CO,San Fermo della Battaglia,Piadine,EUR 1-10,4.6,181,45.7933912,9.0462708,Transport Hub,"Ospedale di Como San Fermo Della Battaglia (CO) , Via Ravona, 20",https://lapiadineria.com/i-nostri-ristoranti-ricerca,EUR 1-10,False
1651,La Piadineria,Lombardia,Milano,MI,Bareggio,Piadine,EUR 10-20,3.8,907,45.4852551,8.9992506,Shopping Mall,"Bareggio Bareggio (MI) , Via Varese, 35",https://lapiadineria.com/i-nostri-ristoranti-ricerca,EUR 10-20,False
1652,La Piadineria,Lombardia,Pavia,PV,Vigevano,Piadine,EUR 1-10,4.0,82,45.3140511,8.8818119,Shopping Mall,"Vigevano - C.C. Il Ducale Vigevano (PV) , Viale Industria, 225",https://lapiadineria.com/i-nostri-ristoranti-ricerca,EUR 1-10,False
1653,La Piadineria,Piemonte,Novara,NO,Novara,Piadine,EUR 1-10,4.2,156,45.446275,8.6004812,Shopping Mall,"Novara San Martino 2 Novara (NO) , Via Ugo Porzio Giovanola, 7",https://lapiadineria.com/i-nostri-ristoranti-ricerca,EUR 1-10,False
1654,La Piadineria,Trentino-Alto Adige,Bolzano,BZ,Bolzano,Piadine,EUR 10-20,3.8,569,46.4865485,11.336442,Shopping Mall,"Bolzano Twenty Bolzano (BZ) , Via G. Galilei, 20",https://lapiadineria.com/i-nostri-ristoranti-ricerca,EUR 10-20,False
1655,La Piadineria,Lombardia,Varese,VA,Busto Arsizio,Piadine,EUR 10-20,4.2,962,45.6131496,8.8540516,City Center,"Busto Arsizio Busto Arsizio (VA) , Via Antonio Pozzi, 11",https://lapiadineria.com/i-nostri-ristoranti-ricerca,EUR 10-20,False
1656,La Piadineria,Sardegna,Cagliari,CA,Cagliari,Piadine,EUR 1-10,4.3,1041,39.246268,9.163358,Shopping Mall,"Cagliari C.C. Vele Cagliari (CA) , Via Delle Serre",https://lapiadineria.com/i-nostri-ristoranti-ricerca,EUR 1-10,False
1657,La Piadineria,Toscana,Firenze,FI,Campi Bisenzio,Piadine,EUR 10-20,4.0,418,43.8468768,11.1436877,Shopping Mall,"Campi Bisenzio C.C. I Gigli Campi Bisenzio (FI) , Via San Quirico, 165",https://lapiadineria.com/i-nostri-ristoranti-ricerca,EUR 10-20,False
1658,La Piadineria,Piemonte,Biella,BI,Biella,Piadine,EUR 1-10,4.1,257,45.5479676,8.077245,Shopping Mall,"Biella C.C. Gli Orsi Biella (BI) , Via Le Domenico Modugno, 3b",https://lapiadineria.com/i-nostri-ristoranti-ricerca,EUR 1-10,False
1659,La Piadineria,Lombardia,Milano,MI,Carugate,Piadine,EUR 1-10,3.8,346,45.546229,9.3291179,Shopping Mall,"Carugate C.C. Carosello Carugate (MI) , Sp208 Km 2",https://lapiadineria.com/i-nostri-ristoranti-ricerca,EUR 1-10,False
1660,La Piadineria,Lazio,Roma,RM,Roma,Piadine,EUR 1-10,3.9,313,41.9019936,12.4382545,Shopping Mall,"Roma Via Valle Aurelia Roma (RM) , Viale Di Valle Aurelia, 30",https://lapiadineria.com/i-nostri-ristoranti-ricerca,EUR 1-10,False
1661,La Piadineria,Piemonte,Novara,NO,Castelletto sopra Ticino,Piadine,EUR 10-20,4.1,1623,45.7196858,8.621783,Commercial Area,"Castelletto Sopra Ticino Castelletto Sopra Ticino (NO) , Via Sempione, 33",https://lapiadineria.com/i-nostri-ristoranti-ricerca,EUR 10-20,False
1662,La Piadineria,Lazio,Roma,RM,Roma,Piadine,EUR 1-10,4.2,112,41.8841339,12.6074845,Shopping Mall,"Roma C.C. GranRoma Roma (RM) , Via Prenestina",https://lapiadineria.com/i-nostri-ristoranti-ricerca,EUR 1-10,False
1663,La Piadineria,Lombardia,Monza e della Brianza,MB,Concorezzo,Piadine,EUR 10-20,4.0,428,45.5969257,9.3464743,Commercial Area,Concorezzo Via Don Minzoni Concorezzo (MB) Via Don G. Minzoni 41,https://lapiadineria.com/i-nostri-ristoranti-ricerca,EUR 10-20,False
1664,La Piadineria,Lazio,Roma,RM,Roma,Piadine,EUR 1-10,4.1,260,41.8504934,12.5989855,Shopping Mall,Roma C.C. Romanina Roma (RM) Via Enrico Ferr 8,https://lapiadineria.com/i-nostri-ristoranti-ricerca,EUR 1-10,False
1665,La Piadineria,Lombardia,Bergamo,BG,Dalmine,Piadine,EUR 1-10,4.2,666,45.6447999,9.61562,Commercial Area,Dalmine Via Provinciale Dalmine (BG) Via Provincial 25,https://lapiadineria.com/i-nostri-ristoranti-ricerca,EUR 1-10,False
1666,La Piadineria,Lazio,Latina,LT,Aprilia,Piadine,EUR 1-10,4.2,188,41.5931298,12.6276872,Shopping Mall,Latina C.C. Aprilia 2 Aprilia (LT) Via Riserva Nuova Km 44,https://lapiadineria.com/i-nostri-ristoranti-ricerca,EUR 1-10,False
1667,La Piadineria,Lazio,Roma,RM,Fiumicino,Piadine,EUR 10-20,4.0,806,41.8091484,12.300116,Shopping Mall,Fiumicino C.C. Da Vinci Fiumicino (RM) Via Geminiano Montanari,https://lapiadineria.com/i-nostri-ristoranti-ricerca,EUR 10-20,False
1668,La Piadineria,Lombardia,Brescia,BS,Villa Pedergnano,Piadine,EUR 1-10,4.1,417,45.579644,10.0007551,Shopping Mall,Erbusco Porte Franche Erbusco (BS) Via Rovat 44,https://lapiadineria.com/i-nostri-ristoranti-ricerca,EUR 1-10,False
1669,La Piadineria,Lazio,Roma,RM,Roma,Piadine,EUR 10-20,4.2,512,41.9553125,12.6963256,Shopping Mall,Guidonia C.C. Tiburtino Roma (RM) Via Nazionale Tiburtin Km 20,https://lapiadineria.com/i-nostri-ristoranti-ricerca,EUR 10-20,False
1670,La Piadineria,Liguria,Genova,GE,Genova,Piadine,EUR 1-10,4.2,378,44.4093653,8.9318417,City Center,Genova Via Soziglia Genova (GE) Via Di Sozigli 88,https://lapiadineria.com/i-nostri-ristoranti-ricerca,EUR 1-10,False
1671,La Piadineria,Emilia-Romagna,Bologna,BO,Bologna,Piadine,EUR 1-10,4.0,584,44.520466,11.2650331,Shopping Mall,Bologna Centro Borgo Bologna (BO) Via Marco Emilio Lepid 186,https://lapiadineria.com/i-nostri-ristoranti-ricerca,EUR 1-10,False
1672,La Piadineria,Liguria,Genova,GE,Genova,Piadine,EUR 1-10,4.2,433,44.4068099,8.9427195,Commercial Area,Genova Via Galata Genova (GE) Via Galat 50,https://lapiadineria.com/i-nostri-ristoranti-ricerca,EUR 1-10,False
1673,La Piadineria,Liguria,Genova,GE,Genova,Piadine,EUR 1-10,4.4,493,44.4251589,8.847767,Commercial Area,Genova Via Sestri Genova (GE) Via Sestr 162,https://lapiadineria.com/i-nostri-ristoranti-ricerca,EUR 1-10,False
1674,La Piadineria,Emilia-Romagna,Reggio Emilia,RE,Reggio Emilia,Piadine,EUR 1-10,4.1,796,44.714701,10.6506093,Shopping Mall,Reggio Emilia C.C. I Petali Reggio Emilia (RE) Piazzale Atleti Azzuri D'Itali 5,https://lapiadineria.com/i-nostri-ristoranti-ricerca,EUR 1-10,False
1675,La Piadineria,Liguria,La Spezia,SP,Sarzana,Piadine,EUR 10-20,4.2,594,44.1033585,9.9661903,Shopping Mall,Sarzana Sarzana (SP) Via Variante Aureli 42,https://lapiadineria.com/i-nostri-ristoranti-ricerca,EUR 10-20,False
1676,La Piadineria,Piemonte,Torino,TO,Torino,Piadine,EUR 1-10,3.8,262,45.0620102,7.6784087,Transport Hub,Torino Porta Nuova Torino (TO) Piazza Carlo Felice,https://lapiadineria.com/i-nostri-ristoranti-ricerca,EUR 1-10,False
1677,La Piadineria,Toscana,Grosseto,GR,Grosseto,Piadine,EUR 1-10,4.3,335,42.7886672,11.1134968,Shopping Mall,C.C. Grosseto Shopping Center Grosseto (GR) Via Ecuado 4,https://lapiadineria.com/i-nostri-ristoranti-ricerca,EUR 1-10,False
1678,La Piadineria,Piemonte,Torino,TO,Nichelino,Piadine,EUR 1-10,4.1,614,45.0066437,7.6232695,Shopping Mall,"Nichelino C.C. ""I Viali"" Nichelino (TO) Via Dei Cacciator 111",https://lapiadineria.com/i-nostri-ristoranti-ricerca,EUR 1-10,False
1679,La Piadineria,Lombardia,Brescia,BS,Lonato,Piadine,EUR 1-10,4.1,426,45.4615083,10.490853,Shopping Mall,Lonato Via Cesare Battisti Lonato (BS) Via Cesare Battist 23,https://lapiadineria.com/i-nostri-ristoranti-ricerca,EUR 1-10,False
1680,La Piadineria,Piemonte,Torino,TO,Vinovo,Piadine,EUR 1-10,4.3,354,44.9870461,7.620795,Shopping Mall,Vinovo Mondojuve Vinovo (TO) Strada Debouchè,https://lapiadineria.com/i-nostri-ristoranti-ricerca,EUR 1-10,False
1681,La Piadineria,Piemonte,Torino,TO,Torino,Piadine,EUR 1-10,4.2,340,45.1013442,7.7054927,Shopping Mall,Torino Botticelli Torino (TO) Via Botticell 85,https://lapiadineria.com/i-nostri-ristoranti-ricerca,EUR 1-10,False
1682,La Piadineria,Lombardia,Mantova,MN,Mantova,Piadine,EUR 1-10,3.9,456,45.1576131,10.7909155,City Center,Mantova Corso Umberto I Mantova (MN) Corso Umberto 13,https://lapiadineria.com/i-nostri-ristoranti-ricerca,EUR 1-10,False
1683,La Piadineria,Lombardia,Milano,MI,Milano,Piadine,EUR 1-10,3.9,391,45.4823401,9.1999438,Transport Hub,Milano Via Vittor Pisani Milano (MI) Via Vittor Pisan 13,https://lapiadineria.com/i-nostri-ristoranti-ricerca,EUR 1-10,False
1684,La Piadineria,Campania,Caserta,CE,Marcianise,Piadine,EUR 1-10,4.0,479,41.0036978,14.3268478,Shopping Mall,Marcianise Centro Commerciale Campania Marcianise (CE) Località Aurn 87,https://lapiadineria.com/i-nostri-ristoranti-ricerca,EUR 1-10,False
1685,La Piadineria,Lombardia,Como,CO,Arosio,Piadine,EUR 1-10,3.9,136,45.7221513,9.2151215,Shopping Mall,Arosio - Cinelandia Arosio (CO) Via Vallassin 32,https://lapiadineria.com/i-nostri-ristoranti-ricerca,EUR 1-10,False
1686,La Piadineria,Lombardia,Milano,MI,Milano,Piadine,EUR 1-10,3.8,115,45.5108375,9.1872626,Transport Hub,Milano Niguarda Milano (MI) Piazza Dell'Ospedale Maggior 3,https://lapiadineria.com/i-nostri-ristoranti-ricerca,EUR 1-10,False
1687,La Piadineria,Veneto,Verona,VR,Castelnuovo del Garda,Piadine,EUR 10-20,4.2,373,45.4364519,10.7510695,Commercial Area,Castelnuovo del Garda Castelnuovo Del Garda (VR) Via Ungarett 17,https://lapiadineria.com/i-nostri-ristoranti-ricerca,EUR 10-20,False
1688,La Piadineria,Liguria,La Spezia,SP,La Spezia,Piadine,EUR 1-10,4.2,223,44.1185888,9.8330623,Shopping Mall,La Spezia Le Terrazze La Spezia (SP) Via Fonteviv 17,https://lapiadineria.com/i-nostri-ristoranti-ricerca,EUR 1-10,False
1689,La Piadineria,Emilia-Romagna,Ferrara,FE,Ferrara,Piadine,EUR 10-20,4.2,726,44.8158853,11.6064289,Shopping Mall,Ferrara C.C. Il Castello Ferrara (FE) Via Giust 4,https://lapiadineria.com/i-nostri-ristoranti-ricerca,EUR 10-20,False
1690,La Piadineria,Liguria,La Spezia,SP,La Spezia,Piadine,EUR 1-10,4.3,259,44.1041068,9.8219449,City Center,La Spezia Via Prione La Spezia (SP) Via Del Prion 30,https://lapiadineria.com/i-nostri-ristoranti-ricerca,EUR 1-10,False
1691,La Piadineria,Piemonte,Alessandria,AL,Alessandria,Piadine,EUR 1-10,4.1,320,44.9173463,8.5992533,Commercial Area,Alessandria C.C. Al Parco Alessandria (AL) Via Vecchia Torino,https://lapiadineria.com/i-nostri-ristoranti-ricerca,EUR 1-10,False
1692,La Piadineria,Piemonte,Torino,TO,Settimo Torinese,Piadine,EUR 1-10,4.1,917,45.1392881,7.7335629,Shopping Mall,Settimo Cielo Retail Park Settimo Torinese (TO) Via Niccolò Paganin 8,https://lapiadineria.com/i-nostri-ristoranti-ricerca,EUR 1-10,False
1693,La Piadineria,Liguria,Savona,SV,Savona,Piadine,EUR 1-10,4.0,165,44.3168345,8.4697468,Shopping Mall,avona Il Gabbiano Savona (SV) Corso Agostino Ricc 203 R,https://lapiadineria.com/i-nostri-ristoranti-ricerca,EUR 1-10,False
1694,La Piadineria,Piemonte,Alessandria,AL,Alessandria,Piadine,EUR 10-20,3.9,108,44.9025451,8.6238423,Commercial Area,Alessandria Panorama Alessandria (AL) Corso Giuseppe Romit 38,https://lapiadineria.com/i-nostri-ristoranti-ricerca,EUR 10-20,False
1695,La Piadineria,Emilia-Romagna,Parma,PR,Parma,Piadine,EUR 1-10,4.3,594,44.8373662,10.3661799,Shopping Mall,Parma - C.C. Parma Retail Park Parma (PR) Strada Burla,https://lapiadineria.com/i-nostri-ristoranti-ricerca,EUR 1-10,False
1696,La Piadineria,Piemonte,Torino,TO,Torino,Piadine,EUR 10-20,4.1,583,45.1006526,7.6484862,Shopping Mall,Torino C.C. Area 12 Torino (TO) Strada Altessan 141,https://lapiadineria.com/i-nostri-ristoranti-ricerca,EUR 10-20,False
1697,La Piadineria,Piemonte,Asti,AT,Asti,Piadine,EUR 1-10,4.2,272,44.9151908,8.222723,Shopping Mall,Asti Il Borgo d'Asti Asti (AT) Corso Casal 319,https://lapiadineria.com/i-nostri-ristoranti-ricerca,EUR 1-10,False
1698,La Piadineria,Veneto,Padova,PD,Padova,Piadine,EUR 1-10,4.0,1030,45.4038655,11.8755449,City Center,Padova Via Roma Padova (PD) Via Rom 116,https://lapiadineria.com/i-nostri-ristoranti-ricerca,EUR 1-10,False
1699,La Piadineria,Emilia-Romagna,Bologna,BO,Casalecchio di Reno,Piadine,EUR 1-10,4.1,793,44.4841369,11.2689625,Shopping Mall,Casalecchio di Reno C.C. Meridiana Casalecchio Di Reno (BO) Via Aldo Mor 64,https://lapiadineria.com/i-nostri-ristoranti-ricerca,EUR 1-10,False
1700,La Piadineria,Lombardia,Brescia,BS,Rezzato,Piadine,EUR 1-10,4.2,533,45.5144911,10.2985272,Shopping Mall,Rezzato Via Mazzini Rezzato (BS) Via Giuseppe Mazzin 91,https://lapiadineria.com/i-nostri-ristoranti-ricerca,EUR 1-10,False
1701,La Piadineria,Piemonte,Torino,TO,Chivasso,Piadine,EUR 1-10,4.1,111,45.2025211,7.8910632,Shopping Mall,Chivasso C.C. Bennet Chivasso (TO) Via Calus 46,https://lapiadineria.com/i-nostri-ristoranti-ricerca,EUR 1-10,False
1702,La Piadineria,Lazio,Roma,RM,Roma,Piadine,EUR 10-20,3.9,188,41.854058,12.5711217,Shopping Mall,Roma - Cinecittà Roma (RM) Viale Palmiro Togliatt 2,https://lapiadineria.com/i-nostri-ristoranti-ricerca,EUR 10-20,False
1703,La Piadineria,Piemonte,Cuneo,CN,Cuneo,Piadine,EUR 1-10,4.1,439,44.392794,7.583008,Shopping Mall,Cuneo Auchan Cuneo (CN) Via Margarit 8,https://lapiadineria.com/i-nostri-ristoranti-ricerca,EUR 1-10,False
1704,La Piadineria,Lazio,Roma,RM,Roma,Piadine,EUR 1-10,4.1,758,41.8309248,12.465037,Commercial Area,Roma Viale America Roma (RM) Viale Americ 143,https://lapiadineria.com/i-nostri-ristoranti-ricerca,EUR 1-10,False
1705,La Piadineria,Lombardia,Lodi,LO,San Rocco al Porto,Piadine,EUR 1-10,3.1,162,45.0723853,9.7093776,Shopping Mall,Auchan San Rocco Lodi (LO) Strada Statale 100,https://lapiadineria.com/i-nostri-ristoranti-ricerca,EUR 1-10,False
1706,La Piadineria,Lazio,Roma,RM,Roma,Piadine,EUR 1-10,4.1,324,41.8539374,12.5671704,Commercial Area,Roma Via Tuscolana Roma (RM) Via Tuscolan 1494,https://lapiadineria.com/i-nostri-ristoranti-ricerca,EUR 1-10,False
1707,La Piadineria,Piemonte,Alessandria,AL,Casale Monferrato,Piadine,EUR 10-20,4.1,119,45.1251348,8.4659701,Shopping Mall,Casale Monferrato C.C. La Cittadella Casale Monferrato (AL) Via Madre Teresa Di Calcutt 2,https://lapiadineria.com/i-nostri-ristoranti-ricerca,EUR 10-20,False
1708,La Piadineria,Lazio,Roma,RM,Roma,Piadine,EUR 1-10,4.4,281,41.8315594,12.4913254,Commercial Area,Roma via del Serafico Roma (RM) Via Del Serafic 157,https://lapiadineria.com/i-nostri-ristoranti-ricerca,EUR 1-10,False
1709,La Piadineria,Piemonte,Torino,TO,Carmagnola,Piadine,EUR 1-10,3.9,137,44.84719,7.7345115,Shopping Mall,C.C. Carmagnola Carmagnola (TO) Via Sommariva. 29,https://lapiadineria.com/i-nostri-ristoranti-ricerca,EUR 1-10,False
1710,La Piadineria,Emilia-Romagna,Modena,MO,Cittanova,Piadine,EUR 1-10,3.7,226,44.6486854,10.8538001,Shopping Mall,Modena Grandemilia Modena (MO) Via Emilia Oves 1480,https://lapiadineria.com/i-nostri-ristoranti-ricerca,EUR 1-10,False
1711,La Piadineria,Lazio,Roma,RM,Roma,Piadine,EUR 1-10,4.0,450,41.8740512,12.5222293,Commercial Area,Roma C.C. Happio Roma (RM) Via Appia Nuov 448,https://lapiadineria.com/i-nostri-ristoranti-ricerca,EUR 1-10,False
1712,La Piadineria,Lazio,Roma,RM,Roma,Piadine,EUR 1-10,3.8,344,41.9117562,12.5320952,Transport Hub,Roma Stazione Tiburtina Roma (RM) Piazzale Della Stazione Tiburtina,https://lapiadineria.com/i-nostri-ristoranti-ricerca,EUR 1-10,False
1713,La Piadineria,Lazio,Roma,RM,Roma,Piadine,EUR 1-10,4.1,572,41.97158,12.539723,Shopping Mall,Roma - Centro Commerciale Porta di Roma Roma (RM) Via Alberto Lionell 201,https://lapiadineria.com/i-nostri-ristoranti-ricerca,EUR 1-10,False
1714,La Piadineria,Lazio,Roma,RM,Roma,Piadine,EUR 1-20,4.0,137,41.816944,12.4596476,Shopping Mall,Roma C.C. Euroma Roma (RM) Viale Dell'Oceano Pacific 83,https://lapiadineria.com/i-nostri-ristoranti-ricerca,EUR 1-10,True
1715,La Piadineria,Lazio,Roma,RM,Roma,Piadine,EUR 1-10,3.8,406,41.9015859,12.5026088,Transport Hub,Roma Termini Roma (RM) Piazza Dei Cinquecent 1,https://lapiadineria.com/i-nostri-ristoranti-ricerca,EUR 1-10,False
1716,La Piadineria,Lazio,Roma,RM,Roma,Piadine,EUR 10-20,4.1,515,41.9152969,12.6607048,Shopping Mall,Roma - CC Roma Est Roma (RM) Via Collatin 858,https://lapiadineria.com/i-nostri-ristoranti-ricerca,EUR 10-20,False
1717,La Piadineria,Lombardia,Brescia,BS,Roncadelle,Piadine,EUR 1-10,4.0,717,45.53356619,10.16444132,Shopping Mall,Roncadelle - Ikea Roncadelle (BS) Via Luigi Einaud 5,https://lapiadineria.com/i-nostri-ristoranti-ricerca,EUR 1-10,False
1718,La Piadineria,Toscana,Massa-Carrara,MS,Massa,Piadine,EUR 10-20,3.8,139,44.0221791,10.1105257,Shopping Mall,Massa Carrara C.C. MareMonti Massa (MS) Via Massa Avenz 32,https://lapiadineria.com/i-nostri-ristoranti-ricerca,EUR 10-20,False
1719,La Piadineria,Lombardia,Milano,MI,San Vittore Olona,Piadine,EUR 10-20,3.7,781,45.5916252,8.9365524,Shopping Mall,San Vittore Olona C.C. La Carbonaia San Vittore Olona (MI) CC La Carbonai Via Sempion 11,https://lapiadineria.com/i-nostri-ristoranti-ricerca,EUR 10-20,False
1720,La Piadineria,Piemonte,Cuneo,CN,Mondovì,Piadine,EUR 10-20,3.7,278,44.4190029,7.8530374,Shopping Mall,Mondovì Mondovi' (CN) Piazza Cere 15,https://lapiadineria.com/i-nostri-ristoranti-ricerca,EUR 10-20,False
1721,La Piadineria,Liguria,Savona,SV,Savona,Piadine,EUR 1-10,4.3,606,44.3081962,8.4803403,City Center,Savona Corso Italia Savona (SV) Corso Itali 112,https://lapiadineria.com/i-nostri-ristoranti-ricerca,EUR 1-10,False
1722,La Piadineria,Lombardia,Pavia,PV,Montebello della Battaglia,Piadine,EUR 1-10,4.1,201,44.9994426,9.0741292,Shopping Mall,C.C. Montebello Montebello Della Battaglia (PV) Via Ing. Adolfo Mazz 50,https://lapiadineria.com/i-nostri-ristoranti-ricerca,EUR 1-10,False
1723,La Piadineria,Friuli-Venezia Giulia,Trieste,TS,Trieste,Piadine,EUR 1-10,4.0,378,45.6505476,13.7690875,City Center,Trieste Piazza Verdi Trieste (TS) Piazza Giuseppe Verd 2,https://lapiadineria.com/i-nostri-ristoranti-ricerca,EUR 1-10,False
1724,La Piadineria,Lombardia,Lodi,LO,Casale Sant'Antonio-Europa,Piadine,EUR 1-10,4.1,188,45.2755226,9.457487,Shopping Mall,Pieve di Fissiraga C.C. Centro Pieve Pieve Fissiraga (LO) Strada Statale 235 Via Delle Nazioni Unit 1,https://lapiadineria.com/i-nostri-ristoranti-ricerca,EUR 1-10,False
1725,La Piadineria,Piemonte,Torino,TO,Pinerolo,Piadine,EUR 1-10,3.9,190,44.8837318,7.3533286,Shopping Mall,Pinerolo Le Due Valli Pinerolo (TO) Via Cascina Vastamegli 3,https://lapiadineria.com/i-nostri-ristoranti-ricerca,EUR 1-10,False
1726,La Piadineria,Friuli-Venezia Giulia,Trieste,TS,Trieste,Piadine,EUR 10-20,4.1,416,45.6520169,13.7800983,Commercial Area,Trieste Via XX Settembre Trieste (TS) Via Xx Settembr 18,https://lapiadineria.com/i-nostri-ristoranti-ricerca,EUR 10-20,False
1727,La Piadineria,Veneto,Vicenza,VI,Vicenza,Piadine,EUR 1-10,3.6,629,45.5480255,11.5475096,City Center,Vicenza Santa Barbara Vicenza (VI) Contrà Santa Barbar 33,https://lapiadineria.com/i-nostri-ristoranti-ricerca,EUR 1-10,False
1728,La Piadineria,Lombardia,Monza e della Brianza,MB,Torri Bianche,Piadine,EUR 10-20,3.9,586,45.6009927,9.3608925,Shopping Mall,Vimercate C.C. Torri Bianche Vimercate (MB) Via Torri Bianche,https://lapiadineria.com/i-nostri-ristoranti-ricerca,EUR 10-20,False
1729,La Piadineria,Lombardia,Milano,MI,Milano,Piadine,EUR 1-10,3.8,885,45.5221099,9.2156181,Shopping Mall,Milano Bicocca Milano (MI) Viale Sarca Angolo Via Chiese,https://lapiadineria.com/i-nostri-ristoranti-ricerca,EUR 1-10,False
1730,La Piadineria,Lazio,Roma,RM,Roma,Piadine,EUR 1-10,4.1,503,41.8649127,12.4694053,Commercial Area,Roma Piazza Fermi Roma (RM) Piazza Enrico Ferm 1,https://lapiadineria.com/i-nostri-ristoranti-ricerca,EUR 1-10,False
1731,La Piadineria,Lombardia,Brescia,BS,Rodengo Saiano,Piadine,EUR 1-10,4.1,1479,45.5773595,10.1182156,Shopping Mall,Franciacorta Outlet Rodengo Saiano (BS) Piazza Cascina Moi 1,https://lapiadineria.com/i-nostri-ristoranti-ricerca,EUR 1-10,False
1732,La Piadineria,Toscana,Arezzo,AR,Foiano della Chiana,Piadine,,4.2,1711,43.2268277,11.8004818,Shopping Mall,Valdichiana Outlet Village Foiano Della Chiana (AR) Via Enzo Ferrar 5,https://lapiadineria.com/i-nostri-ristoranti-ricerca,EUR 1-10,True
1733,La Piadineria,Veneto,Venezia,VE,Noventa di Piave,Piadine,EUR 10-20,4.1,462,45.6714136,12.5353202,Shopping Mall,Noventa di Piave C.C. Outlet Noventa Noventa Di Piave (VE) Via Marco Pol 1,https://lapiadineria.com/i-nostri-ristoranti-ricerca,EUR 10-20,False
1734,La Piadineria,Emilia-Romagna,Bologna,BO,Poggio Piccolo,Piadine,EUR 1-10,4.0,1626,44.434101,11.6072987,Shopping Mall,CastelGuelfo Outlet Village Castel Guelfo Di Bologna (BO) Via Del Commerci 4-2,https://lapiadineria.com/i-nostri-ristoranti-ricerca,EUR 1-10,False
1735,La Piadineria,Lombardia,Milano,MI,Milano,Piadine,EUR 1-10,3.8,146,45.4480491,9.2122543,Shopping Mall,Milano - Centro Commerciale PiazzaLodi Milano (MI) Viale Umbri 16,https://lapiadineria.com/i-nostri-ristoranti-ricerca,EUR 1-10,False
1736,La Piadineria,Lazio,Roma,RM,Valmontone,Piadine,EUR 10-20,4.3,344,41.7622389,12.9562675,Shopping Mall,Valmontone Outlet Valmontone (RM) Via Della Pac snc,https://lapiadineria.com/i-nostri-ristoranti-ricerca,EUR 10-20,False
1737,La Piadineria,Lombardia,Varese,VA,Varese,Piadine,EUR 1-10,4.0,793,45.8156351,8.827651,City Center,Varese C.C. Le Corti Varese (VA) Piazza Della Repubblic 25,https://lapiadineria.com/i-nostri-ristoranti-ricerca,EUR 1-10,False
1738,La Piadineria,Lombardia,Milano,MI,Milano,Piadine,EUR 1-10,4.1,506,45.5188163,9.1356526,Shopping Mall,Novate Milanese - Metropoli Novate Milanese (MI) Via Carlo Amorett 1,https://lapiadineria.com/i-nostri-ristoranti-ricerca,EUR 1-10,False
1739,La Piadineria,Lombardia,Monza e della Brianza,MB,Brugherio,Piadine,EUR 1-10,3.9,230,45.5566115,9.3024503,Shopping Mall,Brugherio C.C. Bennet Brugherio (MB) Viale Lombardi 264,https://lapiadineria.com/i-nostri-ristoranti-ricerca,EUR 1-10,False
1740,La Piadineria,Toscana,Firenze,FI,Barberino di Mugello,Piadine,EUR 10-20,4.0,282,43.9854167,11.2143417,Shopping Mall,Barberino di Mugello Outlet Barberino Di Mugello (FI) Via Meucci,https://lapiadineria.com/i-nostri-ristoranti-ricerca,EUR 10-20,False
1741,La Piadineria,Piemonte,Alessandria,AL,Alessandria,Piadine,EUR 1-10,4.2,548,44.7327524,8.8359926,Shopping Mall,Serravalle Designer Outlet Alessandria (AL) Via Della Mod 1,https://lapiadineria.com/i-nostri-ristoranti-ricerca,EUR 1-10,False
1742,La Piadineria,Lombardia,Como,CO,Cantù,Piadine,EUR 10-20,4.7,167,45.7173093,9.1564295,Shopping Mall,Cantù C.C. Mirabello Cantu' (CO) Via Lombardi 68,https://lapiadineria.com/i-nostri-ristoranti-ricerca,EUR 10-20,False
1743,La Piadineria,Piemonte,Novara,NO,Novara,Piadine,EUR 1-10,4.2,968,45.4671115,8.461096,Shopping Mall,Vicolungo Outlet Novara (NO) Piazza Santa Mari 11,https://lapiadineria.com/i-nostri-ristoranti-ricerca,EUR 1-10,False
1744,La Piadineria,Lombardia,Milano,MI,Cerro Maggiore,Piadine,EUR 1-10,3.0,198,45.6010386,8.9481352,Shopping Mall,Cerro Maggiore - C.C. Move in Cerro Maggiore (MI) Via Filippo Turat 52,https://lapiadineria.com/i-nostri-ristoranti-ricerca,EUR 1-10,False
1745,La Piadineria,Lombardia,Milano,MI,Garbagnate Milanese,Piadine,EUR 10-20,3.8,249,45.5774135,9.0655563,Shopping Mall,Garbagnate Milanese Garbagnate Milanese (MI) Via Peloritan 96,https://lapiadineria.com/i-nostri-ristoranti-ricerca,EUR 10-20,False
1746,La Piadineria,Liguria,Genova,GE,Genova,Piadine,EUR 1-10,4.1,805,44.41245279,8.883272736,Shopping Mall,Genova Fiumara Genova (GE) Via Fiumar 15,https://lapiadineria.com/i-nostri-ristoranti-ricerca,EUR 1-10,False
1747,La Piadineria,Lombardia,Lecco,LC,Lecco,Piadine,EUR 1-10,4.1,465,45.8552058,9.392078,Transport Hub,Lecco Via Cavour Lecco (LC) Via Camillo Benso Conte di Cavou 73,https://lapiadineria.com/i-nostri-ristoranti-ricerca,EUR 1-10,False
1748,La Piadineria,Friuli-Venezia Giulia,Udine,UD,Martignacco,Piadine,EUR 10-20,4.0,408,46.0859955,13.1795758,Shopping Mall,Udine - C.C. Città Fiera Torreano Di Martignacco (UD) Via Antonio Bardell 4,https://lapiadineria.com/i-nostri-ristoranti-ricerca,EUR 10-20,False
1749,La Piadineria,Lombardia,Milano,MI,Peschiera Borromeo,Piadine,EUR 1-10,4.3,441,45.4231791,9.2927777,Shopping Mall,Peschiera Borromeo Peschiera Borromeo (MI) Via Della Liberazion 8,https://lapiadineria.com/i-nostri-ristoranti-ricerca,EUR 1-10,False
1750,La Piadineria,Friuli-Venezia Giulia,Gorizia,GO,Villesse,Piadine,EUR 1-10,3.9,241,45.8648807,13.4306795,Shopping Mall,Villesse - Tiare Shopping Villesse (GO) Località Maranu 2,https://lapiadineria.com/i-nostri-ristoranti-ricerca,EUR 1-10,False
1751,La Piadineria,Piemonte,Verbano-Cusio-Ossola,VB,Gravellona Toce,Piadine,EUR 10-20,4.1,221,45.9321497,8.4384131,Shopping Mall,Gravellona Toce C.C. Le Isole Gravellona Toce (VB) Corso Guglielmo Marcon 42,https://lapiadineria.com/i-nostri-ristoranti-ricerca,EUR 10-20,False
1752,La Piadineria,Lombardia,Monza e della Brianza,MB,Monza,Piadine,EUR 1-10,4.1,279,45.59009908,9.248819455,Transport Hub,Monza Auchan Monza (MB) Via Lari 17,https://lapiadineria.com/i-nostri-ristoranti-ricerca,EUR 1-10,False
1753,La Piadineria,Lombardia,Milano,MI,Paderno Dugnano,Piadine,EUR 10-20,4.1,263,45.5746297,9.1797735,Shopping Mall,Paderno Dugnano C.C. Brianza Paderno Dugnano (MI) Via Strada Statale Dei Giov 35,https://lapiadineria.com/i-nostri-ristoranti-ricerca,EUR 10-20,False
1754,La Piadineria,Lombardia,Milano,MI,Bellinzago Lombardo,Piadine,EUR 1-10,4.0,482,45.5457215,9.4540701,Shopping Mall,Bellinzago Lombardo C.C. La Corte Bellinzago Lombardo (MI) Via Padana Superior 154,https://lapiadineria.com/i-nostri-ristoranti-ricerca,EUR 1-10,False
1755,La Piadineria,Friuli-Venezia Giulia,Trieste,TS,Trieste,Piadine,EUR 1-10,3.6,384,45.6507221,13.7722288,City Center,Trieste Via San Nicoló Trieste (TS) Via S. Nicol 22,https://lapiadineria.com/i-nostri-ristoranti-ricerca,EUR 1-10,False
1756,La Piadineria,Lombardia,Monza e della Brianza,MB,Busnago,Piadine,EUR 1-10,3.6,305,45.6211793,9.4734526,Shopping Mall,Busnago C.C. Il Globo Busnago (MB) Via Itali 197,https://lapiadineria.com/i-nostri-ristoranti-ricerca,EUR 1-10,False
1757,La Piadineria,Lombardia,Bergamo,BG,Curno,Piadine,EUR 10-20,4.1,327,45.68303,9.6099896,Shopping Mall,Le Cucine di Curno - Centro Commerciale Curno (BG) Via Enrico Ferm 1,https://lapiadineria.com/i-nostri-ristoranti-ricerca,EUR 10-20,False
1758,La Piadineria,Lombardia,Bergamo,BG,Stezzano,Piadine,EUR 1-10,4.2,373,45.6480002,9.6299644,Shopping Mall,Stezzano - Le Due Torri Stezzano (BG) Via Guzzanic 62-64,https://lapiadineria.com/i-nostri-ristoranti-ricerca,EUR 1-10,False
1759,La Piadineria,Lombardia,Monza e della Brianza,MB,Carate Brianza,Piadine,EUR 1-10,4.3,126,45.6680433,9.2232889,Shopping Mall,Carate Brianza C.C. Iperal Carate Brianza (MB) Via Milan 29,https://lapiadineria.com/i-nostri-ristoranti-ricerca,EUR 1-10,False
1760,La Piadineria,Friuli-Venezia Giulia,Gorizia,GO,Monfalcone,Piadine,EUR 1-10,4.1,152,45.817925,13.5123494,Shopping Mall,Monfalcone C.C. Belforte Monfalcone (GO) Via F.Poca 1,https://lapiadineria.com/i-nostri-ristoranti-ricerca,EUR 1-10,False
1761,La Piadineria,Lombardia,Monza e della Brianza,MB,Villasanta,Piadine,EUR 1-10,3.8,136,45.6187513,9.3090935,Shopping Mall,Villasanta Il Gigante Villasanta (MB) Via Tiziano Vecellio S.N.C.,https://lapiadineria.com/i-nostri-ristoranti-ricerca,EUR 1-10,False
1762,La Piadineria,Veneto,Vicenza,VI,Thiene,Piadine,EUR 1-10,4.1,161,45.6945862,11.480649,Shopping Mall,Thiene C.C. Carrefour Thiene (VI) Via Del Terziari 2,https://lapiadineria.com/i-nostri-ristoranti-ricerca,EUR 1-10,False
1763,La Piadineria,Lombardia,Bergamo,BG,Antegnate,Piadine,EUR 10-20,4.3,258,45.4815518,9.7829081,Shopping Mall,Antegnate Antegnate (BG) Via Del Commerci 3,https://lapiadineria.com/i-nostri-ristoranti-ricerca,EUR 10-20,False
1764,La Piadineria,Lombardia,Mantova,MN,Bagnolo San Vito,Piadine,EUR 10-20,3.8,504,45.0878668,10.856135,Shopping Mall,Mantova Outlet Bagnolo San Vito (MN) Via Marco Biagi,https://lapiadineria.com/i-nostri-ristoranti-ricerca,EUR 10-20,False
1765,La Piadineria,Friuli-Venezia Giulia,Udine,UD,Località Produttiva,Piadine,EUR 1-10,4.3,164,46.0220598,13.2743281,Shopping Mall,C.C. Bennet Pradamano Pradamano (UD) Via Nazional 108,https://lapiadineria.com/i-nostri-ristoranti-ricerca,EUR 1-10,False
1766,La Piadineria,Veneto,Verona,VR,San Martino Buon Albergo,Piadine,EUR 1-10,3.7,93,45.4130986,11.0946813,Shopping Mall,San Martino Buon Albergo - Le Corti Venete San Martino Buon Albergo (VR) Viale Del Commerci 1,https://lapiadineria.com/i-nostri-ristoranti-ricerca,EUR 1-10,False
1767,La Piadineria,Lombardia,Sondrio,SO,Artigianale-commerciale,Piadine,EUR 1-10,4.2,243,46.1625625,9.8072158,Shopping Mall,Castione Andevenno C.C. Torri Castione Andevenno (SO) Via Nazionale Oves 29,https://lapiadineria.com/i-nostri-ristoranti-ricerca,EUR 1-10,False
1768,La Piadineria,Veneto,Vicenza,VI,Vicenza,Piadine,EUR 10-20,3.5,181,45.5292264,11.5955715,Shopping Mall,Vicenza C.C. Palladio Vicenza (VI) Strada Padana Verso Padov 60,https://lapiadineria.com/i-nostri-ristoranti-ricerca,EUR 10-20,False
1769,La Piadineria,Lombardia,Cremona,CR,Crema,Piadine,EUR 1-10,4.2,252,45.3588137,9.6658891,Shopping Mall,Crema Gran Rondò Crema (CR) Via Giorgio La Pir 12,https://lapiadineria.com/i-nostri-ristoranti-ricerca,EUR 1-10,False
1770,La Piadineria,Lazio,Roma,RM,Roma,Piadine,EUR 1-10,4.0,324,41.8076447,12.4852147,Shopping Mall,Roma - Maximo Laurentino Roma (RM) Via Laurentin 865,https://lapiadineria.com/i-nostri-ristoranti-ricerca,EUR 1-10,False
1771,La Piadineria,Piemonte,Torino,TO,Grugliasco,Piadine,EUR 1-10,3.9,398,45.0547817,7.6131468,Shopping Mall,Grugliasco C.C. Le Gru Grugliasco (TO) Via Cre 10,https://lapiadineria.com/i-nostri-ristoranti-ricerca,EUR 1-10,False
1772,La Piadineria,Lombardia,Cremona,CR,Cremona,Piadine,EUR 10-20,3.7,472,45.1506088,9.9982261,Shopping Mall,Cremona C.C. Cremona Pò Cremona (CR) Via Castelleon 108,https://lapiadineria.com/i-nostri-ristoranti-ricerca,EUR 10-20,False
1773,La Piadineria,Piemonte,Novara,NO,Bellinzago Novarese,Piadine,EUR 10-20,4.1,251,45.5538773,8.6408349,Shopping Mall,Bellinzago Novarese C.C. Airone Bellinzago Novarese (NO) Via Della Libert 231,https://lapiadineria.com/i-nostri-ristoranti-ricerca,EUR 10-20,False
1774,La Piadineria,Lombardia,Lecco,LC,Merate,Piadine,EUR 10-20,4.5,283,45.6895908,9.4178765,Shopping Mall,Merate - Centro Commerciale Adda Center Merate (LC) Via Bergam 19,https://lapiadineria.com/i-nostri-ristoranti-ricerca,EUR 10-20,False
1775,La Piadineria,Lombardia,Lodi,LO,San Grato,Piadine,EUR 1-10,4.2,69,45.3253044,9.4592384,Shopping Mall,Sangrato Lombardo Il Gigante Montanaso Lombardo (LO) Via Emili 2,https://lapiadineria.com/i-nostri-ristoranti-ricerca,EUR 1-10,False
1776,La Piadineria,Lombardia,Brescia,BS,Lonato del Garda,Piadine,EUR 1-10,3.6,352,45.431089,10.5140766,Shopping Mall,Leone di Lonato Lonato (BS) Via Mantov 36,https://lapiadineria.com/i-nostri-ristoranti-ricerca,EUR 1-10,False
1777,La Piadineria,Lombardia,Milano,MI,Milano,Piadine,EUR 10-20,3.8,232,45.4681727,9.1731611,Transport Hub,Milano Piazza Virgilio Milano (MI) Piazza Virgili 4,https://lapiadineria.com/i-nostri-ristoranti-ricerca,EUR 10-20,False
1778,La Piadineria,Emilia-Romagna,Bologna,BO,Castenaso,Piadine,EUR 1-10,3.6,276,44.4903504,11.4214879,Shopping Mall,Castenaso C.C. Centronova Castenaso (BO) Via Villanov 29,https://lapiadineria.com/i-nostri-ristoranti-ricerca,EUR 1-10,False
1779,La Piadineria,Lombardia,Mantova,MN,Case Ghisiolo,Piadine,EUR 10-20,4.1,222,45.1682951,10.823291,Shopping Mall,Mantova La Favorita Mantova (MN) Piazzale Cesare Beccari 1,https://lapiadineria.com/i-nostri-ristoranti-ricerca,EUR 10-20,False
1780,La Piadineria,Lombardia,Monza e della Brianza,MB,Giussano,Piadine,EUR 1-10,4.2,147,45.6901122,9.211966,Shopping Mall,Giussano C.C. Gran Giussano Giussano (MB) Via Prealp 41,https://lapiadineria.com/i-nostri-ristoranti-ricerca,EUR 1-10,False
1781,La Piadineria,Lombardia,Bergamo,BG,Mapello,Piadine,EUR 10-20,4.5,187,45.7135474,9.5625844,Shopping Mall,Mapello C.C. Il Continente Mapello (BG) Via Str. Regi 4,https://lapiadineria.com/i-nostri-ristoranti-ricerca,EUR 10-20,False
1782,La Piadineria,Lombardia,Pavia,PV,Pavia,Piadine,EUR 10-20,4.0,210,45.2048288,9.1728963,Shopping Mall,Carrefour Pavia Pavia (PV) Via Vigentina,https://lapiadineria.com/i-nostri-ristoranti-ricerca,EUR 10-20,False
1783,La Piadineria,Lombardia,Brescia,BS,Mazzano,Piadine,EUR 1-10,4.3,582,45.5007722,10.3496779,Shopping Mall,Auchan Mazzano Mazzano (BS) Via Alcide De Gasper 6,https://lapiadineria.com/i-nostri-ristoranti-ricerca,EUR 1-10,False
1784,La Piadineria,Emilia-Romagna,Bologna,BO,Bologna,Piadine,EUR 1-10,3.9,300,44.5139079,11.3288838,Shopping Mall,Bologna Centro Lame Bologna (BO) Via Marcopol 3,https://lapiadineria.com/i-nostri-ristoranti-ricerca,EUR 1-10,False
1785,La Piadineria,Lombardia,Sondrio,SO,Piantedo,Piadine,EUR 1-10,4.2,148,46.1405279,9.4177827,Shopping Mall,Piantedo Fuentes Piantedo (SO) Via La Ros 354,https://lapiadineria.com/i-nostri-ristoranti-ricerca,EUR 1-10,False
1786,La Piadineria,Abruzzo,Pescara,PE,San Martino Bassa,Piadine,EUR 1-10,4.1,168,42.5197049,14.1285574,Shopping Mall,C.C. Pescara Nord Citta' Sant'angelo (PE) Via L. Petruzz 140,https://lapiadineria.com/i-nostri-ristoranti-ricerca,EUR 1-10,False
1787,La Piadineria,Lombardia,Milano,MI,Locate di Triulzi,Piadine,EUR 10-20,3.7,334,45.3612756,9.2176646,Shopping Mall,Scalo Milano Outlet & More Locate Triulzi (MI) Via Milan 5,https://lapiadineria.com/i-nostri-ristoranti-ricerca,EUR 10-20,False
1788,La Piadineria,Lombardia,Brescia,BS,Roncadelle,Piadine,EUR 1-10,4.1,620,45.53427656,10.15094236,Shopping Mall,Roncadelle C.C. Rondinelle Roncadelle (BS) Via Enrico Matte 37,https://lapiadineria.com/i-nostri-ristoranti-ricerca,EUR 1-10,False
1789,La Piadineria,Lombardia,Milano,MI,Segrate,Piadine,EUR 10-20,3.8,316,45.4910505,9.2711906,Residential Area,Segrate Segrate (MI) Via Redecesi 2,https://lapiadineria.com/i-nostri-ristoranti-ricerca,EUR 10-20,False
1790,La Piadineria,Lombardia,Bergamo,BG,Medolago,Piadine,EUR 1-10,4.3,353,45.6716657,9.4972107,Commercial Area,Medolago Medolago (BG) Via Rom 27,https://lapiadineria.com/i-nostri-ristoranti-ricerca,EUR 1-10,False
1791,La Piadineria,Veneto,Verona,VR,Verona,Piadine,EUR 1-10,3.6,507,45.4044798,10.9749428,Shopping Mall,Verona Adigeo Verona (VR) Viale Delle Nazion 1,https://lapiadineria.com/i-nostri-ristoranti-ricerca,EUR 1-10,False
1792,La Piadineria,Veneto,Verona,VR,San Pietro,Piadine,EUR 10-20,4.0,471,45.1853284,11.2564361,Commercial Area,Legnago San Pietro Di Legnago (VR) Via Le Europ 37 C,https://lapiadineria.com/i-nostri-ristoranti-ricerca,EUR 10-20,False
1793,La Piadineria,Veneto,Venezia,VE,Venezia,Piadine,EUR 10-20,4.2,700,45.5099322,12.2265849,Shopping Mall,Mestre Auchan Mestre (VE) Via Don Federico Tosatt 22,https://lapiadineria.com/i-nostri-ristoranti-ricerca,EUR 10-20,False
1794,La Piadineria,Lombardia,Como,CO,Lipomo,Piadine,EUR 1-10,4.1,601,45.7948692,9.1261727,Commercial Area,Lipomo Lipomo (CO) Via Provinciale per Lecco 976,https://lapiadineria.com/i-nostri-ristoranti-ricerca,EUR 1-10,False
1795,La Piadineria,Veneto,Venezia,VE,Marghera,Piadine,EUR 10-20,3.9,434,45.4597104,12.2128332,Shopping Mall,Nave De Vero Marghera (VE) Via Pietro Arduin 20,https://lapiadineria.com/i-nostri-ristoranti-ricerca,EUR 10-20,False
1796,La Piadineria,Lombardia,Milano,MI,Vanzaghello,Piadine,EUR 1-10,3.6,387,45.5982519,8.7979845,Shopping Mall,Vanzaghello Retail Park Vanzaghello (MI) Via delle Querc 1,https://lapiadineria.com/i-nostri-ristoranti-ricerca,EUR 1-10,False
1797,La Piadineria,Veneto,Verona,VR,Affi,Piadine,EUR 1-10,3.9,272,45.551881,10.7840842,Shopping Mall,Grand'Affi Shopping Center Affi (VR) Località Canov 1,https://lapiadineria.com/i-nostri-ristoranti-ricerca,EUR 1-10,False
1798,La Piadineria,Lombardia,Milano,MI,Milano,Piadine,EUR 1-10,4.0,274,45.4587641,9.1914359,City Center,Milano - Corso di Porta Romana Milano (MI) Porta Roman 40,https://lapiadineria.com/i-nostri-ristoranti-ricerca,EUR 1-10,False
1799,La Piadineria,Veneto,Verona,VR,Bussolengo,Piadine,EUR 1-10,4.0,272,45.4480639,10.8797427,Shopping Mall,Bussolengo Auchan Bussolengo (VR) Località Ferlin 11,https://lapiadineria.com/i-nostri-ristoranti-ricerca,EUR 1-10,False
1800,La Piadineria,Lombardia,Como,CO,Erba,Piadine,EUR 10-20,4.2,53,45.8045924,9.2213925,Shopping Mall,Erba C.C. Bennet I Laghi Erba (CO) Via Prealp 3,https://lapiadineria.com/i-nostri-ristoranti-ricerca,EUR 10-20,False
1801,La Piadineria,Friuli-Venezia Giulia,Pordenone,PN,Fiume Veneto,Piadine,EUR 1-10,4.2,258,45.9449814,12.7251784,Shopping Mall,Fiume Veneto Fiume Veneto (PN) Via Maestri Del Lavor 42,https://lapiadineria.com/i-nostri-ristoranti-ricerca,EUR 1-10,False
1802,La Piadineria,Lazio,Roma,RM,Roma,Piadine,EUR 1-10,4.1,269,41.9093269,12.4982855,Commercial Area,Roma Piave Roma (RM) Via Piav 46-50,https://lapiadineria.com/i-nostri-ristoranti-ricerca,EUR 1-10,False
1803,La Piadineria,Umbria,Perugia,PG,Corciano,Piadine,EUR 10-20,4.2,93,43.0988612,12.3088211,Shopping Mall,Corciano Quasar Village Corciano (PG) Via Aldo Capitin 8,https://lapiadineria.com/i-nostri-ristoranti-ricerca,EUR 10-20,False
1804,La Piadineria,Veneto,Verona,VR,Lugagnano,Piadine,EUR 10-20,4.0,540,45.4393776,10.8643899,Shopping Mall,Lugagnano di Sona Grande Mela Lugagnano (VR) Via Trentin 1,https://lapiadineria.com/i-nostri-ristoranti-ricerca,EUR 10-20,False
1805,La Piadineria,Trentino-Alto Adige,Bolzano,BZ,Merano,Piadine,EUR 1-10,3.7,79,46.6792715,11.1340122,Shopping Mall,Merano C.C. Lagundo Merano (BZ) Via Weingartner,https://lapiadineria.com/i-nostri-ristoranti-ricerca,EUR 1-10,False
1806,La Piadineria,Veneto,Venezia,VE,Venezia,Piadine,EUR 10-20,3.9,344,45.5455167,12.3053788,Shopping Mall,Marcon C.C. Valecenter Venezia (VE) Via Enrico Matte 1 C,https://lapiadineria.com/i-nostri-ristoranti-ricerca,EUR 10-20,False
1807,La Piadineria,Lazio,Roma,RM,Roma,Piadine,EUR 1-10,3.9,189,41.9311577,12.5188721,Commercial Area,Roma Libia Roma (RM) Viale Libi 126,https://lapiadineria.com/i-nostri-ristoranti-ricerca,EUR 1-10,False
1808,La Piadineria,Veneto,Vicenza,VI,Vicenza,Piadine,EUR 10-20,4.2,602,45.5101806,11.625697,Shopping Mall,Vicenza C.C. Le Piramidi Vicenza (VI) Via Pol 20,https://lapiadineria.com/i-nostri-ristoranti-ricerca,EUR 10-20,False
1809,La Piadineria,Lombardia,Milano,MI,Sesto San Giovanni,Piadine,EUR 10-20,3.7,248,45.5503061,9.256462,Shopping Mall,Sesto San Giovanni Vulcano Sesto San Giovanni (MI) Viale Itali 555,https://lapiadineria.com/i-nostri-ristoranti-ricerca,EUR 10-20,False
1810,La Piadineria,Lombardia,Milano,MI,Milano,Piadine,EUR 1-10,3.4,364,45.4912755,9.2424405,Transport Hub,Milano Feltre Milano (MI) Via Feltr 1,https://lapiadineria.com/i-nostri-ristoranti-ricerca,EUR 1-10,False
1811,La Piadineria,Lombardia,Milano,MI,Sesto San Giovanni,Piadine,EUR 1-10,3.8,294,45.5289878,9.2174508,Shopping Mall,Sesto San Giovanni Centro Sarca Sesto San Giovanni (MI) Via Milanes 10,https://lapiadineria.com/i-nostri-ristoranti-ricerca,EUR 1-10,False
1812,La Piadineria,Veneto,Verona,VR,Villabella,Piadine,EUR 10-20,3.7,622,45.4066374,11.2476183,Shopping Mall,San Bonifacio San Bonifacio (VR) Viale Della Vittori Snc,https://lapiadineria.com/i-nostri-ristoranti-ricerca,EUR 10-20,False
1813,La Piadineria,Lombardia,Milano,MI,Milano,Piadine,EUR 10-20,4.0,405,45.4966625,9.11299,Shopping Mall,Milano C.C. Bonola Milano (MI) Via Giacomo Quarengh 23,https://lapiadineria.com/i-nostri-ristoranti-ricerca,EUR 10-20,False
1814,La Piadineria,Lombardia,Milano,MI,Milano,Piadine,EUR 10-20,3.9,196,45.4624824,9.208188,Commercial Area,Milano - Corso XXII Marzo Milano (MI) Corso Xxii Marz 5,https://lapiadineria.com/i-nostri-ristoranti-ricerca,EUR 10-20,False
1815,La Piadineria,Piemonte,Torino,TO,Torino,Piadine,EUR 1-10,3.8,233,45.0676221,7.6939657,City Center,Torino Aldo Moro Torino (TO) Piazzale Aldo Moro,https://lapiadineria.com/i-nostri-ristoranti-ricerca,EUR 1-10,False
1816,La Piadineria,Lombardia,Lecco,LC,Lecco,Piadine,EUR 1-10,3.6,133,45.8536426,9.4003618,Shopping Mall,Lecco C.C. La Meridiana Lecco (LC) Largo Caleott 10,https://lapiadineria.com/i-nostri-ristoranti-ricerca,EUR 1-10,False
1817,La Piadineria,Friuli-Venezia Giulia,Udine,UD,Aiello del Friuli,Piadine,EUR 1-10,3.9,283,45.8857577,13.3427855,Shopping Mall,Palmanova Outlet Village Aiello Del Friuli (UD) Strada Sp126 Km 1.6,https://lapiadineria.com/i-nostri-ristoranti-ricerca,EUR 1-10,False
1818,La Piadineria,Lombardia,Milano,MI,Settimo Milanese,Piadine,EUR 1-10,4.1,140,45.4789823,9.0654702,Commercial Area,Settimo Milanese C.C. Settimo Settimo Milanese (MI) Via Reiss Romol 16,https://lapiadineria.com/i-nostri-ristoranti-ricerca,EUR 1-10,False
1819,La Piadineria,Lazio,Roma,RM,Roma,Piadine,EUR 1-10,4.3,201,41.9247344,12.5156527,Transport Hub,Roma - Piazza Annibaliano Roma (RM) Piazza Annibalian 21,https://lapiadineria.com/i-nostri-ristoranti-ricerca,EUR 1-10,False
1820,La Piadineria,Veneto,Padova,PD,Rubano,Piadine,EUR 1-10,3.7,281,45.41745829,11.82465084,Shopping Mall,Rubano Le Brentelle Rubano (PD) Via Della Provvidenz 1,https://lapiadineria.com/i-nostri-ristoranti-ricerca,EUR 1-10,False
1821,La Piadineria,Lombardia,Como,CO,Como,Piadine,EUR 1-10,4.0,186,45.8371179,9.0639785,Shopping Mall,Como Lario Center Como (CO) Via Asiag 2,https://lapiadineria.com/i-nostri-ristoranti-ricerca,EUR 1-10,False
1822,La Piadineria,Lombardia,Milano,MI,Rescaldina,Piadine,EUR 1-10,3.7,320,45.6091641,8.9632874,Shopping Mall,Rescaldina Auchan Rescaldina (MI) Via Palmiro Togliatt 1,https://lapiadineria.com/i-nostri-ristoranti-ricerca,EUR 1-10,False
1823,La Piadineria,Piemonte,Torino,TO,Torino,Piadine,EUR 1-10,3.9,307,45.0343422,7.6674468,Shopping Mall,Torino - Centro Commerciale Lingotto Torino (TO) Via Nizz 230,https://lapiadineria.com/i-nostri-ristoranti-ricerca,EUR 1-10,False
1824,La Piadineria,Lombardia,Milano,MI,Milano,Piadine,EUR 1-10,4.2,107,45.4586225,9.1846723,City Center,Milano via Disciplini Milano (MI) Via Disciplin 17,https://lapiadineria.com/i-nostri-ristoranti-ricerca,EUR 1-10,False
1825,La Piadineria,Lazio,Roma,RM,Roma,Piadine,,4.1,207,41.9091837,12.4554011,City Center,Roma Leone IV Roma (RM) Via Leone I 91-93,https://lapiadineria.com/i-nostri-ristoranti-ricerca,EUR 1-10,True
1826,La Piadineria,Lombardia,Milano,MI,Rho,Piadine,EUR 10-20,3.9,908,45.5356511,9.0225132,Commercial Area,Rho Center Rho (MI) Via Luigi Capuan 1,https://lapiadineria.com/i-nostri-ristoranti-ricerca,EUR 10-20,False
1827,La Piadineria,Lombardia,Milano,MI,Milano,Piadine,EUR 1-10,3.8,305,45.4660243,9.1887201,City Center,Milano via Santa Margherita Milano (MI) Via Santa Margherit 14/16,https://lapiadineria.com/i-nostri-ristoranti-ricerca,EUR 1-10,False
1828,La Piadineria,Lombardia,Monza e della Brianza,MB,Muggiò,Piadine,EUR 1-10,3.7,421,45.5737692,9.2268785,Commercial Area,Muggió via Fratelli Bandiera Muggio' (MB) Via Fratelli Bandiera Snc,https://lapiadineria.com/i-nostri-ristoranti-ricerca,EUR 1-10,False
1829,La Piadineria,Lombardia,Pavia,PV,Stradella,Piadine,EUR 10-20,4.2,369,45.0788285,9.2854037,Commercial Area,Stradella via Nazionale Stradella (PV) Via Nazionale 63,https://lapiadineria.com/i-nostri-ristoranti-ricerca,EUR 10-20,False
1830,La Piadineria,Lombardia,Milano,MI,Milano,Piadine,EUR 1-10,3.6,198,45.5015016,9.1825751,Commercial Area,Milano via Carlo Imbonati Milano (MI) Via Carlo Imbonat 22,https://lapiadineria.com/i-nostri-ristoranti-ricerca,EUR 1-10,False
1831,La Piadineria,Lombardia,Milano,MI,San Giuliano Milanese,Piadine,EUR 1-10,3.6,226,45.3788896,9.3061008,Shopping Mall,San Giuliano Milanese Centro Commerciale Le Cupole San Giuliano Milanese (MI) Via Della Pac 26,https://lapiadineria.com/i-nostri-ristoranti-ricerca,EUR 1-10,False
1832,La Piadineria,Sardegna,Sassari,SS,Olbia,Piadine,EUR 10-20,4.0,226,40.9099265,9.5228802,Shopping Mall,Olbia Olbia (SS) Via Cesare Paves 2,https://lapiadineria.com/i-nostri-ristoranti-ricerca,EUR 10-20,False
1833,La Piadineria,Veneto,Padova,PD,Padova,Piadine,EUR 10-20,3.9,543,45.4060297,11.878799,City Center,Padova via San Francesco Padova (PD) Via San Francesc 19,https://lapiadineria.com/i-nostri-ristoranti-ricerca,EUR 10-20,False
1834,La Piadineria,Lombardia,Pavia,PV,San Martino Siccomario,Piadine,EUR 1-10,4.2,367,45.159674,9.1299623,Commercial Area,San Martino Siccomario San Martino Siccomario (PV) Via F .Turat 34,https://lapiadineria.com/i-nostri-ristoranti-ricerca,EUR 1-10,False
1835,La Piadineria,Veneto,Rovigo,RO,Rovigo,Piadine,EUR 10-20,4.1,626,45.0336167,11.7798683,Shopping Mall,Rovigo - Parco Borsea Rovigo (RO) Viale Porta P 185/1,https://lapiadineria.com/i-nostri-ristoranti-ricerca,EUR 10-20,False
1836,La Piadineria,Lombardia,Milano,MI,Milano,Piadine,EUR 1-10,3.9,193,45.4839206,9.1896665,Transport Hub,Milano - Gae Aulenti Milano (MI) Piazza Gae Aulenti,https://lapiadineria.com/i-nostri-ristoranti-ricerca,EUR 1-10,False
1837,La Piadineria,Lombardia,Monza e della Brianza,MB,Limbiate,Piadine,EUR 1-10,4.1,268,45.6084572,9.1303093,Shopping Mall,Limbiate C.C. Carrefour Limbiate (MB) Via Isonz 5,https://lapiadineria.com/i-nostri-ristoranti-ricerca,EUR 1-10,False
1838,La Piadineria,Lazio,Viterbo,VT,Viterbo,Piadine,EUR 10-20,4.2,268,42.4203699,12.0956444,Service Area,Viterbo - C.C. Tuscia Viterbo (VT) Tangenziale Ovest,https://lapiadineria.com/i-nostri-ristoranti-ricerca,EUR 10-20,False
1839,La Piadineria,Lombardia,Milano,MI,Milano,Piadine,EUR 1-10,3.0,173,45.4429941,9.1626309,Commercial Area,Milano - The Sign Milano (MI) Via Ernesto Calindri,https://lapiadineria.com/i-nostri-ristoranti-ricerca,EUR 1-10,False
1840,La Piadineria,Campania,Caserta,CE,Marcianise,Piadine,EUR 10-20,4.6,80,41.0063487,14.3203421,Shopping Mall,La Reggia Designer Outlet Marcianise (CE) S. SS Sannitic 336,https://lapiadineria.com/i-nostri-ristoranti-ricerca,EUR 10-20,False
1841,La Piadineria,Piemonte,Torino,TO,Beinasco,Piadine,EUR 1-10,4.1,331,45.023463,7.5931653,Shopping Mall,Beinasco - C.C. Le Fornaci Beinasco (TO) Str. Torin 34-36,https://lapiadineria.com/i-nostri-ristoranti-ricerca,EUR 1-10,False
1842,La Piadineria,Lombardia,Brescia,BS,Rovato,Piadine,EUR 10-20,4.2,260,45.561862,9.9886277,Shopping Mall,Rovato via XXV Aprile Rovato (BS) Via Lucin 1,https://lapiadineria.com/i-nostri-ristoranti-ricerca,EUR 10-20,False
1843,La Piadineria,Lazio,Roma,RM,Roma,Piadine,EUR 10-20,4.2,170,41.8408392,12.6214772,Shopping Mall,Roma C.C. Torvergata Roma (RM) Viale Luigi Schiavonett 426,https://lapiadineria.com/i-nostri-ristoranti-ricerca,EUR 10-20,False
1844,La Piadineria,Piemonte,Torino,TO,Torino,Piadine,EUR 1-10,3.9,147,45.0419737,7.6707034,Transport Hub,Torino Piazza Carducci Torino (TO) Piazza Carducci,https://lapiadineria.com/i-nostri-ristoranti-ricerca,EUR 1-10,False
1845,La Piadineria,Lazio,Roma,RM,Roma,Piadine,EUR 1-10,4.3,325,41.9047071,12.4926242,City Center,Roma via Barberini Roma (RM) Via Barberin 78/80,https://lapiadineria.com/i-nostri-ristoranti-ricerca,EUR 1-10,False
1846,La Piadineria,Lazio,Roma,RM,Roma,Piadine,EUR 1-10,4.0,243,41.8599507,12.5575148,Residential Area,Roma - Ponzio Comino Roma (RM) Via Ponzio Comini 4 a,https://lapiadineria.com/i-nostri-ristoranti-ricerca,EUR 1-10,False
1847,La Piadineria,Trentino-Alto Adige,Trento,TN,Rovereto,Piadine,EUR 1-10,4.1,181,45.8695703,11.0149494,Shopping Mall,Rovereto - C.C. Millenium Rovereto (TN) Via Del Gard 175,https://lapiadineria.com/i-nostri-ristoranti-ricerca,EUR 1-10,False
1848,La Piadineria,Lombardia,Milano,MI,Milano,Piadine,EUR 1-10,3.7,182,45.433712,9.2406625,Transport Hub,Milano - Santa Giulia Milano (MI) Via Luigi Russol 6,https://lapiadineria.com/i-nostri-ristoranti-ricerca,EUR 1-10,False
1849,La Piadineria,Lombardia,Como,CO,Appiano Gentile,Piadine,EUR 10-20,3.6,857,45.7350953,8.9902057,Commercial Area,Appiano Gentile Appiano Gentile (CO) Via Salvo D'Acquisto,https://lapiadineria.com/i-nostri-ristoranti-ricerca,EUR 10-20,False
1850,La Piadineria,Piemonte,Torino,TO,Torino,Piadine,EUR 1-10,4.3,647,45.0677304,7.6900777,City Center,Torino - Accademia Albertina Torino (TO) Via Accademia Albertin 1 bis,https://lapiadineria.com/i-nostri-ristoranti-ricerca,EUR 1-10,False
1851,La Piadineria,Lombardia,Monza e della Brianza,MB,Agrate Brianza,Piadine,EUR 10-20,3.9,414,45.5678105,9.3607717,Commercial Area,Agrate Agrate Brianza (MB) Viale Delle Industri 3,https://lapiadineria.com/i-nostri-ristoranti-ricerca,EUR 10-20,False
1852,La Piadineria,Puglia,Bari,BA,Centri Commerc. Baricentro-Auchan,Piadine,EUR 1-10,4.3,522,40.9672156,16.9250091,Shopping Mall,Casamassima - Via Noicattaro Casamassima (BA) Via Noicattar 2,https://lapiadineria.com/i-nostri-ristoranti-ricerca,EUR 1-10,False
1853,La Piadineria,Toscana,Livorno,LI,Livorno,Piadine,EUR 1-10,4.1,231,43.5511059,10.3405058,Shopping Mall,Livorno - Le Fonti del Corallo Livorno (LI) Via Gino Grazian 6,https://lapiadineria.com/i-nostri-ristoranti-ricerca,EUR 1-10,False
1854,La Piadineria,Toscana,Lucca,LU,Lucca,Piadine,EUR 1-10,4.3,421,43.8436563,10.502451,City Center,Lucca - Via Calderia Lucca (LU) Via Calderi 10,https://lapiadineria.com/i-nostri-ristoranti-ricerca,EUR 1-10,False
1855,La Piadineria,Emilia-Romagna,Modena,MO,Modena,Piadine,EUR 1-10,4.2,624,44.6467946,10.928065,City Center,Modena - Via Farini Modena (MO) Via Luigi Carlo Farin 32-34,https://lapiadineria.com/i-nostri-ristoranti-ricerca,EUR 1-10,False
1856,La Piadineria,Lombardia,Varese,VA,Varese,Piadine,EUR 10-20,4.2,343,45.8229872,8.8372123,Commercial Area,Varese - Via Belforte Varese (VA) Viale Belfort 5,https://lapiadineria.com/i-nostri-ristoranti-ricerca,EUR 10-20,False
1857,La Piadineria,Emilia-Romagna,Bologna,BO,Castel Maggiore,Piadine,EUR 10-20,3.7,148,44.5682238,11.3575304,Shopping Mall,Le Piazze Castel Maggiore Castel Maggiore (BO) Via Pio La Torr 5/D,https://lapiadineria.com/i-nostri-ristoranti-ricerca,EUR 10-20,False
1858,La Piadineria,Lombardia,Milano,MI,Abbiategrasso,Piadine,EUR 10-20,4.2,476,45.3869864,8.9206634,City Center,Abbiategrasso Abbiategrasso (MI) Via Dante Alighier 63,https://lapiadineria.com/i-nostri-ristoranti-ricerca,EUR 10-20,False
1859,La Piadineria,Lombardia,Varese,VA,Venegono Inferiore,Piadine,EUR 10-20,3.7,375,45.7372383,8.881818,Shopping Mall,Venegono Venegono Inferiore (VA) Via F. Lli Kenned 34,https://lapiadineria.com/i-nostri-ristoranti-ricerca,EUR 10-20,False
1860,La Piadineria,Lombardia,Como,CO,Como,Piadine,EUR 1-10,3.9,430,45.8112411,9.0788389,City Center,Como Garibaldi Como (CO) Via Giuseppe Garibald 14,https://lapiadineria.com/i-nostri-ristoranti-ricerca,EUR 1-10,False
1861,La Piadineria,Liguria,Genova,GE,Genova,Piadine,EUR 1-10,4.0,115,44.40922249,8.954426339,Shopping Mall,Genova mercato sardegna Genova (GE) Via Varese,https://lapiadineria.com/i-nostri-ristoranti-ricerca,EUR 1-10,False
1862,La Piadineria,Veneto,Venezia,VE,San Donà di Piave,Piadine,EUR 1-10,3.4,97,45.6396897,12.5973597,Shopping Mall,CC Centro Piave San Dona' Di Piave (VE) Via Ise 1,https://lapiadineria.com/i-nostri-ristoranti-ricerca,EUR 1-10,False
1863,La Piadineria,Lombardia,Milano,MI,Milano,Piadine,EUR 1-10,3.9,142,45.4568713,9.1689742,Commercial Area,Milano via Solari Milano (MI) Via Andrea Solar 1,https://lapiadineria.com/i-nostri-ristoranti-ricerca,EUR 1-10,False
1864,La Piadineria,Piemonte,Torino,TO,Torino,Piadine,EUR 1-10,3.9,208,45.0652189,7.6800788,Transport Hub,Torino - via Amendola Torino (TO) Via Giovanni Amendol 9,https://lapiadineria.com/i-nostri-ristoranti-ricerca,EUR 1-10,False
1865,La Piadineria,Emilia-Romagna,Parma,PR,Parma,Piadine,EUR 1-10,3.9,232,44.7989129,10.3414053,Shopping Mall,Parma - Barilla Center Parma (PR) Largo Fausto Bocch 35 A,https://lapiadineria.com/i-nostri-ristoranti-ricerca,EUR 1-10,False
1866,La Piadineria,Emilia-Romagna,Parma,PR,Parma,Piadine,EUR 1-10,4.3,650,44.8050686,10.3117615,Commercial Area,Parma - Via Gramsci Parma (PR) Via Gramsc 7,https://lapiadineria.com/i-nostri-ristoranti-ricerca,EUR 1-10,False
1867,La Piadineria,Emilia-Romagna,Parma,PR,Parma,Piadine,EUR 1-10,3.9,257,44.8004835,10.32754094,City Center,Parma - Borgo Palmia Parma (PR) Borgo Palmi 3 A,https://lapiadineria.com/i-nostri-ristoranti-ricerca,EUR 1-10,False
1868,La Piadineria,Emilia-Romagna,Piacenza,PC,Piacenza,Piadine,EUR 1-10,4.4,889,45.0502411,9.6959983,City Center,Piacenza - Via Chiapponi Piacenza (PC) Via Chiappon 17,https://lapiadineria.com/i-nostri-ristoranti-ricerca,EUR 1-10,False
1869,La Piadineria,Emilia-Romagna,Piacenza,PC,Piacenza,Piadine,EUR 1-10,4.3,243,45.0450654,9.7096323,Commercial Area,Piacenza - Via Cristoforo Piacenza (PC) Via Cristoforo Colomb 88/a,https://lapiadineria.com/i-nostri-ristoranti-ricerca,EUR 1-10,False
1870,La Piadineria,Emilia-Romagna,Piacenza,PC,Piacenza,Piadine,EUR 1-10,4.4,1197,45.0350637,9.688409,Commercial Area,Piacenza - Via Martiri della Resistenza Piacenza (PC) Via Martiri della Resistenz 17,https://lapiadineria.com/i-nostri-ristoranti-ricerca,EUR 1-10,False
1871,La Piadineria,Emilia-Romagna,Piacenza,PC,Piacenza,Piadine,EUR 1-10,3.8,86,45.0276554,9.737692,Shopping Mall,Piacenza - Il Gotico Piacenza (PC) Via Emilia Parmens 151,https://lapiadineria.com/i-nostri-ristoranti-ricerca,EUR 1-10,False
1872,La Piadineria,Abruzzo,Teramo,TE,Riomoro,Piadine,EUR 1-10,4.1,49,42.837158,13.8909214,Shopping Mall,Colonnella Colonnella (TE) Contrada Rio Moro,https://lapiadineria.com/i-nostri-ristoranti-ricerca,EUR 1-10,False
1873,La Piadineria,Abruzzo,Teramo,TE,Teramo,Piadine,EUR 1-10,4.3,102,42.681797,13.7603656,Shopping Mall,Teramo - Centro Commerciale Gran Sasso Teramo (TE) Località Piano D'Accio Teramo,https://lapiadineria.com/i-nostri-ristoranti-ricerca,EUR 1-10,False
1874,La Piadineria,Lazio,Roma,RM,Roma,Piadine,EUR 1-10,3.5,131,41.8150274,12.4122095,Shopping Mall,Joy Village Roma Roma (RM) Via Salvatore Rebecchin 5C,https://lapiadineria.com/i-nostri-ristoranti-ricerca,EUR 1-10,False
1875,La Piadineria,Lazio,Roma,RM,Roma,Piadine,EUR 1-10,4.4,413,41.8957878,12.4910671,City Center,Roma - Via Boschetto Roma (RM) Via Del Boschett 98,https://lapiadineria.com/i-nostri-ristoranti-ricerca,EUR 1-10,False
1876,La Piadineria,Lombardia,Bergamo,BG,Bergamo,Piadine,EUR 1-10,4.3,545,45.6918896,9.6729439,Transport Hub,Bergamo - Pzza. Papa Giovanni Bergamo (BG) Viale Papa Giovanni XXII 106,https://lapiadineria.com/i-nostri-ristoranti-ricerca,EUR 1-10,False
1877,La Piadineria,Lombardia,Bergamo,BG,Bergamo,Piadine,EUR 1-10,4.2,596,45.6951123,9.687885,Commercial Area,Bergamo - Borgo Palazzo Bergamo (BG) Via Borgo Palazz 100 G,https://lapiadineria.com/i-nostri-ristoranti-ricerca,EUR 1-10,False
1878,La Piadineria,Lombardia,Bergamo,BG,Sarnico,Piadine,EUR 1-10,4.4,640,45.6705222,9.9562119,Commercial Area,Sarnico Sarnico (BG) Corso Europ 4,https://lapiadineria.com/i-nostri-ristoranti-ricerca,EUR 1-10,False
1879,La Piadineria,Lombardia,Bergamo,BG,Treviglio,Piadine,EUR 1-10,4.6,389,45.5199582,9.5923961,City Center,Treviglio Era Treviglio (BG) Via Giovanni Battista Dell'Er 1 A,https://lapiadineria.com/i-nostri-ristoranti-ricerca,EUR 1-10,False
1880,La Piadineria,Lombardia,Bergamo,BG,Treviglio,Piadine,EUR 1-10,4.5,342,45.5170563,9.5887279,Transport Hub,Treviglio - Via Setti Treviglio (BG) Via Maestro Giulio Sett 7 D,https://lapiadineria.com/i-nostri-ristoranti-ricerca,EUR 1-10,False
1881,La Piadineria,Lombardia,Brescia,BS,Brescia,Piadine,EUR 1-10,4.5,136,45.5262379,10.2236657,Commercial Area,Brescia Via Cremona Brescia (BS) Via Cremon 83,https://lapiadineria.com/i-nostri-ristoranti-ricerca,EUR 1-10,False
1882,La Piadineria,Lombardia,Brescia,BS,Brescia,Piadine,EUR 1-10,4.4,644,45.5318366,10.2222098,City Center,Brescia Via Solferino Brescia (BS) Via Solferin 57 B,https://lapiadineria.com/i-nostri-ristoranti-ricerca,EUR 1-10,False
1883,La Piadineria,Lombardia,Brescia,BS,Brescia,Piadine,EUR 1-10,4.2,304,45.554227,10.2318077,Transport Hub,Brescia Via S. Rocchino Brescia (BS) Via San Rocchin 195,https://lapiadineria.com/i-nostri-ristoranti-ricerca,EUR 1-10,False
1884,La Piadineria,Lombardia,Brescia,BS,Chiari,Piadine,EUR 1-10,4.3,143,45.5382066,9.9252972,Transport Hub,Chiari Chiari (BS) Via Consorzio Agrari 9,https://lapiadineria.com/i-nostri-ristoranti-ricerca,EUR 1-10,False
1885,La Piadineria,Lombardia,Brescia,BS,Desenzano del Garda,Piadine,EUR 1-10,4.0,223,45.470578,10.5406496,City Center,Desenzano - centro storico Desenzano Del Garda (BS) Piazza Ulisse Pap 5,https://lapiadineria.com/i-nostri-ristoranti-ricerca,EUR 1-10,False
1886,La Piadineria,Lombardia,Brescia,BS,Zerbino,Piadine,EUR 1-10,4.5,472,45.4882568,10.1531797,Commercial Area,Flero - Via Quinzano Flero (BS) Via Quinzan 23 A,https://lapiadineria.com/i-nostri-ristoranti-ricerca,EUR 1-10,False
1887,La Piadineria,Lombardia,Brescia,BS,Gardone Val Trompia,Piadine,EUR 1-10,4.4,238,45.6871037,10.1856878,Commercial Area,Gardone Val Trompia Gardone Val Trompia (BS) Via Matteott 272,https://lapiadineria.com/i-nostri-ristoranti-ricerca,EUR 1-10,False
1888,La Piadineria,Lombardia,Brescia,BS,Iseo,Piadine,EUR 1-10,4.5,377,45.6538095,10.0472338,Commercial Area,Iseo Iseo (BS) Via Ninfe 68,https://lapiadineria.com/i-nostri-ristoranti-ricerca,EUR 1-10,False
1889,La Piadineria,Lombardia,Brescia,BS,Lumezzane,Piadine,EUR 1-10,4.2,239,45.6493815,10.2563137,Commercial Area,Lumezzane Lumezzane (BS) Via Monsuell 223,https://lapiadineria.com/i-nostri-ristoranti-ricerca,EUR 1-10,False
1890,La Piadineria,Lombardia,Brescia,BS,Manerbio,Piadine,EUR 1-10,4.5,518,45.3463171,10.1348744,Shopping Mall,Manerbio - Via Cremona Manerbio (BS) Via Cremon 10,https://lapiadineria.com/i-nostri-ristoranti-ricerca,EUR 1-10,False
1891,La Piadineria,Lombardia,Brescia,BS,Montichiari,Piadine,EUR 1-10,4.4,614,45.4092655,10.4062921,Commercial Area,Montichiari - Via Romanino Montichiari (BS) Via Romanin 22,https://lapiadineria.com/i-nostri-ristoranti-ricerca,EUR 1-10,False
1892,La Piadineria,Lombardia,Brescia,BS,Villa Carcina,Piadine,EUR 1-10,4.4,878,45.6345989,10.1948829,Commercial Area,Villa Carcina Villa Carcina (BS) Via Marcon 52,https://lapiadineria.com/i-nostri-ristoranti-ricerca,EUR 1-10,False
1893,La Piadineria,Lombardia,Como,CO,Vertemate Con Minoprio,Piadine,EUR 10-20,3.9,663,45.7231338,9.0695644,Shopping Mall,Vertemate Vertemate Con Minoprio (CO) Via Nazional 3,https://lapiadineria.com/i-nostri-ristoranti-ricerca,EUR 10-20,False
1894,La Piadineria,Lombardia,Cremona,CR,Crema,Piadine,EUR 1-10,4.1,601,45.3630803,9.6916786,City Center,Crema - Piazza Garibaldi Crema (CR) Piazza Garibald 74,https://lapiadineria.com/i-nostri-ristoranti-ricerca,EUR 1-10,False
1895,La Piadineria,Lombardia,Cremona,CR,Crema,Piadine,EUR 1-10,4.3,335,45.3600855,9.6823284,City Center,Crema - Via Crispi Crema (CR) Via Crisp 2,https://lapiadineria.com/i-nostri-ristoranti-ricerca,EUR 1-10,False
1896,La Piadineria,Lombardia,Cremona,CR,Cremona,Piadine,EUR 1-10,4.5,678,45.1328869,10.0263135,City Center,Cremona - Via Platina Cremona (CR) Via Giovanni Maria Platin 20,https://lapiadineria.com/i-nostri-ristoranti-ricerca,EUR 1-10,False
1897,La Piadineria,Lombardia,Cremona,CR,Cremona,Piadine,EUR 1-10,4.5,276,45.1424088,10.0144138,Residential Area,Cremona Via Ghinaglia Cremona (CR) Via Ghinagli 9,https://lapiadineria.com/i-nostri-ristoranti-ricerca,EUR 1-10,False
1898,La Piadineria,Lombardia,Lodi,LO,Lodi,Piadine,EUR 1-10,4.2,321,45.3119365,9.4965277,City Center,Lodi Lodi (LO) Via S. Bassian 19,https://lapiadineria.com/i-nostri-ristoranti-ricerca,EUR 1-10,False
1899,La Piadineria,Lombardia,Monza e della Brianza,MB,Santa Margherita,Piadine,EUR 1-10,3.6,104,45.6341637,9.224039,Shopping Mall,Lissone Joy Village Lissone (MB) Via Madre Teres 4 / B,https://lapiadineria.com/i-nostri-ristoranti-ricerca,EUR 1-10,False
1900,La Piadineria,Lombardia,Milano,MI,Milano,Piadine,EUR 1-10,4.4,231,45.4947044,9.1861296,Commercial Area,Milano Viale Stelvio Milano (MI) Viale Stelvi 52-54,https://lapiadineria.com/i-nostri-ristoranti-ricerca,EUR 1-10,False
1901,La Piadineria,Lombardia,Monza e della Brianza,MB,Monza,Piadine,EUR 1-10,3.9,276,45.57950114,9.272886029,Transport Hub,Monza Corso Italia Monza (MB) Corso Milan 12 D,https://lapiadineria.com/i-nostri-ristoranti-ricerca,EUR 1-10,False
1902,La Piadineria,Lombardia,Milano,MI,Sesto San Giovanni,Piadine,EUR 10-20,4.0,299,45.5358283,9.2320839,Transport Hub,Sesto San Giovanni Pzza Sesto San Giovanni (MI) Viale Fratelli Casiragh 42,https://lapiadineria.com/i-nostri-ristoranti-ricerca,EUR 10-20,False
1903,La Piadineria,Lombardia,Milano,MI,Vimodrone,Piadine,EUR 1-10,4.1,392,45.5111765,9.3031045,Shopping Mall,Vimodrone Vimodrone (MI) Via Padania Superior 11,https://lapiadineria.com/i-nostri-ristoranti-ricerca,EUR 1-10,False
1904,La Piadineria,Lombardia,Pavia,PV,Vigevano,Piadine,EUR 1-10,4.5,178,45.3210663,8.8598136,Commercial Area,Vigevano Via Negrone Vigevano (PV) Via Manara Negron 4,https://lapiadineria.com/i-nostri-ristoranti-ricerca,EUR 1-10,False
1905,La Piadineria,Lombardia,Varese,VA,Gallarate,Piadine,EUR 1-10,3.9,308,45.6614152,8.7878678,City Center,Gallarate Gallarate (VA) Via Marsal 2,https://lapiadineria.com/i-nostri-ristoranti-ricerca,EUR 1-10,False
1906,La Piadineria,Lombardia,Varese,VA,Gavirate,Piadine,EUR 1-10,4.2,357,45.8389799,8.7044244,Shopping Mall,Gavirate - Viale Ticino Gavirate (VA) Viale Ticin 82,https://lapiadineria.com/i-nostri-ristoranti-ricerca,EUR 1-10,False
1907,La Piadineria,Lombardia,Varese,VA,Saronno,Piadine,EUR 1-10,3.9,449,45.6284287,9.0353178,Transport Hub,Saronno - Piazza Aviatori Saronno (VA) Via Piazza Aviatori D'Italia,https://lapiadineria.com/i-nostri-ristoranti-ricerca,EUR 1-10,False
1908,La Piadineria,Marche,Ancona,AN,Ancona,Piadine,EUR 1-10,4.3,812,43.6168061,13.5151523,City Center,Ancona - Piazza Stamira Ancona (AN) Piazza Stamir 4,https://lapiadineria.com/i-nostri-ristoranti-ricerca,EUR 1-10,False
1909,La Piadineria,Marche,Ancona,AN,Ancona,Piadine,EUR 10-20,4.3,1358,43.5579182,13.509835,Commercial Area,Ancona Baraccola Ancona (AN) Via 1° Maggi 70,https://lapiadineria.com/i-nostri-ristoranti-ricerca,EUR 10-20,False
1910,La Piadineria,Marche,Ancona,AN,Ancona,Piadine,EUR 10-20,3.6,46,43.5525228,13.5148545,Shopping Mall,Conero Ancona (AN) Via Franco Scataglin 6,https://lapiadineria.com/i-nostri-ristoranti-ricerca,EUR 10-20,False
1911,La Piadineria,Marche,Ascoli Piceno,AP,Ascoli Piceno,Piadine,EUR 1-10,4.7,139,42.844369,13.629656,Commercial Area,Ascoli Piceno - Centro Commerciale Battente Ascoli Piceno (AP) Via del Commerci 52,https://lapiadineria.com/i-nostri-ristoranti-ricerca,EUR 1-10,False
1912,La Piadineria,Piemonte,Novara,NO,Borgomanero,Piadine,EUR 10-20,3.9,612,45.7199814,8.4883189,Shopping Mall,Iper Borgomanero Borgomanero (NO) Via Santa Cristinett 119,https://lapiadineria.com/i-nostri-ristoranti-ricerca,EUR 10-20,False
1913,La Piadineria,Piemonte,Torino,TO,Torino,Piadine,EUR 1-10,4.2,685,45.0676058,7.7112149,Commercial Area,Torino - Cso. Casale Torino (TO) Corso Casal 86,https://lapiadineria.com/i-nostri-ristoranti-ricerca,EUR 1-10,False
1914,La Piadineria,Piemonte,Torino,TO,Torino,Piadine,EUR 1-10,4.3,679,45.0605574,7.6858527,Commercial Area,Torino - Cso. Vittorio Emanuele Torino (TO) Corso Vittorio Emanuele I 30,https://lapiadineria.com/i-nostri-ristoranti-ricerca,EUR 1-10,False
1915,La Piadineria,Piemonte,Torino,TO,Torino,Piadine,EUR 1-10,4.2,425,45.0732508,7.6699547,Transport Hub,Torino Via Cernaia Torino (TO) Via Cernai 40 G,https://lapiadineria.com/i-nostri-ristoranti-ricerca,EUR 1-10,False
1916,La Piadineria,Piemonte,Torino,TO,Torino,Piadine,EUR 1-10,4.3,656,45.0741623,7.6630824,Residential Area,Torino Via Acaja Torino (TO) Via Principi D'Acaj 35,https://lapiadineria.com/i-nostri-ristoranti-ricerca,EUR 1-10,False
1917,La Piadineria,Piemonte,Torino,TO,Torino,Piadine,EUR 1-10,4.2,374,45.072318,7.6805199,City Center,Torino Via Assisi Torino (TO) Via San Francesco D'Assis 2 BIS/D,https://lapiadineria.com/i-nostri-ristoranti-ricerca,EUR 1-10,False
1918,La Piadineria,Sicilia,Palermo,PA,Palermo,Piadine,EUR 1-10,4.2,154,38.0939058,13.4024874,Shopping Mall,Palermo - Centro Commerciale Forum Palermo (PA) Via Filippo Pecorain SNC,https://lapiadineria.com/i-nostri-ristoranti-ricerca,EUR 1-10,False
1919,La Piadineria,Trentino-Alto Adige,Trento,TN,Riva del Garda,Piadine,EUR 1-10,4.4,1594,45.8862894,10.841868,City Center,Riva del Garda Riva Del Garda (TN) Viale Rom 3,https://lapiadineria.com/i-nostri-ristoranti-ricerca,EUR 1-10,False
1920,La Piadineria,Veneto,Verona,VR,Verona,Piadine,EUR 1-10,4.2,595,45.4510543,10.9857599,Commercial Area,Verona - Piazza Stefani Verona (VR) Piazzale Aristide Stefan 10 A,https://lapiadineria.com/i-nostri-ristoranti-ricerca,EUR 1-10,False
1921,La Piadineria,Lombardia,Brescia,BS,Salò,Piadine,EUR 1-10,4.3,752,45.6049855,10.5198134,Commercial Area,Salò - Via Pietro da Salò Salo' (BS) Via Pietro Da Sal 10,https://lapiadineria.com/i-nostri-ristoranti-ricerca,EUR 1-10,False
1922,La Piadineria,Lombardia,Brescia,BS,Bessimo Superiore I,Piadine,EUR 1-10,4.4,310,45.872487,10.154763,Shopping Mall,Adamello Darfo (BS) Via Nazional 43,https://lapiadineria.com/i-nostri-ristoranti-ricerca,EUR 1-10,False
1923,La Piadineria,Abruzzo,Chieti,CH,Chieti,Piadine,EUR 10-20,4.2,402,42.3427865,14.1285768,Shopping Mall,Chieti - Centro Commerciale Megalò Chieti (CH) Via Tirino,https://lapiadineria.com/i-nostri-ristoranti-ricerca,EUR 10-20,False
1924,La Piadineria,Lazio,Roma,RM,Lido di Ostia,Piadine,EUR 1-10,4.2,333,41.7304432,12.2779621,Transport Hub,Ostia Lido Ostia (RM) (AG) Via Lucio Coili 8,https://lapiadineria.com/i-nostri-ristoranti-ricerca,EUR 1-10,False
1925,La Piadineria,Campania,Salerno,SA,Pontecagnano Faiano,Piadine,EUR 10-20,4.1,118,40.6348606,14.9035519,Shopping Mall,Pontecagnano Faiano - Via Antonio Pacinotti Pontecagnano (SA) Via Antonio Pacinott snc,https://lapiadineria.com/i-nostri-ristoranti-ricerca,EUR 10-20,False
1926,La Piadineria,Lombardia,Milano,MI,Milano,Piadine,EUR 1-10,3.6,244,45.3924957,9.1760302,Shopping Mall,Fiordaliso Rozzano Rozzano (MI) Via Eugenio Curie 25,https://lapiadineria.com/i-nostri-ristoranti-ricerca,EUR 1-10,False
1927,La Piadineria,Emilia-Romagna,Bologna,BO,Zona Industriale Via del Lavoro,Piadine,EUR 10-20,3.9,276,44.4887567,11.2483892,Shopping Mall,Gran Reno Casalecchio Di Reno (BO) Via Marilyn Monro 2,https://lapiadineria.com/i-nostri-ristoranti-ricerca,EUR 10-20,False
1928,La Piadineria,Lombardia,Monza e della Brianza,MB,Lissone,Piadine,EUR 10-20,3.7,291,45.6028473,9.2513252,Commercial Area,Lissone Lissone (MB) Via Triest 37,https://lapiadineria.com/i-nostri-ristoranti-ricerca,EUR 10-20,False
1929,La Piadineria,Lombardia,Milano,MI,Milano,Piadine,EUR 1-10,3.7,279,45.4661867,9.185747,City Center,Milano San Prospero Milano (MI) Via S. Prosper 4,https://lapiadineria.com/i-nostri-ristoranti-ricerca,EUR 1-10,False
1930,La Piadineria,Piemonte,Torino,TO,Torino,Piadine,EUR 1-10,4.0,431,45.0908843,7.6708878,Commercial Area,Torino Corso Mortara Torino (TO) Corso Mortar 46h,https://lapiadineria.com/i-nostri-ristoranti-ricerca,EUR 1-10,False
1931,La Piadineria,Liguria,Genova,GE,Genova,Piadine,EUR 1-10,4.1,98,44.4076426,8.936336,City Center,Genova XII Ottobre Genova (GE) Largo XII Ottobr 45,https://lapiadineria.com/i-nostri-ristoranti-ricerca,EUR 1-10,False
1932,La Piadineria,Lazio,Latina,LT,Latina,Piadine,EUR 1-10,4.4,197,41.465889,12.8905555,Shopping Mall,Latinafiori Latina (LT) Viale Pier Luigi Nervi,https://lapiadineria.com/i-nostri-ristoranti-ricerca,EUR 1-10,False
1933,La Piadineria,Veneto,Verona,VR,San Giovanni Lupatoto,Piadine,EUR 10-20,4.1,345,45.3965992,11.0233239,Commercial Area,San Giovanni Lupatoto San Giovanni Lupatoto (VR) Via Cà Nova Zampier 4G,https://lapiadineria.com/i-nostri-ristoranti-ricerca,EUR 10-20,False
1934,La Piadineria,Lombardia,Milano,MI,Milano,Piadine,EUR 10-20,3.1,116,45.409529,9.1509649,Commercial Area,Assago Business Park - Area Uffici Assago (MI) Via del Bosco Rinnovat 8,https://lapiadineria.com/i-nostri-ristoranti-ricerca,EUR 10-20,False
1935,La Piadineria,Lombardia,Como,CO,Olgiate Comasco,Piadine,EUR 10-20,3.7,303,45.7851425,8.9600249,Shopping Mall,Olgiate Comasco Olgiate Comasco (CO) Via dei Salic 1,https://lapiadineria.com/i-nostri-ristoranti-ricerca,EUR 10-20,False
1936,La Piadineria,Piemonte,Novara,NO,Novara,Piadine,EUR 1-10,4.1,179,45.4478468,8.6222283,City Center,Novara - Corso Cavour Novara (NO) Corso Cavou 6c,https://lapiadineria.com/i-nostri-ristoranti-ricerca,EUR 1-10,False
1937,La Piadineria,Lombardia,Milano,MI,Milano,Piadine,EUR 10-20,3.9,98,45.4379486,9.1671783,Transport Hub,Milano - VIale Famagosta Milano (MI) Viale Famagost 75,https://lapiadineria.com/i-nostri-ristoranti-ricerca,EUR 10-20,False
1938,La Piadineria,Toscana,Firenze,FI,Firenze,Piadine,EUR 1-10,4.2,264,43.8037355,11.2457498,Transport Hub,Firenze Ospedale Careggi Firenze (FI) Largo Giovanni Alessandro Brambill 3,https://lapiadineria.com/i-nostri-ristoranti-ricerca,EUR 1-10,False
1939,La Piadineria,Veneto,Padova,PD,Sant'Agostino,Piadine,EUR 1-10,4.1,140,45.3784363,11.8546004,Shopping Mall,Albignasego C.C. Ipercity Albignasego (PD) Via Giovanni Verg 1,https://lapiadineria.com/i-nostri-ristoranti-ricerca,EUR 1-10,False
1940,La Piadineria,Lombardia,Milano,MI,Buccinasco,Piadine,EUR 10-20,3.7,188,45.4160848,9.1159843,Shopping Mall,Buccinasco Buccinasco (MI) Via della Resistenz 121,https://lapiadineria.com/i-nostri-ristoranti-ricerca,EUR 10-20,False
1941,La Piadineria,Veneto,Vicenza,VI,Bassano del Grappa,Piadine,EUR 10-20,3.9,445,45.7540701,11.7458666,Commercial Area,Bassano Del Grappa Bassano Del Grappa (VI) Via Capitelvecchi 3,https://lapiadineria.com/i-nostri-ristoranti-ricerca,EUR 10-20,False
1942,La Piadineria,Lombardia,Varese,VA,Albizzate,Piadine,EUR 10-20,3.9,540,45.7199163,8.807193,Shopping Mall,Albizzate Unes Albizzate (VA) Via Alberto da Giussano,https://lapiadineria.com/i-nostri-ristoranti-ricerca,EUR 10-20,False
1943,La Piadineria,Lombardia,Bergamo,BG,Osio Sotto,Piadine,EUR 10-20,4.2,449,45.6055813,9.5869265,Commercial Area,Osio Sotto Osio Sotto (BG) Corso Europa snc,https://lapiadineria.com/i-nostri-ristoranti-ricerca,EUR 10-20,False
1944,La Piadineria,Lombardia,Varese,VA,Uboldo,Piadine,EUR 1-10,4.4,205,45.6134438,8.9993624,Commercial Area,Uboldo Uboldo (VA) Via Iv Novembr 107,https://lapiadineria.com/i-nostri-ristoranti-ricerca,EUR 1-10,False
1945,La Piadineria,Trentino-Alto Adige,Trento,TN,Trento,Piadine,EUR 1-10,4.0,237,46.0618047,11.1145841,Commercial Area,Trento Le Albere Trento (TN) Viale della Costituzion 5,https://lapiadineria.com/i-nostri-ristoranti-ricerca,EUR 1-10,False
1946,La Piadineria,Friuli-Venezia Giulia,Udine,UD,Udine,Piadine,EUR 10-20,3.7,171,46.0634144,13.2339851,City Center,Udine Piazza Matteotti Udine (UD) Piazza Giacomo Matteott 21,https://lapiadineria.com/i-nostri-ristoranti-ricerca,EUR 10-20,False
1947,La Piadineria,Veneto,Verona,VR,Verona,Piadine,EUR 1-10,3.9,183,45.4337679,10.9888774,Commercial Area,Verona Corso Porta Nuova Verona (VR) Corso Porta Nuov 56,https://lapiadineria.com/i-nostri-ristoranti-ricerca,EUR 1-10,False
1948,La Piadineria,Sardegna,Cagliari,CA,Cagliari,Piadine,EUR 1-10,4.3,148,39.2321673,9.0915796,Shopping Mall,I Fenicotteri Cagliari (CA) Via S. Simon 60,https://lapiadineria.com/i-nostri-ristoranti-ricerca,EUR 1-10,False
1949,La Piadineria,Lombardia,Milano,MI,Milano,Piadine,EUR 10-20,3.7,112,45.4597558,9.2068635,Commercial Area,Milano Via Montenero Milano (MI) Via Fratelli Camp 2,https://lapiadineria.com/i-nostri-ristoranti-ricerca,EUR 10-20,False
1950,La Piadineria,Lombardia,Milano,MI,Milano,Piadine,EUR 1-10,3.6,115,45.4428066,9.2038594,Commercial Area,Symbiosis Milano (MI) Piazza Adriano Olivett 1,https://lapiadineria.com/i-nostri-ristoranti-ricerca,EUR 1-10,False
1951,La Piadineria,Toscana,Pisa,PI,Area Produttiva,Piadine,EUR 10-20,4.1,327,43.6671006,10.6164207,Commercial Area,Pontedera Pontedera (PI) Via dell'Olmo snc,https://lapiadineria.com/i-nostri-ristoranti-ricerca,EUR 10-20,False
1952,La Piadineria,Piemonte,Novara,NO,Dormelletto,Piadine,EUR 10-20,3.9,99,45.7414226,8.5679473,Commercial Area,Dormelletto Dormelletto (NO) Corso Cavou 50,https://lapiadineria.com/i-nostri-ristoranti-ricerca,EUR 10-20,False
1953,La Piadineria,Lombardia,Lecco,LC,Civate,Piadine,EUR 10-20,4.4,59,45.8366061,9.3483235,Shopping Mall,Civate Iperal Civate (LC) Via Papa Giovanni XXII 15,https://lapiadineria.com/i-nostri-ristoranti-ricerca,EUR 10-20,False
1954,La Piadineria,Piemonte,Biella,BI,Quaregna,Piadine,EUR 10-20,4.4,201,45.5645802,8.1527744,Commercial Area,Cerreto Castello Quaregna (BI) Via Quintino Sell 28,https://lapiadineria.com/i-nostri-ristoranti-ricerca,EUR 10-20,False
1955,La Piadineria,Lombardia,Monza e della Brianza,MB,Meda,Piadine,EUR 10-20,4.0,338,45.65878,9.1584544,Commercial Area,Meda Meda (MB) Via L. Cadorn 47,https://lapiadineria.com/i-nostri-ristoranti-ricerca,EUR 10-20,False
1956,La Piadineria,Lombardia,Monza e della Brianza,MB,Bovisio Masciago,Piadine,EUR 10-20,3.9,434,45.6136698,9.1625607,Commercial Area,Bovisio Masciago Bovisio Masciago (MB) Via Desi 53,https://lapiadineria.com/i-nostri-ristoranti-ricerca,EUR 10-20,False
1957,La Piadineria,Emilia-Romagna,Modena,MO,Sicem,Piadine,EUR 10-20,4.1,160,44.7241882,10.903162,Shopping Mall,Le Gallerie Soliera Soliera (MO) Via Modena - Carp 290,https://lapiadineria.com/i-nostri-ristoranti-ricerca,EUR 10-20,False
1958,La Piadineria,Veneto,Treviso,TV,Treviso,Piadine,EUR 10-20,3.7,366,45.6804465,12.2403157,Commercial Area,Treviso Via della Repubblica Treviso (TV) Viale della Repubblic 195,https://lapiadineria.com/i-nostri-ristoranti-ricerca,EUR 10-20,False
1959,La Piadineria,Veneto,Verona,VR,Peschiera del Garda,Piadine,EUR 10-20,4.2,474,45.4330461,10.7099232,Shopping Mall,Peschiera del Garda Peschiera Del Garda (VR) Via Tangenzial 3,https://lapiadineria.com/i-nostri-ristoranti-ricerca,EUR 10-20,False
1960,La Piadineria,Sardegna,Cagliari,CA,Cagliari,Piadine,EUR 10-20,4.0,209,39.2164465,9.1189353,City Center,Cagliari - Via Garibaldi 93/95 Cagliari (CA) Via Garibald 93/95,https://lapiadineria.com/i-nostri-ristoranti-ricerca,EUR 10-20,False
1961,La Piadineria,Piemonte,Torino,TO,Torino,Piadine,EUR 1-10,3.8,245,45.1186148,7.7170334,Shopping Mall,Torino To Dream Torino (TO) Corso Romania,https://lapiadineria.com/i-nostri-ristoranti-ricerca,EUR 1-10,False
1962,La Piadineria,Sicilia,Catania,CT,Catania,Piadine,EUR 10-20,4.6,290,37.477722,15.0094624,Shopping Mall,Catania - Centro Sicilia Misterbianco (CT) SP 54,https://lapiadineria.com/i-nostri-ristoranti-ricerca,EUR 10-20,False
1963,La Piadineria,Toscana,Lucca,LU,Lucca,Piadine,EUR 10-20,4.2,332,43.8394314,10.4950434,Commercial Area,LUCCA - Europa Lucca (LU) Viale Europ 7,https://lapiadineria.com/i-nostri-ristoranti-ricerca,EUR 10-20,False
1964,La Piadineria,Piemonte,Torino,TO,Torino,Piadine,EUR 1-10,3.8,498,45.0616704,7.6412507,Residential Area,Torino - Via Caraglio Torino (TO) Via Caragli 84,https://lapiadineria.com/i-nostri-ristoranti-ricerca,EUR 1-10,False
1965,La Piadineria,Lazio,Roma,RM,Roma,Piadine,EUR 1-10,4.2,78,41.9122739,12.520587,Transport Hub,Roma - Provincie Roma (RM) Viale delle Provinci 16,https://lapiadineria.com/i-nostri-ristoranti-ricerca,EUR 1-10,False
1966,La Piadineria,Lombardia,Milano,MI,Milano,Piadine,EUR 1-10,4.1,140,45.4630012,9.1987557,City Center,Milano - Sforza Milano (MI) Via Francesco Sforz 1,https://lapiadineria.com/i-nostri-ristoranti-ricerca,EUR 1-10,False
1967,La Piadineria,Lazio,Roma,RM,Roma,Piadine,EUR 10-20,4.1,126,41.9088637,12.5415701,Commercial Area,Roma - via Tiburtina Roma (RM) Via Tiburtin 531,https://lapiadineria.com/i-nostri-ristoranti-ricerca,EUR 10-20,False
1968,La Piadineria,Lazio,Roma,RM,Rocca di Papa,Piadine,EUR 1-10,4.7,70,41.7590824,12.7070128,City Center,Pomezia - via Roma Pomezia (RM) Via Rom 73,https://lapiadineria.com/i-nostri-ristoranti-ricerca,EUR 1-10,False
1969,La Piadineria,Abruzzo,Chieti,CH,Zona Industriale Val Pescara,Piadine,EUR 1-20,4.2,66,42.4154181,14.1684689,Shopping Mall,Centro d'Abruzzo San Giovanni Teatino (CH) Via Po,https://lapiadineria.com/i-nostri-ristoranti-ricerca,EUR 1-10,True
1970,La Piadineria,Lombardia,Milano,MI,Milano,Piadine,EUR 1-10,4.0,105,45.4508546,9.2048548,Transport Hub,Milano - Corso Lodi Milano (MI) Corso Lod 11,https://lapiadineria.com/i-nostri-ristoranti-ricerca,EUR 1-10,False
1971,La Piadineria,Lombardia,Milano,MI,Milano,Piadine,EUR 1-10,3.5,110,45.4602594,9.1813177,City Center,Milano - Largo Carrobbio Milano (MI) Largo Carrobbio 1,https://lapiadineria.com/i-nostri-ristoranti-ricerca,EUR 1-10,False
1972,La Piadineria,Lazio,Frosinone,FR,Le Lame-area Industriale,Piadine,EUR 1-10,4.3,62,41.6202831,13.2846505,Shopping Mall,Frosinone - Le Sorgenti Frosinone (FR) Via Armando Von 20,https://lapiadineria.com/i-nostri-ristoranti-ricerca,EUR 1-10,False
1973,La Piadineria,Lombardia,Brescia,BS,Castegnato,Piadine,EUR 10-20,3.8,249,45.5527338,10.1162292,Commercial Area,Castegnato Castegnato (BS) Via Rita Levi Montalcin 99,https://lapiadineria.com/i-nostri-ristoranti-ricerca,EUR 10-20,False
1974,La Piadineria,Lazio,Roma,RM,Pomezia,Piadine,EUR 10-20,4.4,200,41.6729855,12.4966368,Shopping Mall,Pomezia - via del Mare Pomezia (RM) Via del Mar 65,https://lapiadineria.com/i-nostri-ristoranti-ricerca,EUR 10-20,False
1975,La Piadineria,Lazio,Frosinone,FR,Frosinone,Piadine,EUR 10-20,4.1,152,41.6446768,13.3475374,Commercial Area,Frosinone - Via Aldo Moro Frosinone (FR) Via Aldo Mor 131,https://lapiadineria.com/i-nostri-ristoranti-ricerca,EUR 10-20,False
1976,La Piadineria,Lombardia,Varese,VA,Somma Lombardo,Piadine,EUR 10-20,3.3,155,45.6789166,8.7245546,Shopping Mall,Somma Lombardo Somma Lombardo (VA) Via del Ben 1,https://lapiadineria.com/i-nostri-ristoranti-ricerca,EUR 10-20,False
1977,La Piadineria,Liguria,Imperia,IM,Ventimiglia,Piadine,EUR 10-20,4.1,36,43.7913426,7.6102391,City Center,Ventimiglia - Via Hanbury Ventimiglia (IM) Via Sir Thomas Hanbur 2A,https://lapiadineria.com/i-nostri-ristoranti-ricerca,EUR 10-20,False
1978,La Piadineria,Lombardia,Varese,VA,Tradate,Piadine,EUR 10-20,3.6,184,45.7033194,8.905158,Commercial Area,Tradate - Via Europa Tradate (VA) Via Europ 4/a,https://lapiadineria.com/i-nostri-ristoranti-ricerca,EUR 10-20,False
1979,La Piadineria,Lombardia,Milano,MI,Milano,Piadine,EUR 10-20,3.5,71,45.4433458,9.1785966,Commercial Area,Milano Tibaldi Milano (MI) Viale Tibald 20,https://lapiadineria.com/i-nostri-ristoranti-ricerca,EUR 10-20,False
1980,La Piadineria,Lombardia,Brescia,BS,Castel Mella,Piadine,EUR 10-20,4.0,153,45.5154555,10.1372135,Shopping Mall,Castel Mella Castelmella (BS) Via Renold 1,https://lapiadineria.com/i-nostri-ristoranti-ricerca,EUR 10-20,False
1981,La Piadineria,Piemonte,Novara,NO,Romagnano Sesia,Piadine,EUR 10-20,4.0,331,45.6216634,8.3998307,Shopping Mall,Romagnano Sesia - Via Novara Romagnano Sesia (NO) Via Novara 292,https://lapiadineria.com/i-nostri-ristoranti-ricerca,EUR 10-20,False
1982,La Piadineria,Lazio,Roma,RM,Roma,Piadine,EUR 1-10,4.2,80,41.8378079,12.5944109,Shopping Mall,Anagnina Shopping Center Roma (RM) Via Torre di Mezzavi 35,https://lapiadineria.com/i-nostri-ristoranti-ricerca,EUR 1-10,False
1983,La Piadineria,Toscana,Firenze,FI,Centro,Piadine,EUR 10-20,4.0,97,43.7136898,10.923505,Shopping Mall,Coop Empoli Empoli (FI) Via Raffaello Sanzi 199,https://lapiadineria.com/i-nostri-ristoranti-ricerca,EUR 10-20,False
1984,La Piadineria,Lazio,Roma,RM,Roma,Piadine,EUR 10-20,4.1,125,41.8675111,12.4941576,Commercial Area,Roma Ostiense Roma (RM) Circonvallazione Ostiens 345,https://lapiadineria.com/i-nostri-ristoranti-ricerca,EUR 10-20,False
1985,La Piadineria,Toscana,Livorno,LI,Livorno,Piadine,EUR 10-20,4.3,130,43.5442042,10.3022964,Shopping Mall,Livorno - Porta a Mare Livorno (LI) Via Gaetano D'Alesi 2,https://lapiadineria.com/i-nostri-ristoranti-ricerca,EUR 10-20,False
1986,La Piadineria,Lazio,Roma,RM,Roma,Piadine,EUR 10-20,4.3,134,41.9704708,12.4347183,Commercial Area,Roma Cassia Roma (RM) Via Cassi 905,https://lapiadineria.com/i-nostri-ristoranti-ricerca,EUR 10-20,False
1987,La Piadineria,Lombardia,Milano,MI,Milano,Piadine,EUR 10-20,3.4,84,45.4509865,9.1801067,Commercial Area,Milano San Gottardo Milano (MI) Corso S. Gottard 7,https://lapiadineria.com/i-nostri-ristoranti-ricerca,EUR 10-20,False
1988,La Piadineria,Lombardia,Monza e della Brianza,MB,Monza,Piadine,EUR 1-10,4.3,309,45.5840881,9.2771199,City Center,Monza Corso Emanuele Monza (MB) Via Vittorio Emanuele I 16,https://lapiadineria.com/i-nostri-ristoranti-ricerca,EUR 1-10,False
1989,La Piadineria,Sicilia,Catania,CT,Belpasso,Piadine,EUR 1-10,4.6,171,37.5440046,14.9526532,Shopping Mall,Etnapolis Belpasso Belpasso (CT) Località Valcorrent 23,https://lapiadineria.com/i-nostri-ristoranti-ricerca,EUR 1-10,False
1990,La Piadineria,Lombardia,Brescia,BS,Desenzano del Garda,Piadine,EUR 10-20,4.2,59,45.4638954,10.5269848,Shopping Mall,Desenzano Le vele Desenzano Del Garda (BS) Via G. Marcon 1,https://lapiadineria.com/i-nostri-ristoranti-ricerca,EUR 10-20,False
1991,La Piadineria,Lombardia,Monza e della Brianza,MB,Varedo,Piadine,EUR 10-20,4.0,148,45.5956469,9.1750573,Commercial Area,Varedo Varedo (MB) Via Genov 1,https://lapiadineria.com/i-nostri-ristoranti-ricerca,EUR 10-20,False
1992,La Piadineria,Lombardia,Mantova,MN,Curtatone,Piadine,EUR 10-20,3.9,93,45.1535995,10.7251013,Shopping Mall,Curtatone Centro Commerciale Quattroventi Curtatone (MN) Strada Statale 10,https://lapiadineria.com/i-nostri-ristoranti-ricerca,EUR 10-20,False
1993,La Piadineria,Veneto,Verona,VR,Verona,Piadine,EUR 1-10,4.6,344,45.4349848,10.9844002,City Center,Verona P.zza Santo Spirito Verona (VR) Piazza Santo Spirit 4,https://lapiadineria.com/i-nostri-ristoranti-ricerca,EUR 1-10,False
1994,La Piadineria,Lombardia,Milano,MI,Cinisello Balsamo,Piadine,EUR 10-20,4.2,54,45.5613168,9.2282159,Shopping Mall,Centro Commerciale La Fontana Cinisello Balsamo (MI) Via E. de Amici 2,https://lapiadineria.com/i-nostri-ristoranti-ricerca,EUR 10-20,False
1995,La Piadineria,Sardegna,Sassari,SS,Sassari,Piadine,EUR 10-20,4.1,138,40.7371858,8.536776,Shopping Mall,Porte di sassari Sassari (SS) Viale Porto Torres,https://lapiadineria.com/i-nostri-ristoranti-ricerca,EUR 10-20,False
1996,La Piadineria,Lombardia,Milano,MI,Milano,Piadine,EUR 10-20,3.0,115,45.5137116,9.1000653,Shopping Mall,Centro Commerciale Merlata Bloom Milano (MI) Via Triboniano,https://lapiadineria.com/i-nostri-ristoranti-ricerca,EUR 10-20,False
1997,La Piadineria,Lombardia,Bergamo,BG,Madone,Piadine,EUR 1-10,4.6,116,45.6555052,9.5538511,Shopping Mall,Madone Madone (BG) Via Papa giovanni XXII 1,https://lapiadineria.com/i-nostri-ristoranti-ricerca,EUR 1-10,False
1998,La Piadineria,Sardegna,Cagliari,CA,Sestu,Piadine,EUR 10-20,4.4,129,39.3037783,9.0652702,Shopping Mall,La Corte del Sole Sestu (CA) SS 131 ex,https://lapiadineria.com/i-nostri-ristoranti-ricerca,EUR 10-20,False
1999,La Piadineria,Piemonte,Torino,TO,Collegno,Piadine,EUR 10-20,3.7,239,45.075827,7.5940211,Shopping Mall,Collegno - De Amicis Collegno (TO) Via De Amicis 70,https://lapiadineria.com/i-nostri-ristoranti-ricerca,EUR 10-20,False
2000,La Piadineria,Lombardia,Bergamo,BG,Seriate,Piadine,EUR 1-10,4.7,67,45.6794686,9.7452484,Shopping Mall,Seriate Centro Commerciale Alle Valli Seriate (BG) Via Brusaport 41,https://lapiadineria.com/i-nostri-ristoranti-ricerca,EUR 1-10,False
2001,La Piadineria,Puglia,Bari,BA,Triggiano,Piadine,EUR 10-20,4.5,90,41.0834274,16.9466848,Shopping Mall,BariBlu Triggiano (BA) Contrada Giannavello,https://lapiadineria.com/i-nostri-ristoranti-ricerca,EUR 10-20,False
2002,La Piadineria,Liguria,Genova,GE,Genova,Piadine,EUR 1-10,3.9,59,44.4063655,8.9339737,City Center,Genova - Petrarca Genova (GE) Via Petrarca 10R 12 R,https://lapiadineria.com/i-nostri-ristoranti-ricerca,EUR 1-10,False
2003,La Piadineria,Veneto,Padova,PD,Cittadella,Piadine,EUR 10-20,3.7,191,45.6431562,11.7727226,Commercial Area,Cittadella Cittadella (PD) Via Antonio Pigafett 12 D,https://lapiadineria.com/i-nostri-ristoranti-ricerca,EUR 10-20,False
2004,La Piadineria,Piemonte,Torino,TO,Moncalieri,Piadine,EUR 1-10,3.8,124,44.9767285,7.7068322,Shopping Mall,Moncalieri Centro Commerciale 45 Nord Moncalieri (TO) Via Fortunato Postiglion 1,https://lapiadineria.com/i-nostri-ristoranti-ricerca,EUR 1-10,False
2005,La Piadineria,Lombardia,Brescia,BS,Brescia,Piadine,EUR 1-10,4.2,388,45.5570983,10.2187527,Commercial Area,Brescia - Via Gamba Brescia (BS) Via Gamba Faust 20,https://lapiadineria.com/i-nostri-ristoranti-ricerca,EUR 1-10,False
2006,La Piadineria,Lombardia,Milano,MI,Milano,Piadine,EUR 10-20,3.7,146,45.5143594,9.2249316,Transport Hub,MIlano - Viale Monza Milano (MI) Viale Monz 285,https://lapiadineria.com/i-nostri-ristoranti-ricerca,EUR 10-20,False
2007,La Piadineria,Veneto,Treviso,TV,Treviso,Piadine,EUR 10-20,3.9,117,45.6629612,12.2443611,City Center,Treviso - Viale Cadorna Treviso (TV) Viale Cadorn 3,https://lapiadineria.com/i-nostri-ristoranti-ricerca,EUR 10-20,False
2008,La Piadineria,Lombardia,Milano,MI,San Giuliano Milanese,Piadine,EUR 1-10,3.4,102,45.3886946,9.2585124,Shopping Mall,San Giuliano Factory Outlet San Giuliano Milanese (MI) Via P 12,https://lapiadineria.com/i-nostri-ristoranti-ricerca,EUR 1-10,False
2009,La Piadineria,Lombardia,Cremona,CR,Gadesco-Pieve Delmona,Piadine,EUR 1-10,3.9,59,45.1536482,10.0986708,Shopping Mall,Cremona - Centro Commerciale Cremona Due Gadesco Pieve Delmona (CR) Via E. Berlingue 39,https://lapiadineria.com/i-nostri-ristoranti-ricerca,EUR 1-10,False
2010,La Piadineria,Lazio,Roma,RM,Roma,Piadine,EUR 10-20,4.5,161,41.8258641,12.4762042,Commercial Area,Roma Aeronautica Roma (RM) Via Aeronautic 38/40,https://lapiadineria.com/i-nostri-ristoranti-ricerca,EUR 10-20,False
2011,La Piadineria,Lombardia,Milano,MI,Vignate,Piadine,EUR 1-10,3.8,64,45.5033998,9.3690463,Shopping Mall,CC Vignate Vignate (MI) Via Nuova Cassanes 10,https://lapiadineria.com/i-nostri-ristoranti-ricerca,EUR 1-10,False
2012,La Piadineria,Piemonte,Vercelli,VC,Vercelli,Piadine,EUR 10-20,3.8,94,45.3229977,8.3922963,Commercial Area,Vercelli Vercelli (VC) Via Tangenziale Oves snc,https://lapiadineria.com/i-nostri-ristoranti-ricerca,EUR 10-20,False
2013,La Piadineria,Piemonte,Biella,BI,Biella,Piadine,EUR 10-20,3.8,94,45.5653355,8.0556601,City Center,Biella - C.so Italia Biella (BI) Via Italia 20,https://lapiadineria.com/i-nostri-ristoranti-ricerca,EUR 10-20,False
2014,La Piadineria,Lazio,Roma,RM,Roma,Piadine,EUR 1-10,4.6,51,41.8492446,12.6065563,Shopping Mall,Roma Centro Commerciale Domus Roma (RM) Via V. Ragus 120,https://lapiadineria.com/i-nostri-ristoranti-ricerca,EUR 1-10,False
2015,La Piadineria,Piemonte,Verbano-Cusio-Ossola,VB,Area Produttiva Stazione Fs,Piadine,EUR 10-20,3.9,90,45.9402778,8.4658433,Commercial Area,Verbania Verbania (VB) Via 42 Martir 189,https://lapiadineria.com/i-nostri-ristoranti-ricerca,EUR 10-20,False
2016,La Piadineria,Lazio,Roma,RM,Bracciano,Piadine,EUR 10-20,4.5,95,42.0960859,12.1537258,Shopping Mall,Bracciano Bracciano (RM) Via Sandro Pertin 1,https://lapiadineria.com/i-nostri-ristoranti-ricerca,EUR 10-20,False
2017,La Piadineria,Lazio,Roma,RM,Roma,Piadine,EUR 1-10,4.1,60,41.9088236,12.4707505,Commercial Area,Roma - P.zza Libertà Roma (RM) P.zza Libert 12,https://lapiadineria.com/i-nostri-ristoranti-ricerca,EUR 1-10,False
2018,La Piadineria,Lazio,Roma,RM,Roma,Piadine,EUR 1-10,3.8,68,41.8815863,12.5664724,Commercial Area,Roma - P.zza Dei Mirti Roma (RM) Piazza dei Mirt 12-13,https://lapiadineria.com/i-nostri-ristoranti-ricerca,EUR 1-10,False
2019,La Piadineria,Lazio,Roma,RM,Roma,Piadine,EUR 1-20,3.3,25,41.9335224,12.5125549,Residential Area,Roma P.zza Vescovio Roma (RM) P.zza Vescovio,https://lapiadineria.com/i-nostri-ristoranti-ricerca,EUR 1-10,True
2020,La Piadineria,Calabria,Cosenza,CS,Roges,Piadine,EUR 1-10,4.1,66,39.3281884,16.2426724,Shopping Mall,Metropolis Cosenza Rende (CS) Via Kenned 4,https://lapiadineria.com/i-nostri-ristoranti-ricerca,EUR 1-10,False
2021,La Piadineria,Lombardia,Milano,MI,Turbigo,Piadine,EUR 10-20,4.2,99,45.5341968,8.7323462,Commercial Area,Turbigo Turbigo (MI) Via Milano snc,https://lapiadineria.com/i-nostri-ristoranti-ricerca,EUR 10-20,False
2022,La Piadineria,Toscana,Firenze,FI,Sesto Fiorentino,Piadine,EUR 10-20,4.1,120,43.8220842,11.2079208,Shopping Mall,Sesto Fiorentino - Centro Commerciale Sesto Sesto Fiorentino (FI) Via Petrosa 19,https://lapiadineria.com/i-nostri-ristoranti-ricerca,EUR 10-20,False
2023,La Piadineria,Lazio,Roma,RM,Roma,Piadine,EUR 10-20,4.4,143,41.8512844,12.4934605,Commercial Area,Roma Mantegna Roma (RM) Via Mantegna 2/4,https://lapiadineria.com/i-nostri-ristoranti-ricerca,EUR 10-20,False
2024,La Piadineria,Piemonte,Asti,AT,Asti,Piadine,EUR 10-20,4.2,53,44.8994947,8.2042819,City Center,Asti San Secondo Asti (AT) Via Pietro Gobett 23,https://lapiadineria.com/i-nostri-ristoranti-ricerca,EUR 10-20,False
2025,La Piadineria,Lombardia,Pavia,PV,Pavia,Piadine,EUR 1-10,3.8,91,45.1871706,9.1481174,City Center,Pavia Corso Cavour Pavia (PV) Corso Cavour 42,https://lapiadineria.com/i-nostri-ristoranti-ricerca,EUR 1-10,False
2026,La Piadineria,Piemonte,Alessandria,AL,Alessandria,Piadine,EUR 10-20,3.8,47,44.9137637,8.6140337,Shopping Mall,ALESSANDRIA - P.TTA LEGA Alessandria (AL) p.zzetta Lega Lombard 2,https://lapiadineria.com/i-nostri-ristoranti-ricerca,EUR 10-20,False
2027,La Piadineria,Emilia-Romagna,Modena,MO,Modena,Piadine,EUR 1-10,4.3,54,44.6446601,10.9562314,Shopping Mall,Modena - Centro Commerciale I Portali Modena (MO) Viale dello Spor 50,https://lapiadineria.com/i-nostri-ristoranti-ricerca,EUR 1-10,False
2028,La Piadineria,Lombardia,Milano,MI,Grezzago,Piadine,EUR 10-20,4.4,97,45.5887141,9.5004228,Commercial Area,Grezzago Grezzago (MI) Via Lazio snc,https://lapiadineria.com/i-nostri-ristoranti-ricerca,EUR 10-20,False
2029,La Piadineria,Lombardia,Milano,MI,Cernusco sul Naviglio,Piadine,EUR 1-10,3.7,109,45.515169,9.3289143,Commercial Area,Cernusco sul naviglio Cernusco Sul Naviglio (MI) Str. Padana Superior 19D,https://lapiadineria.com/i-nostri-ristoranti-ricerca,EUR 1-10,False
2030,La Piadineria,Lazio,Latina,LT,Mamurrano,Piadine,EUR 10-20,4.4,47,41.2678986,13.6633826,Shopping Mall,Formia - Centro Commerciale Itaca Formia (LT) Via Mamurrano,https://lapiadineria.com/i-nostri-ristoranti-ricerca,EUR 10-20,False
2031,La Piadineria,Lombardia,Como,CO,Lucino,Piadine,EUR 10-20,4.5,67,45.7864476,9.0475435,Shopping Mall,Centro Commerciale La Porta D'Europa Montano Lucino (CO) Via Enzo Ratt 2,https://lapiadineria.com/i-nostri-ristoranti-ricerca,EUR 10-20,False
2032,La Piadineria,Lazio,Roma,RM,Roma,Piadine,EUR 10-20,4.2,50,41.8369267,12.5036337,Shopping Mall,Centro Commerciale I Granai Roma (RM) Via M. Rigamont 100,https://lapiadineria.com/i-nostri-ristoranti-ricerca,EUR 10-20,False
2033,La Piadineria,Lazio,Roma,RM,Fiumicino,Piadine,EUR 10-20,4.2,72,41.7980746,12.2984132,Shopping Mall,Centro Commerciale The Wow Fiumicino (RM) Viale Donato Bramant 31/65,https://lapiadineria.com/i-nostri-ristoranti-ricerca,EUR 10-20,False
2034,La Piadineria,Veneto,Vicenza,VI,Creazzo,Piadine,EUR 10-20,4.0,205,45.5225832,11.4838091,Commercial Area,Altavilla Vicentina Creazzo (VI) Via Pigafett 1,https://lapiadineria.com/i-nostri-ristoranti-ricerca,EUR 10-20,False
2035,La Piadineria,Umbria,Terni,TR,Terni,Piadine,EUR 10-20,4.2,113,42.5635558,12.6475049,City Center,Terni - Largo di Villa Glori Terni (TR) Largo di Villa Glori 5/7,https://lapiadineria.com/i-nostri-ristoranti-ricerca,EUR 10-20,False
2036,La Piadineria,Sicilia,Agrigento,AG,Agrigento,Piadine,EUR 1-10,4.2,76,37.2957733,13.5478508,Shopping Mall,Agrigento - Centro Commerciale Citta dei Templi Agrigento (AG) Via Fosse Ardeatine,https://lapiadineria.com/i-nostri-ristoranti-ricerca,EUR 1-10,False
2037,La Piadineria,Lombardia,Milano,MI,Novate Milanese,Piadine,EUR 1-10,4.4,94,45.5379345,9.1311703,Commercial Area,Novate Milanese - Via Stelvio Novate Milanese (MI) Via Stelvi 7,https://lapiadineria.com/i-nostri-ristoranti-ricerca,EUR 1-10,False
2038,La Piadineria,Lombardia,Varese,VA,Samarate,Piadine,EUR 10-20,4.0,61,45.6350612,8.7884731,Commercial Area,SAMARATE Samarate (VA) Via Nino Locarno 1/B,https://lapiadineria.com/i-nostri-ristoranti-ricerca,EUR 10-20,False
2039,La Piadineria,Lombardia,Varese,VA,Cislago,Piadine,EUR 10-20,4.3,76,45.6571677,8.9789528,Commercial Area,Cislago Cislago (VA) Viale Cesare Battisti 1428,https://lapiadineria.com/i-nostri-ristoranti-ricerca,EUR 10-20,False
2040,La Piadineria,Puglia,Brindisi,BR,Brindisi,Piadine,EUR 10-20,4.6,111,40.6188782,17.9032875,Shopping Mall,CC Colonne Brindisi (BR) Via S.S Appia Km 712,https://lapiadineria.com/i-nostri-ristoranti-ricerca,EUR 10-20,False
2041,La Piadineria,Veneto,Treviso,TV,Conegliano,Piadine,EUR 10-20,3.7,232,45.8720196,12.2800502,Commercial Area,Conegliano Veneto - Viale Venezia Conegliano (TV) Viale Venezia 85,https://lapiadineria.com/i-nostri-ristoranti-ricerca,EUR 10-20,False
2042,La Piadineria,Toscana,Firenze,FI,Calenzano,Piadine,EUR 10-20,4.1,71,43.8481377,11.1709552,Shopping Mall,Calenzano - Centro Commerciale Le Palme Blu Calenzano (FI) Via Vittorio Emanuele 14/16,https://lapiadineria.com/i-nostri-ristoranti-ricerca,EUR 10-20,False
2043,La Piadineria,Toscana,Grosseto,GR,Grosseto,Piadine,EUR 10-20,4.4,42,42.7431894,11.1071955,Shopping Mall,CC AURELIA ANTICA Grosseto (GR) Via Aurelia Antic 46,https://lapiadineria.com/i-nostri-ristoranti-ricerca,EUR 10-20,False
2044,La Piadineria,Valle d'Aosta,Aosta,AO,Villair-Amerique,Piadine,EUR 10-20,4.0,111,45.741047,7.3778575,Shopping Mall,Aosta Road Quart (AO) Località Amerique 11,https://lapiadineria.com/i-nostri-ristoranti-ricerca,EUR 10-20,False
2045,La Piadineria,Emilia-Romagna,Parma,PR,Fidenza,Piadine,EUR 10-20,3.6,156,44.8596362,10.0841422,Commercial Area,Fidenza Fidenza (PR) via XXIV Maggi 52,https://lapiadineria.com/i-nostri-ristoranti-ricerca,EUR 10-20,False
2046,La Piadineria,Veneto,Vicenza,VI,Montecchio Maggiore,Piadine,EUR 1-10,3.9,121,45.4960615,11.4318843,Commercial Area,Montecchio Montecchio Maggiore (VI) Via Trieste 11,https://lapiadineria.com/i-nostri-ristoranti-ricerca,EUR 1-10,False
2047,La Piadineria,Lombardia,Varese,VA,Olgiate Olona,Piadine,EUR 10-20,4.2,78,45.6186552,8.872956,Commercial Area,Olgiate Olona Olgiate Olona (VA) Via Mantova 1,https://lapiadineria.com/i-nostri-ristoranti-ricerca,EUR 10-20,False
2048,La Piadineria,Toscana,Firenze,FI,Firenze,Piadine,EUR 10-20,4.0,107,43.7711847,11.2712711,Commercial Area,Firenze - Piazza Beccaria Firenze (FI) Piazza Beccari 18r,https://lapiadineria.com/i-nostri-ristoranti-ricerca,EUR 10-20,False
2049,La Piadineria,Campania,Napoli,NA,Torre Annunziata,Piadine,EUR 10-20,4.2,60,40.7542792,14.4696005,Shopping Mall,Torre Annunziata - Maximall Pompeii Torre Annunziata (NA) Via Plinio,https://lapiadineria.com/i-nostri-ristoranti-ricerca,EUR 10-20,False
2050,La Piadineria,Lombardia,Bergamo,BG,Bergamo,Piadine,EUR 10-20,4.3,117,45.6937595,9.6640618,City Center,Bergamo - Via Sant'Alessandro Bergamo (BG) Via Sant'Alessandro 6,https://lapiadineria.com/i-nostri-ristoranti-ricerca,EUR 10-20,False
2051,La Piadineria,Toscana,Siena,SI,Siena,Piadine,EUR 10-20,4.3,81,43.3054978,11.3186168,Commercial Area,Siena - Strada Massetana Siena (SI) Strada Massettana Roman 20,https://lapiadineria.com/i-nostri-ristoranti-ricerca,EUR 10-20,False
2052,La Piadineria,Emilia-Romagna,Reggio Emilia,RE,Reggio Emilia,Piadine,EUR 10-20,4.0,109,44.71151358,10.61817328,Commercial Area,Reggio Emilia - Via Copernico Reggio Emilia (RE) Via Copernico 26/C,https://lapiadineria.com/i-nostri-ristoranti-ricerca,EUR 10-20,False
2053,La Piadineria,Emilia-Romagna,Reggio Emilia,RE,Reggio Emilia,Piadine,EUR 10-20,4.4,162,44.72339108,10.62140632,Commercial Area,Civitanova Marche - Centro Commerciale Cuore Adriatico Civitanova Marche (MC) Via S. Costantin,https://lapiadineria.com/i-nostri-ristoranti-ricerca,EUR 10-20,False
2054,La Piadineria,Veneto,Vicenza,VI,Schio,Piadine,,3.9,103,45.7202926,11.3991898,Commercial Area,Schio - Viale dell'Industria Schio (VI) Viale dell'Industria angol Via Molis 5b,https://lapiadineria.com/i-nostri-ristoranti-ricerca,EUR 1-10,True
2055,La Piadineria,Veneto,Rovigo,RO,Rovigo,Piadine,EUR 10-20,3.6,48,45.0697607,11.7906333,Shopping Mall,Rovigo - Corso del Popolo Rovigo (RO) Corso del Popolo 219,https://lapiadineria.com/i-nostri-ristoranti-ricerca,EUR 10-20,False
2056,La Piadineria,Piemonte,Torino,TO,Settimo Torinese,Piadine,EUR 10-20,4.1,73,45.1276728,7.7369278,Shopping Mall,Settimo Torinese - Torino Outlet Village Settimo Torinese (TO) Via Torin 160,https://lapiadineria.com/i-nostri-ristoranti-ricerca,EUR 10-20,False
2057,La Piadineria,Toscana,Livorno,LI,Livorno,Piadine,EUR 1-10,4.4,88,43.5503083,10.3074847,City Center,Livorno - Via Grande Livorno (LI) Via Grande 132,https://lapiadineria.com/i-nostri-ristoranti-ricerca,EUR 1-10,False
2058,La Piadineria,Lazio,Latina,LT,Cisterna di Latina,Piadine,EUR 10-20,4.1,80,41.5787537,12.8349937,Commercial Area,Cisterna di Latina - Via Latina 2 Latina (LT) V.le Provincie- Via Latina 2,https://lapiadineria.com/i-nostri-ristoranti-ricerca,EUR 10-20,False
2059,La Piadineria,Campania,Napoli,NA,Nola,Piadine,EUR 10-20,4.4,49,40.950262,14.4873342,Shopping Mall,Nola - Centro Commerciale Vulcano Buono Nola (NA) Via Boscofangone,https://lapiadineria.com/i-nostri-ristoranti-ricerca,EUR 10-20,False
2060,La Piadineria,Toscana,Firenze,FI,Firenze,Piadine,EUR 10-20,4.0,126,43.7761406,11.250595,Transport Hub,Firenze - Largo Alinari Firenze (FI) Largo Alinar 20,https://lapiadineria.com/i-nostri-ristoranti-ricerca,EUR 10-20,False
2061,La Piadineria,Veneto,Padova,PD,Piove di Sacco,Piadine,EUR 10-20,3.6,55,45.3042267,12.0216719,Shopping Mall,Centro Commerciale Piove di Sacco Piove Di Sacco (PD) Via Fratelli Sanguinazz 1,https://lapiadineria.com/i-nostri-ristoranti-ricerca,EUR 10-20,False
2062,La Piadineria,Lazio,Viterbo,VT,Viterbo,Piadine,EUR 10-20,4.3,106,42.434165,12.099321,Commercial Area,Viterbo - Via Garbini Viterbo (VT) Via Garbin 83 D,https://lapiadineria.com/i-nostri-ristoranti-ricerca,EUR 10-20,False
2063,La Piadineria,Lombardia,Varese,VA,Ispra,Piadine,EUR 1-10,3.6,124,45.8154206,8.6226636,Commercial Area,Ispra - Via Fermi Ispra (VA) Via E. Ferm 429,https://lapiadineria.com/i-nostri-ristoranti-ricerca,EUR 1-10,False
2064,La Piadineria,Sardegna,Cagliari,CA,Cagliari,Piadine,EUR 10-20,4.4,91,39.2224797,9.1252986,Commercial Area,Cagliari - Via Cino da Pistoia Cagliari (CA) Via Cino da Pistoia 2,https://lapiadineria.com/i-nostri-ristoranti-ricerca,EUR 10-20,False
2065,La Piadineria,Piemonte,Torino,TO,Torino,Piadine,EUR 10-20,4.3,215,45.0367834,7.6523944,Commercial Area,Torino - Via Arnaldo da Brescia Torino (TO) Via Arnaldo da Brescia 25/E,https://lapiadineria.com/i-nostri-ristoranti-ricerca,EUR 10-20,False
2066,La Piadineria,Lazio,Roma,RM,Castel Romano,Piadine,EUR 10-20,4.0,66,41.7154884,12.4454547,Shopping Mall,Castel Romano - Via del Ponte di Piscina Cupa Castel Romano (RM) Via del Ponte di Piscina Cup 64,https://lapiadineria.com/i-nostri-ristoranti-ricerca,EUR 10-20,False
2067,La Piadineria,Veneto,Treviso,TV,Olmi,Piadine,EUR 10-20,4.6,53,45.67722325,12.33751575,Shopping Mall,San Biagio di Callalta - Centro Commerciale Tiziano San Biagio Di Callalta (TV) Via Postumia Ovest 76,https://lapiadineria.com/i-nostri-ristoranti-ricerca,EUR 10-20,False
2068,La Piadineria,Abruzzo,Pescara,PE,Pescara,Piadine,EUR 1-10,4.2,89,42.4524257,14.227523,Commercial Area,Pescara - Viale Marconi Pescara (PE) Viale Marconi 371,https://lapiadineria.com/i-nostri-ristoranti-ricerca,EUR 1-10,False
2069,La Piadineria,Lombardia,Lecco,LC,Cernusco Lombardone,Piadine,EUR 10-20,4.4,116,45.6953846,9.4038315,Commercial Area,Cernusco Lombardone - Via Spluga Cernusco Lombardone (LC) Via Splug 43,https://lapiadineria.com/i-nostri-ristoranti-ricerca,EUR 10-20,False
2070,La Piadineria,Puglia,Taranto,TA,Taranto,Piadine,EUR 1-10,4.3,125,40.4719838,17.2385981,City Center,Taranto - Via Tommaso d'Aquino Taranto (TA) Via Tommaso d'Aquino 68,https://lapiadineria.com/i-nostri-ristoranti-ricerca,EUR 1-10,False
2071,La Piadineria,Emilia-Romagna,Bologna,BO,Bologna,Piadine,EUR 10-20,3.2,38,44.5302327,11.3369133,Shopping Mall,Bologna CC Navile Bologna (BO) Via Colomb 7,https://lapiadineria.com/i-nostri-ristoranti-ricerca,EUR 10-20,False
2072,La Piadineria,Veneto,Padova,PD,Padova,Piadine,EUR 10-20,4.3,39,45.4077843,11.8745412,City Center,Padova - Via San Clemente Padova (PD) Via San Clement 8,https://lapiadineria.com/i-nostri-ristoranti-ricerca,EUR 10-20,False
2073,La Piadineria,Veneto,Padova,PD,Ponte San Nicolò,Piadine,EUR 1-10,3.6,156,45.3669129,11.928604,Commercial Area,Ponte San Nicolò - Via Marconi Ponte San Nicolo' (PD) Via Marconi 35,https://lapiadineria.com/i-nostri-ristoranti-ricerca,EUR 1-10,False
2074,La Piadineria,Lombardia,Varese,VA,Saronno,Piadine,EUR 1-10,4.2,78,45.6231334,9.0177605,Shopping Mall,Saronno - Via Luigi Lazzaroni Saronno (VA) Via Luigi Lazzaroni 25,https://lapiadineria.com/i-nostri-ristoranti-ricerca,EUR 1-10,False
2075,La Piadineria,Lombardia,Bergamo,BG,Grumello del Monte,Piadine,EUR 10-20,4.0,103,45.6325658,9.8604299,Commercial Area,Grumello del Monte - Via Lega Lombarda Grumello Del Monte (BG) Via Lega Lombarda,https://lapiadineria.com/i-nostri-ristoranti-ricerca,EUR 10-20,False
2076,La Piadineria,Lombardia,Varese,VA,Varese,Piadine,EUR 1-10,4.1,81,45.8172966,8.8326662,Transport Hub,Varese - Piazzale Trieste Varese (VA) Piazzale Trieste 6,https://lapiadineria.com/i-nostri-ristoranti-ricerca,EUR 1-10,False
2077,La Piadineria,Lombardia,Brescia,BS,Sonico,Piadine,EUR 10-20,4.2,70,46.1693753,10.3454591,Shopping Mall,Sonico - Via Camiasco Sonico (BS) Via Camiasco 1/E,https://lapiadineria.com/i-nostri-ristoranti-ricerca,EUR 10-20,False
2078,La Piadineria,Lazio,Roma,RM,Roma,Piadine,EUR 10-20,4.1,64,41.8079338,12.433872,Residential Area,Roma - Via della Seta Roma (RM) Via della Seta 13,https://lapiadineria.com/i-nostri-ristoranti-ricerca,EUR 10-20,False
2079,La Piadineria,Toscana,Prato,PO,Prato,Piadine,EUR 10-20,4.0,109,43.8814943,11.0983277,City Center,Prato - Via Garibaldi Prato (PO) Via Garibaldi 10,https://lapiadineria.com/i-nostri-ristoranti-ricerca,EUR 10-20,False
2080,La Piadineria,Lombardia,Bergamo,BG,Curno,Piadine,EUR 10-20,4.7,54,45.6930394,9.6164427,Commercial Area,Curno - Via Bergamo Curno (BG) Via Bergamo 5,https://lapiadineria.com/i-nostri-ristoranti-ricerca,EUR 10-20,False
2081,La Piadineria,Toscana,Pistoia,PT,Pistoia,Piadine,EUR 10-20,4.5,57,43.9383194,10.9392019,Shopping Mall,Pistoia - Via Bure Vecchia Nord Pistoia (PT) Via Bure Vecchia Nord 95,https://lapiadineria.com/i-nostri-ristoranti-ricerca,EUR 10-20,False
2082,La Piadineria,Veneto,Venezia,VE,Lido di Jesolo,Piadine,EUR 10-20,4.7,73,45.5058423,12.6438726,Commercial Area,Jesolo - Via Bafile Lido Di Jesolo (VE) Via Bafile 40,https://lapiadineria.com/i-nostri-ristoranti-ricerca,EUR 10-20,False
2083,La Piadineria,Toscana,Pisa,PI,Pontedera,Piadine,EUR 10-20,4.9,80,43.6639015,10.636158,City Center,Pontedera - Corso Matteotti Pontedera (PI) Corso Matteotti 55,https://lapiadineria.com/i-nostri-ristoranti-ricerca,EUR 10-20,False
2084,La Piadineria,Lombardia,Mantova,MN,Suzzara,Piadine,EUR 10-20,4.0,118,44.9975764,10.7342796,Commercial Area,Suzzara - Strada Pasine Suzzara (MN) Strada Pasine 29,https://lapiadineria.com/i-nostri-ristoranti-ricerca,EUR 10-20,False
2085,La Piadineria,Lazio,Rieti,RI,Fara in Sabina,Piadine,EUR 10-20,4.3,109,42.1515863,12.6556783,Shopping Mall,Passo Corese - Via Salaria Fara Sabina (RI) Via Salaria Km 36,https://lapiadineria.com/i-nostri-ristoranti-ricerca,EUR 10-20,False
2086,La Piadineria,Veneto,Padova,PD,Padova,Piadine,EUR 1-10,3.5,101,45.4118041,11.8940919,Commercial Area,Padova - Via Venezia Padova (PD) Via Venezia 9,https://lapiadineria.com/i-nostri-ristoranti-ricerca,EUR 1-10,False
2087,La Piadineria,Puglia,Bari,BA,Bari,Piadine,EUR 10-20,4.5,85,41.1263726,16.8690916,City Center,Bari - Corso Vittorio Emanuele II Bari (BA) Corso Vittorio Emanuele II 91-93,https://lapiadineria.com/i-nostri-ristoranti-ricerca,EUR 10-20,False
2088,La Piadineria,Toscana,Lucca,LU,Viareggio,Piadine,EUR 10-20,4.1,79,43.8693366,10.2478198,Shopping Mall,Viareggio - Via Cesare Battisti Viareggio (LU) Via Cesare Battisti 153,https://lapiadineria.com/i-nostri-ristoranti-ricerca,EUR 10-20,False
2089,La Piadineria,Toscana,Firenze,FI,Osmannoro,Piadine,EUR 10-20,4.2,89,43.803837,11.185517,Commercial Area,Osmannoro - Via Lucchese 18-20 Sesto Fiorentino (FI) Via Lucchese 18 -20,https://lapiadineria.com/i-nostri-ristoranti-ricerca,EUR 10-20,False
2090,La Piadineria,Sardegna,Nuoro,NU,Nuoro,Piadine,EUR 10-20,4.4,58,40.3230017,9.3062497,Shopping Mall,Nuoro - Via Don Bosco Nuoro (NU) Via Don Bosco snc,https://lapiadineria.com/i-nostri-ristoranti-ricerca,EUR 10-20,False
2091,La Piadineria,Trentino-Alto Adige,Trento,TN,Trento,Piadine,EUR 10-20,3.9,50,46.0670729,11.1209932,City Center,Trento - Piazza Duomo Trento (TN) Piazza Duomo 22,https://lapiadineria.com/i-nostri-ristoranti-ricerca,EUR 10-20,False
2092,La Piadineria,Toscana,Lucca,LU,Altopascio,Piadine,EUR 10-20,4.2,94,43.8160569,10.6805936,Service Area,Altopascio - Via delle Cerbaie Altopascio (LU) Via delle Cerbai 14,https://lapiadineria.com/i-nostri-ristoranti-ricerca,EUR 10-20,False
2093,La Piadineria,Sardegna,Sassari,SS,Sassari,Piadine,EUR 10-20,4.2,45,40.7246254,8.5642539,Shopping Mall,Sassari - Piazza d'Italia Sassari (SS) Piazza d'Itali 1/B -1/C,https://lapiadineria.com/i-nostri-ristoranti-ricerca,EUR 10-20,False
2094,La Piadineria,Friuli-Venezia Giulia,Udine,UD,Udine,Piadine,EUR 10-20,3.2,92,46.0935192,13.2344182,Shopping Mall,Udine - Terminal Nord Udine (UD) Via Tricesimo 149,https://lapiadineria.com/i-nostri-ristoranti-ricerca,EUR 10-20,False
2095,La Piadineria,Sicilia,Palermo,PA,Carini,Piadine,EUR 1-10,4.7,79,38.1741247,13.218611,Shopping Mall,Carini - Centro Commerciale Poseidon Carini (PA) Via Ciachea SNC,https://lapiadineria.com/i-nostri-ristoranti-ricerca,EUR 1-10,False
2096,La Piadineria,Lombardia,Varese,VA,Daverio,Piadine,EUR 10-20,4.9,122,45.7661157,8.7684491,Shopping Mall,Daverio - Centro Commerciale Il Gigante Daverio (VA) Viale dell'Industria 1,https://lapiadineria.com/i-nostri-ristoranti-ricerca,EUR 10-20,False
2097,La Piadineria,Veneto,Treviso,TV,Conegliano,Piadine,EUR 1-10,4.1,61,45.8785539,12.3151021,Shopping Mall,Conegliano - Centro Commerciale Conè Conegliano (TV) Via San Giuseppe 25,https://lapiadineria.com/i-nostri-ristoranti-ricerca,EUR 1-10,False
2098,La Piadineria,Toscana,Prato,PO,Prato,Piadine,EUR 10-20,4.4,55,43.8670869,11.1129354,Commercial Area,Prato - Viale della Repubblica Prato (PO) Viale della Repubblica 59/61,https://lapiadineria.com/i-nostri-ristoranti-ricerca,EUR 10-20,False
2099,La Piadineria,Marche,Ascoli Piceno,AP,San Benedetto del Tronto,Piadine,EUR 1-10,4.5,36,42.8991171,13.8928421,Shopping Mall,San Benedetto Del Tronto - Centro Commerciale Porto Grande San Benedetto Del Tronto (AP) Via Pasubio 144,https://lapiadineria.com/i-nostri-ristoranti-ricerca,EUR 1-10,False
2100,La Piadineria,Calabria,Catanzaro,CZ,Maida,Piadine,EUR 10-20,4.7,311,38.8989684,16.3502573,Shopping Mall,Maida - Centro Commerciale Due Mari Maida (CZ) Località Comuni Condomini,https://lapiadineria.com/i-nostri-ristoranti-ricerca,EUR 10-20,False
2101,La Piadineria,Piemonte,Torino,TO,Torino,Piadine,EUR 10-20,4.2,42,45.0234508,7.6640468,Commercial Area,Torino - Via Nizza 343 Torino (TO) Via Nizza 343,https://lapiadineria.com/i-nostri-ristoranti-ricerca,EUR 10-20,False
2102,La Piadineria,Puglia,Brindisi,BR,Mesagne,Piadine,EUR 1-10,4.6,34,40.5801798,17.8381306,Shopping Mall,Mesagne - Centro Commerciale Appia Antica Mesagne (BR) SS 7 km 10 Viale Europa snc,https://lapiadineria.com/i-nostri-ristoranti-ricerca,EUR 1-10,False
2103,La Piadineria,Emilia-Romagna,Bologna,BO,Bologna,Piadine,EUR 10-20,4.1,70,44.5149644,11.4006867,Shopping Mall,Bologna - Meraville Shopping Park Bologna (BO) Viale Tito Carnacini 63,https://lapiadineria.com/i-nostri-ristoranti-ricerca,EUR 10-20,False
2104,La Piadineria,Toscana,Firenze,FI,Firenze,Piadine,EUR 1-10,4.3,118,43.7726973,11.2535013,City Center,Firenze - Via dei Brunelleschi Firenze (FI) Via Dei Brunelleschi 11,https://lapiadineria.com/i-nostri-ristoranti-ricerca,EUR 1-10,False
2105,La Piadineria,Emilia-Romagna,Forlì-Cesena,FC,Forlì,Piadine,EUR 1-20,4.0,73,44.2431637,12.0822724,Shopping Mall,Forlì - Centro Commerciale Punta di Ferro Forli' (FC) P.zzale della Cooperazione 2,https://lapiadineria.com/i-nostri-ristoranti-ricerca,EUR 1-10,True
2106,La Piadineria,Puglia,Barletta-Andria-Trani,BT,Andria,Piadine,EUR 1-10,4.4,92,41.226813,16.2984079,City Center,Andria - Corso Cavour Andria (BT) Corso Cavour 9,https://lapiadineria.com/i-nostri-ristoranti-ricerca,EUR 1-10,False
2107,La Piadineria,Campania,Napoli,NA,Ipercoop,Piadine,EUR 1-10,4.7,32,40.9341797,14.3587341,Shopping Mall,Afragola - Centro Commerciale Le Porte di Napoli Afragola (NA) Via Santa Maria La Nova 1,https://lapiadineria.com/i-nostri-ristoranti-ricerca,EUR 1-10,False
2108,La Piadineria,Veneto,Venezia,VE,Mirano,Piadine,EUR 10-20,3.9,176,45.4943849,12.0921999,Commercial Area,Mirano - Via Matteotti Mirano (VE) Via Matteotti 80,https://lapiadineria.com/i-nostri-ristoranti-ricerca,EUR 10-20,False
2109,La Piadineria,Toscana,Livorno,LI,Piombino,Piadine,EUR 10-20,4.5,59,42.9251072,10.5284586,Commercial Area,Piombino - Corso Italia Piombino (LI) Corso Italia 67,https://lapiadineria.com/i-nostri-ristoranti-ricerca,EUR 10-20,False
2110,La Piadineria,Toscana,Pistoia,PT,Margine Coperta-Traversagna,Piadine,EUR 10-20,4.1,97,43.8608668,10.7636253,Shopping Mall,Montecatini - Via Biscolla Massa E Cozzile (PT) Via Biscoll 48,https://lapiadineria.com/i-nostri-ristoranti-ricerca,EUR 10-20,False
2111,La Piadineria,Veneto,Belluno,BL,Belluno,Piadine,EUR 10-20,3.7,152,46.153508,12.2319554,Commercial Area,Belluno - Via Vittorio Veneto Belluno (BL) Via Vittorio Veneto 278,https://lapiadineria.com/i-nostri-ristoranti-ricerca,EUR 10-20,False
2112,La Piadineria,Emilia-Romagna,Ravenna,RA,Faenza,Piadine,EUR 10-20,4.3,32,44.3272567,11.9035733,Shopping Mall,Faenza - Centro Commerciale Le Maioliche Faenza (RA) Via Bisaura 1/3,https://lapiadineria.com/i-nostri-ristoranti-ricerca,EUR 10-20,False
2113,La Piadineria,Marche,Pesaro e Urbino,PU,Urbino,Piadine,EUR 1-10,4.4,34,43.7297974,12.6352973,Shopping Mall,Urbino - Centro Commerciale Porta Santa Lucia Urbino Viale Antonio Gramsci,https://lapiadineria.com/i-nostri-ristoranti-ricerca,EUR 1-10,False
2114,La Piadineria,Abruzzo,L'Aquila,AQ,Avezzano,Piadine,EUR 1-10,4.5,73,42.0455279,13.4077214,Shopping Mall,Avezzano - I Marsi Avezzano (AQ) Via Tiburtina Valeri km 112/215,https://lapiadineria.com/i-nostri-ristoranti-ricerca,EUR 1-10,False
2115,La Piadineria,Lombardia,Milano,MI,Milano,Piadine,EUR 10-20,4.2,47,45.5158444,9.2116945,Commercial Area,Milano - Viale Piero e Alberto Pirelli Milano (MI) Viale Piero e Alberto Pirelli 16,https://lapiadineria.com/i-nostri-ristoranti-ricerca,EUR 10-20,False
2116,La Piadineria,Toscana,Firenze,FI,Firenze,Piadine,EUR 1-10,4.3,23,43.7873334,11.2222902,Commercial Area,Firenze - Manifattura Tabacchi Firenze (FI) Via Tartini 13,https://lapiadineria.com/i-nostri-ristoranti-ricerca,EUR 1-10,False
2117,La Piadineria,Campania,Avellino,AV,Avellino,Piadine,EUR 1-10,4.8,47,40.9162844,14.7806496,Shopping Mall,Avellino terminal Avellino (AV) Via Francesco Fariello,https://lapiadineria.com/i-nostri-ristoranti-ricerca,EUR 1-10,False
2118,La Piadineria,Veneto,Treviso,TV,Vittorio Veneto,Piadine,EUR 10-20,4.4,91,45.9694615,12.3135794,Commercial Area,Vittorio Veneto - Via Sant'Antonio da Padova Vittorio Veneto (TV) Via Sant'Antonio da Padova 301,https://lapiadineria.com/i-nostri-ristoranti-ricerca,EUR 10-20,False
2119,La Piadineria,Lombardia,Milano,MI,Milano,Piadine,EUR 10-20,3.5,248,45.4786726,9.2473529,Commercial Area,Lambrate Via Rubattino Lambrate (MI) P.zza Vigili del Fuoco 12,https://lapiadineria.com/i-nostri-ristoranti-ricerca,EUR 10-20,False
2120,La Piadineria,Emilia-Romagna,Reggio Emilia,RE,Rubiera,Piadine,EUR 10-20,4.4,40,44.6545003,10.7673579,Commercial Area,Rubiera - Via Rocco Chinnici Rubiera (RE) Via Rocco Chinnici 1,https://lapiadineria.com/i-nostri-ristoranti-ricerca,EUR 10-20,False
2121,La Piadineria,Calabria,Vibo Valentia,VV,Vibo Valentia,Piadine,EUR 1-10,4.8,25,38.6761122,16.0919201,Shopping Mall,Vibo Valentia - Centro Commerciale Vibocenter Vibo Valentia (VV) SS 18 Tirrena Inferiore,https://lapiadineria.com/i-nostri-ristoranti-ricerca,EUR 1-10,False
2122,La Piadineria,Abruzzo,Pescara,PE,Pescara,Piadine,EUR 1-10,4.6,40,42.4672625,14.2096616,Commercial Area,Pescara Vittorio Emanuele II Pescara (PE) Corso Vittorio Emanuele II 122,https://lapiadineria.com/i-nostri-ristoranti-ricerca,EUR 1-10,False
2123,La Piadineria,Emilia-Romagna,Ravenna,RA,Ravenna,Piadine,EUR 1-10,4.9,28,44.3946819,12.1776018,Shopping Mall,Ravenna - Centro Commerciale Esp Ravenna (RA) Via M. Bussato 74,https://lapiadineria.com/i-nostri-ristoranti-ricerca,EUR 1-10,False
2124,La Piadineria,Toscana,Arezzo,AR,Arezzo,Piadine,EUR 1-10,4.5,33,43.4645919,11.8827586,City Center,Arezzo - Corso Italia Arezzo (AR) Corso Italia 27,https://lapiadineria.com/i-nostri-ristoranti-ricerca,EUR 1-10,False
2125,La Piadineria,Sicilia,Catania,CT,Catania,Piadine,EUR 1-10,4.7,39,37.5117343,15.0899243,City Center,Catania - Piazza Vittorio Emanuele II Catania (CT) Piazza Vittorio Emanuele II 6-7,https://lapiadineria.com/i-nostri-ristoranti-ricerca,EUR 1-10,False
2126,La Piadineria,Lombardia,Milano,MI,Legnano,Piadine,EUR 1-10,3.8,601,45.5964591,8.9167956,City Center,Legnano Legnano (MI) Corso Itali 11,https://lapiadineria.com/i-nostri-ristoranti-ricerca,EUR 1-10,False
2127,La Piadineria,Lombardia,Monza e della Brianza,MB,Nova Milanese,Piadine,EUR 1-10,4.1,108,45.5967437,9.1989701,Commercial Area,Nova Milanese Nova Milanese (MB) Via Venezi 1,https://lapiadineria.com/i-nostri-ristoranti-ricerca,EUR 1-10,False
2128,La Piadineria,Toscana,Livorno,LI,San Pietro In Palazzi,Piadine,EUR 10-20,4.0,43,43.330113,10.5232308,Shopping Mall,Cecina Rp San Pietro In Palazzi (LI) Via di Val di Cecina snc,https://lapiadineria.com/i-nostri-ristoranti-ricerca,EUR 10-20,False
2129,La Piadineria,Lombardia,Milano,MI,Milano,Piadine,EUR 1-10,4.5,43,45.48530664,9.195593974,Commercial Area,Milano - Melchiorre Gioia Milano (MI) Via Alessandro Paoli 2,https://lapiadineria.com/i-nostri-ristoranti-ricerca,EUR 1-10,False
2130,La Piadineria,Puglia,Foggia,FG,Borgo Incoronata,Piadine,EUR 1-10,4.6,60,41.4156462,15.6514736,Shopping Mall,Foggia - Centro Commerciale GrandApulia Borgo Incoronata (FG) km 2 SP76,https://lapiadineria.com/i-nostri-ristoranti-ricerca,EUR 1-10,False
2131,La Piadineria,Lombardia,Sondrio,SO,Villa di Tirano,Piadine,EUR 10-20,4.4,53,46.2106111,10.1471732,Commercial Area,Villa di Tirano - Via Nazionale Villa Di Tirano (SO) Via Nazionale 126,https://lapiadineria.com/i-nostri-ristoranti-ricerca,EUR 10-20,False
2132,La Piadineria,Campania,Napoli,NA,Napoli,Piadine,,5.0,7,40.8362505,14.19145297,Shopping Mall,Napoli - Centro Commerciale Azzurro Napoli (NA) Via Vicinale Cupa Cintia n. 249/251,https://lapiadineria.com/i-nostri-ristoranti-ricerca,EUR 1-10,True
2133,La Piadineria,Sicilia,Catania,CT,Catania,Piadine,EUR 10-20,4.5,25,37.4720755,15.0481362,Shopping Mall,Catania - Centro Commerciale Porte di Catania Catania (CT) Via Gelso Bianco,https://lapiadineria.com/i-nostri-ristoranti-ricerca,EUR 10-20,False
2134,La Piadineria,Veneto,Padova,PD,Rubano,Piadine,EUR 10-20,4.6,54,45.42252667,11.80508026,Commercial Area,Rubano - Via della Provvidenza Sarmeola (PD) Via della Provvidenza 210,https://lapiadineria.com/i-nostri-ristoranti-ricerca,EUR 10-20,False
2135,La Piadineria,Calabria,Catanzaro,CZ,Catanzaro,Piadine,,4.8,59,38.8439205,16.6460779,Shopping Mall,Catanzaro - Centro Commerciale Le Fontane Catanzaro (CZ) Via Emilia 61,https://lapiadineria.com/i-nostri-ristoranti-ricerca,EUR 1-10,True
2136,La Piadineria,Veneto,Belluno,BL,Feltre,Piadine,EUR 10-20,4.2,105,46.0235937,11.9206766,Commercial Area,Feltre - Via Adda Feltre (BL) Via Adda 3/A,https://lapiadineria.com/i-nostri-ristoranti-ricerca,EUR 10-20,False
2137,La Piadineria,Trentino-Alto Adige,Trento,TN,Trento,Piadine,EUR 1-10,3.4,50,46.0827412,11.1209523,Commercial Area,Trento - Via del Brennero Trento (TN) Via Del Brennero 190,https://lapiadineria.com/i-nostri-ristoranti-ricerca,EUR 1-10,False
2138,La Piadineria,Campania,Napoli,NA,Napoli,Piadine,EUR 10-20,4.5,35,40.8425815,14.2334764,Transport Hub,Napoli - Piazza Fuga Napoli (NA) Piazza fuga 10-11-12,https://lapiadineria.com/i-nostri-ristoranti-ricerca,EUR 10-20,False
2139,La Piadineria,Toscana,Siena,SI,Siena,Piadine,EUR 10-20,4.4,21,43.3305016,11.3229643,Transport Hub,Siena - Centro Commerciale Porta Siena Siena (SI) Piazzale Rossell 25,https://lapiadineria.com/i-nostri-ristoranti-ricerca,EUR 10-20,False
2140,La Piadineria,Lazio,Roma,RM,Roma,Piadine,EUR 10-20,4.6,18,41.9126459,12.4757018,Transport Hub,Roma - Via Flaminia Roma (RM) Via Flaminia 28,https://lapiadineria.com/i-nostri-ristoranti-ricerca,EUR 10-20,False
2141,La Piadineria,Veneto,Treviso,TV,Castelfranco Veneto,Piadine,EUR 10-20,4.4,48,45.6792638,11.941097,Shopping Mall,Castelfranco Veneto - Viale Europa Castelfranco Veneto (TV) Viale Europa 24,https://lapiadineria.com/i-nostri-ristoranti-ricerca,EUR 10-20,False
2142,La Piadineria,Piemonte,Cuneo,CN,Borgo San Dalmazzo,Piadine,EUR 10-20,4.0,26,44.3467828,7.5044476,Shopping Mall,Borgo San Dalmazzo Borgo San Dalmazzo (CN) Via Cuneo 74,https://lapiadineria.com/i-nostri-ristoranti-ricerca,EUR 10-20,False
2143,La Piadineria,Liguria,La Spezia,SP,Brugnato,Piadine,EUR 10-20,4.8,19,44.2309481,9.724884,Shopping Mall,5 Terre Outlet Brugnato (SP) Via Antica Romana,https://lapiadineria.com/i-nostri-ristoranti-ricerca,EUR 10-20,False
2144,La Piadineria,Sicilia,Catania,CT,Catania,Piadine,EUR 10-20,4.6,25,37.5048981,15.0864766,City Center,Catania San Giuliano Catania (CT) Via Sangiuliano 285,https://lapiadineria.com/i-nostri-ristoranti-ricerca,EUR 10-20,False
2145,La Piadineria,Lombardia,Bergamo,BG,Orio al Serio,Piadine,EUR 1-10,3.0,376,45.6617673,9.696194,Shopping Mall,"Via Portico, 71, 24050 Orio al Serio BG",https://lapiadineria.com/i-nostri-ristoranti-ricerca,EUR 1-10,False
2146,La Piadineria,Piemonte,Torino,TO,Borgaro Torinese,Piadine,EUR 1-10,3.8,15,45.1468672,7.6556659,Shopping Mall,Borgaro Torinese - Via Lanzo Borgaro Torinese (TO) Via Lanzo 78-80,https://lapiadineria.com/i-nostri-ristoranti-ricerca,EUR 1-10,False
2147,La Piadineria,Marche,Fermo,FM,Campiglione,Piadine,,4.2,3169,43.1780556,13.6722222,Shopping Mall,"CC Il Girasole, Via Giacomo Filippo Maria Prosperi, 42, 63900 Campiglione FM",https://lapiadineria.com/i-nostri-ristoranti-ricerca,EUR 1-10,True
2148,La Piadineria,Marche,Pesaro e Urbino,PU,Pesaro,Piadine,EUR 1-10,4.1,25,43.9055296,12.8644325,Commercial Area,Pesaro - Via degli Abeti Pesaro via degli Abeti 16,https://lapiadineria.com/i-nostri-ristoranti-ricerca,EUR 1-10,False
2149,La Piadineria,Puglia,Lecce,LE,Lecce,Piadine,,5.0,2,40.3536625,18.1725321,City Center,Lecce - Piazza Sant'Oronzo Lecce (LE) Piazza Sant'Oronzo 45,https://lapiadineria.com/i-nostri-ristoranti-ricerca,EUR 1-10,True
2150,La Piadineria,Liguria,Genova,GE,Genova,Piadine,EUR 1-10,4.1,116,44.40927984,8.954440012,Shopping Mall,Genova - Centro Commerciale Waterfront Genova (GE) Piazzale J.F. Kennedy 1,https://lapiadineria.com/i-nostri-ristoranti-ricerca,EUR 1-10,False
2151,La Piadineria,Lazio,Roma,RM,Ariccia,Piadine,,5.0,2,41.7132959,12.6322033,Commercial Area,Ariccia Ariccia (RM) Via Nettunense km 6/500,https://lapiadineria.com/i-nostri-ristoranti-ricerca,EUR 1-10,True
2152,La Piadineria,Emilia-Romagna,Reggio Emilia,RE,Reggio Emilia,Piadine,EUR 10-20,4.0,109,44.7115129,10.6181762,Commercial Area,Reggio Emilia RP Reggio Emilia (RE) Via dei Gonzaga 55,https://lapiadineria.com/i-nostri-ristoranti-ricerca,EUR 10-20,False
2153,La Piadineria,Abruzzo,L'Aquila,AQ,L'Aquila,Piadine,,5.0,2,42.3467566,13.3977194,City Center,L'Aquila C.so Federico II L'aquila (AQ) C.so Federico II 47,https://lapiadineria.com/i-nostri-ristoranti-ricerca,EUR 1-10,True
2154,La Piadineria,Emilia-Romagna,Parma,PR,Parma,Piadine,,5.0,2,44.82289203,10.3380086,Shopping Mall,Parma CC Centro Torri Parma (PR) Via San Leonard 69/A,https://lapiadineria.com/i-nostri-ristoranti-ricerca,EUR 1-10,True
2155,Billy Tacos,Lombardia,Bergamo,BG,Antegnate,Mexican,EUR 1-10,3.7,55,45.4806934,9.7814668,Shopping Mall,"Via del Commercio, 3, 24051 Antegnate BG, Italy",https://www.billytacos.it/trova-uno-store,EUR 1-10,False
2156,Billy Tacos,Valle d'Aosta,Aosta,AO,Saint-Christophe,Mexican,EUR 10-20,3.3,46,45.7395175,7.3529794,Commercial Area,"Località Grand Chemin, 156, 11020 Saint-Christophe AO, Italy",https://www.billytacos.it/trova-uno-store,EUR 10-20,False
2157,Billy Tacos,Lazio,Latina,LT,Aprilia,Mexican,EUR 10-20,3.3,63,41.5933403,12.6278507,Shopping Mall,"Via Riserva Nuova, 04011 Aprilia LT, Italy",https://www.billytacos.it/trova-uno-store,EUR 10-20,False
2158,Billy Tacos,Lombardia,Milano,MI,Arese,Mexican,EUR 10-20,3.4,49,45.5631646,9.0527283,Shopping Mall,"Via Giuseppe Eugenio Luraghi, 11, 20020 Arese MI, Italy",https://www.billytacos.it/trova-uno-store,EUR 10-20,False
2159,Billy Tacos,Lombardia,Milano,MI,Assago,Mexican,EUR 10-20,4.3,61,45.4060677,9.1517691,Shopping Mall,"Viale della Fonte Lunga, 20057 Assago MI, Italy",https://www.billytacos.it/trova-uno-store,EUR 10-20,False
2160,Billy Tacos,Puglia,Bari,BA,Triggiano,Mexican,EUR 10-20,3.4,164,41.0829719,16.9468767,Shopping Mall,"Contrada Giannavello, Bariblu, 70019 Triggiano BA, Italy",https://www.billytacos.it/trova-uno-store,EUR 10-20,False
2161,Billy Tacos,Piemonte,Novara,NO,Bellinzago Novarese,Mexican,EUR 10-20,3.7,92,45.554122,8.6407367,Shopping Mall,"Via della Libertà, 23, 28043 Bellinzago Novarese NO, Italy",https://www.billytacos.it/trova-uno-store,EUR 10-20,False
2162,Billy Tacos,Veneto,Belluno,BL,Belluno,Mexican,EUR 10-20,2.6,85,46.1582409,12.2358835,Commercial Area,"Via Tiziano Vecellio, 32100 Belluno BL, Italy",https://www.billytacos.it/trova-uno-store,EUR 10-20,False
2163,Billy Tacos,Lombardia,Bergamo,BG,Bergamo,Mexican,EUR 10-20,3.3,222,45.693153,9.671566,City Center,"Viale Papa Giovanni XXIII, 50, 24121 Bergamo BG, Italy",https://www.billytacos.it/trova-uno-store,EUR 10-20,False
2164,Billy Tacos,Emilia-Romagna,Bologna,BO,Zona Industriale Via del Lavoro,Mexican,EUR 10-20,3.4,131,44.4871045,11.2467284,Shopping Mall,"Via Antonio de Curtis, 40033 Casalecchio di Reno BO, Italy",https://www.billytacos.it/trova-uno-store,EUR 10-20,False
2165,Billy Tacos,Emilia-Romagna,Bologna,BO,Bologna,Mexican,EUR 10-20,2.9,166,44.5129742,11.3577218,Commercial Area,"V. Stalingrado, 40, 40128 Bologna BO, Italy",https://www.billytacos.it/trova-uno-store,EUR 10-20,False
2166,Billy Tacos,Puglia,Brindisi,BR,Brindisi,Mexican,EUR 10-20,3.2,105,40.6186831,17.9022982,Shopping Mall,"SS7, 712, 72100 Brindisi BR, Italy",https://www.billytacos.it/trova-uno-store,EUR 10-20,False
2167,Billy Tacos,Lombardia,Monza e della Brianza,MB,Colnago,Mexican,EUR 10-20,3.3,121,45.6228678,9.4739045,Shopping Mall,"Via Enrico Berlinguer, 48 Centro Commerciale Globo, 20872 Cornate d'Adda MB, Italy",https://www.billytacos.it/trova-uno-store,EUR 10-20,False
2168,Billy Tacos,Sardegna,Cagliari,CA,Cagliari,Mexican,EUR 10-20,4.4,309,39.2315005,9.0923123,Shopping Mall,"Via S. Simone, 60, 09122 Cagliari CA, Italy",https://www.billytacos.it/trova-uno-store,EUR 10-20,False
2169,Billy Tacos,Emilia-Romagna,Modena,MO,Carpi,Mexican,EUR 10-20,3.4,71,44.77569,10.861252,Commercial Area,"Via delle Magliaie, 5, 41012 Carpi MO, Italy",https://www.billytacos.it/trova-uno-store,EUR 10-20,False
2170,Billy Tacos,Sicilia,Catania,CT,Misterbianco,Mexican,EUR 10-20,3.5,303,37.4767296,15.0115356,Shopping Mall,"Centro Commerciale Centro Sicilia, SP54, 95045 Misterbianco CT, Italy",https://www.billytacos.it/trova-uno-store,EUR 10-20,False
2171,Billy Tacos,Sicilia,Catania,CT,Belpasso,Mexican,EUR 10-20,3.6,44,37.5444508,14.9519019,Shopping Mall,"Centro Sicilia, 23, 95032 Belpasso CT, Italy",https://www.billytacos.it/trova-uno-store,EUR 10-20,False
2172,Billy Tacos,Piemonte,Torino,TO,Chivasso,Mexican,EUR 1-10,2.5,35,45.2015315,7.8925355,Shopping Mall,"Via Peppino Impastato, 10034 Chivasso TO, Italy",https://www.billytacos.it/trova-uno-store,EUR 1-10,False
2173,Billy Tacos,Abruzzo,Pescara,PE,Città Sant'Angelo,Mexican,EUR 10-20,2.6,89,42.5140626,14.1186199,Shopping Mall,"Via Moscarola, 94, 65013 Città Sant'Angelo PE, Italy",https://www.billytacos.it/trova-uno-store,EUR 10-20,False
2174,Billy Tacos,Marche,Macerata,MC,Civitanova Marche,Mexican,EUR 10-20,2.8,264,43.2933632,13.701044,Shopping Mall,"Via S. Costantino, 98, 62012 Civitanova Marche MC, Italy",https://www.billytacos.it/trova-uno-store,EUR 10-20,False
2175,Billy Tacos,Lombardia,Milano,MI,Corbetta,Mexican,EUR 10-20,3.4,116,45.4735008,8.9171151,Commercial Area,"Via Simone da Corbetta, 51, 20011 Corbetta MI, Italy",https://www.billytacos.it/trova-uno-store,EUR 10-20,False
2176,Billy Tacos,Piemonte,Cuneo,CN,Cuneo,Mexican,EUR 10-20,3.6,140,44.3923774,7.5822029,Shopping Mall,"CC Gran Cuneo, Via Margarita, 8, 12100 Cuneo CN, Italy",https://www.billytacos.it/trova-uno-store,EUR 10-20,False
2177,Billy Tacos,Lombardia,Brescia,BS,Desenzano del Garda,Mexican,EUR 10-20,3.0,287,45.4687942,10.5282582,Commercial Area,"Via E. Andreis, 25015 Desenzano del Garda BS, Italy",https://www.billytacos.it/trova-uno-store,EUR 10-20,False
2178,Billy Tacos,Toscana,Firenze,FI,Empoli,Mexican,EUR 1-10,2.9,82,43.7140936,10.9218046,Shopping Mall,"Via Raffaello Sanzio, 199, 50053 Empoli FI, Italy",https://www.billytacos.it/trova-uno-store,EUR 1-10,False
2179,Billy Tacos,Lombardia,Brescia,BS,Villa Pedergnano,Mexican,EUR 10-20,3.4,175,45.5796153,10.0007737,Shopping Mall,"Centro Commerciale Le Porte Franche, Via Rovato, 44, 25030 Erbusco BS, Italy",https://www.billytacos.it/trova-uno-store,EUR 10-20,False
2180,Billy Tacos,Emilia-Romagna,Parma,PR,Fidenza,Mexican,EUR 10-20,3.4,225,44.8853418,10.0881525,Shopping Mall,"Via Federico Fellini, 43036 Fidenza PR, Italy",https://www.billytacos.it/trova-uno-store,EUR 10-20,False
2181,Billy Tacos,Emilia-Romagna,Forlì-Cesena,FC,Forlì,Mexican,EUR 10-20,3.3,190,44.2482362,12.088363,Shopping Mall,"Via Liliana Vasumini, 47122 Forlì FC, Italy",https://www.billytacos.it/trova-uno-store,EUR 10-20,False
2182,Billy Tacos,Lombardia,Milano,MI,Garbagnate Milanese,Mexican,EUR 10-20,3.7,87,45.5764837,9.0658222,Shopping Mall,"Via Peloritana, SP233, 20024 Garbagnate Milanese MI, Italy",https://www.billytacos.it/trova-uno-store,EUR 10-20,False
2183,Billy Tacos,Liguria,Genova,GE,Genova,Mexican,EUR 10-20,3.5,364,44.40921283,8.954452381,Commercial Area,"Corso Sardegna, 165, 16142 Genova GE, Italy",https://www.billytacos.it/trova-uno-store,EUR 10-20,False
2184,Billy Tacos,Piemonte,Verbano-Cusio-Ossola,VB,Gravellona Toce,Mexican,,3.9,104,45.9313833,8.439155,Shopping Mall,"Toce C.C Le Isole, Corso Guglielmo Marconi, 42-44, 28883 Gravellona Toce VB, Italy",https://www.billytacos.it/trova-uno-store,EUR 10-20,True
2185,Billy Tacos,Toscana,Grosseto,GR,Grosseto,Mexican,EUR 10-20,3.1,92,42.7773381,11.1051701,Commercial Area,"Viale Europa, 10, 58100 Grosseto GR, Italy",https://www.billytacos.it/trova-uno-store,EUR 10-20,False
2186,Billy Tacos,Emilia-Romagna,Bologna,BO,Imola,Mexican,,3.5,76,44.3629684,11.6906562,Shopping Mall,"Viale Giovanni Amendola, 129, 40026 Imola BO, Italy",https://www.billytacos.it/trova-uno-store,EUR 10-20,True
2187,Billy Tacos,Piemonte,Torino,TO,Ivrea,Mexican,EUR 10-20,2.8,55,45.4694085,7.9090495,Commercial Area,"c/o Ivrea retail park, Corso Vercelli, 10015 Ivrea TO, Italy",https://www.billytacos.it/trova-uno-store,EUR 10-20,False
2188,Billy Tacos,Liguria,La Spezia,SP,La Spezia,Mexican,EUR 1-10,2.4,39,44.1179281,9.8332956,Shopping Mall,"CC Le Terrazze, Via Fontevivo, 17, 19125 La Spezia SP, Italy",https://www.billytacos.it/trova-uno-store,EUR 1-10,False
2189,Billy Tacos,Toscana,Livorno,LI,Livorno,Mexican,EUR 1-10,2.9,76,43.5448608,10.3022533,Shopping Mall,"c\o cc Porta a mare, Via Edda Fagni, 57126 Livorno LI, Italy",https://www.billytacos.it/trova-uno-store,EUR 1-10,False
2190,Billy Tacos,Marche,Macerata,MC,Corridonia,Mexican,EUR 10-20,2.8,54,43.2700917,13.481716,Shopping Mall,"Via Enrico Mattei, 177, 62014 Corridonia MC, Italy",https://www.billytacos.it/trova-uno-store,EUR 10-20,False
2191,Billy Tacos,Lombardia,Mantova,MN,Case Ghisiolo,Mexican,EUR 10-20,3.0,93,45.165289,10.8254845,Commercial Area,"Via Aldo Levoni, 11, 46100 Mantova MN, Italy",https://www.billytacos.it/trova-uno-store,EUR 10-20,False
2192,Billy Tacos,Lombardia,Milano,MI,Milano,Mexican,EUR 10-20,3.7,135,45.5141906,9.1019613,Shopping Mall,"Via Gottlieb Wilhelm Daimler, 61, 20151 Milano MI, Italy",https://www.billytacos.it/trova-uno-store,EUR 10-20,False
2193,Billy Tacos,Lombardia,Milano,MI,Milano,Mexican,EUR 10-20,3.0,222,45.5221072,9.2156168,Shopping Mall,"V.le Sarca ang. Via Chiese, c/o Bicocca Village, 20126 Milano MI, Italy",https://www.billytacos.it/trova-uno-store,EUR 10-20,False
2194,Billy Tacos,Lombardia,Milano,MI,Milano,Mexican,EUR 10-20,2.4,405,45.4782477,9.1559988,Shopping Mall,"Piazza Tre Torri, 143, 20145 Milano MI, Italy",https://www.billytacos.it/trova-uno-store,EUR 10-20,False
2195,Billy Tacos,Lombardia,Milano,MI,Carla Betulla,Mexican,EUR 10-20,3.2,344,45.3610351,9.2161552,Shopping Mall,"Via Milano, 5, 20085 Locate di Triulzi MI, Italy",https://www.billytacos.it/trova-uno-store,EUR 10-20,False
2196,Billy Tacos,Lombardia,Milano,MI,Sesto San Giovanni,Mexican,EUR 10-20,3.1,84,45.55030378,9.25644916,Shopping Mall,"Viale Italia, C.C Vulcano, 555, 20099 Sesto San Giovanni MI, Italy",https://www.billytacos.it/trova-uno-store,EUR 10-20,False
2197,Billy Tacos,Sardegna,Sassari,SS,Olbia,Mexican,EUR 10-20,4.0,235,40.9098161,9.5223852,Shopping Mall,"Via Cesare Pavese, 2, 07026 Olbia OT, Italy",https://www.billytacos.it/trova-uno-store,EUR 10-20,False
2198,Billy Tacos,Lombardia,Bergamo,BG,Orio al Serio,Mexican,EUR 10-20,3.5,230,45.6652527,9.6908281,Shopping Mall,"Via Portico, 71, 24050 Orio al Serio BG, Italy",https://www.billytacos.it/trova-uno-store,EUR 10-20,False
2199,Billy Tacos,Veneto,Padova,PD,Padova,Mexican,EUR 10-20,2.8,122,45.4098829,11.9075144,Shopping Mall,"Via Pietro Donà, 2, 35100 Padova PD, Italy",https://www.billytacos.it/trova-uno-store,EUR 10-20,False
2200,Billy Tacos,Emilia-Romagna,Parma,PR,Parma,Mexican,EUR 10-20,2.6,101,44.7989728,10.3409315,Shopping Mall,"Via Emilia Est, 7B/c/o C.C. La Galleria, 43121 Parma PR, Italy",https://www.billytacos.it/trova-uno-store,EUR 10-20,False
2201,Billy Tacos,Emilia-Romagna,Piacenza,PC,Piacenza,Mexican,EUR 10-20,3.2,105,45.0549838,9.6600947,Shopping Mall,"Via Emilia Pavese, 65, 29121 Piacenza PC, Italy",https://www.billytacos.it/trova-uno-store,EUR 10-20,False
2202,Billy Tacos,Campania,Napoli,NA,Pompei,Mexican,EUR 10-20,3.2,82,40.7413615,14.502722,Shopping Mall,"CC La Cartiera, Via Macello, 22, 80045 Pompei NA, Italy",https://www.billytacos.it/trova-uno-store,EUR 10-20,False
2203,Billy Tacos,Toscana,Prato,PO,Prato,Mexican,EUR 10-20,2.9,132,43.8596134,11.1056565,Commercial Area,"Via E. Berlinguer, 195, 59100 Prato PO, Italy",https://www.billytacos.it/trova-uno-store,EUR 10-20,False
2204,Billy Tacos,Emilia-Romagna,Reggio Emilia,RE,Reggio Emilia,Mexican,EUR 10-20,3.4,115,44.7148861,10.6511386,Shopping Mall,"Piazzale Atleti Azzuri D'Italia, 42122 Reggio nell'Emilia RE, Italy",https://www.billytacos.it/trova-uno-store,EUR 10-20,False
2205,Billy Tacos,Piemonte,Torino,TO,Rivoli,Mexican,EUR 10-20,3.5,221,45.0673555,7.5352981,Commercial Area,"Corso L. Einaudi, 80, 10098 Rivoli TO, Italy",https://www.billytacos.it/trova-uno-store,EUR 10-20,False
2206,Billy Tacos,Lazio,Roma,RM,Roma,Mexican,EUR 10-20,2.8,231,41.9274067,12.5159621,Shopping Mall,"Via Aristide Merloni, 141, 00155 Roma RM, Italy",https://www.billytacos.it/trova-uno-store,EUR 10-20,False
2207,Billy Tacos,Lazio,Roma,RM,Roma,Mexican,EUR 10-20,2.8,129,41.8077321,12.4858848,Shopping Mall,"CC Maximo, Via Laurentina, 865, 00143 Roma RM, Italy",https://www.billytacos.it/trova-uno-store,EUR 10-20,False
2208,Billy Tacos,Lazio,Roma,RM,Roma,Mexican,EUR 1-10,2.7,28,41.8794941,12.466594,Commercial Area,"Piazza Ippolito Nievo, 33, 00153 Roma RM, Italy",https://www.billytacos.it/trova-uno-store,EUR 1-10,False
2209,Billy Tacos,Veneto,Verona,VR,San Giovanni Lupatoto,Mexican,EUR 10-20,2.8,92,45.3933475,11.0301615,Commercial Area,"Via Dott. F. Garofoli, 205, 37057 San Giovanni Lupatoto VR, Italy",https://www.billytacos.it/trova-uno-store,EUR 10-20,False
2210,Billy Tacos,Sardegna,Sassari,SS,Sassari,Mexican,EUR 10-20,3.5,118,40.737119,8.5400547,Shopping Mall,"Viale Porto Torres, 07100 Sassari SS, Italy",https://www.billytacos.it/trova-uno-store,EUR 10-20,False
2211,Billy Tacos,Lombardia,Milano,MI,Novegro-Tregarezzo,Mexican,EUR 10-20,4.5,199,45.4744554,9.2857468,Commercial Area,"Via Rivoltana, 64, 20090 Novegro-Tregarezzo MI, Italy",https://www.billytacos.it/trova-uno-store,EUR 10-20,False
2212,Billy Tacos,Toscana,Firenze,FI,Osmannoro,Mexican,EUR 10-20,3.1,106,43.8060713,11.1782466,Shopping Mall,"Via del Cantone, 49, 50019 Sesto Fiorentino FI, Italy",https://www.billytacos.it/trova-uno-store,EUR 10-20,False
2213,Billy Tacos,Umbria,Terni,TR,Terni,Mexican,EUR 10-20,2.6,96,42.5594951,12.6350726,Commercial Area,"Str. di S. Martino, 122, 05100 Terni TR, Italy",https://www.billytacos.it/trova-uno-store,EUR 10-20,False
2214,Billy Tacos,Piemonte,Torino,TO,Moncalieri,Mexican,EUR 10-20,3.3,217,44.97599,7.709798,Shopping Mall,"Via Fortunato Postiglione, 1, 10024 Moncalieri TO, Italy",https://www.billytacos.it/trova-uno-store,EUR 10-20,False
2215,Billy Tacos,Piemonte,Torino,TO,Nichelino,Mexican,EUR 10-20,2.9,48,44.9843642,7.6221135,Shopping Mall,"c/o CC Mondojuve, Via Scarrone, 22, 10042 Nichelino TO, Italy",https://www.billytacos.it/trova-uno-store,EUR 10-20,False
2216,Billy Tacos,Veneto,Treviso,TV,Treviso,Mexican,EUR 10-20,2.7,255,45.6685389,12.2239581,Commercial Area,"Viale della Repubblica, 31100 Treviso TV, Italy",https://www.billytacos.it/trova-uno-store,EUR 10-20,False
2217,Billy Tacos,Veneto,Treviso,TV,Silea,Mexican,EUR 10-20,3.2,99,45.6505224,12.3104355,Shopping Mall,"Via Giovanni Sartorelli, 4, 31057 Silea TV, Italy",https://www.billytacos.it/trova-uno-store,EUR 10-20,False
2218,Billy Tacos,Friuli-Venezia Giulia,Trieste,TS,Trieste,Mexican,EUR 10-20,2.8,86,45.6169628,13.8189802,Commercial Area,"Via Flavia, 104c, 34147 Trieste TS, Italy",https://www.billytacos.it/trova-uno-store,EUR 10-20,False
2219,Billy Tacos,Veneto,Verona,VR,Festara,Mexican,EUR 10-20,3.0,179,45.4393456,10.8644006,Shopping Mall,"Via Trentino, 1, 37060 Sona VR, Italy",https://www.billytacos.it/trova-uno-store,EUR 10-20,False
2220,Billy Tacos,Veneto,Vicenza,VI,Vicenza,Mexican,EUR 10-20,2.7,59,45.5334286,11.5064813,Commercial Area,"Str. Padana Verso Verona, 11, 36100 Vicenza VI, Italy",https://www.billytacos.it/trova-uno-store,EUR 10-20,False
2221,Billy Tacos,Veneto,Vicenza,VI,Vicenza,Mexican,EUR 10-20,2.5,162,45.5291048,11.5954723,Shopping Mall,"Centro Commerciale Palladio, Str. Padana verso Padova, 60, 36100 Vicenza VI, Italy",https://www.billytacos.it/trova-uno-store,EUR 10-20,False
2222,Billy Tacos,Piemonte,Novara,NO,Vicolungo,Mexican,EUR 10-20,3.6,271,45.4676438,8.4611554,Shopping Mall,"Piazza Santa Caterina, 1, 28060 Vicolungo NO, Italy",https://www.billytacos.it/trova-uno-store,EUR 10-20,False
2223,Billy Tacos,Lombardia,Monza e della Brianza,MB,Torri Bianche,Mexican,EUR 10-20,3.2,145,45.6007205,9.3615419,Shopping Mall,"Via Torri Bianche, 1, 20871 Vimercate MB, Italy",https://www.billytacos.it/trova-uno-store,EUR 10-20,False
2224,Burgez,Lombardia,Milano,MI,Milano,Burgers,EUR 10-20,4.2,737,45.4552696,9.167874,Commercial Area,"Via Savona, 15, 20144 Milano MI, Italy",https://burgez.com/location,EUR 10-20,False
2225,Burgez,Lombardia,Milano,MI,Milano,Burgers,EUR 10-20,4.0,688,45.4742147,9.2150147,City Center,"Via Bartolomeo Eustachi, 8, 20129 Milano MI, Italy",https://burgez.com/location,EUR 10-20,False
2226,Burgez,Lombardia,Milano,MI,Milano,Burgers,EUR 10-20,4.2,470,45.4673136,9.1530085,Commercial Area,"Via Marghera, 18, 20149 Milano MI, Italy",https://burgez.com/location,EUR 10-20,False
2227,Burgez,Lombardia,Milano,MI,Milano,Burgers,EUR 10-20,4.2,603,45.4864197,9.1869647,City Center,"Via Carmagnola, 8, 20159 Milano MI, Italy",https://burgez.com/location,EUR 10-20,False
2228,Burgez,Lombardia,Milano,MI,Milano,Burgers,EUR 10-20,4.0,134,45.4516119,9.1873437,Commercial Area,"V.le Bligny, 2, 20136 Milano MI, Italy",https://burgez.com/location,EUR 10-20,False
2229,Burgez,Lombardia,Milano,MI,Milano,Burgers,EUR 10-20,4.0,218,45.457656,9.2064642,Commercial Area,"Via Bergamo, 1, 20135 Milano MI, Italy",https://burgez.com/location,EUR 10-20,False
2230,Burgez,Piemonte,Torino,TO,Torino,Burgers,EUR 10-20,3.8,525,45.0659964,7.6848481,City Center,"Via Giovanni Giolitti, 16, 10123 Torino TO, Italy",https://burgez.com/location,EUR 10-20,False
2231,Burgez,Lazio,Roma,RM,Roma,Burgers,EUR 10-20,3.9,411,41.9087185,12.4548855,City Center,"Via Candia, 6, 00192 Roma RM, Italy",https://burgez.com/location,EUR 10-20,False
2232,Burgez,Emilia-Romagna,Bologna,BO,Bologna,Burgers,EUR 10-20,3.2,173,44.4961823,11.3374004,City Center,"Via Guglielmo Marconi, 3, 40121 Bologna BO, Italy",https://burgez.com/location,EUR 10-20,False
2233,Burgez,Veneto,Verona,VR,Verona,Burgers,EUR 10-20,3.0,455,45.4347933,10.9877425,City Center,"Via della Valverde, 27, 37122 Verona VR, Italy",https://burgez.com/location,EUR 10-20,False
2234,Roadhouse Restaurant,Lombardia,Monza e della Brianza,MB,Agrate Brianza,Steakhouse,EUR 10-20,3.6,1289,45.5687055,9.3633928,Service Area,"Via G. Matteotti, 20864 Agrate Brianza MB, Italy",https://www.roadhouse.it/store-locator/#!,EUR 10-20,False
2235,Roadhouse Restaurant,Sicilia,Catania,CT,Misterbianco,Steakhouse,EUR 10-20,4.2,763,37.4765442,15.0115564,Shopping Mall,"SP54, 95045 Misterbianco CT, Italy",https://www.roadhouse.it/store-locator/#!,EUR 10-20,False
2236,Roadhouse Restaurant,Piemonte,Novara,NO,Vicolungo,Steakhouse,EUR 10-20,4.0,2423,45.467408,8.4617059,Shopping Mall,"The Style Outlets, Piazza Santa Caterina, 1, 28060 Vicolungo NO, Italy",https://www.roadhouse.it/store-locator/#!,EUR 10-20,False
2237,Roadhouse Restaurant,Emilia-Romagna,Reggio Emilia,RE,Reggio Emilia,Steakhouse,EUR 10-20,3.8,485,44.7147935,10.6506883,Shopping Mall,"Piazzale Atleti Azzuri D'Italia, 5, 42122 Reggio nell'Emilia RE, Italy",https://www.roadhouse.it/store-locator/#!,EUR 10-20,False
2238,Roadhouse Restaurant,Lombardia,Monza e della Brianza,MB,Vimercate,Steakhouse,EUR 20-30,4.7,83,45.6004144,9.3574027,Shopping Mall,"Via Torri Bianche, 1, 20871 Vimercate MB, Italy",https://www.roadhouse.it/store-locator/#!,EUR 20-30,False
2239,Roadhouse Restaurant,Piemonte,Torino,TO,Ivrea,Steakhouse,EUR 20-30,4.0,113,45.4694028,7.908523,Commercial Area,"Corso Vercelli, 342, 10015 Ivrea TO, Italy",https://www.roadhouse.it/store-locator/#!,EUR 20-30,False
2240,Roadhouse Restaurant,Lombardia,Monza e della Brianza,MB,Copreno,Steakhouse,EUR 20-30,3.8,1584,45.6921261,9.1040878,Shopping Mall,"frazione di, Via Nazionale dei Giovi, 272, 20823 Copreno MB, Italy",https://www.roadhouse.it/store-locator/#!,EUR 20-30,False
2241,Roadhouse Restaurant,Campania,Napoli,NA,Pompei,Steakhouse,EUR 10-20,4.7,312,40.74136285,14.5027267,Shopping Mall,"o CC La Cartiera, Via Macello, 22 c, 80045 Pompei NA, Italy",https://www.roadhouse.it/store-locator/#!,EUR 10-20,False
2242,Roadhouse Restaurant,Piemonte,Torino,TO,Torino,Steakhouse,EUR 20-30,3.7,54,45.1079137,7.6441781,Commercial Area,"Str. Altessano, 12, 10151 Torino TO, Italy",https://www.roadhouse.it/store-locator/#!,EUR 20-30,False
2243,Roadhouse Restaurant,Veneto,Verona,VR,Affi,Steakhouse,EUR 20-30,3.8,2754,45.5522287,10.7855666,Shopping Mall,"Via S. Pieretto, 23, 37010 Affi VR, Italy",https://www.roadhouse.it/store-locator/#!,EUR 20-30,False
2244,Roadhouse Restaurant,Piemonte,Alessandria,AL,Alessandria,Steakhouse,EUR 20-30,3.7,1558,44.9075299,8.6369403,Commercial Area,"Via Marengo, 15121 Alessandria AL, Italy",https://www.roadhouse.it/store-locator/#!,EUR 20-30,False
2245,Roadhouse Restaurant,Marche,Ancona,AN,Ancona,Steakhouse,EUR 20-30,3.9,2168,43.5601101,13.5108019,Commercial Area,"Via 1º Maggio, 60131 Ancona AN, Italy",https://www.roadhouse.it/store-locator/#!,EUR 20-30,False
2246,Roadhouse Restaurant,Lombardia,Bergamo,BG,Antegnate,Steakhouse,EUR 10-20,3.7,757,45.4807227,9.7815209,Shopping Mall,"Via del Commercio 3 C/o Antegnate Shopping Center, 24051 Antegnate BG, Italy",https://www.roadhouse.it/store-locator/#!,EUR 10-20,False
2247,Roadhouse Restaurant,Valle d'Aosta,Aosta,AO,Saint-Christophe,Steakhouse,EUR 20-30,3.9,1241,45.7395568,7.3529794,Commercial Area,"Località Grand Chemin, 156, 11020 Saint-Christophe AO, Italy",https://www.roadhouse.it/store-locator/#!,EUR 20-30,False
2248,Roadhouse Restaurant,Lombardia,Milano,MI,Arese,Steakhouse,EUR 10-30,3.6,1685,45.5639304,9.054745,Shopping Mall,"Via Giuseppe Eugenio Luraghi, 11, 20044 Arese MI, Italy",https://www.roadhouse.it/store-locator/#!,EUR 20-30,True
2249,Roadhouse Restaurant,Toscana,Arezzo,AR,Arezzo,Steakhouse,EUR 20-30,4.3,1687,43.4527736,11.865402,Commercial Area,"Via Giuseppe Giusti, 52100 Arezzo AR, Italy",https://www.roadhouse.it/store-locator/#!,EUR 20-30,False
2250,Roadhouse Restaurant,Lombardia,Milano,MI,Assago,Steakhouse,EUR 20-30,3.7,1703,45.403746,9.152594,Shopping Mall,"c/o CC, V.le Milanofiori, 20090 Assago MI, Italy",https://www.roadhouse.it/store-locator/#!,EUR 20-30,False
2251,Roadhouse Restaurant,Piemonte,Asti,AT,Asti,Steakhouse,EUR 20-30,3.8,1878,44.90617,8.2340252,Commercial Area,"Corso Alessandria, 348, 14100 Asti AT, Italy",https://www.roadhouse.it/store-locator/#!,EUR 20-30,False
2252,Roadhouse Restaurant,Lombardia,Milano,MI,Baranzate,Steakhouse,EUR 20-30,3.9,1477,45.5222575,9.1164728,Commercial Area,"Via Milano, 265, 20021 Baranzate MI, Italy",https://www.roadhouse.it/store-locator/#!,EUR 20-30,False
2253,Roadhouse Restaurant,Puglia,Bari,BA,Bari,Steakhouse,EUR 20-30,3.7,1076,41.0986882,16.831333,Shopping Mall,"c/o Parco Commerciale Santa Caterina, Str. Santa Caterina, 16, 70124 Bari BA, Italy",https://www.roadhouse.it/store-locator/#!,EUR 20-30,False
2254,Roadhouse Restaurant,Piemonte,Torino,TO,Beinasco,Steakhouse,EUR 20-30,3.9,1151,45.0257124,7.5894462,Shopping Mall,"Viale del Risorgimento, 10092 Beinasco TO, Italy",https://www.roadhouse.it/store-locator/#!,EUR 20-30,False
2255,Roadhouse Restaurant,Lombardia,Milano,MI,Bellinzago Lombardo,Steakhouse,EUR 10-20,3.7,1403,45.546057,9.451757,Shopping Mall,"Via I Maggio, 2, 20060 Bellinzago Lombardo MI, Italy",https://www.roadhouse.it/store-locator/#!,EUR 10-20,False
2256,Roadhouse Restaurant,Piemonte,Novara,NO,Bellinzago Novarese,Steakhouse,EUR 10-20,3.7,663,45.5539671,8.6409481,Shopping Mall,"Via della Libertà, 231, 28043 Bellinzago Novarese NO, Italy",https://www.roadhouse.it/store-locator/#!,EUR 10-20,False
2257,Roadhouse Restaurant,Veneto,Belluno,BL,Belluno,Steakhouse,EUR 10-20,3.9,871,46.1582114,12.2359187,Commercial Area,"Angolo, Via Masi Simonetti, 32100 Belluno BL, Italy",https://www.roadhouse.it/store-locator/#!,EUR 10-20,False
2258,Roadhouse Restaurant,Lombardia,Bergamo,BG,Bergamo,Steakhouse,EUR 20-30,3.9,2249,45.6801018,9.6740151,Commercial Area,"Via Roggia Guidana, 1, 24126 Bergamo BG, Italy",https://www.roadhouse.it/store-locator/#!,EUR 20-30,False
2259,Roadhouse Restaurant,Emilia-Romagna,Bologna,BO,San Lazzaro di Savena,Steakhouse,EUR 20-30,3.8,3135,44.480722,11.4193022,Commercial Area,"Via Caselle, 103, 40068 San Lazzaro di Savena BO, Italy",https://www.roadhouse.it/store-locator/#!,EUR 20-30,False
2260,Roadhouse Restaurant,Emilia-Romagna,Bologna,BO,Bologna,Steakhouse,EUR 20-30,3.8,5129,44.5130577,11.357759,Commercial Area,"V. Stalingrado, 40, 40128 Bologna BO, Italy",https://www.roadhouse.it/store-locator/#!,EUR 20-30,False
2261,Roadhouse Restaurant,Trentino-Alto Adige,Bolzano,BZ,Bolzano,Steakhouse,EUR 20-30,3.8,1163,46.4682352,11.3267839,Commercial Area,"Via Albert Einstein, 39100 Bolzano BZ, Italy",https://www.roadhouse.it/store-locator/#!,EUR 20-30,False
2262,Roadhouse Restaurant,Piemonte,Novara,NO,Cascina Piola,Steakhouse,EUR 20-30,3.8,824,45.7191097,8.4887141,Service Area,"Via Piola, 30, 28013 Cascina Piola NO, Italy",https://www.roadhouse.it/store-locator/#!,EUR 20-30,False
2263,Roadhouse Restaurant,Lombardia,Brescia,BS,Brescia,Steakhouse,EUR 20-30,3.8,3057,45.5139601,10.2277015,Commercial Area,"Via Borgosatollo, 1, 25124 Brescia BS, Italy",https://www.roadhouse.it/store-locator/#!,EUR 20-30,False
2264,Roadhouse Restaurant,Lombardia,Pavia,PV,Broni,Steakhouse,EUR 20-30,3.8,1078,45.0741239,9.2733056,Commercial Area,"Via Luigi Einaudi, 2, 27043 Broni PV, Italy",https://www.roadhouse.it/store-locator/#!,EUR 20-30,False
2265,Roadhouse Restaurant,Lombardia,Monza e della Brianza,MB,Cornate d'Adda,Steakhouse,EUR 20-30,3.7,903,45.6228003,9.473926,Shopping Mall,"Via Enrico Berlinguer, 48, 20872 Cornate d'Adda MB, Italy",https://www.roadhouse.it/store-locator/#!,EUR 20-30,False
2266,Roadhouse Restaurant,Veneto,Verona,VR,Bussolengo,Steakhouse,EUR 10-20,4.0,1335,45.4465822,10.862133,Commercial Area,"SR11, 37012 Bussolengo VR, Italy",https://www.roadhouse.it/store-locator/#!,EUR 10-20,False
2267,Roadhouse Restaurant,Sardegna,Cagliari,CA,Cagliari,Steakhouse,EUR 10-20,4.6,131,39.2288982,9.1326911,Commercial Area,"Viale Marconi, 41, 09129 Cagliari CA, Italy",https://www.roadhouse.it/store-locator/#!,EUR 10-20,False
2268,Roadhouse Restaurant,Lombardia,Bergamo,BG,Capriate San Gervasio,Steakhouse,EUR 20-30,3.7,2395,45.6109354,9.5383212,Service Area,"Via Papa Pio X, 5, 24042 Capriate San Gervasio BG, Italy",https://www.roadhouse.it/store-locator/#!,EUR 20-30,False
2269,Roadhouse Restaurant,Emilia-Romagna,Modena,MO,Carpi,Steakhouse,EUR 20-30,3.8,2111,44.7756215,10.8613217,Commercial Area,"Via delle Magliaie, 5, 41012 Carpi MO, Italy",https://www.roadhouse.it/store-locator/#!,EUR 20-30,False
2270,Roadhouse Restaurant,Emilia-Romagna,Bologna,BO,Zona Industriale Via del Lavoro,Steakhouse,EUR 20-30,3.7,1695,44.4872244,11.2458624,Shopping Mall,"Via Antonio de Curtis, 40033 Casalecchio di Reno BO, Italy",https://www.roadhouse.it/store-locator/#!,EUR 20-30,False
2271,Roadhouse Restaurant,Lombardia,Milano,MI,Milano,Steakhouse,EUR 20-30,3.9,554,45.5141195,9.1020908,Shopping Mall,"Merlata Bloom, Via Triboniano, 20156 Milano MI, Italy",https://www.roadhouse.it/store-locator/#!,EUR 20-30,False
2272,Roadhouse Restaurant,Lazio,Roma,RM,Castel Romano,Steakhouse,EUR 20-30,3.9,2680,41.7162487,12.4459428,Shopping Mall,"Via del Ponte di Piscina Cupa, 00128 Castel Romano RM, Italy",https://www.roadhouse.it/store-locator/#!,EUR 20-30,False
2273,Roadhouse Restaurant,Piemonte,Novara,NO,Castelletto sopra Ticino,Steakhouse,EUR 20-30,3.8,2184,45.7203336,8.6056517,Shopping Mall,"Via Sempione, 33, 28053 Castelletto sopra Ticino NO, Italy",https://www.roadhouse.it/store-locator/#!,EUR 20-30,False
2274,Roadhouse Restaurant,Sicilia,Catania,CT,Catania,Steakhouse,EUR 10-20,3.9,1996,37.4735464,15.0488398,Shopping Mall,"Via Gelso Bianco, 92/Piano Terra, 95121 Catania CT, Italy",https://www.roadhouse.it/store-locator/#!,EUR 10-20,False
2275,Roadhouse Restaurant,Lombardia,Lecco,LC,Cernusco Lombardone,Steakhouse,EUR 20-30,3.9,1544,45.6906576,9.4005668,Shopping Mall,"Via Spluga, 54, 23870 Cernusco Lombardone LC, Italy",https://www.roadhouse.it/store-locator/#!,EUR 20-30,False
2276,Roadhouse Restaurant,Piemonte,Torino,TO,Chivasso,Steakhouse,EUR 20-30,3.8,1570,45.2014583,7.8926288,Shopping Mall,"Via Peppino Impastato, 230, 10034 Chivasso TO, Italy",https://www.roadhouse.it/store-locator/#!,EUR 20-30,False
2277,Roadhouse Restaurant,Lombardia,Milano,MI,Cinisello Balsamo,Steakhouse,EUR 20-30,3.8,3267,45.5585139,9.2402217,Shopping Mall,"Via Padre Antonio Ronchi, 2, 20092 Cinisello Balsamo MI, Italy",https://www.roadhouse.it/store-locator/#!,EUR 20-30,False
2278,Roadhouse Restaurant,Lombardia,Milano,MI,Milano,Steakhouse,EUR 20-30,3.8,1970,45.478351,9.1546547,Shopping Mall,"Piazza Tre Torri c/o, Shopping District, 20122 Milano MI, Italy",https://www.roadhouse.it/store-locator/#!,EUR 20-30,False
2279,Roadhouse Restaurant,Marche,Macerata,MC,Civitanova Marche,Steakhouse,EUR 10-20,3.8,694,43.2933866,13.7010923,Shopping Mall,"Via S. Costantino, 98, 62012 Civitanova Marche MC, Italy",https://www.roadhouse.it/store-locator/#!,EUR 10-20,False
2280,Roadhouse Restaurant,Piemonte,Torino,TO,Collegno,Steakhouse,EUR 20-30,3.8,4377,45.0963395,7.5749167,Commercial Area,"Via Rocciamelone, 1, 10093 Collegno TO, Italy",https://www.roadhouse.it/store-locator/#!,EUR 20-30,False
2281,Roadhouse Restaurant,Lombardia,Como,CO,Como,Steakhouse,EUR 10-20,3.9,1534,45.7972347,9.1141261,Commercial Area,"Via Oltrecolle angolo, V. Statale per Lecco, 22100 Como CO, Italy",https://www.roadhouse.it/store-locator/#!,EUR 10-20,False
2282,Roadhouse Restaurant,Veneto,Treviso,TV,San Martino,Steakhouse,EUR 20-30,3.7,1837,45.9073647,12.3384582,Commercial Area,"Via Villa Liccer, 1, 31020 San Fior TV, Italy",https://www.roadhouse.it/store-locator/#!,EUR 20-30,False
2283,Roadhouse Restaurant,Lombardia,Milano,MI,Corbetta,Steakhouse,EUR 20-30,3.7,2222,45.4734933,8.9171151,Commercial Area,"Via Simone da Corbetta, 51, 20011 Corbetta MI, Italy",https://www.roadhouse.it/store-locator/#!,EUR 20-30,False
2284,Roadhouse Restaurant,Lombardia,Milano,MI,Cornaredo,Steakhouse,EUR 20-30,3.8,2108,45.4890574,9.0314491,Commercial Area,"Via Milano, 19, 20010 Cornaredo MI, Italy",https://www.roadhouse.it/store-locator/#!,EUR 20-30,False
2285,Roadhouse Restaurant,Lombardia,Milano,MI,Corsico,Steakhouse,EUR 20-30,3.7,3515,45.4341809,9.0936692,Commercial Area,"Viale Italia, 53, 20094 Corsico MI, Italy",https://www.roadhouse.it/store-locator/#!,EUR 20-30,False
2286,Roadhouse Restaurant,Lombardia,Cremona,CR,Cremona,Steakhouse,EUR 20-30,4.0,1352,45.1447347,10.0676478,Commercial Area,"Via Santa Cristina, 2, 26100 Cremona CR, Italy",https://www.roadhouse.it/store-locator/#!,EUR 20-30,False
2287,Roadhouse Restaurant,Lombardia,Bergamo,BG,Curno,Steakhouse,EUR 20-30,3.8,1939,45.691988,9.6248658,Shopping Mall,"Via Antonio Meucci, 1, 24035 Curno BG, Italy",https://www.roadhouse.it/store-locator/#!,EUR 20-30,False
2288,Roadhouse Restaurant,Lombardia,Mantova,MN,Curtatone,Steakhouse,EUR 20-30,3.8,1836,45.1537997,10.7271964,Shopping Mall,"Via Giovanni Campia, 46010 Curtatone MN, Italy",https://www.roadhouse.it/store-locator/#!,EUR 20-30,False
2289,Roadhouse Restaurant,Lombardia,Bergamo,BG,Dalmine,Steakhouse,EUR 20-30,3.9,2688,45.6537399,9.6227567,Commercial Area,"Via Vailetta, 24044 Dalmine BG, Italy",https://www.roadhouse.it/store-locator/#!,EUR 20-30,False
2290,Roadhouse Restaurant,Lombardia,Brescia,BS,Desenzano del Garda,Steakhouse,EUR 20-30,3.9,2089,45.4689639,10.5283388,Commercial Area,"Via Guglielmo Marconi, Via E. Andreis, 85, 25015 Desenzano del Garda BS, Italy",https://www.roadhouse.it/store-locator/#!,EUR 20-30,False
2291,Roadhouse Restaurant,Lombardia,Como,CO,Erba,Steakhouse,EUR 20-30,3.8,643,45.8028538,9.2244204,Commercial Area,"Via Comana Lunga, Via delle Grigne, 2, 22036 Erba CO, Italy",https://www.roadhouse.it/store-locator/#!,EUR 20-30,False
2292,Roadhouse Restaurant,Emilia-Romagna,Ferrara,FE,Ferrara,Steakhouse,EUR 20-30,3.9,2151,44.8489118,11.5910796,Commercial Area,"Via Eridano, 2d, 44100 Ferrara FE, Italy",https://www.roadhouse.it/store-locator/#!,EUR 20-30,False
2293,Roadhouse Restaurant,Emilia-Romagna,Ferrara,FE,Ferrara,Steakhouse,EUR 20-30,3.8,1869,44.8152334,11.6001009,Commercial Area,"Via Bologna, 391, 44124 Ferrara FE, Italy",https://www.roadhouse.it/store-locator/#!,EUR 20-30,False
2294,Roadhouse Restaurant,Emilia-Romagna,Parma,PR,Fidenza,Steakhouse,EUR 20-30,3.9,3467,44.8853769,10.0879901,Shopping Mall,"Via Federico Fellini, 43036 Fidenza PR, Italy",https://www.roadhouse.it/store-locator/#!,EUR 20-30,False
2295,Roadhouse Restaurant,Emilia-Romagna,Modena,MO,Fiorano Modenese,Steakhouse,EUR 20-30,3.9,788,44.5473536,10.8584023,Commercial Area,"Via Giardini, 41042 Fiorano Modenese MO, Italy",https://www.roadhouse.it/store-locator/#!,EUR 20-30,False
2296,Roadhouse Restaurant,Toscana,Firenze,FI,Campi Bisenzio,Steakhouse,EUR 20-30,3.8,3368,43.8459666,11.1401183,Shopping Mall,"28, Via Fratelli Cervi, 24/26, 50013 Campi Bisenzio FI, Italy",https://www.roadhouse.it/store-locator/#!,EUR 20-30,False
2297,Roadhouse Restaurant,Emilia-Romagna,Forlì-Cesena,FC,Forlì,Steakhouse,EUR 20-30,4.2,681,44.2479973,12.0884668,Shopping Mall,"Via Liliana Vasumini, 47122 Forlì FC, Italy",https://www.roadhouse.it/store-locator/#!,EUR 20-30,False
2298,Roadhouse Restaurant,Lombardia,Varese,VA,Gallarate,Steakhouse,EUR 20-30,3.7,3171,45.6497716,8.8081743,Commercial Area,"Via Padre Angelo Ambrosoli, 16, 21013 Gallarate VA, Italy",https://www.roadhouse.it/store-locator/#!,EUR 20-30,False
2299,Roadhouse Restaurant,Lombardia,Milano,MI,Garbagnate Milanese,Steakhouse,EUR 20-30,3.9,2153,45.5764765,9.0658286,Commercial Area,"SP233, 20024 Garbagnate Milanese MI, Italy",https://www.roadhouse.it/store-locator/#!,EUR 20-30,False
2300,Roadhouse Restaurant,Liguria,Genova,GE,Genova,Steakhouse,EUR 20-30,3.6,1831,44.4084137,8.9224893,Shopping Mall,"Via Magazzini del Cotone, 19, 16128 Genova GE, Italy",https://www.roadhouse.it/store-locator/#!,EUR 20-30,False
2301,Roadhouse Restaurant,Lombardia,Monza e della Brianza,MB,Paìna,Steakhouse,EUR 10-20,3.8,1743,45.6800734,9.1958294,Commercial Area,"Viale Como, 45, 20833 Giussano MB, Italy",https://www.roadhouse.it/store-locator/#!,EUR 10-20,False
2302,Roadhouse Restaurant,Lazio,Roma,RM,Roma,Steakhouse,EUR 20-30,3.8,990,41.8843356,12.6066713,Shopping Mall,"V.le Marisa Bellisario, 00155 Roma RM, Italy",https://www.roadhouse.it/store-locator/#!,EUR 20-30,False
2303,Roadhouse Restaurant,Piemonte,Verbano-Cusio-Ossola,VB,Gravellona Toce,Steakhouse,EUR 20-30,3.9,2391,45.9307808,8.4360657,Shopping Mall,"Corso Guglielmo Marconi, 32e, 28883 Gravellona Toce VB, Italy",https://www.roadhouse.it/store-locator/#!,EUR 20-30,False
2304,Roadhouse Restaurant,Toscana,Grosseto,GR,Grosseto,Steakhouse,EUR 20-30,3.7,1551,42.7776977,11.1044004,Commercial Area,"Viale Europa, 10, 58100 Grosseto GR, Italy",https://www.roadhouse.it/store-locator/#!,EUR 20-30,False
2305,Roadhouse Restaurant,Emilia-Romagna,Bologna,BO,Imola,Steakhouse,EUR 20-30,3.8,1788,44.3754565,11.7335979,Commercial Area,"Via Ugo la Malfa, 16, 40026 Imola BO, Italy",https://www.roadhouse.it/store-locator/#!,EUR 20-30,False
2306,Roadhouse Restaurant,Liguria,La Spezia,SP,La Spezia,Steakhouse,EUR 20-30,3.8,1174,44.1193049,9.8325551,Shopping Mall,"Via Fontevivo, 17, 19125 La Spezia SP, Italy",https://www.roadhouse.it/store-locator/#!,EUR 20-30,False
2307,Roadhouse Restaurant,Lombardia,Milano,MI,Lainate,Steakhouse,EUR 20-30,3.8,2689,45.5614588,9.0291404,Service Area,"Via Rho, 5, 20020 Lainate MI, Italy",https://www.roadhouse.it/store-locator/#!,EUR 20-30,False
2308,Roadhouse Restaurant,Lombardia,Milano,MI,Legnano,Steakhouse,EUR 20-30,3.8,3057,45.6084558,8.9184985,Commercial Area,"Via Saronnese, 16, 20025 Legnano MI, Italy",https://www.roadhouse.it/store-locator/#!,EUR 20-30,False
2309,Roadhouse Restaurant,Toscana,Lucca,LU,Lido di Camaiore,Steakhouse,EUR 20-30,3.9,2318,43.8978934,10.2339793,Commercial Area,"Via Don Minzoni, 55041 Lido di Camaiore LU, Italy",https://www.roadhouse.it/store-locator/#!,EUR 20-30,False
2310,Roadhouse Restaurant,Lombardia,Monza e della Brianza,MB,Lissone,Steakhouse,EUR 20-30,3.8,3115,45.6080535,9.2283676,Commercial Area,"Via Francesco Cilea, 2, 20851 Lissone MB, Italy",https://www.roadhouse.it/store-locator/#!,EUR 20-30,False
2311,Roadhouse Restaurant,Toscana,Livorno,LI,Livorno,Steakhouse,EUR 20-30,3.8,1043,43.5301284,10.3282572,Shopping Mall,"Via Giovanni Gelati, 10, 57124 Livorno LI, Italy",https://www.roadhouse.it/store-locator/#!,EUR 20-30,False
2312,Roadhouse Restaurant,Lombardia,Lodi,LO,Casale Sant'Antonio-Europa,Steakhouse,EUR 20-30,3.7,1673,45.2760274,9.4559374,Shopping Mall,"Via delle Nazioni Unite, 1 c/o C.C, 26854 Pieve Fissiraga LO, Italy",https://www.roadhouse.it/store-locator/#!,EUR 20-30,False
2313,Roadhouse Restaurant,Marche,Macerata,MC,Corridonia,Steakhouse,EUR 20-30,3.8,1139,43.2702384,13.4836635,Shopping Mall,"Via Enrico Mattei, 177, 62014 Corridonia MC, Italy",https://www.roadhouse.it/store-locator/#!,EUR 20-30,False
2314,Roadhouse Restaurant,Lombardia,Mantova,MN,Case Ghisiolo,Steakhouse,EUR 20-30,4.0,2149,45.1653381,10.8253886,Commercial Area,"Via Aldo Levoni, 11, 46100 Mantova MN, Italy",https://www.roadhouse.it/store-locator/#!,EUR 20-30,False
2315,Roadhouse Restaurant,Lombardia,Milano,MI,Francolino,Steakhouse,EUR 20-30,3.7,1539,45.3486008,9.2834677,Service Area,"Via Don Giuseppe Dossetti, 2/D, 20074 Francolino MI, Italy",https://www.roadhouse.it/store-locator/#!,EUR 20-30,False
2316,Roadhouse Restaurant,Veneto,Venezia,VE,Venezia,Steakhouse,EUR 20-30,3.8,3296,45.5041646,12.2347929,Commercial Area,"Via Alfredo Ceccherini, 20, 30174 Venezia VE, Italy",https://www.roadhouse.it/store-locator/#!,EUR 20-30,False
2317,Roadhouse Restaurant,Lombardia,Milano,MI,Milano,Steakhouse,EUR 20-30,3.6,1448,45.5214271,9.2157842,Shopping Mall,"Viale Sarca, c/o CC, Bicocca Village, 20122 Milano MI, Italy",https://www.roadhouse.it/store-locator/#!,EUR 20-30,False
2318,Roadhouse Restaurant,Lombardia,Milano,MI,Milano,Steakhouse,EUR 20-30,3.6,1842,45.4855239,9.2038597,Transport Hub,"Piazza Duca d'Aosta, 20124 Milano MI, Italy",https://www.roadhouse.it/store-locator/#!,EUR 20-30,False
2319,Roadhouse Restaurant,Lombardia,Milano,MI,Milano,Steakhouse,EUR 10-20,3.7,118,45.484685,9.1876026,Transport Hub,"Piazza Sigmund Freud, c/o Stazione, 1, 20124 Milano MI, Italy",https://www.roadhouse.it/store-locator/#!,EUR 10-20,False
2320,Roadhouse Restaurant,Lombardia,Milano,MI,Locate di Triulzi,Steakhouse,EUR 10-20,3.8,1451,45.3612596,9.2179328,Shopping Mall,"c/o CC Scalo Milano, Via Milano, 20085 Locate di Triulzi MI, Italy",https://www.roadhouse.it/store-locator/#!,EUR 10-20,False
2321,Roadhouse Restaurant,Lombardia,Milano,MI,Milano,Steakhouse,EUR 10-20,3.8,1138,45.4628721,9.1960211,City Center,"Via Carlo Giuseppe Merlo, 1, 20122 Milano MI, Italy",https://www.roadhouse.it/store-locator/#!,EUR 10-20,False
2322,Roadhouse Restaurant,Sicilia,Messina,ME,Milazzo,Steakhouse,EUR 10-20,3.8,517,38.1871194,15.268458,Shopping Mall,"via Firenze CC Parco Corolla, 98057 Milazzo ME, Italy",https://www.roadhouse.it/store-locator/#!,EUR 10-20,False
2323,Roadhouse Restaurant,Emilia-Romagna,Ravenna,RA,Ravenna,Steakhouse,EUR 20-30,3.9,2299,44.3343628,12.2704568,Commercial Area,"Via Standiana, 54, 48125 Ravenna RA, Italy",https://www.roadhouse.it/store-locator/#!,EUR 20-30,False
2324,Roadhouse Restaurant,Emilia-Romagna,Modena,MO,Modena,Steakhouse,EUR 20-30,4.0,4033,44.5736037,10.9842639,Service Area,"Str. Vignolese, 1653/A, 41126 Modena MO, Italy",https://www.roadhouse.it/store-locator/#!,EUR 20-30,False
2325,Roadhouse Restaurant,Emilia-Romagna,Modena,MO,Modena,Steakhouse,EUR 20-30,3.9,2880,44.6599237,10.9205879,Commercial Area,"Via Sergio Ramelli, 101, 41122 Modena MO, Italy",https://www.roadhouse.it/store-locator/#!,EUR 20-30,False
2326,Roadhouse Restaurant,Lombardia,Como,CO,Montano Lucino,Steakhouse,EUR 20-30,3.9,2122,45.7789662,9.0406749,Shopping Mall,"Via Adda, 22070 Montano Lucino CO, Italy",https://www.roadhouse.it/store-locator/#!,EUR 20-30,False
2327,Roadhouse Restaurant,Veneto,Vicenza,VI,Montecchio Maggiore,Steakhouse,EUR 20-30,3.9,1185,45.500958,11.4359335,Commercial Area,"Viale Trieste, 36075 Montecchio Maggiore VI, Italy",https://www.roadhouse.it/store-locator/#!,EUR 20-30,False
2328,Roadhouse Restaurant,Lombardia,Monza e della Brianza,MB,Monza,Steakhouse,EUR 20-30,3.8,1424,45.5750071,9.3089968,Commercial Area,"Viale Gian Battista Stucchi, 20, 20900 Monza MB, Italy",https://www.roadhouse.it/store-locator/#!,EUR 20-30,False
2329,Roadhouse Restaurant,Piemonte,Novara,NO,Novara,Steakhouse,EUR 20-30,3.8,2210,45.468039,8.6279003,Shopping Mall,"Parco Commerciale Nov'aria, Via Carlo Schleifer, n. 8, 28100 Novara NO, Italy",https://www.roadhouse.it/store-locator/#!,EUR 20-30,False
2330,Roadhouse Restaurant,Veneto,Venezia,VE,Noventa di Piave,Steakhouse,EUR 10-20,3.9,1379,45.6672676,12.535187,Commercial Area,"Via Calnova, 136, 30020 Noventa di Piave VE, Italy",https://www.roadhouse.it/store-locator/#!,EUR 10-20,False
2331,Roadhouse Restaurant,Lombardia,Como,CO,Olgiate Comasco,Steakhouse,EUR 20-30,3.8,1599,45.7880788,8.9535911,Commercial Area,"Via Roma, 116, 22077 Olgiate Comasco CO, Italy",https://www.roadhouse.it/store-locator/#!,EUR 20-30,False
2332,Roadhouse Restaurant,Lombardia,Bergamo,BG,Azzano San Paolo,Steakhouse,EUR 20-30,3.8,2987,45.6618464,9.6964612,Transport Hub,"Via Toscana, 12 c/o C, 24052 Azzano San Paolo BG, Italy",https://www.roadhouse.it/store-locator/#!,EUR 20-30,False
2333,Roadhouse Restaurant,Veneto,Padova,PD,Padova,Steakhouse,EUR 20-30,3.7,4584,45.4098848,11.9074956,Commercial Area,"Via Pietro Donà, 2, 35100 Padova PD, Italy",https://www.roadhouse.it/store-locator/#!,EUR 20-30,False
2334,Roadhouse Restaurant,Veneto,Padova,PD,Padova,Steakhouse,EUR 20-30,3.9,1266,45.4120405,11.8431251,Commercial Area,"Via Chiesanuova, 56, 35136 Padova PD, Italy",https://www.roadhouse.it/store-locator/#!,EUR 20-30,False
2335,Roadhouse Restaurant,Emilia-Romagna,Parma,PR,Parma,Steakhouse,EUR 20-30,4.0,5749,44.8369985,10.3385909,Commercial Area,"Viale delle Esposizioni, 3a, 43122 Parma PR, Italy",https://www.roadhouse.it/store-locator/#!,EUR 20-30,False
2336,Roadhouse Restaurant,Emilia-Romagna,Parma,PR,Parma,Steakhouse,EUR 20-30,4.0,971,44.8053896,10.30489,Commercial Area,"Via Alexander Fleming, 2, 43126 Parma PR, Italy",https://www.roadhouse.it/store-locator/#!,EUR 20-30,False
2337,Roadhouse Restaurant,Lombardia,Pavia,PV,San Martino Siccomario,Steakhouse,EUR 20-30,3.8,1707,45.158853,9.1291951,Commercial Area,"Via Filippo Turati, 5, SPexSS35, 38, 27028 San Martino Siccomario PV, Italy",https://www.roadhouse.it/store-locator/#!,EUR 20-30,False
2338,Roadhouse Restaurant,Umbria,Perugia,PG,Perugia,Steakhouse,EUR 20-30,4.0,1247,43.1098615,12.362053,Commercial Area,"Viale Giovanni Perari, 06125 Perugia PG, Italy",https://www.roadhouse.it/store-locator/#!,EUR 20-30,False
2339,Roadhouse Restaurant,Abruzzo,Pescara,PE,Montesilvano,Steakhouse,EUR 20-30,3.6,265,42.4991626,14.1714222,Commercial Area,"SS16, C.so Umberto I, 447, 65015 Montesilvano PE, Italy",https://www.roadhouse.it/store-locator/#!,EUR 20-30,False
2340,Roadhouse Restaurant,Veneto,Verona,VR,Peschiera del Garda,Steakhouse,EUR 10-20,4.0,1388,45.4328864,10.7056873,Commercial Area,"Località Mandella, 12, 37019 Peschiera del Garda VR, Italy",https://www.roadhouse.it/store-locator/#!,EUR 10-20,False
2341,Roadhouse Restaurant,Emilia-Romagna,Piacenza,PC,Piacenza,Steakhouse,EUR 20-30,3.8,2412,45.0549848,9.6599932,Commercial Area,"Via Emilia Pavese, 65, 29100 Piacenza PC, Italy",https://www.roadhouse.it/store-locator/#!,EUR 20-30,False
2342,Roadhouse Restaurant,Lombardia,Milano,MI,Pioltello,Steakhouse,EUR 20-30,3.7,2216,45.5028407,9.3398145,Commercial Area,"Via Madre Teresa di Calcutta, Strada Provinciale Cassanese, 20096 Pioltello MI, Italy",https://www.roadhouse.it/store-locator/#!,EUR 20-30,False
2343,Roadhouse Restaurant,Toscana,Pisa,PI,Pisa,Steakhouse,EUR 20-30,4.0,1736,43.6983099,10.3882762,Service Area,"Via Aurelia Sud, 2, 56121 Pisa PI, Italy",https://www.roadhouse.it/store-locator/#!,EUR 20-30,False
2344,Roadhouse Restaurant,Toscana,Pistoia,PT,Pistoia,Steakhouse,EUR 20-30,3.7,1801,43.9219137,10.921986,Commercial Area,"Via Francesco Guicciardini, 4, 51100 Pistoia PT, Italy",https://www.roadhouse.it/store-locator/#!,EUR 20-30,False
2345,Roadhouse Restaurant,Lazio,Roma,RM,Area Produttiva,Steakhouse,EUR 20-30,4.0,1464,41.6770683,12.499131,Commercial Area,"Largo Goffredo Mameli, 20, 00071 Pomezia RM, Italy",https://www.roadhouse.it/store-locator/#!,EUR 20-30,False
2346,Roadhouse Restaurant,Toscana,Prato,PO,Prato,Steakhouse,EUR 20-30,3.9,1773,43.8595747,11.1056458,Commercial Area,"Via E. Berlinguer, 195, 59100 Prato PO, Italy",https://www.roadhouse.it/store-locator/#!,EUR 20-30,False
2347,Roadhouse Restaurant,Piemonte,Torino,TO,Rivoli,Steakhouse,EUR 20-30,3.7,645,45.0672278,7.5336231,Commercial Area,"Corso L. Einaudi, 80, 10098 Rivoli TO, Italy",https://www.roadhouse.it/store-locator/#!,EUR 20-30,False
2348,Roadhouse Restaurant,Lazio,Roma,RM,Roma,Steakhouse,EUR 20-30,4.0,1603,41.7962579,12.5341486,Service Area,"Via Ardeatina, 950, 00154 Roma RM, Italy",https://www.roadhouse.it/store-locator/#!,EUR 20-30,False
2349,Roadhouse Restaurant,Lazio,Roma,RM,Roma,Steakhouse,EUR 20-30,4.1,2649,41.9049697,12.4099911,Transport Hub,"Via Mattia Battistini, 7, 00168 Roma RM, Italy",https://www.roadhouse.it/store-locator/#!,EUR 20-30,False
2350,Roadhouse Restaurant,Lazio,Roma,RM,Roma,Steakhouse,EUR 20-30,4.0,2229,41.9147021,12.3871556,Commercial Area,"Via del Quartaccio, 1/9, 00166 Roma RM, Italy",https://www.roadhouse.it/store-locator/#!,EUR 20-30,False
2351,Roadhouse Restaurant,Lazio,Roma,RM,Fiumicino,Steakhouse,EUR 20-30,3.9,3044,41.809152,12.3008528,Shopping Mall,"Piazza Antonio Meucci, 5, 00053 Fiumicino RM, Italy",https://www.roadhouse.it/store-locator/#!,EUR 20-30,False
2352,Roadhouse Restaurant,Lazio,Roma,RM,Roma,Steakhouse,EUR 20-30,3.9,2971,41.853606,12.4902683,Commercial Area,"Via dei Georgofili, 00147 Roma RM, Italy",https://www.roadhouse.it/store-locator/#!,EUR 20-30,False
2353,Roadhouse Restaurant,Lazio,Roma,RM,Roma,Steakhouse,EUR 20-30,3.9,2329,41.8509698,12.5991978,Shopping Mall,"Via Enrico Ferri, 8, 00173 Roma RM, Italy",https://www.roadhouse.it/store-locator/#!,EUR 20-30,False
2354,Roadhouse Restaurant,Lazio,Roma,RM,Roma,Steakhouse,EUR 20-30,3.9,2668,41.9990756,12.518818,Commercial Area,"Via Salaria, 1350, 00138 Roma RM, Italy",https://www.roadhouse.it/store-locator/#!,EUR 20-30,False
2355,Roadhouse Restaurant,Lazio,Roma,RM,Roma,Steakhouse,EUR 10-20,3.8,375,41.9398912,12.5064571,Shopping Mall,"Salario Center, Via Salaria, 665, 00138 Roma RM, Italy",https://www.roadhouse.it/store-locator/#!,EUR 10-20,False
2356,Roadhouse Restaurant,Lazio,Roma,RM,Roma,Steakhouse,EUR 10-20,3.9,3983,41.9016492,12.5029155,Transport Hub,"Via Marsala, 27, 00185 Roma RM, Italy",https://www.roadhouse.it/store-locator/#!,EUR 10-20,False
2357,Roadhouse Restaurant,Lazio,Roma,RM,Roma,Steakhouse,EUR 20-30,4.0,2893,41.9342316,12.6036306,Commercial Area,"Via Tiburtina, 1227, 00131 Roma RM, Italy",https://www.roadhouse.it/store-locator/#!,EUR 20-30,False
2358,Roadhouse Restaurant,Lazio,Roma,RM,Roma,Steakhouse,EUR 10-20,4.0,1437,41.858051,12.5875804,Shopping Mall,"Via di Torre Spaccata, 110, 00173 Roma RM, Italy",https://www.roadhouse.it/store-locator/#!,EUR 10-20,False
2359,Roadhouse Restaurant,Lazio,Roma,RM,Roma,Steakhouse,EUR 20-30,3.7,1679,41.879445,12.4665642,Commercial Area,"Piazza Ippolito Nievo, 33, 00153 Roma RM, Italy",https://www.roadhouse.it/store-locator/#!,EUR 20-30,False
2360,Roadhouse Restaurant,Lombardia,Brescia,BS,Villa Pedergnano,Steakhouse,EUR 20-30,4.0,1924,45.5783817,10.0032007,Commercial Area,"Via Iseo, 1/E, 25030 Erbusco BS, Italy",https://www.roadhouse.it/store-locator/#!,EUR 20-30,False
2361,Roadhouse Restaurant,Trentino-Alto Adige,Trento,TN,Rovereto,Steakhouse,EUR 10-20,3.8,1138,45.8731307,11.03096,Commercial Area,"Via dell'Abetone, 53, 38068 Rovereto TN, Italy",https://www.roadhouse.it/store-locator/#!,EUR 10-20,False
2362,Roadhouse Restaurant,Veneto,Rovigo,RO,Rovigo,Steakhouse,EUR 20-30,4.0,2059,45.0329158,11.7792626,Commercial Area,"V.le Porta Po, 191a, 45100 Rovigo RO, Italy",https://www.roadhouse.it/store-locator/#!,EUR 20-30,False
2363,Roadhouse Restaurant,Lombardia,Milano,MI,Rozzano,Steakhouse,EUR 20-30,3.7,3420,45.3931007,9.1501041,Commercial Area,"Via Valleambrosia, 100, 20089 Rozzano MI, Italy",https://www.roadhouse.it/store-locator/#!,EUR 20-30,False
2364,Roadhouse Restaurant,Emilia-Romagna,Reggio Emilia,RE,Rubiera,Steakhouse,EUR 20-30,3.9,1648,44.6546783,10.7674828,Commercial Area,"Via Rocco Chinnici, 1/A, 42048 Rubiera RE, Italy",https://www.roadhouse.it/store-locator/#!,EUR 20-30,False
2365,Roadhouse Restaurant,Lombardia,Milano,MI,San Giuliano Milanese,Steakhouse,EUR 20-30,4.0,1181,45.3796499,9.3055078,Shopping Mall,"Centro Commerciale Le Cupole, Via della Pace, 26c, 20098 San Giuliano Milanese MI, Italy",https://www.roadhouse.it/store-locator/#!,EUR 20-30,False
2366,Roadhouse Restaurant,Veneto,Verona,VR,San Giovanni Lupatoto,Steakhouse,EUR 20-30,3.7,1374,45.3933208,11.0301702,Commercial Area,"Via Dott. F. Garofoli, 205, 37057 San Giovanni Lupatoto VR, Italy",https://www.roadhouse.it/store-locator/#!,EUR 20-30,False
2367,Roadhouse Restaurant,Lombardia,Milano,MI,Sesto San Giovanni,Steakhouse,EUR 20-30,3.7,1134,45.5300273,9.2179319,Shopping Mall,"Via Milanese c/o CC Centro Sarca, 20099 Sesto San Giovanni MI, Italy",https://www.roadhouse.it/store-locator/#!,EUR 20-30,False
2368,Roadhouse Restaurant,Lombardia,Varese,VA,Saronno,Steakhouse,EUR 20-30,3.8,1474,45.6168185,9.0506063,Commercial Area,"Viale Lombardia, 21047 Saronno VA, Italy",https://www.roadhouse.it/store-locator/#!,EUR 20-30,False
2369,Roadhouse Restaurant,Liguria,La Spezia,SP,Sarzana,Steakhouse,EUR 20-30,3.9,1834,44.1066586,9.9565847,Commercial Area,"Via Variante Aurelia, 63, 19038 Sarzana SP, Italy",https://www.roadhouse.it/store-locator/#!,EUR 20-30,False
2370,Roadhouse Restaurant,Sardegna,Sassari,SS,Sassari,Steakhouse,EUR 20-30,4.3,315,40.7371293,8.5402082,Shopping Mall,"Viale Porto Torres, snc, 07100 Sassari SS, Italy",https://www.roadhouse.it/store-locator/#!,EUR 20-30,False
2371,Roadhouse Restaurant,Lombardia,Milano,MI,Novegro,Steakhouse,EUR 20-30,3.8,3269,45.4744188,9.2857394,Commercial Area,"frazione di, Via Rivoltana, 64, 20090 Novegro MI, Italy",https://www.roadhouse.it/store-locator/#!,EUR 20-30,False
2372,Roadhouse Restaurant,Marche,Ancona,AN,Senigallia,Steakhouse,EUR 20-30,3.9,1713,43.7028617,13.2058941,Commercial Area,"Via Arceviese, 4, 60019 Senigallia AN, Italy",https://www.roadhouse.it/store-locator/#!,EUR 20-30,False
2373,Roadhouse Restaurant,Piemonte,Alessandria,AL,Serravalle Scrivia,Steakhouse,EUR 20-30,3.8,2315,44.7332566,8.8319963,Shopping Mall,"Via Novi, 39, 15069 Serravalle Scrivia AL, Italy",https://www.roadhouse.it/store-locator/#!,EUR 20-30,False
2374,Roadhouse Restaurant,Toscana,Firenze,FI,Osmannoro,Steakhouse,EUR 20-30,4.0,2414,43.806079,11.1783002,Commercial Area,"Via del Cantone, 49, 50019 Sesto Fiorentino FI, Italy",https://www.roadhouse.it/store-locator/#!,EUR 20-30,False
2375,Roadhouse Restaurant,Piemonte,Torino,TO,Settimo Torinese,Steakhouse,EUR 20-30,3.6,3479,45.1364839,7.7357503,Commercial Area,"Settimo Cielo Retail Park, Via Pietro Mascagni, 11, 10036 Settimo Torinese TO, Italy",https://www.roadhouse.it/store-locator/#!,EUR 20-30,False
2376,Roadhouse Restaurant,Toscana,Siena,SI,Siena,Steakhouse,EUR 20-30,3.9,1681,43.3110758,11.3164775,Commercial Area,"Str. di Montalbuccio, 2, 53100 Siena SI, Italy",https://www.roadhouse.it/store-locator/#!,EUR 20-30,False
2377,Roadhouse Restaurant,Lombardia,Sondrio,SO,Artigianale-commerciale,Steakhouse,EUR 20-30,3.7,1872,46.1620678,9.804338,Commercial Area,"Via Ezio Vanoni, 74, 23012 Castione Andevenno SO, Italy",https://www.roadhouse.it/store-locator/#!,EUR 20-30,False
2378,Roadhouse Restaurant,Umbria,Terni,TR,Terni,Steakhouse,EUR 20-30,4.0,334,42.559649,12.6351485,Commercial Area,"Str. di S. Martino, 122, 05100 Terni TR, Italy",https://www.roadhouse.it/store-locator/#!,EUR 20-30,False
2379,Roadhouse Restaurant,Piemonte,Torino,TO,Torino,Steakhouse,EUR 10-20,3.8,2019,45.0344812,7.6669332,Shopping Mall,"presso C. C. 8 Gallery, Via Nizza, 10126 Torino TO, Italy",https://www.roadhouse.it/store-locator/#!,EUR 10-20,False
2380,Roadhouse Restaurant,Piemonte,Torino,TO,Moncalieri,Steakhouse,EUR 20-30,3.6,1850,44.9760855,7.7098736,Shopping Mall,"Via Fortunato Postiglione, 1, 10024 Moncalieri TO, Italy",https://www.roadhouse.it/store-locator/#!,EUR 20-30,False
2381,Roadhouse Restaurant,Piemonte,Torino,TO,Nichelino,Steakhouse,EUR 20-30,3.9,1914,44.9843562,7.6222462,Shopping Mall,"C.C. Mondojuve, Via Scarrone, 10042 Nichelino TO, Italy",https://www.roadhouse.it/store-locator/#!,EUR 20-30,False
2382,Roadhouse Restaurant,Veneto,Vicenza,VI,Torri di Quartesolo,Steakhouse,EUR 10-20,3.8,1591,45.5104252,11.6224854,Shopping Mall,"Via Brescia, 11, 36040 Torri di Quartesolo VI, Italy",https://www.roadhouse.it/store-locator/#!,EUR 10-20,False
2383,Roadhouse Restaurant,Piemonte,Alessandria,AL,Tortona,Steakhouse,EUR 20-30,3.9,1108,44.9069805,8.8815968,Commercial Area,"Strada Provinciale per Viguzzolo, 2, 15058 Tortona AL, Italy",https://www.roadhouse.it/store-locator/#!,EUR 20-30,False
2384,Roadhouse Restaurant,Lombardia,Varese,VA,Tradate,Steakhouse,EUR 20-30,3.8,1784,45.6987136,8.9135218,Shopping Mall,"Via Monte S. Michele, 52, 21049 Tradate VA, Italy",https://www.roadhouse.it/store-locator/#!,EUR 20-30,False
2385,Roadhouse Restaurant,Trentino-Alto Adige,Trento,TN,Trento,Steakhouse,EUR 10-20,4.0,2686,46.0909944,11.1153142,Commercial Area,"Via del Brennero, 145, 38122 Trento TN, Italy",https://www.roadhouse.it/store-locator/#!,EUR 10-20,False
2386,Roadhouse Restaurant,Lombardia,Bergamo,BG,Treviglio,Steakhouse,EUR 20-30,3.9,1047,45.5351992,9.5986243,Commercial Area,"Via Bergamo, 42, 24047 Treviglio BG, Italy",https://www.roadhouse.it/store-locator/#!,EUR 20-30,False
2387,Roadhouse Restaurant,Veneto,Treviso,TV,Treviso,Steakhouse,EUR 10-20,3.8,1905,45.6684879,12.2237746,Commercial Area,"Viale della Repubblica, 1, 31100 Treviso TV, Italy",https://www.roadhouse.it/store-locator/#!,EUR 10-20,False
2388,Roadhouse Restaurant,Veneto,Treviso,TV,Silea,Steakhouse,EUR 20-30,3.9,3128,45.65051534,12.31043616,Shopping Mall,"Via Giovanni Sartorelli, 4, 31057 Silea TV, Italy",https://www.roadhouse.it/store-locator/#!,EUR 20-30,False
2389,Roadhouse Restaurant,Lombardia,Milano,MI,Trezzano sul Naviglio,Steakhouse,EUR 20-30,3.7,2133,45.424925,9.0673624,Commercial Area,"Viale Cristoforo Colombo 13 angolo Via Claudio Monteverdi, 20090 Trezzano sul Naviglio MI, Italy",https://www.roadhouse.it/store-locator/#!,EUR 20-30,False
2390,Roadhouse Restaurant,Friuli-Venezia Giulia,Trieste,TS,Trieste,Steakhouse,EUR 20-30,3.8,1054,45.6171217,13.8190614,Commercial Area,"Via Flavia, 104b, 34147 Trieste TS, Italy",https://www.roadhouse.it/store-locator/#!,EUR 20-30,False
2391,Roadhouse Restaurant,Friuli-Venezia Giulia,Udine,UD,Tavagnacco,Steakhouse,EUR 20-30,3.7,2043,46.0984312,13.2311612,Commercial Area,"Via Nazionale, 3, 33010 Tavagnacco UD, Italy",https://www.roadhouse.it/store-locator/#!,EUR 20-30,False
2392,Roadhouse Restaurant,Lombardia,Varese,VA,Buguggiate,Steakhouse,EUR 20-30,3.7,2941,45.7931069,8.8015598,Commercial Area,"Via Giuseppe Verdi, 26, 21020 Buguggiate VA, Italy",https://www.roadhouse.it/store-locator/#!,EUR 20-30,False
2393,Roadhouse Restaurant,Veneto,Verona,VR,Verona,Steakhouse,EUR 10-20,3.9,2899,45.4122013,10.9791819,Commercial Area,"Viale del Lavoro, 23, 37135 Verona VR, Italy",https://www.roadhouse.it/store-locator/#!,EUR 10-20,False
2394,Roadhouse Restaurant,Veneto,Vicenza,VI,Vicenza,Steakhouse,EUR 10-20,3.9,295,45.5290735,11.595093,Shopping Mall,"Str. Padana verso Padova, 36100 Vicenza VI, Italy",https://www.roadhouse.it/store-locator/#!,EUR 10-20,False
2395,Roadhouse Restaurant,Lombardia,Pavia,PV,Vigevano,Steakhouse,EUR 20-30,4.0,1324,45.3229239,8.8814408,Commercial Area,"Viale Artigianato, 27029 Vigevano PV, Italy",https://www.roadhouse.it/store-locator/#!,EUR 20-30,False
2396,Roadhouse Restaurant,Friuli-Venezia Giulia,Gorizia,GO,Villesse,Steakhouse,EUR 20-30,3.6,1647,45.8647409,13.4299923,Shopping Mall,"Via Cividale, Località Maranuz, 34070 Villesse GO, Italy",https://www.roadhouse.it/store-locator/#!,EUR 20-30,False
2397,Roadhouse Restaurant,Lombardia,Milano,MI,Vimodrone,Steakhouse,EUR 20-30,4.3,1554,45.5121607,9.2805669,Commercial Area,"Via Padana Superiore ang, Via XXV Aprile, 20090 Vimodrone MI, Italy",https://www.roadhouse.it/store-locator/#!,EUR 20-30,False
2398,Roadhouse Restaurant,Lazio,Viterbo,VT,Viterbo,Steakhouse,EUR 20-30,3.9,621,42.4357492,12.0934503,Commercial Area,"Via Cassia Nord angolo, Str. S. Lazzaro, 01100 Viterbo VT, Italy",https://www.roadhouse.it/store-locator/#!,EUR 20-30,False
2399,Roadhouse Restaurant,Lombardia,Pavia,PV,Voghera,Steakhouse,EUR 20-30,3.9,1142,44.9976811,9.064042,Commercial Area,"SS10 Via per Piacenza angolo Via delle Fontane, 27058 Voghera PV, Italy",https://www.roadhouse.it/store-locator/#!,EUR 20-30,False
2400,Roadhouse Restaurant,Lombardia,Milano,MI,Sesto San Giovanni,Steakhouse,EUR 10-20,3.5,922,45.55019777,9.256467424,Shopping Mall,"c/o C.C. Vulcano, Viale Italia, 555, 20099 Sesto San Giovanni MI, Italy",https://www.roadhouse.it/store-locator/#!,EUR 10-20,False
2401,Roadhouse Restaurant,Lombardia,Milano,MI,Milano,Steakhouse,EUR 10-20,3.1,252,45.3922381,9.1758337,Shopping Mall,"Via Eugenio Curiel, 25 C, 20089 Rozzano MI, Italy",https://www.roadhouse.it/store-locator/#!,EUR 10-20,False
2402,Spontini,Lombardia,Milano,MI,Milano,Pizza,EUR 10-20,4.0,5829,45.4819515,9.2133088,Commercial Area,"Via Gaspare Spontini, 4, 20129 Milano MI, Italy",https://spontinimilano.com/pizzerie/,EUR 10-20,False
2403,Spontini,Lombardia,Milano,MI,Milano,Pizza,EUR 10-20,4.1,2382,45.458001,9.1705529,Commercial Area,"Viale Papiniano, 43, 20123 Milano MI, Italy",https://spontinimilano.com/pizzerie/,EUR 10-20,False
2404,Spontini,Lombardia,Milano,MI,Milano,Pizza,EUR 10-20,4.0,2283,45.4674893,9.1544037,Commercial Area,"Via Marghera, 3, 20149 Milano MI, Italy",https://spontinimilano.com/pizzerie/,EUR 10-20,False
2405,Spontini,Lombardia,Milano,MI,Milano,Pizza,EUR 10-20,3.9,2300,45.4873042,9.1669288,Commercial Area,"Via Cenisio, 37, 20154 Milano MI, Italy",https://spontinimilano.com/pizzerie/,EUR 10-20,False
2406,Spontini,Lombardia,Milano,MI,Milano,Pizza,EUR 10-20,4.0,2201,45.4615995,9.2071723,Commercial Area,"Piazza Cinque Giornate, 6, 20129 Milano MI, Italy",https://spontinimilano.com/pizzerie/,EUR 10-20,False
2407,Spontini,Lombardia,Milano,MI,Milano,Pizza,EUR 10-20,3.7,510,45.4861926,9.2033987,Transport Hub,"Piazza Duca d'Aosta, 1, 20124 Milano MI, Italy",https://spontinimilano.com/pizzerie/,EUR 10-20,False
2408,Spontini,Lombardia,Milano,MI,Milano,Pizza,EUR 1-10,4.2,10751,45.4657451,9.1912058,City Center,"Via Santa Radegonda, 11, 20121 Milano MI, Italy",https://spontinimilano.com/pizzerie/,EUR 1-10,False
2409,Spontini,Lombardia,Milano,MI,Milano,Pizza,EUR 1-10,4.2,3326,45.4632465,9.1886567,City Center,"Via Dogana, 3, 20123 Milano MI, Italy",https://spontinimilano.com/pizzerie/,EUR 1-10,False
2410,Spontini,Lombardia,Milano,MI,Milano,Pizza,EUR 10-20,3.6,1420,45.5223562,9.2145826,Shopping Mall,"c/o Bicocca Village, Via Friedrich Von Hayek, 20126 Milano MI, Italy",https://spontinimilano.com/pizzerie/,EUR 10-20,False
2411,Spontini,Lombardia,Milano,MI,Milano,Pizza,EUR 10-20,3.0,120,45.4480207,9.2120974,Shopping Mall,"PIAZZALE LODI, Viale Umbria, 16, 20137 Milano MI, Italy",https://spontinimilano.com/pizzerie/,EUR 10-20,False
2412,Spontini,Lombardia,Milano,MI,Milano,Pizza,EUR 10-20,3.7,428,45.4827748,9.1590823,Commercial Area,"Via Arona, 15, 20149 Milano MI, Italy",https://spontinimilano.com/pizzerie/,EUR 10-20,False
2413,Spontini,Lombardia,Milano,MI,Milano,Pizza,EUR 10-20,3.6,320,45.4731339,9.2296225,Residential Area,"Piazzale Paolo Gorini, 11, 20133 Milano MI, Italy",https://spontinimilano.com/pizzerie/,EUR 10-20,False
2414,Spontini,Lombardia,Milano,MI,Milano,Pizza,EUR 10-20,4.1,399,45.4564067,9.2191959,Commercial Area,"Piazzale Ferdinando Martini, 10, 20137 Milano MI, Italy",https://spontinimilano.com/pizzerie/,EUR 10-20,False
2415,Spontini,Lombardia,Milano,MI,Milano,Pizza,EUR 10-20,3.7,234,45.4487869,9.1978188,Commercial Area,"Via Giulio Romano, 1, 20135 Milano MI, Italy",https://spontinimilano.com/pizzerie/,EUR 10-20,False
2416,Spontini,Lombardia,Milano,MI,Milano,Pizza,EUR 10-20,3.0,43,45.4529842,9.1665291,Commercial Area,"Via Tortona, 26, 20144 Milano MI, Italy",https://spontinimilano.com/pizzerie/,EUR 10-20,False
2417,Spontini,Lombardia,Milano,MI,Milano,Pizza,EUR 10-20,3.4,100,45.4839257,9.1891244,Transport Hub,"Piazza Gae Aulenti, 1, 20124 Milano MI, Italy",https://spontinimilano.com/pizzerie/,EUR 10-20,False
2418,Spontini,Lombardia,Milano,MI,Milano,Pizza,EUR 10-20,2.8,199,45.51391929,9.103318259,Shopping Mall,"Via Gottlieb Wilhelm Daimler, 61, 20151 Milano MI, Italy",https://spontinimilano.com/pizzerie/,EUR 10-20,False
2419,Spontini,Lombardia,Milano,MI,Milano,Pizza,EUR 10-20,3.5,143,45.4664517,9.1956412,City Center,"Via S. Pietro All'Orto, 10, 20122 Milano MI, Italy",https://spontinimilano.com/pizzerie/,EUR 10-20,False
2420,Spontini,Lombardia,Monza e della Brianza,MB,Monza,Pizza,EUR 10-20,3.7,1812,45.5830636,9.2736277,Commercial Area,"V. Italia, 28, 20900 Monza MB, Italy",https://spontinimilano.com/pizzerie/,EUR 10-20,False
2421,Spontini,Lombardia,Milano,MI,Carla Betulla,Pizza,EUR 10-20,3.7,1388,45.3608807,9.215867,Shopping Mall,"Via Milano, 5, 20085 Locate di Triulzi MI, Italy",https://spontinimilano.com/pizzerie/,EUR 10-20,False
2422,Spontini,Lombardia,Milano,MI,Sesto San Giovanni,Pizza,EUR 10-20,3.6,423,45.5299235,9.2183169,Shopping Mall,"Centro Sarca, Via Milanese, 20099 Sesto San Giovanni MI, Italy",https://spontinimilano.com/pizzerie/,EUR 10-20,False
2423,Spontini,Lombardia,Milano,MI,Assago,Pizza,EUR 10-20,3.6,1172,45.4036474,9.1527878,Shopping Mall,"V.le Milanofiori, 1, 20057 Assago MI, Italy",https://spontinimilano.com/pizzerie/,EUR 10-20,False
2424,Spontini,Lombardia,Milano,MI,Cesano Boscone,Pizza,EUR 10-20,3.4,416,45.4355351,9.0871057,Shopping Mall,"Via Don Luigi Sturzo, 1, 20090 Cesano Boscone MI, Italy",https://spontinimilano.com/pizzerie/,EUR 10-20,False
2425,Spontini,Lombardia,Monza e della Brianza,MB,Limbiate,Pizza,EUR 10-20,3.3,157,45.6076229,9.130911,Shopping Mall,"Via Isonzo, 5, 20812 Limbiate MB, Italy",https://spontinimilano.com/pizzerie/,EUR 10-20,False
2426,Spontini,Lombardia,Brescia,BS,Rodengo Saiano,Pizza,,3.0,2,45.5769761,10.1192674,Shopping Mall,"Piazza Cascina Moie, 1/2, 25050 Rodengo Saiano BS, Italy",https://spontinimilano.com/pizzerie/,EUR 10-20,True
2427,Spizzico,Lombardia,Milano,MI,Milano,Pizza,EUR 10-20,2.4,36,45.485523,9.2043045,Transport Hub,"Piazza Duca d'Aosta, 1, 20125 Milano MI, Italy",Google Maps,EUR 10-20,False
2428,Spizzico,Trentino-Alto Adige,Bolzano,BZ,Bolzano,Pizza,EUR 1-10,4.1,438,46.5001004,11.3496268,City Center,"Via Museo, 54, 39100 Bolzano BZ, Italy",Google Maps,EUR 1-10,False
2429,Spizzico,Veneto,Verona,VR,Verona,Pizza,EUR 1-10,3.0,234,45.4291706,10.9827597,Transport Hub,"Piazzale XXV Aprile, 1, 37138 Verona VR, Italy",Google Maps,EUR 1-10,False
2430,Spizzico,Piemonte,Torino,TO,Torino,Pizza,,5.0,2,45.0295397,7.6643336,Commercial Area,"Via Nizza, 294, 10126 Torino TO, Italy",Google Maps,EUR 10-20,True
2431,Spizzico,Emilia-Romagna,Modena,MO,Modena,Pizza,,3.8,4,44.6625727,10.8576257,Service Area,"A1, AdS Secchia Est, 41123 Modena MO, Italy",Google Maps,EUR 10-20,True
2432,Spizzico,Lombardia,Varese,VA,Gallarate,Pizza,,3.5,53,45.6434251,8.8186466,Shopping Mall,"Viale Milano, 165, 21013 Gallarate VA, Italy",Google Maps,EUR 10-20,True
2433,Spizzico,Lombardia,Milano,MI,Assago,Pizza,,3.6,5,45.401644,9.1420511,Commercial Area,"Via Giuseppe di Vittorio, 6, 20057 Assago MI, Italy",Google Maps,EUR 10-20,True
2434,Spizzico,Lombardia,Sondrio,SO,Sondrio,Pizza,EUR 10-20,4.5,375,46.1691003,9.8789069,Residential Area,"Via Enrico Toti, 18, 23100 Sondrio SO, Italy",Google Maps,EUR 10-20,False
2435,Spizzico,Piemonte,Torino,TO,Pinerolo,Pizza,EUR 1-10,4.3,141,44.8875135,7.3473674,Commercial Area,"Corso Torino, 91, 10064 Pinerolo TO, Italy",Google Maps,EUR 1-10,False
2436,Spizzico,Veneto,Treviso,TV,Castelfranco Veneto,Pizza,EUR 10-20,3.0,44,45.6818306,11.9419961,Shopping Mall,"V. dei Carpani, 21/B, 31033 Castelfranco Veneto TV, Italy",Google Maps,EUR 10-20,False
2437,Spizzico,Veneto,Verona,VR,Sommacampagna,Pizza,EUR 1-10,4.6,71,45.408118,10.842274,Residential Area,"Via Pigno, 1, 37066 Sommacampagna VR, Italy",Google Maps,EUR 1-10,False
2438,Spizzico,Piemonte,Torino,TO,Beinasco,Pizza,,0.0,0,45.0215957,7.58383,Shopping Mall,"Via Torino, 34, 10092 Beinasco TO, Italy",Google Maps,EUR 10-20,True
2439,Spizzico,Piemonte,Alessandria,AL,Casale Monferrato,Pizza,EUR 10-20,4.5,320,45.136715,8.448452,City Center,"Via Trevigi, 49/A, 15033 Casale Monferrato AL, Italy",Google Maps,EUR 10-20,False
2440,Spizzico,Toscana,Arezzo,AR,Terranuova Bracciolini,Pizza,EUR 10-20,4.5,374,43.5485323,11.5800614,Commercial Area,"Via Don Milani, 6, 52028 Terranuova Bracciolini AR, Italy",Google Maps,EUR 10-20,False
2441,Spizzico,Sicilia,Trapani,TP,Salemi,Pizza,,4.8,8,37.8270282,12.8058434,Residential Area,"Via S. Leonardo, 89, 91018 Salemi TP, Italy",Google Maps,EUR 10-20,True
2442,Spizzico,Lazio,Roma,RM,Fiumicino,Pizza,,4.2,58155,41.8034632,12.2519211,Transport Hub,"Via Pierpaolo Racchetti, 1, 00054 Fiumicino RM, Italy",Google Maps,EUR 10-20,True
2443,Chef Express,Abruzzo,L'Aquila,AQ,L'Aquila,Bar/Café,EUR 10-20,3.9,12796,42.87620138,12.01902918,Service Area,"Chef Express Buffet Staz. L'Aquila Mokà Cafè - L'Aquila Stazione, Presso Stazione de, Piazzale della Stazione, L'Aquila, AQ, Italia",https://www.cremonini.com/en/activities/catering/chef-express/,EUR 10-20,False
2444,Chef Express,Lazio,Roma,RM,Ciampino,Bar/Café,EUR 10-20,3.0,99,41.7989687,12.5913764,Transport Hub,"Chef Express Ciampino Aeroporto Juice Bar - Ciampino Aeroporto, Via Appia Nuova, Ciampino, RM, Italia",https://www.cremonini.com/en/activities/catering/chef-express/,EUR 10-20,False
2445,Chef Express,Lazio,Roma,RM,Fiumicino,Bar/Café,EUR 1-10,2.8,95,41.7957871,12.2506259,Transport Hub,"Chef Express Fiumicino Aeroporto Panella, Area A61-83, Fiumicino RM, Italia",https://www.cremonini.com/en/activities/catering/chef-express/,EUR 1-10,False
2446,Chef Express,Puglia,Foggia,FG,Foggia,Bar/Café,,3.0,2,41.4340134,15.5440597,Transport Hub,"Chef Express Foggia Aeroporto Mokà Cafè - Foggia Aeroporto, Viale degli Aviatori, Foggia, FG, Italia",https://www.cremonini.com/en/activities/catering/chef-express/,EUR 1-10,True
2447,Chef Express,Puglia,Bari,BA,Bari,Bar/Café,,2.7,44,41.1350222,16.7647893,Transport Hub,"Chef Express Bari Aeroporto Juice Bar - Bari Aeroporto, Viale Enzo Ferrari, Bari, BA, Italia",https://www.cremonini.com/en/activities/catering/chef-express/,EUR 1-10,True
2448,Chef Express,Sicilia,Catania,CT,Catania,Bar/Café,EUR 10-20,3.4,2881,37.4701742,15.0687424,Transport Hub,"Chef Express Catania Aeroporto Antica Focacceria San Francesco - Catania Aeroporto Partenze, Catania, CT, Italia",https://www.cremonini.com/en/activities/catering/chef-express/,EUR 10-20,False
2449,Chef Express,Sicilia,Palermo,PA,Palermo,Bar/Café,EUR 10-20,2.6,124,38.18679976,13.10610755,Transport Hub,"Chef Express Palermo Aeroporto Aeroporto Palermo - Punta Raisi (PMO), Cinisi, PA, Italia",https://www.cremonini.com/en/activities/catering/chef-express/,EUR 10-20,False
2450,Chef Express,Sardegna,Cagliari,CA,Elmas,Bar/Café,,2.3,105,39.2537723,9.0602194,Transport Hub,"Chef Express Cagliari Aeroporto Elmas Mokà Cafè - Cagliari Aeroporto, Via dei Trasvolatori, Elmas, CA, Italia",https://www.cremonini.com/en/activities/catering/chef-express/,EUR 1-10,True
2451,Chef Express,Piemonte,Torino,TO,Caselle Torinese,Bar/Café,,2.6,7,45.1926369,7.6427694,Transport Hub,"Chef Express - Buffet Staz. FS Torino P. Nuova Via Nizza, Torino, TO, Italia",https://www.cremonini.com/en/activities/catering/chef-express/,EUR 1-10,True
2452,Chef Express,Piemonte,Torino,TO,Torino,Bar/Café,,2.1,8,45.0715622,7.6658181,Transport Hub,"Chef Express - Buffet Staz. FS Torino P. Susa Piazza XVIII Dicembre, Torino, TO, Italia",https://www.cremonini.com/en/activities/catering/chef-express/,EUR 1-10,True
2453,Chef Express,Liguria,Savona,SV,Savona,Bar/Café,EUR 1-10,4.0,3028,44.22505536,8.35980073,Transport Hub,"Chef Express - Buffet Staz. FS Savona Piazza Aldo Moro, Savona, SV, Italia",https://www.cremonini.com/en/activities/catering/chef-express/,EUR 1-10,False
2454,Chef Express,Piemonte,Alessandria,AL,Alessandria,Bar/Café,EUR 1-10,3.8,1788,45.07390508,8.509270899,Transport Hub,"Chef Express - Buffet Staz. FS Alessandria Piazzale Curiel, Alessandria, AL, Italia",https://www.cremonini.com/en/activities/catering/chef-express/,EUR 1-10,False
2455,Chef Express,Piemonte,Vercelli,VC,Vercelli,Bar/Café,,3.8,78,45.3298939,8.4169088,Transport Hub,"Chef Express - Buffet Staz. FS Vercelli Piazza Roma, Vercelli, VC, Italia",https://www.cremonini.com/en/activities/catering/chef-express/,EUR 1-10,True
2456,Chef Express,Liguria,Genova,GE,Genova,Bar/Café,,3.0,6,44.4148843,8.8507921,Transport Hub,"Chef Express - Buffet Staz. FS Genova Brignole Genova Brignole, Piazza Giuseppe Verdi, Genova, GE, Italia",https://www.cremonini.com/en/activities/catering/chef-express/,EUR 1-10,True
2457,Chef Express,Lombardia,Pavia,PV,Voghera,Bar/Café,EUR 10-20,3.6,462,44.93343278,8.853319827,Transport Hub,"Chef Express - Buffet Staz. FS Voghera Piazzale Guglielmo Marconi, Voghera, Pavia, Italia",https://www.cremonini.com/en/activities/catering/chef-express/,EUR 10-20,False
2458,Chef Express,Lombardia,Pavia,PV,Pavia,Bar/Café,,3.4,89,45.188599,9.144633,Transport Hub,"Chef Express - Buffet Staz. FS Pavia Piazzale della Stazione, Pavia, PV, Italia",https://www.cremonini.com/en/activities/catering/chef-express/,EUR 1-10,True
2459,Chef Express,Lombardia,Milano,MI,Milano,Bar/Café,EUR 1-10,2.4,101,45.4336891,9.238664,Transport Hub,"Chef Express Buffet Staz. Milano Rogoredo Juice Bar - Milano Rogoredo, Via Giovanni Battista Morgagni, Milano, MI, Italia",https://www.cremonini.com/en/activities/catering/chef-express/,EUR 1-10,False
2460,Chef Express,Lombardia,Milano,MI,Milano,Bar/Café,,2.0,4,45.4681416,9.1756303,Transport Hub,"Chef Express Buffet Staz. Milano Cadorna Juice Bar - Milano Cadorna, Presso Stazione di Milano Cadorna, Piazzale Cadorna, Milano, MI, Italia",https://www.cremonini.com/en/activities/catering/chef-express/,EUR 1-10,True
2461,Chef Express,Lombardia,Milano,MI,Milano,Bar/Café,EUR 1-10,2.9,131,45.4841279,9.18752071,Transport Hub,"Chef Express Buffet Staz. Milano Porta Garibaldi Panella - Milano Porta Garibaldi, Stazione, Piazza Sigmund Freud, Milano, MI, Italia",https://www.cremonini.com/en/activities/catering/chef-express/,EUR 1-10,False
2462,Chef Express,Lombardia,Milano,MI,Milano,Bar/Café,EUR 1-10,4.1,99,45.486572,9.20356507,Transport Hub,"Chef Express Buffet Staz. Milano Centrale Juice Bar - Milano Centrale, Piazza Duca d'Aosta, Milano, MI, Italia",https://www.cremonini.com/en/activities/catering/chef-express/,EUR 1-10,False
2463,Chef Express,Lombardia,Milano,MI,Milano,Bar/Café,EUR 1-10,3.8,3736,45.50933477,9.03892646,Transport Hub,"Chef Express - Buffet Staz. FS Milano Lambrate Piazza Enrico Bottini, Milano, MI, Italia",https://www.cremonini.com/en/activities/catering/chef-express/,EUR 1-10,False
2464,Chef Express,Lombardia,Milano,MI,Milano,Bar/Café,,4.5,685,45.45012306,9.17012844,Transport Hub,"Chef Express - Buffet Staz. FS Milano Greco Pirelli Piazzale Egeo, Milano, MI, Italia",https://www.cremonini.com/en/activities/catering/chef-express/,EUR 1-10,True
2465,Chef Express,Lombardia,Varese,VA,Saronno,Bar/Café,EUR 1-10,2.8,64,45.6252665,9.0308993,Transport Hub,"Chef Express - Buffet Staz. FS Saronno Via Generale Cantore, Saronno, VA, Italia",https://www.cremonini.com/en/activities/catering/chef-express/,EUR 1-10,False
2466,Chef Express,Lombardia,Lecco,LC,Lecco,Bar/Café,EUR 1-10,3.6,8,45.8563647,9.3933601,Transport Hub,"Chef Express - Buffet Staz. FS Varese Stazione FS di Varese, Piazzale Trieste, Varese, VA, Italia",https://www.cremonini.com/en/activities/catering/chef-express/,EUR 1-10,False
2467,Chef Express,Emilia-Romagna,Parma,PR,Varano de' Melegari,Bar/Café,EUR 1-10,3.6,14,44.6800853,10.0193784,Transport Hub,"Chef Express - Buffet Staz. FS Rapallo Stazione ferroviaria di Rapallo, Piazza Molfino, Rapallo, GE, Italia",https://www.cremonini.com/en/activities/catering/chef-express/,EUR 1-10,False
2468,Chef Express,Liguria,Genova,GE,Chiavari,Bar/Café,EUR 1-10,4.0,3038,44.2250506,8.35980099,Transport Hub,"Chef Express - Buffet Staz. FS Chiavari Chiavari FS, Chiavari, GE, Italia",https://www.cremonini.com/en/activities/catering/chef-express/,EUR 1-10,False
2469,Chef Express,Emilia-Romagna,Piacenza,PC,Piacenza,Bar/Café,EUR 10-20,3.6,2863,45.06049249,9.652759451,Transport Hub,"Chef Express - Buffet Staz. FS Piacenza Piazzale Guglielmo Marconi, Piacenza, PC, Italia",https://www.cremonini.com/en/activities/catering/chef-express/,EUR 10-20,False
2470,Chef Express,Veneto,Venezia,VE,Venezia,Bar/Café,EUR 10-20,3.7,1332,44.31266305,9.92754871,Transport Hub,"Chef Express - Buffet Staz. FS La Spezia Piazzale della Stazione, La Spezia, SP, Italia",https://www.cremonini.com/en/activities/catering/chef-express/,EUR 10-20,False
2471,Chef Express,Trentino-Alto Adige,Bolzano,BZ,Bolzano,Bar/Café,,1.0,1,46.4969018,11.3591408,Transport Hub,"Chef Express - Buffet Staz. FS Bolzano Piazza della Stazione, 12, Bolzano, BZ, Italia",https://www.cremonini.com/en/activities/catering/chef-express/,EUR 1-10,True
2472,Chef Express,Veneto,Belluno,BL,Santa Giustina,Bar/Café,EUR 1-10,4.5,197,46.078156,12.0429374,Transport Hub,"Chef Express - Buffet Staz. FS Belluno Piazza Stazione, 1, Santa Giustina, Belluno, Italia",https://www.cremonini.com/en/activities/catering/chef-express/,EUR 1-10,False
2473,Chef Express,Veneto,Venezia,VE,Venezia,Bar/Café,,3.3,111,45.4823433,12.2321895,Transport Hub,"Chef Express - Buffet Staz. FS Mestre Piazzale Pietro Favretti, Venezia, VE, Italia",https://www.cremonini.com/en/activities/catering/chef-express/,EUR 1-10,True
2474,Chef Express,Emilia-Romagna,Ferrara,FE,Ferrara,Bar/Café,EUR 1-10,4.1,67,44.8430022,11.604125,Transport Hub,"Chef Express - Buffet Staz. FS Ferrara Piazzale della Stazione, 8, Ferrara, FE, Italia",https://www.cremonini.com/en/activities/catering/chef-express/,EUR 1-10,False
2475,Chef Express,Emilia-Romagna,Reggio Emilia,RE,Reggio Emilia,Bar/Café,EUR 1-10,3.3,215,44.697674,10.642574,Transport Hub,"Chef Express - Buffet Staz. FS Reggio Emilia Piazzale Guglielmo Marconi, 6a, Reggio Emilia, RE, Italia",https://www.cremonini.com/en/activities/catering/chef-express/,EUR 1-10,False
2476,Chef Express,Emilia-Romagna,Modena,MO,Modena,Bar/Café,,2.9,27,44.654246,10.930848,Transport Hub,"Chef Express - Buffet Staz. FS Modena Piazza Dante Alighieri, 19, Modena, MO, Italia",https://www.cremonini.com/en/activities/catering/chef-express/,EUR 1-10,True
2477,Chef Express,Emilia-Romagna,Bologna,BO,Bologna,Bar/Café,EUR 1-10,3.3,248,44.5068738,11.3431032,Transport Hub,"Chef Express - Buffet Staz. FS Bologna Piazza delle Medaglie d'Oro, Bologna, BO, Italia",https://www.cremonini.com/en/activities/catering/chef-express/,EUR 1-10,False
2478,Chef Express,Emilia-Romagna,Ravenna,RA,Faenza,Bar/Café,EUR 1-10,2.3,24,44.29297061,11.88254715,Transport Hub,"Chef Express - Buffet Staz. FS Faenza Piazza Cesare Battisti, Faenza, RA, Italia",https://www.cremonini.com/en/activities/catering/chef-express/,EUR 1-10,False
2479,Chef Express,Emilia-Romagna,Ravenna,RA,Ravenna,Bar/Café,EUR 1-10,4.0,3038,44.22507081,8.359795465,Transport Hub,"Chef Express - Buffet Staz. FS Ravenna Piazza Farini D. A., Russi, Ravenna, Italia",https://www.cremonini.com/en/activities/catering/chef-express/,EUR 1-10,False
2480,Chef Express,Emilia-Romagna,Forlì-Cesena,FC,Cesena,Bar/Café,EUR 1-10,3.9,26,44.1451948,12.2500117,Transport Hub,"Chef Express - Buffet Staz. FS Cesena Piazza Sanguinetti, Cesena, FC, Italia",https://www.cremonini.com/en/activities/catering/chef-express/,EUR 1-10,False
2481,Chef Express,Marche,Fermo,FM,Fermo,Bar/Café,EUR 1-10,3.8,846,43.2855974,13.7219918,Transport Hub,"Chef Express - Buffet Staz. FS Macerata Piazza XXV Aprile, 11, Macerata, MC, Italia",https://www.cremonini.com/en/activities/catering/chef-express/,EUR 1-10,False
2482,Chef Express,Toscana,Pisa,PI,Pisa,Bar/Café,EUR 10-20,1.7,43,43.69824638,10.40030965,Transport Hub,"Chef Express - Buffet Staz. FS Pisa Pisa Centrale, Piazza della Stazione, Pisa, PI, Italia",https://www.cremonini.com/en/activities/catering/chef-express/,EUR 10-20,False
2483,Chef Express,Toscana,Firenze,FI,Empoli,Bar/Café,EUR 10-20,4.4,201,43.7159941,10.948367,Transport Hub,"Chef Express - Buffet Staz. FS Empoli Piazza Don Minzoni, Empoli, FI, Italia",https://www.cremonini.com/en/activities/catering/chef-express/,EUR 10-20,False
2484,Chef Express,Toscana,Prato,PO,Prato,Bar/Café,EUR 1-10,3.6,4134,43.83537637,11.16003389,Transport Hub,"Chef Express - Buffet Staz. FS Prato Prato Centrale, Piazza Stazione Centrale, Prato, PO, Italia",https://www.cremonini.com/en/activities/catering/chef-express/,EUR 1-10,False
2485,Chef Express,Toscana,Arezzo,AR,Arezzo,Bar/Café,EUR 1-10,4.7,839,43.4617194,11.8767312,Transport Hub,"Chef Express - Buffet Staz. FS Arezzo Piazzale della Repubblica, 18, Arezzo, Italia",https://www.cremonini.com/en/activities/catering/chef-express/,EUR 1-10,False
2486,Chef Express,Toscana,Grosseto,GR,Grosseto,Bar/Café,EUR 1-10,3.7,31,42.767655,11.106556,Transport Hub,"Chef Express - Buffet Staz. FS Grosset Piazza Guglielmo Marconi, 7/A, Grosseto, GR, Italia",https://www.cremonini.com/en/activities/catering/chef-express/,EUR 1-10,False
2487,Chef Express,Lazio,Roma,RM,Roma,Bar/Café,EUR 1-10,2.5,41,41.9093708,12.5281001,Transport Hub,"Chef Express - Buffet Staz. FS Roma Tiburtina Stazione Tiburtina, Piazzale della Stazione Tiburtina, Roma, RM, Italia",https://www.cremonini.com/en/activities/catering/chef-express/,EUR 1-10,False
2488,Chef Express,Emilia-Romagna,Modena,MO,Modena,Bar/Café,EUR 1-10,3.9,300,44.6354503,10.94274,Transport Hub,"Chef Express - Buffet Staz. FS Foggia Piazza Vittorio Veneto, Foggia, FG, Italia",https://www.cremonini.com/en/activities/catering/chef-express/,EUR 1-10,False
2489,Chef Express,Campania,Napoli,NA,Afragola,Bar/Café,EUR 1-10,3.3,35,40.9272698,14.3157998,Transport Hub,"Chef Express Buffet Staz. Napoli Afragola Stazione Napoli Afragola AV, Via Arena, Afragola, NA, Italia",https://www.cremonini.com/en/activities/catering/chef-express/,EUR 1-10,False
2490,Chef Express,Campania,Napoli,NA,Napoli,Bar/Café,EUR 1-10,2.6,21,40.85171567,14.27235757,Transport Hub,"Chef Express - Buffet Staz. FS Napoli Centrale Piazza Garibaldi, Napoli, NA, Italia",https://www.cremonini.com/en/activities/catering/chef-express/,EUR 1-10,False
2491,Chef Express,Campania,Salerno,SA,Salerno,Bar/Café,EUR 1-10,3.1,29,40.675073,14.772521,Transport Hub,"Chef Express - Buffet Staz. FS Salerno Piazza Vittorio Veneto, Salerno, SA, Italia",https://www.cremonini.com/en/activities/catering/chef-express/,EUR 1-10,False
2492,Chef Express,Sicilia,Messina,ME,Messina,Bar/Café,EUR 1-10,2.9,31,38.185296,15.560717,Transport Hub,"Chef Express - Buffet Staz. FS Messina Piazza della Repubblica, Messina, ME, Italia",https://www.cremonini.com/en/activities/catering/chef-express/,EUR 1-10,False
2493,Chef Express,Sicilia,Palermo,PA,Palermo,Bar/Café,EUR 1-10,3.4,65,38.1097713,13.3672406,Transport Hub,"Chef Express - Buffet Staz. FS Palermo Piazza Giulio Cesare, Palermo, PA, Italia",https://www.cremonini.com/en/activities/catering/chef-express/,EUR 1-10,False
2494,Chef Express,Piemonte,Asti,AT,Villanova,Bar/Café,EUR 1-10,3.7,1693,44.9506421,7.9510224,Service Area,"Chef Express - Villanova Nord Chef Express - Villanova Nord 48, A21, Villanova, AT, Italia",https://www.cremonini.com/en/activities/catering/chef-express/,EUR 1-10,False
2495,Chef Express,Piemonte,Alessandria,AL,Castelnuovo Scrivia,Bar/Café,EUR 10-20,3.6,460,44.93343144,8.853318719,Service Area,"Chef Express - Castelnuovo Scrivia Est Chef Express - Castelnuovo Scrivia Est 52, Autostrada dei Giovi, Castelnuovo Scrivia, AL, Italia",https://www.cremonini.com/en/activities/catering/chef-express/,EUR 10-20,False
2496,Chef Express,Piemonte,Alessandria,AL,Castelnuovo Scrivia,Bar/Café,EUR 1-10,3.2,93,44.93413476,8.852019338,Service Area,"Chef Express Castenuovo Scrivia Ovest Chef Express - Castelnuovo Scrivia Ovest 35, Castelnuovo Scrivia, AL, Italia",https://www.cremonini.com/en/activities/catering/chef-express/,EUR 1-10,False
2497,Chef Express,Piemonte,Alessandria,AL,Occimiano,Bar/Café,EUR 1-10,3.7,1778,45.0739136,8.5093299,Service Area,"Chef Express - Monferrato Ovest Chef Express - Monferrato Ovest 47, Occimiano, AL, Italia",https://www.cremonini.com/en/activities/catering/chef-express/,EUR 1-10,False
2498,Chef Express,Piemonte,Vercelli,VC,Villarboit,Bar/Café,EUR 1-10,3.8,4327,45.4552565,8.3470559,Service Area,"Chef Express Villarboit Sud Chef Express - Villarboit Sud 30, AdS Villarboit Sud, Villarboit, VC, Italia",https://www.cremonini.com/en/activities/catering/chef-express/,EUR 1-10,False
2499,Chef Express,Piemonte,Novara,NO,Novara,Bar/Café,EUR 1-10,3.8,12006,45.46880901,8.657046551,Service Area,"Chef Express - Novara Ponte Chef Express - Novara Ponte 1, Novara, NO, Italia",https://www.cremonini.com/en/activities/catering/chef-express/,EUR 1-10,False
2500,Chef Express,Piemonte,Novara,NO,Cressa,Bar/Café,EUR 1-10,3.7,1815,45.66167145,8.500473328,Service Area,"Chef Express Agogna Ovest Chef Express - Agogna Ovest 7, Cressa, NO, Italia",https://www.cremonini.com/en/activities/catering/chef-express/,EUR 1-10,False
2501,Chef Express,Piemonte,Novara,NO,Cressa,Bar/Café,EUR 1-10,3.8,3029,45.66010301,8.500918792,Service Area,"Chef Express Agogna Est Chef Express - Agogna Est 6, Cressa, NO, Italia",https://www.cremonini.com/en/activities/catering/chef-express/,EUR 1-10,False
2502,Chef Express,Lombardia,Milano,MI,Rozzano,Bar/Café,EUR 1-10,3.9,163,45.391495,9.1893509,Service Area,"Chef Express Rozzano Est Chef Express - Rozzano Est 38, A50 Tangenziale Ovest di Milano, Rozzano, MI, Italia",https://www.cremonini.com/en/activities/catering/chef-express/,EUR 1-10,False
2503,Chef Express,Lombardia,Milano,MI,Milano,Bar/Café,EUR 10-20,3.0,76,45.4457389,9.0750552,Service Area,"Chef Express Muggiano Chef Express - Muggiano Est 37, Milano, MI, Italia",https://www.cremonini.com/en/activities/catering/chef-express/,EUR 10-20,False
2504,Chef Express,Lombardia,Milano,MI,Rho,Bar/Café,EUR 1-10,3.8,3735,45.5093351,9.0389264,Service Area,"Chef Express Rho Chef Express - Rho Sud 40, Rho, MI, Italia",https://www.cremonini.com/en/activities/catering/chef-express/,EUR 1-10,False
2505,Chef Express,Lombardia,Milano,MI,Cinisello Balsamo,Bar/Café,EUR 1-10,3.5,261,45.5708636,9.1985999,Service Area,"Chef Express Cinisello Nord Chef Express - Cinisello Nord 33, Cinisello Balsamo, MI, Italia",https://www.cremonini.com/en/activities/catering/chef-express/,EUR 1-10,False
2506,Chef Express,Lombardia,Milano,MI,Paderno Dugnano,Bar/Café,EUR 1-10,3.6,96,45.5890519,9.1732139,Service Area,"Chef Express Paderno Panella - Paderno Dugnano, Paderno Dugnano, MI, Italia",https://www.cremonini.com/en/activities/catering/chef-express/,EUR 1-10,False
2507,Chef Express,Lombardia,Bergamo,BG,Caravaggio,Bar/Café,EUR 1-10,3.8,2326,45.5117412,9.6349531,Service Area,"Chef Express Adda Nord Chef Express - Adda Nord 69, Caravaggio, BG, Italia",https://www.cremonini.com/en/activities/catering/chef-express/,EUR 1-10,False
2508,Chef Express,Lombardia,Brescia,BS,Rezzato,Bar/Café,EUR 1-10,3.7,7487,45.48771256,10.30183462,Service Area,"Chef Express San Giacomo Nord Chef Express - San Giacomo Nord 12, Rezzato, BS, Italia",https://www.cremonini.com/en/activities/catering/chef-express/,EUR 1-10,False
2509,Chef Express,Lombardia,Brescia,BS,Rezzato,Bar/Café,EUR 1-10,3.6,1731,45.48505009,10.30852515,Service Area,"Chef Express San Giacomo Sud Chef Express - San Giacomo Sud 4, A4, AdS San Giacomo Sud, Rezzato, BS, Italia",https://www.cremonini.com/en/activities/catering/chef-express/,EUR 1-10,False
2510,Chef Express,Lombardia,Brescia,BS,Calcinato,Bar/Café,EUR 1-10,3.6,3390,45.4708388,10.3751147,Service Area,"Chef Express Campagnola Ovest Chef Express - Campagnola Ovest 11, A4 Torino - Trieste, Calcinato, BS, Italia",https://www.cremonini.com/en/activities/catering/chef-express/,EUR 1-10,False
2511,Chef Express,Veneto,Verona,VR,Sommacampagna,Bar/Café,EUR 1-10,3.9,1870,45.4176239,10.8265828,Service Area,"Chef Express - Val di Sona Ovest Chef Express - Val di Sona Ovest 28, A4 Torino - Trieste, Sommacampagna, VR, Italia",https://www.cremonini.com/en/activities/catering/chef-express/,EUR 1-10,False
2512,Chef Express,Veneto,Verona,VR,San Bonifacio,Bar/Café,EUR 1-10,3.9,1151,45.4081796,11.2672114,Service Area,"Chef Express San Lorenzo Est Chef Express - San Lorenzo Est 45, A4 Torino - Trieste, San Bonifacio, VR, Italia",https://www.cremonini.com/en/activities/catering/chef-express/,EUR 1-10,False
2513,Chef Express,Veneto,Treviso,TV,Casale sul Sile,Bar/Café,EUR 1-10,3.9,946,45.6081762,12.2989068,Service Area,"Chef Express Sile Est Chef Express - Sile Est 51, A27, Casale sul Sile, TV, Italia",https://www.cremonini.com/en/activities/catering/chef-express/,EUR 1-10,False
2514,Chef Express,Veneto,Treviso,TV,Cessalto,Bar/Café,EUR 10-20,3.9,2291,45.7032404,12.6042467,Service Area,"Chef Express - Calstorta Sud Chef Express - Calstorta Sud 49, Cessalto, TV, Italia",https://www.cremonini.com/en/activities/catering/chef-express/,EUR 10-20,False
2515,Chef Express,Veneto,Venezia,VE,Fossalta di Portogruaro,Bar/Café,EUR 1-10,3.9,219,45.80400766,12.88733077,Service Area,"Chef Express Fratta Sud Chef Express - Fratta Sud 19, A4 Torino - Trieste, Fossalta di Portogruaro, VE, Italia",https://www.cremonini.com/en/activities/catering/chef-express/,EUR 1-10,False
2516,Chef Express,Veneto,Venezia,VE,Fossalta di Portogruaro,Bar/Café,EUR 10-20,4.0,11508,45.805133,12.8813655,Service Area,"Chef Express Fratta Nord Chef Express - Fratta Nord 20, Fratta, VE, Italia",https://www.cremonini.com/en/activities/catering/chef-express/,EUR 10-20,False
2517,Chef Express,Friuli-Venezia Giulia,Udine,UD,Gonars,Bar/Café,EUR 1-10,4.0,3716,45.8836547,13.2599985,Service Area,"Chef Express Gonars Nord Chef Express - Gonars Nord 21, A4 Torino - Trieste, Gonars, UD, Italia",https://www.cremonini.com/en/activities/catering/chef-express/,EUR 1-10,False
2518,Chef Express,Emilia-Romagna,Parma,PR,San Martino Ovest,Bar/Café,EUR 1-10,3.5,12475,44.8262694,10.3780033,Service Area,"Chef Express - San Martino Ovest Chef Express - San Martino Ovest 36, San Martino, PR, Italia",https://www.cremonini.com/en/activities/catering/chef-express/,EUR 1-10,False
2519,Chef Express,Emilia-Romagna,Modena,MO,Campogalliano,Bar/Café,EUR 1-10,3.7,6049,44.7033365,10.8474713,Service Area,"Chef Express Campogalliano Chef Express - Campogalliano Ovest 32, A22, Campogalliano, MO, Italia",https://www.cremonini.com/en/activities/catering/chef-express/,EUR 1-10,False
2520,Chef Express,Emilia-Romagna,Bologna,BO,Bologna,Bar/Café,EUR 1-10,3.6,2519,44.5196145,11.2143852,Service Area,"Chef Express - La Pioppa Est Chef Express - La Pioppa Est 10, Bologna, BO, Italia",https://www.cremonini.com/en/activities/catering/chef-express/,EUR 1-10,False
2521,Chef Express,Emilia-Romagna,Ravenna,RA,Solarolo,Bar/Café,EUR 1-10,3.6,7308,44.341979,11.846762,Service Area,"Chef Express - Santerno Ovest Chef Express - Santerno Ovest 15, Autostrada Adriatica, Solarolo, RA, Italia",https://www.cremonini.com/en/activities/catering/chef-express/,EUR 1-10,False
2522,Chef Express,Emilia-Romagna,Rimini,RN,Riccione,Bar/Café,EUR 1-10,3.7,4118,43.9951454,12.6195222,Service Area,"Chef Express - Montefeltro Est Montefeltro Est, Autostrada Adriatica, Riccione, RN, Italia",https://www.cremonini.com/en/activities/catering/chef-express/,EUR 1-10,False
2523,Chef Express,Marche,Pesaro e Urbino,PU,Pesaro,Bar/Café,EUR 1-10,3.7,2709,43.8937656,12.8796588,Service Area,"Chef Express Foglia Est Chef Express - Foglia Est 44, Autostrada Adriatica, Pesaro, PU, Italia",https://www.cremonini.com/en/activities/catering/chef-express/,EUR 1-10,False
2524,Chef Express,Marche,Fermo,FM,Sant'Elpidio a Mare,Bar/Café,EUR 1-10,3.7,3533,43.2862971,13.7233901,Service Area,"Chef Express - Chienti Est Contrada Morica, Macerata, MC, Italia",https://www.cremonini.com/en/activities/catering/chef-express/,EUR 1-10,False
2525,Chef Express,Marche,Fermo,FM,Sant'Elpidio a Mare,Bar/Café,EUR 1-10,3.8,848,43.28559625,13.7219936,Service Area,"Chef Express - Chienti Ovest Chef Express - Chienti Est 29, Autostrada Adriatica, Sant'Elpidio a Mare, FM, Italia",https://www.cremonini.com/en/activities/catering/chef-express/,EUR 1-10,False
2526,Chef Express,Abruzzo,Teramo,TE,Morro D'oro,Bar/Café,EUR 1-10,3.8,1953,42.6702924,13.9401839,Service Area,"Chef Express Vomano Ovest Chef Express - Vomano Ovest 30, Autostrada Adriatica, Morro D'oro, TE, Italia",https://www.cremonini.com/en/activities/catering/chef-express/,EUR 1-10,False
2527,Chef Express,Toscana,La Spezia,SP,Mulazzo,Bar/Café,EUR 10-20,3.7,1331,44.312665,9.9275481,Service Area,"Chef Express - San Benedetto Est Chef Express - San Benedetto Est 26, Mulazzo, SP, Italia",https://www.cremonini.com/en/activities/catering/chef-express/,EUR 10-20,False
2528,Chef Express,Toscana,Lucca,LU,Marina di Pietrasanta,Bar/Café,EUR 1-10,3.6,3097,43.9288917,10.2243303,Service Area,"Chef Express Versilia Est Chef Express - Versilia Est 31, A12 Autostrada Azzurra, Marina di Pietrasanta, LU, Italia",https://www.cremonini.com/en/activities/catering/chef-express/,EUR 1-10,False
2529,Chef Express,Toscana,Firenze,FI,Limite,Bar/Café,EUR 1-10,3.6,4127,43.8353629,11.160088,Service Area,"Chef Express - Bisenzio Est Chef Express - Bisenzio Est 9, A1, Campi Bisenzio, FI, Italia",https://www.cremonini.com/en/activities/catering/chef-express/,EUR 1-10,False
2530,Chef Express,Toscana,Firenze,FI,Sesto Fiorentino,Bar/Café,EUR 1-10,3.9,1381,43.81913721,11.17403173,Service Area,"Chef Express - Peretola Nord Chef Express - Peretola Nord 25, Autostrada Firenze-Mare, Sesto Fiorentino, FI, Italia",https://www.cremonini.com/en/activities/catering/chef-express/,EUR 1-10,False
2531,Chef Express,Toscana,Pisa,PI,Pontedera,Bar/Café,EUR 1-10,3.5,2185,43.6422695,10.6170206,Service Area,"Chef Express - Valdera Via Valdera, Firenze, FI, Italia",https://www.cremonini.com/en/activities/catering/chef-express/,EUR 1-10,False
2532,Chef Express,Toscana,Firenze,FI,Lastra a Signa,Bar/Café,EUR 1-10,3.3,1065,43.7355046,11.1055041,Service Area,"Chef Express - Lastra a Signa Lastra a Signa, FI, Italia",https://www.cremonini.com/en/activities/catering/chef-express/,EUR 1-10,False
2533,Chef Express,Toscana,Firenze,FI,Prulli di Sotto,Bar/Café,EUR 10-20,3.8,16593,43.6505167,11.4635855,Service Area,"Chef Express - Arno Ovest Chef Express - Arno Ovest 2, A1, Reggello, FI, Italia",https://www.cremonini.com/en/activities/catering/chef-express/,EUR 10-20,False
2534,Chef Express,Toscana,Arezzo,AR,Lucignano,Bar/Café,,3.7,8604,43.2457415,11.7742129,Service Area,"Chef Express - Lucignano Ovest Chef Express - Lucignano Ovest 13, Lucignano, AR, Italia",https://www.cremonini.com/en/activities/catering/chef-express/,EUR 1-10,True
2535,Chef Express,Toscana,Arezzo,AR,Lucignano,Bar/Café,EUR 1-10,3.8,315,43.2467894,11.7749485,Service Area,"Chef Express - Lucignano Est Lucignano Est, Lucignano, AR, Italia",https://www.cremonini.com/en/activities/catering/chef-express/,EUR 1-10,False
2536,Chef Express,Umbria,Terni,TR,Fabro,Bar/Café,EUR 10-20,3.9,12759,42.876265,12.019076,Service Area,"Chef Express - Fabro Est Chef Express - Fabro Est 22, A1, Fabro, TR, Italia",https://www.cremonini.com/en/activities/catering/chef-express/,EUR 10-20,False
2537,Chef Express,Lazio,Viterbo,VT,Civitella d'Agliano,Bar/Café,EUR 1-10,3.7,5511,42.6238823,12.2323192,Service Area,"Chef Express - Tevere Est Chef Express - Tevere Est 17, Civitella D'agliano, VT, Italia",https://www.cremonini.com/en/activities/catering/chef-express/,EUR 1-10,False
2538,Chef Express,Lazio,Roma,RM,Fiano Romano,Bar/Café,EUR 1-10,3.7,2869,42.1351916,12.6030132,Service Area,"Chef Express Feronia Ponte Chef Express - Feronia Ponte 5, A1 Diramazione Roma Nord, Fiano Romano, RM, Italia",https://www.cremonini.com/en/activities/catering/chef-express/,EUR 1-10,False
2539,Chef Express,Lazio,Roma,RM,Tolfa,Bar/Café,EUR 1-10,3.8,1066,42.0293235,11.9627374,Service Area,"Chef Express Tirreno Ovest Chef Express - Tirreno Ovest 41, Tolfa, RM, Italia",https://www.cremonini.com/en/activities/catering/chef-express/,EUR 1-10,False
2540,Chef Express,Lazio,Roma,RM,Roma,Bar/Café,EUR 1-10,3.7,488,41.8492061,12.6071223,Service Area,"Chef Express - Tuscolana Ovest Area di Servizio Tuscolana Ovest, A1 Diramazione Roma Sud, Roma, RM, Italia",https://www.cremonini.com/en/activities/catering/chef-express/,EUR 1-10,False
2541,Chef Express,Lazio,Roma,RM,Roma,Bar/Café,EUR 1-10,3.8,959,41.7938314,12.5177827,Service Area,"Chef Express - Ardeatina Esterna Eni Ardeatina Esterna, Roma, RM, Italia",https://www.cremonini.com/en/activities/catering/chef-express/,EUR 1-10,False
2542,Autogrill,Umbria,Terni,TR,Acquasparta,Bar/Café,EUR 1-10,3.9,1281,42.6759958,12.5529053,Service Area,"Acquasparta (TR), SS E45, Km 13+250, 05021 Acquasparta TR, Italy",https://www.autogrill.it/wp-content/uploads/2023/08/LOCALI-AUTOGRILL-6.pdf,EUR 1-10,False
2543,Autogrill,Sicilia,Messina,ME,Messina,Bar/Café,EUR 1-10,4.0,2574,38.053448,14.602385,Service Area,"Acquedolci Sud, A18 Messina - Catania, 98035 Messina ME, Italy",https://www.autogrill.it/wp-content/uploads/2023/08/LOCALI-AUTOGRILL-6.pdf,EUR 1-10,False
2544,Autogrill,Lombardia,Bergamo,BG,Caravaggio,Bar/Café,EUR 1-10,3.6,2290,45.5105629,9.6358279,Service Area,"Adda Sud, A35, 24043 Caravaggio BG, Italy",https://www.autogrill.it/wp-content/uploads/2023/08/LOCALI-AUTOGRILL-6.pdf,EUR 1-10,False
2545,Autogrill,Veneto,Verona,VR,Brentino Belluno,Bar/Café,EUR 1-10,3.9,2064,45.69514211,10.91672087,Service Area,"Adige Brennero Est, Adige Brennero Est A22, A22 km 187, 080, 37020 Brentino VR, Italy",https://www.autogrill.it/wp-content/uploads/2023/08/LOCALI-AUTOGRILL-6.pdf,EUR 1-10,False
2546,Autogrill,Veneto,Verona,VR,Brentino Belluno,Bar/Café,EUR 1-10,4.0,4178,45.69303233,10.91207796,Service Area,"Adige Brennero Ovest, Adige Brennero Ovest A22 Brennero - Verona Km 187, 37020 Brentino Belluno VR, Italy",https://www.autogrill.it/wp-content/uploads/2023/08/LOCALI-AUTOGRILL-6.pdf,EUR 1-10,False
2547,Autogrill,Veneto,Rovigo,RO,Costa di Rovigo,Bar/Café,EUR 1-10,3.9,3975,45.04135296,11.71093756,Service Area,"Adige Est, A13 Bologna - Padova, 45023 Costa di Rovigo RO, Italy",https://www.autogrill.it/wp-content/uploads/2023/08/LOCALI-AUTOGRILL-6.pdf,EUR 1-10,False
2548,Autogrill,Emilia-Romagna,Ferrara,FE,Ferrara,Bar/Café,EUR 1-10,3.8,10196,44.87971908,11.56911309,Service Area,"Adige Ovest Oil, A13 Bologna - Padova, 44124 Ferrara FE, Italy",https://www.autogrill.it/wp-content/uploads/2023/08/LOCALI-AUTOGRILL-6.pdf,EUR 1-10,False
2549,Autogrill,Lombardia,Bergamo,BG,Orio al Serio,Bar/Café,EUR 1-10,3.3,62,45.6643338,9.6964871,Transport Hub,"Aeroporto Bergamo Orioal Serio, Via Portico, 60, 24050 Orio al Serio BG, Italy",https://www.autogrill.it/wp-content/uploads/2023/08/LOCALI-AUTOGRILL-6.pdf,EUR 1-10,False
2550,Autogrill,Emilia-Romagna,Bologna,BO,Bologna,Bar/Café,,4.2,791,44.5286204,11.2940571,Transport Hub,"Aeroporto Bologna - Marconi, Via del Triumvirato, 26, 40132 Bologna BO, Italy",https://www.autogrill.it/wp-content/uploads/2023/08/LOCALI-AUTOGRILL-6.pdf,EUR 1-10,True
2551,Autogrill,Puglia,Brindisi,BR,Brindisi,Bar/Café,EUR 10-20,3.6,168,40.6577451,17.9384825,Transport Hub,"Aeroporto Brindisi Casale, Contrada Baroncino, 72100 Brindisi BR, Italy",https://www.autogrill.it/wp-content/uploads/2023/08/LOCALI-AUTOGRILL-6.pdf,EUR 10-20,False
2552,Autogrill,Lombardia,Varese,VA,Ferno,Bar/Café,EUR 1-10,3.1,77,45.6272138,8.7132227,Transport Hub,"Aeroporto Milano Malpensa T1, Milano Malpensa Airport, Terminal 1 - Stazione, 21010 Ferno VA, Italy",https://www.autogrill.it/wp-content/uploads/2023/08/LOCALI-AUTOGRILL-6.pdf,EUR 1-10,False
2553,Autogrill,Sicilia,Palermo,PA,Punta Raisi,Bar/Café,EUR 1-10,2.0,238,38.1867669,13.1060045,Transport Hub,"Aeroporto Palermo Punta Raisi, Aereoporto Falcone E Borsellino LocalitÃ , 90045 Punta Raisi PA, Italy",https://www.autogrill.it/wp-content/uploads/2023/08/LOCALI-AUTOGRILL-6.pdf,EUR 1-10,False
2554,Autogrill,Piemonte,Torino,TO,Caselle Torinese,Bar/Café,EUR 1-10,3.6,18,45.1914386,7.6431375,Transport Hub,"Aeroporto Torino Caselle, Str. S. Maurizio, 9-12, 10072 Caselle Torinese TO, Italy",https://www.autogrill.it/wp-content/uploads/2023/08/LOCALI-AUTOGRILL-6.pdf,EUR 1-10,False
2555,Autogrill,Veneto,Verona,VR,Nogarole Rocca,Bar/Café,EUR 1-10,3.8,1165,45.55232786,10.78562586,Service Area,"Affi, Autostrada A22 Brennero, 37060 Nogarole Rocca VR, Italy",https://www.autogrill.it/wp-content/uploads/2023/08/LOCALI-AUTOGRILL-6.pdf,EUR 1-10,False
2556,Autogrill,Abruzzo,Chieti,CH,Fracavilla al Mare,Bar/Café,EUR 1-10,3.2,332,42.38830176,14.28920007,Service Area,Alento Est Oil,https://www.autogrill.it/wp-content/uploads/2023/08/LOCALI-AUTOGRILL-6.pdf,EUR 1-10,False
2557,Autogrill,Campania,Salerno,SA,San Mango Piemonte,Bar/Café,EUR 1-10,3.5,6133,40.7333175,14.6792441,Service Area,"Alfaterna Est, A2, A2, 84090 San Mango Piemonte SA, Italy",https://www.autogrill.it/wp-content/uploads/2023/08/LOCALI-AUTOGRILL-6.pdf,EUR 1-10,False
2558,Autogrill,Campania,Napoli,NA,Torre Annunziata,Bar/Café,EUR 1-10,3.2,729,40.7327629,14.6788704,Service Area,"Alfaterna Ovest, A3 Napoli - Salerno Dir. Salerno Km 20, 80058 Torre Annunziata NA, Italy",https://www.autogrill.it/wp-content/uploads/2023/08/LOCALI-AUTOGRILL-6.pdf,EUR 1-10,False
2559,Autogrill,Emilia-Romagna,Modena,MO,Modena,Bar/Café,EUR 1-10,3.8,26422,44.9626266,9.9080744,Service Area,"Arda, A1, Milano - Bologna, 41123 Modena MO, Italy",https://www.autogrill.it/wp-content/uploads/2023/08/LOCALI-AUTOGRILL-6.pdf,EUR 1-10,False
2560,Autogrill,Toscana,Firenze,FI,Firenze,Bar/Café,EUR 1-10,3.9,9433,43.5829419,11.5221387,Service Area,"Arno Est, A1, 50012 Firenze FI, Italy",https://www.autogrill.it/wp-content/uploads/2023/08/LOCALI-AUTOGRILL-6.pdf,EUR 1-10,False
2561,Autogrill,Lazio,Roma,RM,Tolfa,Bar/Café,EUR 1-10,3.9,2468,41.873268,12.2521365,Service Area,"Arrone Ovest Oil, Autostrada Civitavecchia, 00059 Tolfa RM, Italy",https://www.autogrill.it/wp-content/uploads/2023/08/LOCALI-AUTOGRILL-6.pdf,EUR 1-10,False
2562,Autogrill,Lombardia,Milano,MI,Assago,Bar/Café,EUR 10-20,3.8,81,45.40377041,9.15170129,Shopping Mall,"Assago Carrefour Cioccolatitaliani, V.le Milanofiori, 1, 20057 Assago MI, Italy",https://www.autogrill.it/wp-content/uploads/2023/08/LOCALI-AUTOGRILL-6.pdf,EUR 10-20,False
2563,Autogrill,Lombardia,Milano,MI,Rozzano,Bar/Café,EUR 1-10,3.7,2044,45.40098,9.1219615,Service Area,"Assago Ovest, A50 Tangenziale Ovest di Milano, 20089 Rozzano MI, Italy",https://www.autogrill.it/wp-content/uploads/2023/08/LOCALI-AUTOGRILL-6.pdf,EUR 1-10,False
2564,Autogrill,Piemonte,Asti,AT,Asti,Bar/Café,EUR 1-10,3.7,276,44.9071205,8.2615065,Service Area,"Asti Est, Corso Alessandria, 562, 14100 Asti AT, Italy",https://www.autogrill.it/wp-content/uploads/2023/08/LOCALI-AUTOGRILL-6.pdf,EUR 1-10,False
2565,Autogrill,Liguria,Savona,SV,Varazze,Bar/Café,EUR 1-10,3.7,8007,44.28735065,8.44088539,Service Area,"Aurelia Sud, A10 Genova-Ventimiglia, km 26, 17019 Varazze SV, Italy",https://www.autogrill.it/wp-content/uploads/2023/08/LOCALI-AUTOGRILL-6.pdf,EUR 1-10,False
2566,Autogrill,Toscana,Firenze,FI,Firenze,Bar/Café,EUR 1-10,3.7,8387,43.40520962,11.76353771,Service Area,"Badia al Pino Est, A1 km. 362, 52040 Civitella in Val di Chiana AR, Italy",https://www.autogrill.it/wp-content/uploads/2023/08/LOCALI-AUTOGRILL-6.pdf,EUR 1-10,False
2567,Autogrill,Toscana,Firenze,FI,Firenze,Bar/Café,EUR 1-10,4.0,4242,43.40778662,11.76240535,Service Area,"Badia al Pino Ovest, A1 km 362, 52041 Civitella in Val di Chiana AR, Italy",https://www.autogrill.it/wp-content/uploads/2023/08/LOCALI-AUTOGRILL-6.pdf,EUR 1-10,False
2568,Autogrill,Sicilia,Siracusa,SR,Priolo Gargallo,Bar/Café,EUR 1-10,3.7,891,37.1715955,15.159222,Service Area,"Bagali Est, SS114 kM 139+400, Autostrada Catania - Siracusa, 114, 96010 Priolo Gargallo SR, Italy",https://www.autogrill.it/wp-content/uploads/2023/08/LOCALI-AUTOGRILL-6.pdf,EUR 1-10,False
2569,Autogrill,Campania,Salerno,SA,Baronissi,Bar/Café,,4.0,2911,40.7479759,14.7869731,Service Area,"Baronissi Ovest, Racccordo autostradale SA-AV E841 - KM 6+048, 84081 Baronissi SA, Italy",https://www.autogrill.it/wp-content/uploads/2023/08/LOCALI-AUTOGRILL-6.pdf,EUR 1-10,True
2570,Autogrill,Veneto,Venezia,VE,Verona,Bar/Café,EUR 10-20,2.7,33,45.52548982,12.25976904,Service Area,"A4 Torino - Trieste, 30174 Verona, VE, Italy",https://www.autogrill.it/wp-content/uploads/2023/08/LOCALI-AUTOGRILL-6.pdf,EUR 10-20,False
2571,Autogrill,Emilia-Romagna,Ferrara,FE,Ferrara,Bar/Café,EUR 1-10,3.8,10196,44.6222829,11.4190415,Service Area,"Bentivoglio Ovest Oil, A13 Bologna - Padova, 44124 Ferrara FE, Italy",https://www.autogrill.it/wp-content/uploads/2023/08/LOCALI-AUTOGRILL-6.pdf,EUR 1-10,False
2572,Autogrill,Piemonte,Alessandria,AL,Serravalle Scrivia,Bar/Café,EUR 1-10,3.5,4615,44.76055919,8.83840929,Service Area,"Bettole di Novi Est, A7, 15067 Serravalle Scrivia AL, Italy",https://www.autogrill.it/wp-content/uploads/2023/08/LOCALI-AUTOGRILL-6.pdf,EUR 1-10,False
2573,Autogrill,Piemonte,Alessandria,AL,Serravalle Scrivia,Bar/Café,EUR 1-10,3.5,3384,44.76064555,8.83693305,Service Area,"Bettole di Novi Ligure Ovest, A7 Milano, 15067 Serravalle Scrivia AL, Italy",https://www.autogrill.it/wp-content/uploads/2023/08/LOCALI-AUTOGRILL-6.pdf,EUR 1-10,False
2574,Autogrill,Emilia-Romagna,Bologna,BO,Ancona,Bar/Café,EUR 1-10,3.8,7626,44.21792071,12.1777883,Service Area,"Bevano Est, Bevano Est Autostrada A14 Bologna, 40024 Ancona BO, Italy",https://www.autogrill.it/wp-content/uploads/2023/08/LOCALI-AUTOGRILL-6.pdf,EUR 1-10,False
2575,Autogrill,Emilia-Romagna,Bologna,BO,Ancona,Bar/Café,EUR 1-10,3.9,10707,44.21703136,12.17554274,Service Area,"Bevano Ovest, Bevano Ovest Autostrada A14 Bologna, 40024 Ancona BO, Italy",https://www.autogrill.it/wp-content/uploads/2023/08/LOCALI-AUTOGRILL-6.pdf,EUR 1-10,False
2576,Autogrill,Lombardia,Milano,MI,Milano,Bar/Café,EUR 1-10,3.7,2752,45.48548269,9.20455491,Transport Hub,"Bistrot Milano Centrale, Piazza Duca d'Aosta, 20124 Milano MI, Italy",https://www.autogrill.it/wp-content/uploads/2023/08/LOCALI-AUTOGRILL-6.pdf,EUR 1-10,False
2577,Autogrill,Trentino-Alto Adige,Bolzano,BZ,Vadena,Bar/Café,EUR 1-10,3.8,7633,46.386091,11.2943749,Service Area,"Bolzano ""Subito 54"" (Franchising), Autostrada del Brennero, 39051 Vadena BZ, Italy",https://www.autogrill.it/wp-content/uploads/2023/08/LOCALI-AUTOGRILL-6.pdf,EUR 1-10,False
2578,Autogrill,Liguria,Savona,SV,Varazze,Bar/Café,EUR 1-10,3.8,243,43.79913721,7.69102822,Service Area,"Bordighera Nord Oil, Autostrada dei Fiori, direzione Francia, A10, 18012 Bordighera IM, Italy",https://www.autogrill.it/wp-content/uploads/2023/08/LOCALI-AUTOGRILL-6.pdf,EUR 1-10,False
2579,Autogrill,Liguria,Savona,SV,Varazze,Bar/Café,EUR 1-10,3.9,2756,43.79785461,7.69103358,Service Area,"Bordighera Sud, A10 Genova-Ventimiglia, km 26, 17019 Varazze SV, Italy",https://www.autogrill.it/wp-content/uploads/2023/08/LOCALI-AUTOGRILL-6.pdf,EUR 1-10,False
2580,Autogrill,Piemonte,Alessandria,AL,Belforte Monferrato,Bar/Café,EUR 1-10,3.8,7345,44.8191179,8.5952863,Service Area,"Bormida Est, A26, 15070 Belforte Monferrato AL, Italy",https://www.autogrill.it/wp-content/uploads/2023/08/LOCALI-AUTOGRILL-6.pdf,EUR 1-10,False
2581,Autogrill,Lombardia,Bergamo,BG,Osio Sopra,Bar/Café,EUR 1-10,3.9,19880,45.63241892,9.59868743,Service Area,"Brembo Nord, Brembo Nord A4 Torino - Trieste, 24040 Osio Sopra BG, Italy",https://www.autogrill.it/wp-content/uploads/2023/08/LOCALI-AUTOGRILL-6.pdf,EUR 1-10,False
2582,Autogrill,Lombardia,Bergamo,BG,Osio Sopra,Bar/Café,EUR 1-10,4.0,1510,45.63178401,9.59937899,Service Area,"Brembo Sud, Brembo Sud A4 Torino - Trieste, 24040 Osio Sopra BG, Italy",https://www.autogrill.it/wp-content/uploads/2023/08/LOCALI-AUTOGRILL-6.pdf,EUR 1-10,False
2583,Autogrill,Lombardia,Brescia,BS,Erbusco,Bar/Café,EUR 1-10,3.9,10968,45.57531359,9.3929877,Service Area,"Brianza Nord, Brianza Nord A4 Torino - Trieste dir. Milano km 197, 25030 Erbusco BS, Italy",https://www.autogrill.it/wp-content/uploads/2023/08/LOCALI-AUTOGRILL-6.pdf,EUR 1-10,False
2584,Autogrill,Lombardia,Bergamo,BG,Osio Sopra,Bar/Café,EUR 1-10,3.8,12713,45.57393531,9.39258679,Service Area,"Brianza Sud, Brianza Sud A4 Torino - Trieste, 24040 Osio Sopra BG, Italy",https://www.autogrill.it/wp-content/uploads/2023/08/LOCALI-AUTOGRILL-6.pdf,EUR 1-10,False
2585,Autogrill,Lombardia,Varese,VA,Varese,Bar/Café,EUR 1-10,3.9,764,45.76243863,8.81148925,Service Area,"Brughiera Est Oil, Brughiera Est Oil A8, 21040 Varese VA, Italy",https://www.autogrill.it/wp-content/uploads/2023/08/LOCALI-AUTOGRILL-6.pdf,EUR 1-10,False
2586,Autogrill,Lombardia,Varese,VA,Varese,Bar/Café,EUR 1-10,3.8,4241,45.762639,8.80928733,Service Area,"Brughiera Ovest, Brughiera Ovest A8, 21040 Varese VA, Italy",https://www.autogrill.it/wp-content/uploads/2023/08/LOCALI-AUTOGRILL-6.pdf,EUR 1-10,False
2587,Autogrill,Liguria,La Spezia,SP,Livorno,Bar/Café,EUR 1-10,3.6,951,44.22699241,9.73080719,Service Area,"Brugnato Est, Brugnato Est A12 19020 Vezzano Ligure, 19020 Livorno SP, Italy",https://www.autogrill.it/wp-content/uploads/2023/08/LOCALI-AUTOGRILL-6.pdf,EUR 1-10,False
2588,Autogrill,Liguria,La Spezia,SP,Livorno,Bar/Café,EUR 1-10,3.6,3913,44.22618799,9.72987695,Service Area,"Brugnato Ovest Oil, Brugnato Ovest Oil A12 19020 Vezzano Ligure, 19020 Livorno SP, Italy",https://www.autogrill.it/wp-content/uploads/2023/08/LOCALI-AUTOGRILL-6.pdf,EUR 1-10,False
2589,Autogrill,Lombardia,Milano,MI,Milano,Bar/Café,EUR 1-10,4.9,29,45.5000982,9.13088385,Service Area,"Burger King Milano Certosa, Viale Certosa, 228, 20156 Milano MI, Italy",https://www.autogrill.it/wp-content/uploads/2023/08/LOCALI-AUTOGRILL-6.pdf,EUR 1-10,False
2590,Autogrill,Puglia,Foggia,FG,Cerignola,Bar/Café,EUR 1-10,3.6,2357,41.0668163,15.316137,Service Area,"Calaggio Nord Oil, Autostrada Canosa-Napoli, 16, 71042 Cerignola FG, Italy",https://www.autogrill.it/wp-content/uploads/2023/08/LOCALI-AUTOGRILL-6.pdf,EUR 1-10,False
2591,Autogrill,Sicilia,Messina,ME,Messina,Bar/Café,EUR 1-10,4.5,17,37.82457815,15.2452826,Service Area,"Calatabiano Ovest Oil, A18 Messina - Catania, 98100 Messina ME, Italy",https://www.autogrill.it/wp-content/uploads/2023/08/LOCALI-AUTOGRILL-6.pdf,EUR 1-10,False
2592,Autogrill,Campania,Salerno,SA,San Mango Piemonte,Bar/Café,EUR 1-10,3.5,6133,40.6182681,15.1653138,Service Area,"Campagna Nord, A2, A2, 84090 San Mango Piemonte SA, Italy",https://www.autogrill.it/wp-content/uploads/2023/08/LOCALI-AUTOGRILL-6.pdf,EUR 1-10,False
2593,Autogrill,Toscana,Livorno,LI,Campiglia Marittima,Bar/Café,EUR 1-10,3.6,1079,43.01745735,10.59031121,Service Area,"Campiglia Marittima Ovest, Variante Aurelia, 242 km, 57021 Campiglia Marittima LI, Italy",https://www.autogrill.it/wp-content/uploads/2023/08/LOCALI-AUTOGRILL-6.pdf,EUR 1-10,False
2594,Autogrill,Friuli-Venezia Giulia,Udine,UD,Moggio Udinese,Bar/Café,EUR 1-10,4.2,4805,46.3986632,13.16792551,Service Area,"Campiolo Ovest, Campiolo Ovest Autostrada A 23 Tarvisio, 33015 Moggio Udinese UD, Italy",https://www.autogrill.it/wp-content/uploads/2023/08/LOCALI-AUTOGRILL-6.pdf,EUR 1-10,False
2595,Autogrill,Piemonte,Alessandria,AL,Serravalle Scrivia,Bar/Café,EUR 1-10,3.5,3384,44.5294151,8.9407606,Service Area,"Campora Est, A7 Milano, 15067 Serravalle Scrivia AL, Italy",https://www.autogrill.it/wp-content/uploads/2023/08/LOCALI-AUTOGRILL-6.pdf,EUR 1-10,False
2596,Autogrill,Toscana,Firenze,FI,Firenze,Bar/Café,EUR 1-10,3.9,9433,44.4559529,11.280092,Service Area,"Cantagallo, A1, 50012 Firenze FI, Italy",https://www.autogrill.it/wp-content/uploads/2023/08/LOCALI-AUTOGRILL-6.pdf,EUR 1-10,False
2597,Autogrill,Emilia-Romagna,Bologna,BO,Casalecchio di Reno,Bar/Café,EUR 1-10,3.8,23077,44.4560687,11.2808452,Service Area,"Cantagallo Est Oil, km 198 dir, A1, 40033 Casalecchio di Reno BO, Italy",https://www.autogrill.it/wp-content/uploads/2023/08/LOCALI-AUTOGRILL-6.pdf,EUR 1-10,False
2598,Autogrill,Toscana,Grosseto,GR,Capalbio,Bar/Café,EUR 1-10,3.7,421,42.4146342,11.3650108,Service Area,"Capalbio, Strada Statale 1 Aurelia Km. 132+150 Dir Roma, 58011 Capalbio GR, Italy",https://www.autogrill.it/wp-content/uploads/2023/08/LOCALI-AUTOGRILL-6.pdf,EUR 1-10,False
2599,Autogrill,Sicilia,Catania,CT,Catania,Bar/Café,EUR 1-10,3.5,3663,37.96708408,13.72556608,Service Area,"Caracoli Nord, Caracoli Nord A19, 95045 Catania CT, Italy",https://www.autogrill.it/wp-content/uploads/2023/08/LOCALI-AUTOGRILL-6.pdf,EUR 1-10,False
2600,Autogrill,Lombardia,Milano,MI,Cinisello Balsamo,Bar/Café,EUR 1-10,3.9,4659,45.6720012,9.2198754,Service Area,"Carate Brianza Ovest, A4, Lambro Sud, Km 9, 20092 Cinisello Balsamo MI, Italy",https://www.autogrill.it/wp-content/uploads/2023/08/LOCALI-AUTOGRILL-6.pdf,EUR 1-10,False
2601,Autogrill,Liguria,Savona,SV,Carcare,Bar/Café,EUR 1-10,4.2,1848,44.34645405,8.30167544,Service Area,"Carcare Est, Carcare Est Autostrada, A6 Torino - Savona, KM 18, 17043 Carcare SV, Italy",https://www.autogrill.it/wp-content/uploads/2023/08/LOCALI-AUTOGRILL-6.pdf,EUR 1-10,False
2602,Autogrill,Lombardia,Milano,MI,Assago,Bar/Café,EUR 1-10,3.6,3699,45.40097882,9.12196036,Shopping Mall,"Carrefour Assago, V.le Milanofiori, 1, 20057 Assago MI, Italy",https://www.autogrill.it/wp-content/uploads/2023/08/LOCALI-AUTOGRILL-6.pdf,EUR 1-10,False
2603,Autogrill,Lazio,Roma,RM,Roma,Bar/Café,EUR 1-10,3.7,1523,41.87408187,12.60709917,Service Area,"Casilina Esterna Oil, Grande Raccordo Anulare, Km 37, 00133 Roma RM, Italy",https://www.autogrill.it/wp-content/uploads/2023/08/LOCALI-AUTOGRILL-6.pdf,EUR 1-10,False
2604,Autogrill,Lazio,Frosinone,FR,Castrocielo,Bar/Café,EUR 1-10,3.9,4237,41.49729999,13.68412097,Service Area,"Casilina Est, Casilina Est A1 Milano Napoli Dir, 03030 Napoli, NA, Italy",https://www.autogrill.it/wp-content/uploads/2023/08/LOCALI-AUTOGRILL-6.pdf,EUR 1-10,False
2605,Autogrill,Lazio,Frosinone,FR,Castrocielo,Bar/Café,EUR 1-10,3.8,5483,41.49665818,13.68321775,Service Area,"Casilina Ovest, Casilina Ovest A1 Milano Napoli Dir, 03030 Napoli, NA, Italy",https://www.autogrill.it/wp-content/uploads/2023/08/LOCALI-AUTOGRILL-6.pdf,EUR 1-10,False
2606,Autogrill,Toscana,Pisa,PI,Castagnolo,Bar/Café,EUR 1-10,3.6,1621,43.66790264,10.35913296,Service Area,"Castagnolo Ovest Oil, Castagnolo Ovest Oil A12 Sestri - Livorno, KM 163+659, 56122 Castagnolo PI, Italy",https://www.autogrill.it/wp-content/uploads/2023/08/LOCALI-AUTOGRILL-6.pdf,EUR 1-10,False
2607,Autogrill,Piemonte,Novara,NO,Novara,Bar/Café,EUR 1-10,3.0,14,44.42784961,11.59869908,Commercial Area,"Castel Guelfo Outlet, Via Mario Greppi, 2, 28100 Novara NO, Italy",https://www.autogrill.it/wp-content/uploads/2023/08/LOCALI-AUTOGRILL-6.pdf,EUR 1-10,False
2608,Autogrill,Emilia-Romagna,Ferrara,FE,Ferrara,Bar/Café,EUR 1-10,3.7,7720,44.62151434,11.42017349,Service Area,"Castelbentivoglio Est, Castelbentivoglio Est A13 Bologna - Padova, 44124 Ferrara FE, Italy",https://www.autogrill.it/wp-content/uploads/2023/08/LOCALI-AUTOGRILL-6.pdf,EUR 1-10,False
2609,Autogrill,Emilia-Romagna,Ferrara,FE,Ferrara,Bar/Café,EUR 1-10,3.9,3919,44.62234604,11.41890677,Service Area,"Castelbentivoglio Ovest, Castelbentivoglio Ovest A13 Bologna - Padova, 44124 Ferrara FE, Italy",https://www.autogrill.it/wp-content/uploads/2023/08/LOCALI-AUTOGRILL-6.pdf,EUR 1-10,False
2610,Autogrill,Veneto,Treviso,TV,Castelfranco Veneto,Bar/Café,EUR 1-10,4.1,526,45.75218626,11.89619836,Service Area,"Castelfranco (TV) - Gransole, V. dei Carpani, 21/B, 31033 Castelfranco Veneto TV, Italy",https://www.autogrill.it/wp-content/uploads/2023/08/LOCALI-AUTOGRILL-6.pdf,EUR 1-10,False
2611,Autogrill,Liguria,Savona,SV,Varazze,Bar/Café,EUR 1-10,3.7,8007,43.8601686,7.8768573,Service Area,"Castellaro Nord OIl, A10 Genova-Ventimiglia, km 26, 17019 Varazze SV, Italy",https://www.autogrill.it/wp-content/uploads/2023/08/LOCALI-AUTOGRILL-6.pdf,EUR 1-10,False
2612,Autogrill,Toscana,Livorno,LI,Campiglia Marittima,Bar/Café,EUR 1-10,3.6,1079,43.2901225,10.5431357,Service Area,"Cecina Ovest, Variante Aurelia, 242 km, 57021 Campiglia Marittima LI, Italy",https://www.autogrill.it/wp-content/uploads/2023/08/LOCALI-AUTOGRILL-6.pdf,EUR 1-10,False
2613,Autogrill,Liguria,Savona,SV,Luen,Bar/Café,EUR 1-10,3.8,1698,44.08881662,8.20617833,Service Area,"Ceriale Nord, A10 Savona - Ponte S. Luigi, 17023 Ceriale SV, Italy",https://www.autogrill.it/wp-content/uploads/2023/08/LOCALI-AUTOGRILL-6.pdf,EUR 1-10,False
2614,Autogrill,Liguria,Savona,SV,Varazze,Bar/Café,EUR 1-10,3.9,6041,44.08813708,8.20678779,Service Area,"Ceriale Sud, Ceriale Sud A10, 17019 Varazze SV, Italy",https://www.autogrill.it/wp-content/uploads/2023/08/LOCALI-AUTOGRILL-6.pdf,EUR 1-10,False
2615,Autogrill,Toscana,Firenze,FI,Firenze,Bar/Café,EUR 1-10,3.9,9433,43.7293589,11.3329371,Service Area,"Chianti, A1, 50012 Firenze FI, Italy",https://www.autogrill.it/wp-content/uploads/2023/08/LOCALI-AUTOGRILL-6.pdf,EUR 1-10,False
2616,Autogrill,Lombardia,Milano,MI,Pero,Bar/Café,EUR 1-10,3.7,3160,45.2875207,8.0336838,Service Area,"Cigliano Nord Oil, A4 Torino - Trieste, 20016 Pero MI, Italy",https://www.autogrill.it/wp-content/uploads/2023/08/LOCALI-AUTOGRILL-6.pdf,EUR 1-10,False
2617,Autogrill,Abruzzo,L'Aquila,AQ,L'Aquila,Bar/Café,EUR 1-10,3.7,6876,42.06731965,13.03796308,Service Area,"Civita Nord, Civita Nord A24 km. 99, 67100 L'Aquila AQ, Italy",https://www.autogrill.it/wp-content/uploads/2023/08/LOCALI-AUTOGRILL-6.pdf,EUR 1-10,False
2618,Autogrill,Abruzzo,L'Aquila,AQ,L'Aquila,Bar/Café,EUR 1-10,3.8,967,42.06577845,13.03656185,Service Area,"Civita Sud, Civita Sud A24 km. 99, 67100 L'Aquila AQ, Italy",https://www.autogrill.it/wp-content/uploads/2023/08/LOCALI-AUTOGRILL-6.pdf,EUR 1-10,False
2619,Autogrill,Marche,Macerata,MC,Piane Chienti,Bar/Café,EUR 1-10,3.9,1188,43.27935556,13.66593494,Service Area,"Civitanova Nord oil, Civitanova Nord oil S.S. 77 Km. 104+200, 62012 Piane Chienti MC, Italy",https://www.autogrill.it/wp-content/uploads/2023/08/LOCALI-AUTOGRILL-6.pdf,EUR 1-10,False
2620,Autogrill,Marche,Macerata,MC,Piane Chienti,Bar/Café,EUR 1-10,3.8,1177,43.27803535,13.66419243,Service Area,"Civitanova Sud, Civitanova Sud S.S. 77 Km. 104+200, 62012 Piane Chienti MC, Italy",https://www.autogrill.it/wp-content/uploads/2023/08/LOCALI-AUTOGRILL-6.pdf,EUR 1-10,False
2621,Autogrill,Lazio,Roma,RM,Roma,Bar/Café,EUR 1-10,3.5,1441,41.9266746,12.7388073,Service Area,"Colle Tasso Sud, Autostrada Roma L'Aquila Teramo, 24, 00132 Roma RM, Italy",https://www.autogrill.it/wp-content/uploads/2023/08/LOCALI-AUTOGRILL-6.pdf,EUR 1-10,False
2622,Autogrill,Lombardia,Milano,MI,Rozzano,Bar/Café,EUR 1-10,3.7,2044,45.5370759,9.2994768,Service Area,"Cologno Monzese Est, A50 Tangenziale Ovest di Milano, 20089 Rozzano MI, Italy",https://www.autogrill.it/wp-content/uploads/2023/08/LOCALI-AUTOGRILL-6.pdf,EUR 1-10,False
2623,Autogrill,Marche,Ancona,AN,Chiaravalle,Bar/Café,EUR 1-10,3.8,2573,43.4822383,13.59626058,Service Area,"Conero Est, A14, 60033 Chiaravalle AN, Italy",https://www.autogrill.it/wp-content/uploads/2023/08/LOCALI-AUTOGRILL-6.pdf,EUR 1-10,False
2624,Autogrill,Marche,Pesaro e Urbino,PU,Pesaro,Bar/Café,EUR 1-10,3.7,4559,43.4807112,13.5955641,Service Area,"Conero Ovest, A14 Bologna, 61122 Pesaro PU, Italy",https://www.autogrill.it/wp-content/uploads/2023/08/LOCALI-AUTOGRILL-6.pdf,EUR 1-10,False
2625,Autogrill,Marche,Ancona,AN,Jesi,Bar/Café,EUR 1-10,4.0,432,43.5765677,13.325271,Service Area,"Coppetella Est (AN) (Ristorante - F.A.), SS76, 60035 Jesi AN, Italy",https://www.autogrill.it/wp-content/uploads/2023/08/LOCALI-AUTOGRILL-6.pdf,EUR 1-10,False
2626,Autogrill,Emilia-Romagna,Piacenza,PC,Piacenza,Bar/Café,EUR 1-10,3.2,2586,45.13993032,10.06985098,Service Area,"Cremona Nord, Cremona Nord A21, 29121 Piacenza PC, Italy",https://www.autogrill.it/wp-content/uploads/2023/08/LOCALI-AUTOGRILL-6.pdf,EUR 1-10,False
2627,Autogrill,Emilia-Romagna,Piacenza,PC,Piacenza,Bar/Café,EUR 1-10,3.7,6994,45.11410493,10.05704297,Service Area,"Cremona Sud, Cremona Sud A21, 29121 Piacenza PC, Italy",https://www.autogrill.it/wp-content/uploads/2023/08/LOCALI-AUTOGRILL-6.pdf,EUR 1-10,False
2628,Autogrill,Emilia-Romagna,Piacenza,PC,Piacenza,Bar/Café,EUR 1-10,3.7,10557,44.9037094,8.3636999,Service Area,"Crocetta Sud, A21, 29121 Piacenza PC, Italy",https://www.autogrill.it/wp-content/uploads/2023/08/LOCALI-AUTOGRILL-6.pdf,EUR 1-10,False
2629,Autogrill,Piemonte,Alessandria,AL,Serravalle Scrivia,Bar/Café,EUR 1-10,3.6,8831,45.14783033,8.99183438,Service Area,"Dorno, A7 Milano, 15067 Serravalle Scrivia AL, Italy",https://www.autogrill.it/wp-content/uploads/2023/08/LOCALI-AUTOGRILL-6.pdf,EUR 1-10,False
2630,Autogrill,Piemonte,Alessandria,AL,Serravalle Scrivia,Bar/Café,EUR 1-10,3.5,654,45.14819241,8.99107186,Service Area,"Dorno Ovest, Dorno Ovest A7, 27020 Dorno PV, Italy",https://www.autogrill.it/wp-content/uploads/2023/08/LOCALI-AUTOGRILL-6.pdf,EUR 1-10,False
2631,Autogrill,Toscana,Siena,SI,Poggibonsi,Bar/Café,EUR 1-10,3.7,537,43.48852613,11.16975401,Service Area,"Drove Est, Drove Est Raccordo Autostradale Firenze - Siena, 53036 Poggibonsi SI, Italy",https://www.autogrill.it/wp-content/uploads/2023/08/LOCALI-AUTOGRILL-6.pdf,EUR 1-10,False
2632,Autogrill,Toscana,Siena,SI,Poggibonsi,Bar/Café,EUR 1-10,3.4,506,43.48842573,11.16529394,Service Area,"Drove Ovest, Drove Ovest Raccordo Autostradale Firenze - Siena, 53036 Poggibonsi SI, Italy",https://www.autogrill.it/wp-content/uploads/2023/08/LOCALI-AUTOGRILL-6.pdf,EUR 1-10,False
2633,Autogrill,Friuli-Venezia Giulia,Trieste,TS,Duino-Aurisina,Bar/Café,EUR 1-10,3.7,1327,45.77656299,13.60824368,Service Area,"Duino Sud, Tangenziale di Mestre, 30174 Venezia VE, Italy",https://www.autogrill.it/wp-content/uploads/2023/08/LOCALI-AUTOGRILL-6.pdf,EUR 1-10,False
2634,Autogrill,Emilia-Romagna,Bologna,BO,Ancona,Bar/Café,EUR 1-10,3.8,2576,43.62695024,13.33376222,Service Area,"Esino Ovest, Esino Ovest Autostrada A14 Bologna, 40024 Ancona BO, Italy",https://www.autogrill.it/wp-content/uploads/2023/08/LOCALI-AUTOGRILL-6.pdf,EUR 1-10,False
2635,Autogrill,Marche,Ancona,AN,Jesi,Bar/Café,EUR 1-10,4.0,432,43.3442502,12.9799735,Service Area,"Fabriano Sud, SS76, 60035 Jesi AN, Italy",https://www.autogrill.it/wp-content/uploads/2023/08/LOCALI-AUTOGRILL-6.pdf,EUR 1-10,False
2636,Autogrill,Friuli-Venezia Giulia,Udine,UD,Moggio Udinese,Bar/Café,EUR 1-10,4.2,4805,46.4985707,13.3756631,Service Area,"Fella Est Oil, Autostrada A 23 Tarvisio, 33015 Moggio Udinese UD, Italy",https://www.autogrill.it/wp-content/uploads/2023/08/LOCALI-AUTOGRILL-6.pdf,EUR 1-10,False
2637,Autogrill,Lazio,Roma,RM,Fiano Romano,Bar/Café,,3.5,1112,42.13525,12.60225,Service Area,"Feronia Est Oil, A1 Diramazione Roma Nord, 00065 Fiano Romano RM, Italy",https://www.autogrill.it/wp-content/uploads/2023/08/LOCALI-AUTOGRILL-6.pdf,EUR 1-10,True
2638,Autogrill,Toscana,Livorno,LI,Cecina,Bar/Café,EUR 1-10,3.3,1042,43.424231,10.4910358,Service Area,"Fine Est, SS 1, 690, 57023 Cecina LI, Italy",https://www.autogrill.it/wp-content/uploads/2023/08/LOCALI-AUTOGRILL-6.pdf,EUR 1-10,False
2639,Autogrill,Lazio,Roma,RM,Fiumicino,Bar/Café,EUR 10-20,2.4,138,41.7950772,12.2490645,Transport Hub,"Fiumicino Avancorpo + Satellite, Via dell'Aeroporto di Fiumicino, 00054 Fiumicino RM, Italy",https://www.autogrill.it/wp-content/uploads/2023/08/LOCALI-AUTOGRILL-6.pdf,EUR 10-20,False
2640,Autogrill,Toscana,Firenze,FI,Firenze,Bar/Café,EUR 1-10,3.6,1199,42.31659246,12.49317869,Service Area,"Flaminia Est, Flaminia Est A1, 50012 Firenze FI, Italy",https://www.autogrill.it/wp-content/uploads/2023/08/LOCALI-AUTOGRILL-6.pdf,EUR 1-10,False
2641,Autogrill,Toscana,Firenze,FI,Firenze,Bar/Café,EUR 1-10,3.8,10696,42.3163369,12.49151631,Service Area,"Flaminia Ovest, Flaminia Ovest A1, 50012 Firenze FI, Italy",https://www.autogrill.it/wp-content/uploads/2023/08/LOCALI-AUTOGRILL-6.pdf,EUR 1-10,False
2642,Autogrill,Emilia-Romagna,Bologna,BO,Ancona,Bar/Café,EUR 1-10,3.6,21605,43.8937616,12.8795377,Service Area,"Foglia Ovest, Autostrada A14 Bologna, 40024 Ancona BO, Italy",https://www.autogrill.it/wp-content/uploads/2023/08/LOCALI-AUTOGRILL-6.pdf,EUR 1-10,False
2643,Autogrill,Toscana,Livorno,LI,Campiglia Marittima,Bar/Café,EUR 1-10,3.6,1079,43.0174608,10.590313,Service Area,"Follonica Oil, Variante Aurelia, 242 km, 57021 Campiglia Marittima LI, Italy",https://www.autogrill.it/wp-content/uploads/2023/08/LOCALI-AUTOGRILL-6.pdf,EUR 1-10,False
2644,Autogrill,Lazio,Frosinone,FR,Castrocielo,Bar/Café,EUR 1-10,3.8,5483,41.4966602,13.6832171,Service Area,"Frascati Oil, A1 Milano Napoli Dir, 03030 Napoli, NA, Italy",https://www.autogrill.it/wp-content/uploads/2023/08/LOCALI-AUTOGRILL-6.pdf,EUR 1-10,False
2645,Autogrill,Campania,Salerno,SA,Campagna,Bar/Café,EUR 1-10,3.3,4402,39.8428223,16.2457001,Service Area,"Frascineto Est, A3 Reggio Calabria, 84022 Campagna SA, Italy",https://www.autogrill.it/wp-content/uploads/2023/08/LOCALI-AUTOGRILL-6.pdf,EUR 1-10,False
2646,Autogrill,Lombardia,Milano,MI,Lainate,Bar/Café,EUR 1-10,4.1,5634,44.4068442,8.9463462,Service Area,"Genova Stazione Brignole, A8, 20020 Lainate MI, Italy",https://www.autogrill.it/wp-content/uploads/2023/08/LOCALI-AUTOGRILL-6.pdf,EUR 1-10,False
2647,Autogrill,Emilia-Romagna,Piacenza,PC,Piacenza,Bar/Café,EUR 1-10,3.6,4485,45.44637745,10.21124375,Service Area,"Ghedi Est, A21, 25021 Bagnolo Mella BS, Italy",https://www.autogrill.it/wp-content/uploads/2023/08/LOCALI-AUTOGRILL-6.pdf,EUR 1-10,False
2648,Autogrill,Emilia-Romagna,Piacenza,PC,Piacenza,Bar/Café,EUR 1-10,3.7,4977,45.44631653,10.2094175,Service Area,"Ghedi Ovest, Autostrada 7, A21 Torino- Piacenza- Brescia, Ovest Km. 230, Snc, 25021 Bagnolo Mella BS, Italy",https://www.autogrill.it/wp-content/uploads/2023/08/LOCALI-AUTOGRILL-6.pdf,EUR 1-10,False
2649,Autogrill,Lombardia,Pavia,PV,Dorno,Bar/Café,EUR 1-10,3.6,654,45.15,8.99,Service Area,"Giovi Est, A7, 27020 Dorno PV, Italy",https://www.autogrill.it/wp-content/uploads/2023/08/LOCALI-AUTOGRILL-6.pdf,EUR 1-10,False
2650,Autogrill,Piemonte,Alessandria,AL,Serravalle Scrivia,Bar/Café,EUR 1-10,3.5,3384,44.60442244,8.95350286,Service Area,"Giovi Ovest, A7 Milano, 15067 Serravalle Scrivia AL, Italy",https://www.autogrill.it/wp-content/uploads/2023/08/LOCALI-AUTOGRILL-6.pdf,EUR 1-10,False
2651,Autogrill,Sardegna,Sassari,SS,Olbia,Bar/Café,EUR 1-10,4.2,448,40.9724598,9.4912539,Service Area,"Golfo Aranci Oil, Strada Statale 125, Km 8, 07100 Olbia OT, Italy",https://www.autogrill.it/wp-content/uploads/2023/08/LOCALI-AUTOGRILL-6.pdf,EUR 1-10,False
2652,Autogrill,Piemonte,Torino,TO,Bardonecchia,Bar/Café,EUR 1-10,3.8,3100,45.0713105,6.8927101,Service Area,"Gran Bosco Est Oil, Autostrada del Frejus, A32, 10050 Bardonecchia TO, Italy",https://www.autogrill.it/wp-content/uploads/2023/08/LOCALI-AUTOGRILL-6.pdf,EUR 1-10,False
2653,Autogrill,Toscana,Livorno,LI,Campiglia Marittima,Bar/Café,EUR 1-10,3.9,1705,42.6749916,11.1417303,Service Area,"Grosseto Banditella, Grosseto Banditella SS 1, km. 242, 57021 Campiglia Marittima LI, Italy",https://www.autogrill.it/wp-content/uploads/2023/08/LOCALI-AUTOGRILL-6.pdf,EUR 1-10,False
2654,Autogrill,Campania,Avellino,AV,Avellino,Bar/Café,EUR 1-10,3.7,4093,40.9256172,14.7834806,Service Area,"Irpinia Sud, Autostrada A16 Napoli-Canosa, KM 44, 83100 Avellino AV, Italy",https://www.autogrill.it/wp-content/uploads/2023/08/LOCALI-AUTOGRILL-6.pdf,EUR 1-10,False
2655,Autogrill,Veneto,Verona,VR,Oppeano,Bar/Café,EUR 1-10,3.8,157,45.2903982,11.1821021,Service Area,"Isola Rizza (VR), SS434, 37050 Oppeano VR, Italy",https://www.autogrill.it/wp-content/uploads/2023/08/LOCALI-AUTOGRILL-6.pdf,EUR 1-10,False
2656,Autogrill,Lazio,Frosinone,FR,Castrocielo,Bar/Café,EUR 1-10,3.8,21671,41.68669229,13.18910252,Service Area,"La Macchia Est, A1 Milano Napoli Dir, 03030 Napoli, NA, Italy",https://www.autogrill.it/wp-content/uploads/2023/08/LOCALI-AUTOGRILL-6.pdf,EUR 1-10,False
2657,Autogrill,Lazio,Frosinone,FR,Castrocielo,Bar/Café,EUR 1-10,3.9,11615,41.68562915,13.18751164,Service Area,"La Macchia Ovest, A1 Milano Napoli Dir, 03030 Napoli, NA, Italy",https://www.autogrill.it/wp-content/uploads/2023/08/LOCALI-AUTOGRILL-6.pdf,EUR 1-10,False
2658,Autogrill,Trentino-Alto Adige,Bolzano,BZ,Vadena,Bar/Café,EUR 1-10,3.8,7641,46.38608027,11.29425664,Service Area,"Laimburg Est, Autostrada del Brennero, 39051 Vadena BZ, Italy",https://www.autogrill.it/wp-content/uploads/2023/08/LOCALI-AUTOGRILL-6.pdf,EUR 1-10,False
2659,Autogrill,Trentino-Alto Adige,Bolzano,BZ,Vadena,Bar/Café,EUR 1-10,3.9,4657,46.36052349,11.28819506,Service Area,"Laimburg Ovest, Autostrada del Brennero, 39051 Vadena BZ, Italy",https://www.autogrill.it/wp-content/uploads/2023/08/LOCALI-AUTOGRILL-6.pdf,EUR 1-10,False
2660,Autogrill,Lombardia,Bergamo,BG,Osio Sopra,Bar/Café,EUR 1-10,3.9,19880,45.632,9.598,Service Area,"Lambro Sud, A4 Torino - Trieste, 24040 Osio Sopra BG, Italy",https://www.autogrill.it/wp-content/uploads/2023/08/LOCALI-AUTOGRILL-6.pdf,EUR 1-10,False
2661,Autogrill,Lombardia,Bergamo,BG,Osio Sopra,Bar/Café,EUR 1-10,4.0,1509,45.631,9.599,Service Area,"Lambro Sud Oil, A4 Torino-Trieste dir. Trieste, km 165 dir, Via Trieste, 24040 Osio Sopra BG, Italy",https://www.autogrill.it/wp-content/uploads/2023/08/LOCALI-AUTOGRILL-6.pdf,EUR 1-10,False
2662,Autogrill,Lombardia,Como,CO,Cadorago,Bar/Café,EUR 1-10,4.0,4437,45.7291597,9.0290868,Service Area,"Lario Est, A9, Lario Ovest, 22071 Cadorago CO, Italy",https://www.autogrill.it/wp-content/uploads/2023/08/LOCALI-AUTOGRILL-6.pdf,EUR 1-10,False
2663,Autogrill,Lazio,Latina,LT,Latina,Bar/Café,EUR 1-10,4.0,75,41.4641867,12.8739904,Service Area,"Latina Pontina, Via sr 148 pontina, km 69.400, 04100 Latina LT, Italy",https://www.autogrill.it/wp-content/uploads/2023/08/LOCALI-AUTOGRILL-6.pdf,EUR 1-10,False
2664,Autogrill,Friuli-Venezia Giulia,Udine,UD,Moggio Udinese,Bar/Café,EUR 1-10,4.2,4805,46.1881027,13.1165422,Service Area,"Ledra Est Oil, Autostrada A 23 Tarvisio, 33015 Moggio Udinese UD, Italy",https://www.autogrill.it/wp-content/uploads/2023/08/LOCALI-AUTOGRILL-6.pdf,EUR 1-10,False
2665,Autogrill,Veneto,Padova,PD,Limena,Bar/Café,EUR 1-10,3.8,14618,45.44844422,11.84477452,Service Area,"Limenella Sud Oil, Limenella Sud Oil A4 Torino - Trieste, 35100 Limena",https://www.autogrill.it/wp-content/uploads/2023/08/LOCALI-AUTOGRILL-6.pdf,EUR 1-10,False
2666,Autogrill,Liguria,Genova,GE,Sestri Levante,Bar/Café,EUR 1-10,3.8,5749,43.53167,10.33967,Service Area,"Livorno Oil, Autostrada Adriatica, 12/E80, 16039 Sestri Levante GE, Italy",https://www.autogrill.it/wp-content/uploads/2023/08/LOCALI-AUTOGRILL-6.pdf,EUR 1-10,False
2667,Autogrill,Liguria,La Spezia,SP,Livorno,Bar/Café,EUR 1-10,3.7,8106,44.1377595,9.91734888,Service Area,"Magra Est, Magra Est A12 19020 Vezzano Ligure, 19020 Livorno SP, Italy",https://www.autogrill.it/wp-content/uploads/2023/08/LOCALI-AUTOGRILL-6.pdf,EUR 1-10,False
2668,Autogrill,Liguria,La Spezia,SP,Livorno,Bar/Café,EUR 1-10,3.6,4742,44.13735908,9.9156177,Service Area,"Magra Ovest, Magra Ovest A12 19020 Vezzano Ligure, 19020 Livorno SP, Italy",https://www.autogrill.it/wp-content/uploads/2023/08/LOCALI-AUTOGRILL-6.pdf,EUR 1-10,False
2669,Autogrill,Lombardia,Mantova,MN,Cerese,Bar/Café,EUR 1-10,3.7,4564,45.06615094,10.844258,Service Area,"Mantova - Virgilio, Via del Commercio, 46034 Borgo Virgilio MN, Italy",https://www.autogrill.it/wp-content/uploads/2023/08/LOCALI-AUTOGRILL-6.pdf,EUR 1-10,False
2670,Autogrill,Toscana,Arezzo,AR,San Giovanni Valdarno,Bar/Café,EUR 1-10,3.7,9661,42.1235376,12.6184434,Service Area,"Mascherone Est Oil, Mascherone Est Oil A1, 52027 San Giovanni Valdarno AR, Italy",https://www.autogrill.it/wp-content/uploads/2023/08/LOCALI-AUTOGRILL-6.pdf,EUR 1-10,False
2671,Autogrill,Emilia-Romagna,Parma,PR,Medesano,Bar/Café,EUR 1-10,3.8,4538,44.7435294,10.1633482,Service Area,"Medesano Est, A15 La Spezia - Parma Dir, 43014 Medesano PR, Italy",https://www.autogrill.it/wp-content/uploads/2023/08/LOCALI-AUTOGRILL-6.pdf,EUR 1-10,False
2672,Autogrill,Toscana,La Spezia,SP,Mulazzo,Bar/Café,EUR 10-20,3.7,1330,44.31,9.93,Service Area,"Medesano Est Oil, A15 Parma MS IT, 54027 Mulazzo SP, Italy",https://www.autogrill.it/wp-content/uploads/2023/08/LOCALI-AUTOGRILL-6.pdf,EUR 10-20,False
2673,Autogrill,Emilia-Romagna,Parma,PR,Medesano,Bar/Café,EUR 1-10,3.8,4538,44.7449386,10.1623812,Service Area,"Medesano Ovest, A15 La Spezia - Parma Dir, 43014 Medesano PR, Italy",https://www.autogrill.it/wp-content/uploads/2023/08/LOCALI-AUTOGRILL-6.pdf,EUR 1-10,False
2674,Autogrill,Lazio,Roma,RM,Roma,Bar/Café,EUR 1-10,3.7,1522,44.1156662,9.8803856,Service Area,"Melara Est, Grande Raccordo Anulare, Km 37, 00133 Roma RM, Italy",https://www.autogrill.it/wp-content/uploads/2023/08/LOCALI-AUTOGRILL-6.pdf,EUR 1-10,False
2675,Autogrill,Emilia-Romagna,Forlì-Cesena,FC,Mercato Saraceno,Bar/Café,EUR 1-10,4.1,1199,43.95100897,12.19079009,Service Area,"Mercato Saraceno Ovest, km. 200, E45, 47025 Mercato Saraceno FC, Italy",https://www.autogrill.it/wp-content/uploads/2023/08/LOCALI-AUTOGRILL-6.pdf,EUR 1-10,False
2676,Autogrill,Marche,Pesaro e Urbino,PU,Mondolfo,Bar/Café,EUR 1-10,3.9,2584,43.75562812,13.14573967,Service Area,"Metauro Est, Autostrada A14 Bologna, 40024 Ancona BO, Italy",https://www.autogrill.it/wp-content/uploads/2023/08/LOCALI-AUTOGRILL-6.pdf,EUR 1-10,False
2677,Autogrill,Lombardia,Varese,VA,Arsago Seprio,Bar/Café,EUR 1-10,3.8,4960,45.70288226,8.734962715,Service Area,"Milano Fiera Polo Esterno, A8 Sesto Calende, 21010 Arsago Seprio VA, Italy",https://www.autogrill.it/wp-content/uploads/2023/08/LOCALI-AUTOGRILL-6.pdf,EUR 1-10,False
2678,Autogrill,Lombardia,Milano,MI,Rozzano,Bar/Café,,3.9,199,45.3947325,9.1464454,Commercial Area,"Milano Fiori Mensa Sede, Str. 5, 20089 Rozzano MI, Italy",https://www.autogrill.it/wp-content/uploads/2023/08/LOCALI-AUTOGRILL-6.pdf,EUR 1-10,True
2679,Autogrill,Lombardia,Milano,MI,Milano,Bar/Café,EUR 1-10,2.5,58,45.4611622,9.1835155,Transport Hub,"Milano Via Torino, Piazzale Luigi Cadorna, 16, 20123 Milano MI, Italy",https://www.autogrill.it/wp-content/uploads/2023/08/LOCALI-AUTOGRILL-6.pdf,EUR 1-10,False
2680,Autogrill,Lombardia,Milano,MI,Assago,Bar/Café,EUR 10-20,3.8,81,45.4037758,9.1517036,Shopping Mall,"Milanofiori Nord, V.le Milanofiori, 1, 20057 Assago MI, Italy",https://www.autogrill.it/wp-content/uploads/2023/08/LOCALI-AUTOGRILL-6.pdf,EUR 10-20,False
2681,Autogrill,Lombardia,Lecco,LC,Luzzana,Bar/Café,EUR 1-10,4.2,24,45.7875768,9.296861,Service Area,"Molteno Oil, SS. 36 KM. 38+500, SNC, 23847 Molteno LC, Italy",https://www.autogrill.it/wp-content/uploads/2023/08/LOCALI-AUTOGRILL-6.pdf,EUR 1-10,False
2682,Autogrill,Piemonte,Alessandria,AL,Belforte Monferrato,Bar/Café,EUR 1-10,3.8,10038,44.8195604,8.5948766,Service Area,"Monferrato Est Oil, A26 - Autostrada dei Trafori, 15070 Belforte Monferrato AL, Italy",https://www.autogrill.it/wp-content/uploads/2023/08/LOCALI-AUTOGRILL-6.pdf,EUR 1-10,False
2683,Autogrill,Veneto,Padova,PD,Limena,Bar/Café,,5.0,2,45.44843627,11.84487473,Service Area,"Limena, A4 Brescia - Padova PD IT, 35100 Brescia dir, Italy",https://www.autogrill.it/wp-content/uploads/2023/08/LOCALI-AUTOGRILL-6.pdf,EUR 1-10,True
2684,Autogrill,Veneto,Brescia,BS,Desenzano del Garda,Bar/Café,,5.0,2,45.4476053,10.5281539,Service Area,"Montealto Sud, A4 Brescia - Padova PD IT, 35100 Brescia dir, Italy",https://www.autogrill.it/wp-content/uploads/2023/08/LOCALI-AUTOGRILL-6.pdf,EUR 1-10,True
2685,Autogrill,Veneto,Verona,VR,Sommacampagna,Bar/Café,EUR 1-10,3.5,3315,45.41119,10.9025583,Service Area,"Montebaldo Ovest, Autostrada Torino, Via Trieste, 4, 37066 Sommacampagna VR, Italy",https://www.autogrill.it/wp-content/uploads/2023/08/LOCALI-AUTOGRILL-6.pdf,EUR 1-10,False
2686,Autogrill,Marche,Pesaro e Urbino,PU,Riccione,Bar/Café,EUR 1-10,3.8,10319,43.99417922,12.61887991,Service Area,Montefeltro Ovest,https://www.autogrill.it/wp-content/uploads/2023/08/LOCALI-AUTOGRILL-6.pdf,EUR 1-10,False
2687,Autogrill,Toscana,Lucca,LU,Maggiano,Bar/Café,EUR 1-10,3.7,3950,43.8541656,10.4083095,Service Area,"Montequiesa Nord, A11 Diramazione Lucca - Viareggio, Km 73, 55100 Maggiano LU, Italy",https://www.autogrill.it/wp-content/uploads/2023/08/LOCALI-AUTOGRILL-6.pdf,EUR 1-10,False
2688,Autogrill,Toscana,Siena,SI,Monteriggioni,Bar/Café,EUR 1-10,1.8,17,43.316,11.3051,Service Area,"Monteriggioni Est, Raccordo Stradale, SS674, 53035 Monteriggioni SI, Italy",https://www.autogrill.it/wp-content/uploads/2023/08/LOCALI-AUTOGRILL-6.pdf,EUR 1-10,False
2689,Autogrill,Abruzzo,L'Aquila,AQ,Magliano de' Marsi,Bar/Café,EUR 1-10,3.8,178,42.0945978,13.3465419,Service Area,"Montevelino Nord, A25 Pescara - Roma, dir. Roma, km 81, 67062 Magliano de' Marsi AQ, Italy",https://www.autogrill.it/wp-content/uploads/2023/08/LOCALI-AUTOGRILL-6.pdf,EUR 1-10,False
2690,Autogrill,Lazio,Roma,RM,Nettuno,Bar/Café,EUR 1-10,4.1,375,41.4610728,12.6404243,Service Area,"Nettuno, Incrocio fra Via Rinascimento e, Via Santa Barbara, 00048 Nettuno RM, Italy",https://www.autogrill.it/wp-content/uploads/2023/08/LOCALI-AUTOGRILL-6.pdf,EUR 1-10,False
2691,Autogrill,Piemonte,Torino,TO,Moncalieri,Bar/Café,EUR 1-10,3.6,2951,44.97558191,7.65848994,Service Area,"Nichelino Nord, A55, km 10, 10024, 10042 Moncalieri TO, Italy",https://www.autogrill.it/wp-content/uploads/2023/08/LOCALI-AUTOGRILL-6.pdf,EUR 1-10,False
2692,Autogrill,Piemonte,Torino,TO,Torino,Bar/Café,,3.8,2013,44.98151645,7.64450664,Service Area,"Nichelino Sud, Tangenziale Nord di Torino KM 15+400, 10156 Torino TO, Italy",https://www.autogrill.it/wp-content/uploads/2023/08/LOCALI-AUTOGRILL-6.pdf,EUR 1-10,True
2693,Autogrill,Trentino-Alto Adige,Bolzano,BZ,Vadena,Bar/Café,EUR 1-10,3.8,7633,45.902374,11.026293,Service Area,"Nogaredo Ovest Oil, Autostrada del Brennero, 39051 Vadena BZ, Italy",https://www.autogrill.it/wp-content/uploads/2023/08/LOCALI-AUTOGRILL-6.pdf,EUR 1-10,False
2694,Autogrill,Emilia-Romagna,Piacenza,PC,Piacenza,Bar/Café,EUR 1-10,3.7,10557,45.0513889,9.7613729,Service Area,"Nure Nord, A21, 29121 Piacenza PC, Italy",https://www.autogrill.it/wp-content/uploads/2023/08/LOCALI-AUTOGRILL-6.pdf,EUR 1-10,False
2695,Autogrill,Emilia-Romagna,Piacenza,PC,Piacenza,Bar/Café,EUR 1-10,3.7,10557,45.050203,9.761273,Service Area,"Nure Sud, A21, 29121 Piacenza PC, Italy",https://www.autogrill.it/wp-content/uploads/2023/08/LOCALI-AUTOGRILL-6.pdf,EUR 1-10,False
2696,Autogrill,Sardegna,Sassari,SS,Olbia,Bar/Café,EUR 10-20,4.0,139,40.84438,9.410707,Service Area,"Olbia Monti, S.S LocalitÃ su canale-direttrice da Olbia Monti, 07020 Olbia OT, Italy",https://www.autogrill.it/wp-content/uploads/2023/08/LOCALI-AUTOGRILL-6.pdf,EUR 10-20,False
2697,Autogrill,Sicilia,Messina,ME,Messina,Bar/Café,EUR 1-10,3.2,494,38.181557,15.253522,Service Area,"Olivarella Sud, A18 Messina - Catania, 98035 Messina ME, Italy",https://www.autogrill.it/wp-content/uploads/2023/08/LOCALI-AUTOGRILL-6.pdf,EUR 1-10,False
2698,Autogrill,Veneto,Padova,PD,Padova,Bar/Café,,4.4,7,45.4313199,11.8633736,Service Area,"Padova Australia Oil (nuovo marchio), Corso Australia, 3, 35136 Padova PD, Italy",https://www.autogrill.it/wp-content/uploads/2023/08/LOCALI-AUTOGRILL-6.pdf,EUR 1-10,True
2699,Autogrill,Emilia-Romagna,Parma,PR,Paradigna,Bar/Café,EUR 1-10,3.8,1198,44.8492024,10.3410292,Service Area,"Parma Colorno, Strada Provinciale Colorno, 480, 43122 Paradigna PR, Italy",https://www.autogrill.it/wp-content/uploads/2023/08/LOCALI-AUTOGRILL-6.pdf,EUR 1-10,False
2700,Autogrill,Lombardia,Milano,MI,Rho,Bar/Café,,3.8,728,45.50960872,9.04010727,Commercial Area,"Party Service, A4 Rho Sud, 20017 Rho (MI)",https://www.autogrill.it/wp-content/uploads/2023/08/LOCALI-AUTOGRILL-6.pdf,EUR 1-10,True
2701,Autogrill,Toscana,Firenze,FI,Sesto Fiorentino,Bar/Café,EUR 1-10,4.0,1671,43.8185014,11.1721859,Service Area,"Peretola Sud, A11 Pisa Nord - Firenze km 79, 50019 Sesto Fiorentino FI, Italy",https://www.autogrill.it/wp-content/uploads/2023/08/LOCALI-AUTOGRILL-6.pdf,EUR 1-10,False
2702,Autogrill,Lombardia,Milano,MI,Pero,Bar/Café,EUR 1-10,3.7,3160,45.5138127,9.0698141,Service Area,"Pero Nord, A4 Torino - Trieste, 20016 Pero MI, Italy",https://www.autogrill.it/wp-content/uploads/2023/08/LOCALI-AUTOGRILL-6.pdf,EUR 1-10,False
2703,Autogrill,Liguria,Savona,SV,Varazze,Bar/Café,EUR 1-10,3.7,8008,44.37236654,8.61762074,Service Area,"Piani d' Invrea Nord, Piani d' Invrea Nord A10 Genova-Ventimiglia, km 26, 17019 Varazze SV, Italy",https://www.autogrill.it/wp-content/uploads/2023/08/LOCALI-AUTOGRILL-6.pdf,EUR 1-10,False
2704,Autogrill,Liguria,Savona,SV,Varazze,Bar/Café,EUR 1-10,3.7,4764,44.36912333,8.61051427,Service Area,"Piani d' Invrea Sud, Piani d' Invrea Sud A10 Genova-Ventimiglia, km 26, 17019 Varazze SV, Italy",https://www.autogrill.it/wp-content/uploads/2023/08/LOCALI-AUTOGRILL-6.pdf,EUR 1-10,False
2705,Autogrill,Marche,Ancona,AN,Chiaravalle,Bar/Café,EUR 1-10,3.8,2573,43.0755306,13.8441027,Service Area,"Piceno Est, A14, 60033 Chiaravalle AN, Italy",https://www.autogrill.it/wp-content/uploads/2023/08/LOCALI-AUTOGRILL-6.pdf,EUR 1-10,False
2706,Autogrill,Toscana,Arezzo,AR,Pieve Santo Stefano,Bar/Café,EUR 1-10,4.0,333,43.6581933,12.05302916,Service Area,"Pieve S. Stefano Est, Pieve S. Stefano Est E45, Area di Servizio Tevere Ovest, 52036 Pieve Santo Stefano AR, Italy",https://www.autogrill.it/wp-content/uploads/2023/08/LOCALI-AUTOGRILL-6.pdf,EUR 1-10,False
2707,Autogrill,Toscana,Arezzo,AR,Pieve Santo Stefano,Bar/Café,EUR 1-10,3.9,612,43.65761794,12.05155954,Service Area,"Pieve S. Stefano Ovest, Pieve S. Stefano Ovest E45, Area di Servizio Tevere Ovest, 52036 Pieve Santo Stefano AR, Italy",https://www.autogrill.it/wp-content/uploads/2023/08/LOCALI-AUTOGRILL-6.pdf,EUR 1-10,False
2708,Autogrill,Lombardia,Milano,MI,Lainate,Bar/Café,EUR 1-10,4.1,5634,42.9343856,10.528008,Service Area,"Piombino Oil, A8, 20020 Lainate MI, Italy",https://www.autogrill.it/wp-content/uploads/2023/08/LOCALI-AUTOGRILL-6.pdf,EUR 1-10,False
2709,Autogrill,Campania,Caserta,CE,Santa Croce,Bar/Café,EUR 1-10,3.8,13379,43.7289962,10.3895438,Service Area,"Pisa Uberti, A1, 81057 Teano CE, Italy",https://www.autogrill.it/wp-content/uploads/2023/08/LOCALI-AUTOGRILL-6.pdf,EUR 1-10,False
2710,Autogrill,Veneto,Verona,VR,Brentino,Bar/Café,EUR 1-10,3.9,2064,45.0661404,10.8442826,Service Area,"Po Brennero Est Oil, A22, A22 km 187, 080, 37020 Brentino VR, Italy",https://www.autogrill.it/wp-content/uploads/2023/08/LOCALI-AUTOGRILL-6.pdf,EUR 1-10,False
2711,Autogrill,Emilia-Romagna,Ferrara,FE,Ferrara,Bar/Café,EUR 1-10,3.9,10787,44.87955238,11.57104927,Service Area,"Po Est, Po Est A13 Bologna - Padova, 44124 Ferrara FE, Italy",https://www.autogrill.it/wp-content/uploads/2023/08/LOCALI-AUTOGRILL-6.pdf,EUR 1-10,False
2712,Autogrill,Emilia-Romagna,Ferrara,FE,Ferrara,Bar/Café,EUR 1-10,3.8,10202,44.87972224,11.56911138,Service Area,"Po Ovest, Po Ovest A13 Bologna - Padova, 44124 Ferrara FE, Italy",https://www.autogrill.it/wp-content/uploads/2023/08/LOCALI-AUTOGRILL-6.pdf,EUR 1-10,False
2713,Autogrill,Lazio,Roma,RM,Castagnetta,Bar/Café,EUR 1-10,3.9,213,41.6517722,12.5281686,Service Area,"Pomezia Pontina (RM) (Ristorante - F.A.), Address: SS148 pontina, KM 33, 00040 Pomezia RM, Italy",https://www.autogrill.it/wp-content/uploads/2023/08/LOCALI-AUTOGRILL-6.pdf,EUR 1-10,False
2714,Autogrill,Toscana,Pisa,PI,Gello,Bar/Café,EUR 1-10,3.8,2287,43.6325716,10.5947482,Service Area,"Pontedera Sud, Area di Servizio, SGC Firenze - Pisa - Livorno, 56025 Gello PI, Italy",https://www.autogrill.it/wp-content/uploads/2023/08/LOCALI-AUTOGRILL-6.pdf,EUR 1-10,False
2715,Autogrill,Emilia-Romagna,Piacenza,PC,Piacenza,Bar/Café,EUR 1-10,3.6,4815,43.1091457,12.4665638,Service Area,"Pontevalleceppi (PG) (F.A.), Autostrada Torino - Brescia, km 167, 29100 Piacenza PC, Italy",https://www.autogrill.it/wp-content/uploads/2023/08/LOCALI-AUTOGRILL-6.pdf,EUR 1-10,False
2716,Autogrill,Toscana,Livorno,LI,Campiglia Marittima,Bar/Café,EUR 1-10,3.9,1705,43.01746073,10.59031283,Service Area,"Porto Piombino, SS 1, km. 242, 57021 Campiglia Marittima LI, Italy",https://www.autogrill.it/wp-content/uploads/2023/08/LOCALI-AUTOGRILL-6.pdf,EUR 1-10,False
2717,Autogrill,Sardegna,Sassari,SS,Porto Torres,Bar/Café,EUR 1-10,4.3,41,40.8391925,8.40278283,Transport Hub,"Porto Torres, Darsena Interna, 07046 Porto Torres SS, Italy",https://www.autogrill.it/wp-content/uploads/2023/08/LOCALI-AUTOGRILL-6.pdf,EUR 1-10,False
2718,Autogrill,Veneto,Vicenza,VI,Bolzano Vicentino,Bar/Café,EUR 1-10,3.7,2520,45.59426827,11.60000836,Service Area,"Postumia Nord, Postumia Nord A31, km 63, 36050 Bolzano Vicentino VI, Italy",https://www.autogrill.it/wp-content/uploads/2023/08/LOCALI-AUTOGRILL-6.pdf,EUR 1-10,False
2719,Autogrill,Veneto,Vicenza,VI,Bolzano Vicentino,Bar/Café,EUR 1-10,3.8,1671,45.59453707,11.59830296,Service Area,"Postumia Sud, Postumia Sud A31, km 10.150, 36050 Bolzano Vicentino VI, Italy",https://www.autogrill.it/wp-content/uploads/2023/08/LOCALI-AUTOGRILL-6.pdf,EUR 1-10,False
2720,Autogrill,Basilicata,Potenza,PZ,Potenza,Bar/Café,EUR 1-10,3.8,1408,40.6362315,15.8296882,Service Area,"Potenza, SS407, 85100 Potenza PZ, Italy",https://www.autogrill.it/wp-content/uploads/2023/08/LOCALI-AUTOGRILL-6.pdf,EUR 1-10,False
2721,Autogrill,Trentino-Alto Adige,Bolzano,BZ,Vadena,Bar/Café,EUR 1-10,3.8,7633,45.2975103,10.8964501,Service Area,"Povegliano Ovest, Autostrada del Brennero, 39051 Vadena BZ, Italy",https://www.autogrill.it/wp-content/uploads/2023/08/LOCALI-AUTOGRILL-6.pdf,EUR 1-10,False
2722,Autogrill,Liguria,Savona,SV,Varazze,Bar/Café,EUR 1-10,3.7,8007,43.9594226,8.1347184,Service Area,"Rinovo Nord Oil, A10 Genova-Ventimiglia, km 26, 17019 Varazze SV, Italy",https://www.autogrill.it/wp-content/uploads/2023/08/LOCALI-AUTOGRILL-6.pdf,EUR 1-10,False
2723,Autogrill,Liguria,Savona,SV,Carcare,Bar/Café,EUR 1-10,3.5,1672,44.54884665,7.7842909,Service Area,"Rio Ghidone Ovest Oil, Autostrada, A6 Torino - Savona, KM 18, 17043 Carcare SV, Italy",https://www.autogrill.it/wp-content/uploads/2023/08/LOCALI-AUTOGRILL-6.pdf,EUR 1-10,False
2724,Autogrill,Umbria,Perugia,PG,Ripa,Bar/Café,EUR 1-10,4.0,700,43.1211017,12.514379,Service Area,"Ripa Sud, km. 0+708, SS318, 06080 Ripa PG, Italy",https://www.autogrill.it/wp-content/uploads/2023/08/LOCALI-AUTOGRILL-6.pdf,EUR 1-10,False
2725,Autogrill,Liguria,La Spezia,SP,Livorno,Bar/Café,EUR 1-10,3.7,8106,44.2751313,9.4197737,Service Area,"Riviera Sud, A12 19020 Vezzano Ligure, 19020 Livorno SP, Italy",https://www.autogrill.it/wp-content/uploads/2023/08/LOCALI-AUTOGRILL-6.pdf,EUR 1-10,False
2726,Autogrill,Piemonte,Torino,TO,Rivoli,Bar/Café,EUR 1-10,3.8,2551,45.0847633,7.5276263,Service Area,"Rivoli Nord, Tangenziale Nord di Torino, A32, 10098 Rivoli TO, Italy",https://www.autogrill.it/wp-content/uploads/2023/08/LOCALI-AUTOGRILL-6.pdf,EUR 1-10,False
2727,Autogrill,Campania,Salerno,SA,Campagna,Bar/Café,EUR 1-10,3.5,7549,39.18813093,16.30761124,Service Area,"Rogliano Est (Ristorante), A3 Reggio Calabria, 84022 Campagna SA, Italy",https://www.autogrill.it/wp-content/uploads/2023/08/LOCALI-AUTOGRILL-6.pdf,EUR 1-10,False
2728,Autogrill,Lazio,Roma,RM,Roma,Bar/Café,,4.4,59200,41.9583837,12.5490421,Shopping Mall,"Roma Porta di Roma, Via Alberto Lionello, 201, 00139 Roma RM, Italy",https://www.autogrill.it/wp-content/uploads/2023/08/LOCALI-AUTOGRILL-6.pdf,EUR 1-10,True
2729,Autogrill,Campania,Salerno,SA,Campagna,Bar/Café,EUR 1-10,3.3,4402,38.440169,15.9421829,Service Area,"Rosarno Ovest, A3 Reggio Calabria, 84022 Campagna SA, Italy",https://www.autogrill.it/wp-content/uploads/2023/08/LOCALI-AUTOGRILL-6.pdf,EUR 1-10,False
2730,Autogrill,Lombardia,Milano,MI,Rozzano,Bar/Café,EUR 1-10,3.7,2044,45.39149455,9.18940076,Service Area,"Rozzano Oil, A50 Tangenziale Ovest di Milano, 20089 Rozzano MI, Italy",https://www.autogrill.it/wp-content/uploads/2023/08/LOCALI-AUTOGRILL-6.pdf,EUR 1-10,False
2731,Autogrill,Emilia-Romagna,Forlì-Cesena,FC,Savignano sul Rubicone,Bar/Café,EUR 1-10,3.7,5644,44.11703569,12.40852741,Service Area,"Rubicone Est, A14 E55, 60026 Numana, Italy",https://www.autogrill.it/wp-content/uploads/2023/08/LOCALI-AUTOGRILL-6.pdf,EUR 1-10,False
2732,Autogrill,Emilia-Romagna,Forlì-Cesena,FC,Savignano sul Rubicone,Bar/Café,EUR 1-10,3.8,399,44.11613616,12.408054,Service Area,"Rubicone Ovest, Autostrada A14 Bologna, 40024 Ancona BO, Italy",https://www.autogrill.it/wp-content/uploads/2023/08/LOCALI-AUTOGRILL-6.pdf,EUR 1-10,False
2733,Autogrill,Sicilia,Enna,EN,Enna,Bar/Café,EUR 1-10,3.7,1882,37.5770702,14.3412285,Service Area,"Sacchitello Sud, Sud, A19 Palermo - Catania, 118, 94100 Enna EN, Italy",https://www.autogrill.it/wp-content/uploads/2023/08/LOCALI-AUTOGRILL-6.pdf,EUR 1-10,False
2734,Autogrill,Campania,Salerno,SA,Campagna,Bar/Café,EUR 1-10,3.4,6877,40.39844811,15.58151663,Service Area,"Sala Consilina Est, A3 Reggio Calabria, 84022 Campagna SA, Italy",https://www.autogrill.it/wp-content/uploads/2023/08/LOCALI-AUTOGRILL-6.pdf,EUR 1-10,False
2735,Autogrill,Campania,Salerno,SA,Campagna,Bar/Café,EUR 1-10,3.3,7386,40.39819072,15.57979942,Service Area,"Sala Consilina Ovest, A3 Reggio Calabria, 84022 Campagna SA, Italy",https://www.autogrill.it/wp-content/uploads/2023/08/LOCALI-AUTOGRILL-6.pdf,EUR 1-10,False
2736,Autogrill,Campania,Salerno,SA,Salerno,Bar/Café,EUR 1-10,4.1,474,40.6508039,14.8242124,Service Area,"Salerno S. Leonardo, dir. Sud, Tangenziale di Salerno, 84131 Salerno SA, Italy",https://www.autogrill.it/wp-content/uploads/2023/08/LOCALI-AUTOGRILL-6.pdf,EUR 1-10,False
2737,Autogrill,Toscana,La Spezia,SP,Mulazzo,Bar/Café,EUR 10-20,3.7,1330,44.3113727,9.9265143,Service Area,"San Benedetto Ovest, A15 Parma MS IT, 54027 Mulazzo SP, Italy",https://www.autogrill.it/wp-content/uploads/2023/08/LOCALI-AUTOGRILL-6.pdf,EUR 10-20,False
2738,Autogrill,Toscana,Firenze,FI,Bargino,Bar/Café,EUR 1-10,4.0,728,43.6188888,11.187848,Service Area,"San Casciano Est Oil, RA A3 Siena-Firenze, Est LOC, 50026 Bargino FI, Italy",https://www.autogrill.it/wp-content/uploads/2023/08/LOCALI-AUTOGRILL-6.pdf,EUR 1-10,False
2739,Autogrill,Toscana,Siena,SI,Poggibonsi,Bar/Café,EUR 1-10,3.4,506,43.6059777,11.1908518,Service Area,"San Casciano Ovest Oil, Raccordo Autostradale Firenze - Siena, 53036 Poggibonsi SI, Italy",https://www.autogrill.it/wp-content/uploads/2023/08/LOCALI-AUTOGRILL-6.pdf,EUR 1-10,False
2740,Autogrill,Liguria,Savona,SV,Varazze,Bar/Café,EUR 1-10,3.7,8007,44.3724017,8.6175148,Service Area,"San Cristoforo Nord Oil, A10 Genova-Ventimiglia, km 26, 17019 Varazze SV, Italy",https://www.autogrill.it/wp-content/uploads/2023/08/LOCALI-AUTOGRILL-6.pdf,EUR 1-10,False
2741,Autogrill,Lombardia,Milano,MI,Rozzano,Bar/Café,EUR 1-10,3.8,3230,45.38257026,9.2510795,Service Area,"San Giuliano Ovest, A50 Tangenziale Ovest di Milano, 20089 Rozzano MI, Italy",https://www.autogrill.it/wp-content/uploads/2023/08/LOCALI-AUTOGRILL-6.pdf,EUR 1-10,False
2742,Autogrill,Lombardia,Milano,MI,Pero,Bar/Café,EUR 1-10,3.7,3160,45.426493,11.332028,Service Area,"San Lorenzo Ovest, A4 Torino - Trieste, 20016 Pero MI, Italy",https://www.autogrill.it/wp-content/uploads/2023/08/LOCALI-AUTOGRILL-6.pdf,EUR 1-10,False
2743,Autogrill,Emilia-Romagna,Ferrara,FE,Ferrara,Bar/Café,EUR 1-10,3.8,10196,45.3160705,11.8256369,Service Area,"San Pelagio Ovest, A13 Bologna - Padova, 44124 Ferrara FE, Italy",https://www.autogrill.it/wp-content/uploads/2023/08/LOCALI-AUTOGRILL-6.pdf,EUR 1-10,False
2744,Autogrill,Lombardia,Milano,MI,Pero,Bar/Café,EUR 1-10,3.7,3160,45.2417306,7.9731728,Service Area,"San Rocco, A4 Torino - Trieste, 20016 Pero MI, Italy",https://www.autogrill.it/wp-content/uploads/2023/08/LOCALI-AUTOGRILL-6.pdf,EUR 1-10,False
2745,Autogrill,Emilia-Romagna,Modena,MO,Modena,Bar/Café,EUR 1-10,3.8,26422,45.321146,9.3749307,Service Area,"San Zenone Ovest, A1, Milano - Bologna, 41123 Modena MO, Italy",https://www.autogrill.it/wp-content/uploads/2023/08/LOCALI-AUTOGRILL-6.pdf,EUR 1-10,False
2746,Autogrill,Piemonte,Torino,TO,Aosta,Bar/Café,EUR 1-10,3.7,1761,45.74717,7.62388,Service Area,"Sant Vincent Ovest Oil, A5 dir, 10010 Aosta TO, Italy",https://www.autogrill.it/wp-content/uploads/2023/08/LOCALI-AUTOGRILL-6.pdf,EUR 1-10,False
2747,Autogrill,Emilia-Romagna,Bologna,BO,Ancona,Bar/Café,EUR 1-10,3.6,21605,44.3431118,11.8472466,Service Area,"Santerno Est, Autostrada A14 Bologna, 40024 Ancona BO, Italy",https://www.autogrill.it/wp-content/uploads/2023/08/LOCALI-AUTOGRILL-6.pdf,EUR 1-10,False
2748,Autogrill,Veneto,Padova,PD,Limena,Bar/Café,EUR 1-10,3.8,73,45.41089779,11.23304634,Service Area,"Scaligera Sud Oil, A4 Brescia - Padova PD IT, 35100 Brescia dir, Italy",https://www.autogrill.it/wp-content/uploads/2023/08/LOCALI-AUTOGRILL-6.pdf,EUR 1-10,False
2749,Autogrill,Piemonte,Torino,TO,Aosta,Bar/Café,EUR 1-10,3.7,1761,45.40728573,7.84821582,Service Area,"Scarmagno Est, A5 dir, 10010 Aosta TO, Italy",https://www.autogrill.it/wp-content/uploads/2023/08/LOCALI-AUTOGRILL-6.pdf,EUR 1-10,False
2750,Autogrill,Piemonte,Torino,TO,Aosta,Bar/Café,EUR 1-10,3.5,1791,45.40728707,7.84620377,Service Area,"Scarmagno Ovest Oil, A5 dir, 10010 Aosta TO, Italy",https://www.autogrill.it/wp-content/uploads/2023/08/LOCALI-AUTOGRILL-6.pdf,EUR 1-10,False
2751,Autogrill,Sicilia,Enna,EN,Enna,Bar/Café,EUR 1-10,3.7,1882,37.8593011,13.8986983,Service Area,"Scillato Sud, Sud, A19 Palermo - Catania, 118, 94100 Enna EN, Italy",https://www.autogrill.it/wp-content/uploads/2023/08/LOCALI-AUTOGRILL-6.pdf,EUR 1-10,False
2752,Autogrill,Lombardia,Bergamo,BG,Osio Sopra,Bar/Café,EUR 1-10,3.7,16887,45.59418791,9.96568325,Service Area,"Sebino, A4 Torino - Trieste, 24040 Osio Sopra BG, Italy",https://www.autogrill.it/wp-content/uploads/2023/08/LOCALI-AUTOGRILL-6.pdf,EUR 1-10,False
2753,Autogrill,Lombardia,Bergamo,BG,Osio Sopra,Bar/Café,EUR 1-10,3.9,921,45.59386912,9.96505274,Service Area,"Sebino Sud Oil, A4 Torino - Trieste, 24040 Osio Sopra BG, Italy",https://www.autogrill.it/wp-content/uploads/2023/08/LOCALI-AUTOGRILL-6.pdf,EUR 1-10,False
2754,Autogrill,Emilia-Romagna,Modena,MO,Modena,Bar/Café,EUR 1-10,3.8,4969,44.66242441,10.85769008,Service Area,"Secchia Est, A1, Milano - Bologna, 41123 Modena MO, Italy",https://www.autogrill.it/wp-content/uploads/2023/08/LOCALI-AUTOGRILL-6.pdf,EUR 1-10,False
2755,Autogrill,Emilia-Romagna,Modena,MO,Modena,Bar/Café,EUR 1-10,3.8,26432,44.66181511,10.85544844,Service Area,"Secchia Ovest, A1, Milano - Bologna, 41123 Modena MO, Italy",https://www.autogrill.it/wp-content/uploads/2023/08/LOCALI-AUTOGRILL-6.pdf,EUR 1-10,False
2756,Autogrill,Sardegna,Cagliari,CA,Monserrato,Bar/Café,EUR 1-10,4.2,168,39.2645221,9.1202311,Service Area,"Selargius, SS554, km 4+200, 09047 Monserrato CA, Italy",https://www.autogrill.it/wp-content/uploads/2023/08/LOCALI-AUTOGRILL-6.pdf,EUR 1-10,False
2757,Autogrill,Lombardia,Bergamo,BG,Seriate,Bar/Café,EUR 1-20,3.5,33,45.6778529,9.7066225,Service Area,"Seriate Oil, SS671, km 8,9, 24068 Seriate BG, Italy",https://www.autogrill.it/wp-content/uploads/2023/08/LOCALI-AUTOGRILL-6.pdf,EUR 1-10,True
2758,Autogrill,Sicilia,Siracusa,SR,Siracusa,Bar/Café,,3.7,539,37.0593812,15.2267317,Service Area,"Serramendola Est, SS 114 Orientale Sicula, 96100 Siracusa SR, Italy",https://www.autogrill.it/wp-content/uploads/2023/08/LOCALI-AUTOGRILL-6.pdf,EUR 1-10,True
2759,Autogrill,Liguria,Genova,GE,Ronco Scrivia,Bar/Café,EUR 1-10,3.7,5427,44.604474,8.953468,Service Area,"Serravalle (AL) - Outlet, Autostrada dei Giovi, A7, 16019 Ronco Scrivia GE, Italy",https://www.autogrill.it/wp-content/uploads/2023/08/LOCALI-AUTOGRILL-6.pdf,EUR 1-10,False
2760,Autogrill,Toscana,Firenze,FI,Sesto Fiorentino,Bar/Café,EUR 1-10,4.0,1671,43.8914228,10.825285,Service Area,"Serravalle Pistoiese, A11 Pisa Nord - Firenze km 79, 50019 Sesto Fiorentino FI, Italy",https://www.autogrill.it/wp-content/uploads/2023/08/LOCALI-AUTOGRILL-6.pdf,EUR 1-10,False
2761,Autogrill,Toscana,Siena,SI,Siena,Bar/Café,EUR 1-10,3.0,8,43.3001082,11.3541667,Service Area,"Siena Oil, SS 223, KM 70+200 TANG CERCH, Str. del Ruffolo, 53100 Siena SI, Italy",https://www.autogrill.it/wp-content/uploads/2023/08/LOCALI-AUTOGRILL-6.pdf,EUR 1-10,False
2762,Autogrill,Emilia-Romagna,Bologna,BO,Castel San Pietro Terme,Bar/Café,EUR 1-10,3.6,21605,44.42785165,11.59869969,Service Area,"Sillaro Ovest, Autostrada A14 Bologna, 40024 Ancona BO, Italy",https://www.autogrill.it/wp-content/uploads/2023/08/LOCALI-AUTOGRILL-6.pdf,EUR 1-10,False
2763,Autogrill,Emilia-Romagna,Modena,MO,Modena,Bar/Café,EUR 1-10,3.7,11535,45.14297666,9.63469387,Service Area,"Somaglia Est, A1, Milano - Bologna, 41123 Modena MO, Italy",https://www.autogrill.it/wp-content/uploads/2023/08/LOCALI-AUTOGRILL-6.pdf,EUR 1-10,False
2764,Autogrill,Emilia-Romagna,Piacenza,PC,Piacenza,Bar/Café,EUR 1-10,3.9,5076,45.14170178,9.63304038,Service Area,"Somaglia Ovest, A21, 29121 Piacenza PC, Italy",https://www.autogrill.it/wp-content/uploads/2023/08/LOCALI-AUTOGRILL-6.pdf,EUR 1-10,False
2765,Autogrill,Umbria,Perugia,PG,Ponte Chiona,Bar/Café,EUR 1-10,4.0,1173,42.9767686,12.6826198,Service Area,"Spello (PG) (F.A.), SS75, 06038 Spello PG, Italy",https://www.autogrill.it/wp-content/uploads/2023/08/LOCALI-AUTOGRILL-6.pdf,EUR 1-10,False
2766,Autogrill,Lombardia,Lodi,LO,Somaglia,Bar/Café,EUR 1-10,3.7,11533,41.1178893,16.8693576,Service Area,"Stazione Bari, A1, 26867 Somaglia LO, Italy",https://www.autogrill.it/wp-content/uploads/2023/08/LOCALI-AUTOGRILL-6.pdf,EUR 1-10,False
2767,Autogrill,Lombardia,Lodi,LO,Somaglia,Bar/Café,EUR 1-10,3.7,11533,44.5058994,11.3428539,Service Area,"Stazione Bologna centrale, A1, 26867 Somaglia LO, Italy",https://www.autogrill.it/wp-content/uploads/2023/08/LOCALI-AUTOGRILL-6.pdf,EUR 1-10,False
2768,Autogrill,Toscana,Firenze,FI,Firenze,Bar/Café,,4.0,1,43.7764865,11.2471937,Transport Hub,"Stazione Firenze S. Maria Novella, Piazza della Stazione, 14/20, 50123 Firenze FI, Italy",https://www.autogrill.it/wp-content/uploads/2023/08/LOCALI-AUTOGRILL-6.pdf,EUR 1-10,True
2769,Autogrill,Piemonte,Alessandria,AL,Tortona,Bar/Café,EUR 1-10,3.7,8518,44.3919479,9.0451375,Service Area,"Stazione Genova Principe, A21 A21, 15057 Tortona AL, Italy",https://www.autogrill.it/wp-content/uploads/2023/08/LOCALI-AUTOGRILL-6.pdf,EUR 1-10,False
2770,Autogrill,Lombardia,Milano,MI,Milano,Bar/Café,EUR 1-10,2.5,58,45.46814061,9.17563099,Transport Hub,"Stazione Milano - Cadorna, Piazzale Luigi Cadorna, 16, 20123 Milano MI, Italy",https://www.autogrill.it/wp-content/uploads/2023/08/LOCALI-AUTOGRILL-6.pdf,EUR 1-10,False
2771,Autogrill,Lombardia,Milano,MI,Milano,Bar/Café,EUR 1-10,3.7,2752,45.4854849,9.2045522,Transport Hub,"Stazione Milano Centrale, Piazza Duca d'Aosta, 1, 20125 Milano MI, Italy",https://www.autogrill.it/wp-content/uploads/2023/08/LOCALI-AUTOGRILL-6.pdf,EUR 1-10,False
2772,Autogrill,Lombardia,Milano,MI,Milano,Bar/Café,,2.6,45,40.8524138,14.27259067,Transport Hub,"Stazione Napoli, Piazzale Luigi Cadorna, 16, 20123 Milano MI, Italy",https://www.autogrill.it/wp-content/uploads/2023/08/LOCALI-AUTOGRILL-6.pdf,EUR 1-10,True
2773,Autogrill,Veneto,Venezia,VE,Venezia,Bar/Café,EUR 1-10,3.7,1874,45.5257728,12.2628579,Service Area,"Stazione Venezia S. Lucia, Tangenziale di Mestre, 30174 Venezia VE, Italy",https://www.autogrill.it/wp-content/uploads/2023/08/LOCALI-AUTOGRILL-6.pdf,EUR 1-10,False
2774,Autogrill,Veneto,Verona,VR,Verona,Bar/Café,EUR 1-10,3.0,234,45.42916963,10.98275634,Transport Hub,"Stazione Verona Porta Nuova, Piazzale XXV Aprile, 1, 37138 Verona VR, Italy",https://www.autogrill.it/wp-content/uploads/2023/08/LOCALI-AUTOGRILL-6.pdf,EUR 1-10,False
2775,Autogrill,Emilia-Romagna,Piacenza,PC,Piacenza,Bar/Café,EUR 1-10,3.7,10557,45.0826176,9.317052,Service Area,"Stradella Sud, A21, 29121 Piacenza PC, Italy",https://www.autogrill.it/wp-content/uploads/2023/08/LOCALI-AUTOGRILL-6.pdf,EUR 1-10,False
2776,Autogrill,Piemonte,Alessandria,AL,Belforte Monferrato,Bar/Café,EUR 1-10,3.8,10041,44.59166944,8.66595599,Service Area,"Stura Est, A26, 15070 Belforte Monferrato AL, Italy",https://www.autogrill.it/wp-content/uploads/2023/08/LOCALI-AUTOGRILL-6.pdf,EUR 1-10,False
2777,Autogrill,Piemonte,Alessandria,AL,Belforte Monferrato,Bar/Café,EUR 1-10,3.8,7349,44.59282833,8.66487798,Service Area,"Stura Ovest, A26, 15070 Belforte Monferrato AL, Italy",https://www.autogrill.it/wp-content/uploads/2023/08/LOCALI-AUTOGRILL-6.pdf,EUR 1-10,False
2778,Autogrill,Campania,Caserta,CE,Santa Croce,Bar/Café,EUR 1-10,3.8,13379,42.1677685,11.787497,Service Area,"Tarquinia (VT) (F.A.), A1, 81057 Teano CE, Italy",https://www.autogrill.it/wp-content/uploads/2023/08/LOCALI-AUTOGRILL-6.pdf,EUR 1-10,False
2779,Autogrill,Lazio,Frosinone,FR,Castrocielo,Bar/Café,EUR 1-10,3.8,5483,41.2342932,14.0939588,Service Area,"Teano Est, A1 Milano Napoli Dir, 03030 Napoli, NA, Italy",https://www.autogrill.it/wp-content/uploads/2023/08/LOCALI-AUTOGRILL-6.pdf,EUR 1-10,False
2780,Autogrill,Lazio,Rieti,RI,Magliano Sabina,Bar/Café,EUR 1-10,3.9,989,42.57054031,12.60915683,Service Area,"Terni Nord, A1, 1, 02046 Magliano Sabina RI, Italy",https://www.autogrill.it/wp-content/uploads/2023/08/LOCALI-AUTOGRILL-6.pdf,EUR 1-10,False
2781,Autogrill,Lazio,Rieti,RI,Magliano Sabina,Bar/Café,EUR 1-10,4.0,250,42.56967238,12.60984532,Service Area,"Terni Sud, A1, 1, 02046 Magliano Sabina RI, Italy",https://www.autogrill.it/wp-content/uploads/2023/08/LOCALI-AUTOGRILL-6.pdf,EUR 1-10,False
2782,Autogrill,Veneto,Venezia,VE,Venezia,Bar/Café,EUR 1-10,3.9,432,45.50438436,11.62446397,Service Area,"Tesina Sud, Tangenziale di Mestre, 30175 Venezia VE, Italy",https://www.autogrill.it/wp-content/uploads/2023/08/LOCALI-AUTOGRILL-6.pdf,EUR 1-10,False
2783,Autogrill,Toscana,Firenze,FI,Firenze,Bar/Café,EUR 1-10,3.9,9433,42.6256486,12.2299844,Service Area,"Tevere Ovest, A1, 50012 Firenze FI, Italy",https://www.autogrill.it/wp-content/uploads/2023/08/LOCALI-AUTOGRILL-6.pdf,EUR 1-10,False
2784,Autogrill,Lazio,Roma,RM,Roma,Bar/Café,EUR 1-10,3.8,452,41.9009203,12.549753,Service Area,"Tiburtina Sud Oil, Autostrada Penetrazione Via Urbana, 24, 00159 Roma RM, Italy",https://www.autogrill.it/wp-content/uploads/2023/08/LOCALI-AUTOGRILL-6.pdf,EUR 1-10,False
2785,Autogrill,Sicilia,Messina,ME,Messina,Bar/Café,EUR 1-10,4.0,2574,38.14263982,15.51763065,Service Area,"Tindari Nord, A18 Messina - Catania, 98035 Messina ME, Italy",https://www.autogrill.it/wp-content/uploads/2023/08/LOCALI-AUTOGRILL-6.pdf,EUR 1-10,False
2786,Autogrill,Sicilia,Messina,ME,Oliveto,Bar/Café,EUR 1-10,3.1,1141,38.127211,15.052603,Service Area,"Tindari Sud, A20, 98070 Oliveto ME, Italy",https://www.autogrill.it/wp-content/uploads/2023/08/LOCALI-AUTOGRILL-6.pdf,EUR 1-10,False
2787,Autogrill,Lazio,Roma,RM,Tolfa,Bar/Café,EUR 1-10,3.9,2468,42.0308303,11.9628715,Service Area,"Tirreno Est, Autostrada Civitavecchia, 00059 Tolfa RM, Italy",https://www.autogrill.it/wp-content/uploads/2023/08/LOCALI-AUTOGRILL-6.pdf,EUR 1-10,False
2788,Autogrill,Emilia-Romagna,Forlì-Cesena,FC,Cesena,Bar/Café,EUR 1-10,4.1,430,42.8791566,12.3951426,Service Area,"Todi, SS E45, 6392, 47521 Cesena FC, Italy",https://www.autogrill.it/wp-content/uploads/2023/08/LOCALI-AUTOGRILL-6.pdf,EUR 1-10,False
2789,Autogrill,Marche,Macerata,MC,Tolentino,Bar/Café,EUR 1-10,3.9,1095,43.229747,13.3486703,Service Area,"Tolentino (MC) (F.A.), Raccordo Tolentino / Civitanova Marche, km 0+794, SS 77 della Val di Chienti, 62029 Tolentino MC, Italy",https://www.autogrill.it/wp-content/uploads/2023/08/LOCALI-AUTOGRILL-6.pdf,EUR 1-10,False
2790,Autogrill,Lazio,Roma,RM,Roma,Bar/Café,EUR 1-10,4.1,207,41.8767908,12.626926,Service Area,"Tor Bella Monaca, Via di Tor Bella Monaca ang. Via Aspertini, Direzione, Via Casilina, 00100 Roma RM, Italy",https://www.autogrill.it/wp-content/uploads/2023/08/LOCALI-AUTOGRILL-6.pdf,EUR 1-10,False
2791,Autogrill,Piemonte,Asti,AT,Villanova d'Asti,Bar/Café,EUR 1-10,3.7,3593,45.0307584,7.6651432,Service Area,"Torino - Fiera Lingotto, A21 km, 13, 14019 Villanova d'Asti AT, Italy",https://www.autogrill.it/wp-content/uploads/2023/08/LOCALI-AUTOGRILL-6.pdf,EUR 1-10,False
2792,Autogrill,Campania,Napoli,NA,Torre Annunziata,Bar/Café,EUR 1-10,3.2,729,40.7513028,14.4720428,Service Area,"Torre Annunziata Ovest, A3 Napoli - Salerno Dir. Salerno Km 20, 80058 Torre Annunziata NA, Italy",https://www.autogrill.it/wp-content/uploads/2023/08/LOCALI-AUTOGRILL-6.pdf,EUR 1-10,False
2793,Autogrill,Emilia-Romagna,Bologna,BO,Ancona,Bar/Café,EUR 1-10,3.6,21605,42.5316627,14.1250785,Service Area,"Torre Cerrano Est, Autostrada A14 Bologna, 40024 Ancona BO, Italy",https://www.autogrill.it/wp-content/uploads/2023/08/LOCALI-AUTOGRILL-6.pdf,EUR 1-10,False
2794,Autogrill,Emilia-Romagna,Piacenza,PC,Piacenza,Bar/Café,EUR 1-10,3.7,8527,44.93553126,8.88371121,Service Area,"Tortona Nord, A21, 29121 Piacenza PC, Italy",https://www.autogrill.it/wp-content/uploads/2023/08/LOCALI-AUTOGRILL-6.pdf,EUR 1-10,False
2795,Autogrill,Emilia-Romagna,Piacenza,PC,Piacenza,Bar/Café,EUR 1-10,3.7,6476,44.93464842,8.88494313,Service Area,"Tortona Sud, A21, 29121 Piacenza PC, Italy",https://www.autogrill.it/wp-content/uploads/2023/08/LOCALI-AUTOGRILL-6.pdf,EUR 1-10,False
2796,Autogrill,Marche,Pesaro e Urbino,PU,Pesaro,Bar/Café,EUR 1-10,3.7,4559,42.8051034,13.92725834,Service Area,"Tortoreto Ovest, A14 Bologna, 61122 Pesaro PU, Italy",https://www.autogrill.it/wp-content/uploads/2023/08/LOCALI-AUTOGRILL-6.pdf,EUR 1-10,False
2797,Autogrill,Sardegna,Oristano,OR,Tramatza,Bar/Café,EUR 1-10,4.1,2664,39.9904063,8.6416218,Service Area,"Tramatza Ovest, SS 131 Carlo Felice, 102, 09070 Tramatza OR, Italy",https://www.autogrill.it/wp-content/uploads/2023/08/LOCALI-AUTOGRILL-6.pdf,EUR 1-10,False
2798,Autogrill,Emilia-Romagna,Piacenza,PC,Piacenza,Bar/Café,EUR 1-10,3.7,10557,45.06222,9.6521293,Service Area,"Trebbia Nord, A21, 29121 Piacenza PC, Italy",https://www.autogrill.it/wp-content/uploads/2023/08/LOCALI-AUTOGRILL-6.pdf,EUR 1-10,False
2799,Autogrill,Sicilia,Messina,ME,Messina,Bar/Café,EUR 1-10,4.0,2574,38.1426395,15.5175232,Service Area,"Tremestieri Ovest, A18 Messina - Catania, 98035 Messina ME, Italy",https://www.autogrill.it/wp-content/uploads/2023/08/LOCALI-AUTOGRILL-6.pdf,EUR 1-10,False
2800,Autogrill,Piemonte,Alessandria,AL,Belforte Monferrato,Bar/Café,EUR 1-10,3.7,8279,44.45386737,8.744887082,Service Area,"Turchino Est, A26 - Autostrada dei Trafori, 15070 Belforte Monferrato AL, Italy",https://www.autogrill.it/wp-content/uploads/2023/08/LOCALI-AUTOGRILL-6.pdf,EUR 1-10,False
2801,Autogrill,Lombardia,Milano,MI,Pero,Bar/Café,EUR 1-10,3.7,3160,44.4538702,8.7448974,Service Area,"Val di Sona Est, A4 Torino - Trieste, 20016 Pero MI, Italy",https://www.autogrill.it/wp-content/uploads/2023/08/LOCALI-AUTOGRILL-6.pdf,EUR 1-10,False
2802,Autogrill,Abruzzo,L'Aquila,AQ,L'Aquila,Bar/Café,EUR 1-10,3.7,1765,45.4168654,10.8275842,Service Area,"Valle Aterno Ovest, A24 km. 99, 67100 L'Aquila AQ, Italy",https://www.autogrill.it/wp-content/uploads/2023/08/LOCALI-AUTOGRILL-6.pdf,EUR 1-10,False
2803,Autogrill,Liguria,Savona,SV,Varazze,Bar/Café,EUR 1-10,3.7,8007,44.27450567,8.42344723,Service Area,"Valleggia Oil, A10 Genova-Ventimiglia, km 26, 17019 Varazze SV, Italy",https://www.autogrill.it/wp-content/uploads/2023/08/LOCALI-AUTOGRILL-6.pdf,EUR 1-10,False
2804,Autogrill,Lombardia,Brescia,BS,Erbusco,Bar/Café,EUR 1-10,3.7,16883,45.53225698,10.15153894,Service Area,"Valtrompia Nord, A4 Torino - Trieste dir. Milano km 197, 25030 Erbusco BS, Italy",https://www.autogrill.it/wp-content/uploads/2023/08/LOCALI-AUTOGRILL-6.pdf,EUR 1-10,False
2805,Autogrill,Lombardia,Bergamo,BG,Osio Sopra,Bar/Café,EUR 1-10,3.9,19880,45.5321644,10.14883592,Service Area,"Valtrompia Sud, A4 Torino - Trieste, 24040 Osio Sopra BG, Italy",https://www.autogrill.it/wp-content/uploads/2023/08/LOCALI-AUTOGRILL-6.pdf,EUR 1-10,False
2806,Autogrill,Veneto,Venezia,VE,Venezia,Bar/Café,EUR 1-10,3.7,1874,45.5320437,10.14874,Service Area,"Venezia Stazione S. Lucia BIstrot, Tangenziale di Mestre, 30174 Venezia VE, Italy",https://www.autogrill.it/wp-content/uploads/2023/08/LOCALI-AUTOGRILL-6.pdf,EUR 1-10,False
2807,Autogrill,Lombardia,Milano,MI,Lainate,Bar/Café,EUR 1-10,4.1,19331,45.70368482,8.73516409,Service Area,"Verbano Est, A8 Milano, km 9/Est, 20020 Lainate MI, Italy",https://www.autogrill.it/wp-content/uploads/2023/08/LOCALI-AUTOGRILL-6.pdf,EUR 1-10,False
2808,Autogrill,Lombardia,Varese,VA,Arsago Seprio,Bar/Café,EUR 1-10,3.8,4960,45.7028842,8.7349553,Service Area,"Verbano Ovest, A8 Sesto Calende, 21010 Arsago Seprio VA, Italy",https://www.autogrill.it/wp-content/uploads/2023/08/LOCALI-AUTOGRILL-6.pdf,EUR 1-10,False
2809,Autogrill,Emilia-Romagna,Forlì-Cesena,FC,Mercato Saraceno,Bar/Café,EUR 1-10,4.1,1199,43.7652227,12.0369223,Service Area,"Verghereto, km. 200, E45, 47025 Mercato Saraceno FC, Italy",https://www.autogrill.it/wp-content/uploads/2023/08/LOCALI-AUTOGRILL-6.pdf,EUR 1-10,False
2810,Autogrill,Lombardia,Milano,MI,Milano,Bar/Café,EUR 1-10,2.5,58,45.46813698,9.175618732,Transport Hub,"Verona Bistrot, Piazzale Luigi Cadorna, 16, 20123 Milano MI, Italy",https://www.autogrill.it/wp-content/uploads/2023/08/LOCALI-AUTOGRILL-6.pdf,EUR 1-10,False
2811,Autogrill,Veneto,Verona,VR,Verona,Bar/Café,EUR 1-10,4.2,207,45.446075,11.051517,Service Area,"Verona Tangenziale Oil, Est direzione Valpantena, Tangenziale Est, 37141 Verona VR, Italy",https://www.autogrill.it/wp-content/uploads/2023/08/LOCALI-AUTOGRILL-6.pdf,EUR 1-10,False
2812,Autogrill,Liguria,La Spezia,SP,Livorno,Bar/Café,EUR 1-10,3.7,8106,43.9283437,10.222538,Service Area,"Versilia Ovest, A12 19020 Vezzano Ligure, 19020 Livorno SP, Italy",https://www.autogrill.it/wp-content/uploads/2023/08/LOCALI-AUTOGRILL-6.pdf,EUR 1-10,False
2813,Autogrill,Veneto,Verona,VR,San Bonifacio,Bar/Café,EUR 1-10,3.9,3206,45.4673584,8.4618617,Service Area,"Vicolungo, Autostrada Torino, Viale Trieste, 4, 37047 San Bonifacio VR, Italy",https://www.autogrill.it/wp-content/uploads/2023/08/LOCALI-AUTOGRILL-6.pdf,EUR 1-10,False
2814,Autogrill,Veneto,Venezia,VE,Venezia,Bar/Café,EUR 1-10,3.7,1874,45.5121814,11.4834437,Service Area,"Villa Morosini Ovest, Tangenziale di Mestre, 30174 Venezia VE, Italy",https://www.autogrill.it/wp-content/uploads/2023/08/LOCALI-AUTOGRILL-6.pdf,EUR 1-10,False
2815,Autogrill,Veneto,Venezia,VE,Venezia,Bar/Café,EUR 1-10,4.1,617,45.4738671,12.2143215,Service Area,"Villabona Sud, Tangenziale di Mestre, 30175 Venezia VE, Italy",https://www.autogrill.it/wp-content/uploads/2023/08/LOCALI-AUTOGRILL-6.pdf,EUR 1-10,False
2816,Autogrill,Emilia-Romagna,Piacenza,PC,Piacenza,Bar/Café,EUR 1-10,3.6,4815,45.1141059,10.0570416,Service Area,"Villanova Sud, Autostrada Torino - Brescia, km 167, 29100 Piacenza PC, Italy",https://www.autogrill.it/wp-content/uploads/2023/08/LOCALI-AUTOGRILL-6.pdf,EUR 1-10,False
2817,Autogrill,Piemonte,Vercelli,VC,Cigliano,Bar/Café,EUR 1-10,3.7,2530,45.4574432,8.3459644,Service Area,"Villarboit Nord, A4, 13043 Cigliano VC, Italy",https://www.autogrill.it/wp-content/uploads/2023/08/LOCALI-AUTOGRILL-6.pdf,EUR 1-10,False
2818,Autogrill,Lombardia,Milano,MI,Lainate,Bar/Café,EUR 1-10,4.1,5634,45.5589398,9.0390151,Service Area,"Villoresi 1958, A8, 20020 Lainate MI, Italy",https://www.autogrill.it/wp-content/uploads/2023/08/LOCALI-AUTOGRILL-6.pdf,EUR 1-10,False
2819,Autogrill,Lombardia,Milano,MI,Lainate,Bar/Café,EUR 1-10,4.1,19331,45.55929868,9.041676326,Service Area,"Villoresi Est, A8 Milano, km 9/Est, 20020 Lainate MI, Italy",https://www.autogrill.it/wp-content/uploads/2023/08/LOCALI-AUTOGRILL-6.pdf,EUR 1-10,False
2820,Autogrill,Piemonte,Torino,TO,Settimo Rottaro,Bar/Café,EUR 1-10,3.7,4563,45.40848267,8.01317886,Service Area,"Viverone Nord, A5 Raccordo, A4/A5 Diramazione Ivrea-SanthiÃ , 10010 Settimo Rottaro TO, Italy",https://www.autogrill.it/wp-content/uploads/2023/08/LOCALI-AUTOGRILL-6.pdf,EUR 1-10,False
2821,Autogrill,Piemonte,Torino,TO,Settimo Rottaro,Bar/Café,EUR 1-10,3.7,4563,45.40762201,8.01235045,Service Area,"Viverone Sud, A5 Raccordo, A4/A5 Diramazione Ivrea-SanthiÃ , 10010 Settimo Rottaro TO, Italy",https://www.autogrill.it/wp-content/uploads/2023/08/LOCALI-AUTOGRILL-6.pdf,EUR 1-10,False
2822,Autogrill,Marche,Ancona,AN,Chiaravalle,Bar/Café,EUR 1-10,3.8,2573,42.669063,13.9426475,Service Area,"Vomano Est, A14, 60033 Chiaravalle AN, Italy",https://www.autogrill.it/wp-content/uploads/2023/08/LOCALI-AUTOGRILL-6.pdf,EUR 1-10,False
2823,Autogrill,Veneto,Verona,VR,Zevio,Bar/Café,EUR 1-10,3.7,77,45.3647266,11.0606164,Service Area,"Zevio Oil, SS Transpolesana 434 KM 8+430, 37059 Zevio VR, Italy",https://www.autogrill.it/wp-content/uploads/2023/08/LOCALI-AUTOGRILL-6.pdf,EUR 1-10,False
