Outlet ID,Brand,Region,Province,Province_Shorthand,City,Menu_Category,Price_Range,Customer_Rating,Review_Count,Latitude,Longitude,Location_Type,Address,Source,
1,McDonald's,Valle d'Aosta,Aosta,AO,Aosta,Burgers,EUR 1-10,3.8,"3,974",45.73952665,7.34543209,Commercial Area,"Aosta, 11100 Aosta, Aosta Valley",https://www.mcdonalds.it/elenco-ristoranti,
2,McDonald's,Liguria,Genova,GE,Genova,Burgers,EUR 1-10,3.7,"2,244",44.40684047,8.93667317,City Center,Via Venti Settembre 1,https://www.mcdonalds.it/elenco-ristoranti,
3,McDonald's,Liguria,Genova,GE,Genova,Burgers,EUR 1-10,3.9,"2,170",44.41372265,8.87994144,Shopping Mall,"Via Paolo Mantovani, 17, 16149 Genova GE",https://www.mcdonalds.it/elenco-ristoranti,
4,McDonald's,Liguria,Genova,GE,Genova,Burgers,EUR 1-10,2.9,303,44.41723756,8.92142749,Transport Hub,"Piazza Acquaverde, 16134 Genova GE",https://www.mcdonalds.it/elenco-ristoranti,
5,McDonald's,Liguria,Genova,GE,Genova,Burgers,EUR 1-10,3.8,"3,290",44.41140909,8.92878128,Transport Hub,"Via di Sottoripa, 127R/133, 16124 Genova GE",https://www.mcdonalds.it/elenco-ristoranti,
6,McDonald's,Liguria,Genova,GE,Genova,Burgers,EUR 1-10,3.5,"1,156",44.41012281,8.90848447,Transport Hub,"Via della Chiappella, 16126 Genova GE",https://www.mcdonalds.it/elenco-ristoranti,
7,McDonald's,Liguria,Genova,GE,Genova,Burgers,EUR 1-10,3.7,"2,244",44.40687113,8.93681265,City Center,"Via XX Settembre, 205/207 R, 16121 Genova GE",https://www.mcdonalds.it/elenco-ristoranti,
8,McDonald's,Lombardia,Bergamo,BG,Ambivere,Burgers,EUR 10-20,3.8,"1,470",45.72060874,9.55636646,City Center,"SP342, 24030 Ambivere BG",https://www.mcdonalds.it/elenco-ristoranti,
9,McDonald's,Lombardia,Bergamo,BG,Antegnate,Burgers,EUR 10-20,3.6,"1,363",45.48089753,9.78103591,Shopping Mall,"Via del Commercio, 3, 24051 Antegnate BG",https://www.mcdonalds.it/elenco-ristoranti,
10,McDonald's,Lombardia,Bergamo,BG,Bergamo,Burgers,EUR 1-10,3.3,"3,166",45.69154085,9.67454220,Transport Hub,"Piazzale Guglielmo Marconi, 1, 24122 Bergamo BG",https://www.mcdonalds.it/elenco-ristoranti,
11,McDonald's,Lombardia,Bergamo,BG,Bergamo,Burgers,EUR 1-10,4,"1,709",45.68229723,9.67956928,Commercial Area,"Via S. Giovanni Bosco, 72, 24126 Bergamo BG",https://www.mcdonalds.it/elenco-ristoranti,
12,McDonald's,Lombardia,Bergamo,BG,Bergamo,Burgers,EUR 10-20,3.9,135,45.68888632,9.70464173,Residential Area,"Via Giulio Verne, 4, 24125 Bergamo BG",https://www.mcdonalds.it/elenco-ristoranti,
13,McDonald's,Lombardia,Bergamo,BG,Brembate,Burgers,EUR 10-20,3.7,"3,084",45.60684627,9.54265892,Service Area,"Via Vittorio Veneto, 67, 24041 Brembate BG",https://www.mcdonalds.it/elenco-ristoranti,
14,McDonald's,Lombardia,Bergamo,BG,Caravaggio,Burgers,EUR 1-10,4.1,831,45.49093208,9.65011830,City Center,"Strada Provinciale ex Strada Statale 11, 24043 Caravaggio BG",https://www.mcdonalds.it/elenco-ristoranti,
15,McDonald's,Lombardia,Bergamo,BG,Carvico,Burgers,EUR 1-10,3.8,804,45.69632664,9.48114517,Commercial Area,"Via Carlo Gerolamo Conti, 69, 24030 Carvico BG",https://www.mcdonalds.it/elenco-ristoranti,
16,McDonald's,Lombardia,Bergamo,BG,Covo,Burgers,EUR 1-10,3.8,627,45.51221109,9.76888249,Commercial Area,"Strada Provinciale Soncinese, 18, 24050 Covo BG",https://www.mcdonalds.it/elenco-ristoranti,
17,McDonald's,Lombardia,Bergamo,BG,Curno,Burgers,NaN,3.8,"2,181",45.68304010,9.61023871,Shopping Mall,"Via Enrico Fermi, 1, 24035 Curno BG",https://www.mcdonalds.it/elenco-ristoranti,
18,McDonald's,Lombardia,Bergamo,BG,Curno,Burgers,EUR 1-10,3.9,"3,083",45.69297969,9.62529560,Commercial Area,"Via Antonio Meucci, 1, 24035 Curno BG",https://www.mcdonalds.it/elenco-ristoranti,
19,McDonald's,Lombardia,Bergamo,BG,Dalmine,Burgers,EUR 1-10,3.8,"4,952",45.65345019,9.62229080,Commercial Area,"Via Vailetta, snc, 24044 Dalmine BG",https://www.mcdonalds.it/elenco-ristoranti,
20,McDonald's,Lombardia,Bergamo,BG,Ghisalba,Burgers,EUR 10-20,3.4,173,45.58989899,9.76031736,Commercial Area,"Via dei Casali, 5, 24050 Ghisalba BG",https://www.mcdonalds.it/elenco-ristoranti,
21,McDonald's,Lombardia,Bergamo,BG,Grumello del Monte,Burgers,EUR 1-10,3.7,"1,685",45.63261202,9.86110230,Transport Hub,"Viale Lega Lombarda, 24064 Grumello del Monte BG",https://www.mcdonalds.it/elenco-ristoranti,
22,McDonald's,Lombardia,Bergamo,BG,Nembro,Burgers,EUR 1-10,4,"2,547",45.73700426,9.74758224,Commercial Area,"Via Monsignor Aldo Nicoli, 13, 24027 Nembro BG",https://www.mcdonalds.it/elenco-ristoranti,
23,McDonald's,Lombardia,Bergamo,BG,Orio al Serio,Burgers,EUR 10-20,2.1,838,45.66729122,9.69785313,Transport Hub,"Via Aeroporto, 13, 24050 Orio al Serio BG",https://www.mcdonalds.it/elenco-ristoranti,
24,McDonald's,Lombardia,Bergamo,BG,Orio al Serio,Burgers,NaN,3.6,25,45.66253122,9.69709065,Shopping Mall,"Via Portico, 71 C, 24050 Orio al Serio BG",https://www.mcdonalds.it/elenco-ristoranti,
25,McDonald's,Lombardia,Bergamo,BG,Orio al Serio,Burgers,EUR 10-20,3.8,"3,942",45.66483328,9.69522430,City Center,"Via Portico, 71 B, 24050 Orio al Serio BG",https://www.mcdonalds.it/elenco-ristoranti,
26,McDonald's,Lombardia,Bergamo,BG,Seriate,Burgers,NaN,3.7,"1,479",45.67955593,9.74677508,Shopping Mall,"via Brusaporto, 41 c/o Centro Commerciale Alle Valli, 24068 Seriate BG",https://www.mcdonalds.it/elenco-ristoranti,
27,McDonald's,Lombardia,Bergamo,BG,Stezzano,Burgers,EUR 10-20,3.4,394,45.64842190,9.63032177,Shopping Mall,"Via Guzzanica, 62 / 64, 24040 Stezzano BG",https://www.mcdonalds.it/elenco-ristoranti,
28,McDonald's,Lombardia,Bergamo,BG,Trescore Balneario,Burgers,EUR 1-10,3.7,762,45.68823639,9.82041731,Commercial Area,"Via Giacomo Matteotti, 118, 24069 Trescore Balneario BG",https://www.mcdonalds.it/elenco-ristoranti,
29,McDonald's,Lombardia,Bergamo,BG,Treviglio,Burgers,EUR 10-20,3.9,"3,825",45.52948368,9.59878305,Commercial Area,"Viale Alessandro Manzoni, 24047 Treviglio BG",https://www.mcdonalds.it/elenco-ristoranti,
30,McDonald's,Lombardia,Bergamo,BG,Verdello,Burgers,EUR 1-10,2.7,90,45.59003207,9.62126750,Commercial Area,"Via Friuli, 2, 24049 Verdello BG",https://www.mcdonalds.it/elenco-ristoranti,
31,McDonald's,Lombardia,Brescia,BS,Brescia,Burgers,EUR 1-10,3.7,"6,252",45.52141892,10.18635047,Shopping Mall,"Via Arcangelo Tadini, 7, 25125 Brescia BS",https://www.mcdonalds.it/elenco-ristoranti,
32,McDonald's,Lombardia,Brescia,BS,Brescia,Burgers,EUR 10-20,3.9,"3,395",45.51535950,10.29700050,Commercial Area,"Viale Sant'Eufemia, 220, 25135 Brescia BS",https://www.mcdonalds.it/elenco-ristoranti,
33,McDonald's,Lombardia,Brescia,BS,Brescia,Burgers,EUR 1-10,3.7,"1,078",45.53782735,10.21951725,City Center,"Via IV Novembre, 5, 25122 Brescia BS",https://www.mcdonalds.it/elenco-ristoranti,
34,McDonald's,Lombardia,Brescia,BS,Castegnato,Burgers,EUR 1-10,3.5,"3,241",45.55263328,10.11528173,Commercial Area,"Via Rita Levi Montalcini, 100, 25045 Castegnato BS",https://www.mcdonalds.it/elenco-ristoranti,
35,McDonald's,Lombardia,Brescia,BS,Concesio,Burgers,EUR 1-10,3.9,"2,784",45.59466928,10.22574509,Commercial Area,"Via Nikolajewka, 2, 25062 Concesio BS",https://www.mcdonalds.it/elenco-ristoranti,
36,McDonald's,Lombardia,Brescia,BS,Darfo Boario Terme,Burgers,EUR 10-20,3.6,"2,480",45.87157304,10.15471057,Shopping Mall,"Via Cassiano Serventi, 2, 25047 Darfo Boario Terme BS",https://www.mcdonalds.it/elenco-ristoranti,
37,McDonald's,Lombardia,Brescia,BS,Desenzano del Garda,Burgers,EUR 10-20,3.7,"6,051",45.45737074,10.52241203,Shopping Mall,"Località La Perla, 1, 25015 Desenzano del Garda BS",https://www.mcdonalds.it/elenco-ristoranti,
38,McDonald's,Lombardia,Brescia,BS,Edolo,Burgers,EUR 1-10,4.3,309,46.17204189,10.34183792,Commercial Area,"Via Guglielmo Marconi, 284, 25048 Edolo BS",https://www.mcdonalds.it/elenco-ristoranti,
39,McDonald's,Lombardia,Brescia,BS,Erbusco,Burgers,EUR 10-20,3.5,"2,234",45.57962902,10.00075354,Shopping Mall,"Via Rovato, 44, 25030 Erbusco BS",https://www.mcdonalds.it/elenco-ristoranti,
40,McDonald's,Lombardia,Brescia,BS,Ghedi,Burgers,EUR 1-10,3.8,"2,171",45.39351598,10.26847806,Commercial Area,"Str. Costa, 1, 25016 Ghedi BS",https://www.mcdonalds.it/elenco-ristoranti,
41,McDonald's,Lombardia,Brescia,BS,Lonato del Garda,Burgers,NaN,3.6,682,45.43021639,10.51363879,Shopping Mall,"Centro Commerciale Il Leone Shopping Center, Via Mantova, 36, 25017 Lonato del Garda BS",https://www.mcdonalds.it/elenco-ristoranti,
42,McDonald's,Lombardia,Brescia,BS,Orzinuovi,Burgers,EUR 1-10,3.9,"2,265",45.41461696,9.94211266,Commercial Area,"Viale Adua, 25034 Orzinuovi BS",https://www.mcdonalds.it/elenco-ristoranti,
43,McDonald's,Lombardia,Brescia,BS,Puegnago del Garda,Burgers,EUR 10-20,3.4,"2,776",45.56545540,10.53202443,Commercial Area,"Via Serraglie, 25080 Puegnago del Garda BS",https://www.mcdonalds.it/elenco-ristoranti,
44,McDonald's,Lombardia,Brescia,BS,Rodengo Saiano,Burgers,EUR 1-10,3.9,"2,625",45.57659214,10.11895434,Shopping Mall,"Via del Borgo, 44, 25050 Rodengo Saiano BS",https://www.mcdonalds.it/elenco-ristoranti,
45,McDonald's,Lombardia,Brescia,BS,Roncadelle,Burgers,EUR 1-10,3.8,"2,343",45.53332219,10.16293090,Shopping Mall,"Via Luigi Einaudi, 5, 25030 Roncadelle BS",https://www.mcdonalds.it/elenco-ristoranti,
46,McDonald's,Lombardia,Brescia,BS,Rovato,Burgers,EUR 1-10,3.8,973,45.56137240,9.99542510,Commercial Area,"Via 25 Aprile, 201, 25038 Rovato BS",https://www.mcdonalds.it/elenco-ristoranti,
47,McDonald's,Lombardia,Brescia,BS,Verolanuova,Burgers,EUR 1-10,3.8,"1,437",45.36604552,10.04850756,Shopping Mall,"Via delle Robinie, 2, 25028 Verolanuova BS",https://www.mcdonalds.it/elenco-ristoranti,
48,McDonald's,Lombardia,Como,CO,Appiano Gentile,Burgers,EUR 1-10,3.9,"3,776",45.73633050,8.98893516,Commercial Area,"Via Salvo D'Acquisto, 14, 22070 Appiano Gentile CO",https://www.mcdonalds.it/elenco-ristoranti,
49,McDonald's,Lombardia,Como,CO,Arosio,Burgers,EUR 1-10,3.9,"1,913",45.72049113,9.21519195,Commercial Area,"Via Vallassina, 26, 22060 Arosio CO",https://www.mcdonalds.it/elenco-ristoranti,
50,McDonald's,Lombardia,Como,CO,Cantù,Burgers,EUR 1-10,4,984,45.72389372,9.14601816,Commercial Area,"Via Milano, 96, 22063 Cantù CO",https://www.mcdonalds.it/elenco-ristoranti,
51,McDonald's,Lombardia,Como,CO,Como,Burgers,EUR 1-10,3.4,"5,905",45.81254964,9.08204434,City Center,"Via Caio Plinio Secondo, 2, 22100 Como CO",https://www.mcdonalds.it/elenco-ristoranti,
52,McDonald's,Lombardia,Como,CO,Erba,Burgers,EUR 1-10,3.7,"1,806",45.80432824,9.22131090,Shopping Mall,"Viale Prealpi, 2, 22036 Erba CO",https://www.mcdonalds.it/elenco-ristoranti,
53,McDonald's,Lombardia,Como,CO,Grandate,Burgers,EUR 1-10,3.9,"3,187",45.76942429,9.06166637,Shopping Mall,"Via Strada Statale dei Giovi, 35/n. 65, 22070 Grandate CO",https://www.mcdonalds.it/elenco-ristoranti,
54,McDonald's,Lombardia,Como,CO,Limpomo,Burgers,EUR 10-20,3.8,"2,863",45.79746554,9.11819982,Commercial Area,"V. Statale per Lecco, 267, 22038 Lipomo CO",https://www.mcdonalds.it/elenco-ristoranti,
55,McDonald's,Lombardia,Como,CO,Montano Lucino,Burgers,EUR 10-20,3.5,"3,010",45.78692034,9.04678776,Shopping Mall,"Via Enzo Ratti, 2, 22070 Montano Lucino CO",https://www.mcdonalds.it/elenco-ristoranti,
56,McDonald's,Lombardia,Como,CO,Como,Burgers,EUR 1-10,3.5,"1,354",45.83749950,9.06326227,Commercial Area,"Via Asiago, 2, 22100 Como CO",https://www.mcdonalds.it/elenco-ristoranti,
57,McDonald's,Lombardia,Cremona,CR,Bagnolo Cremasco,Burgers,EUR 1-10,3.9,"3,602",45.36612022,9.62923757,Commercial Area,"Strada Provinciale ex Strada Statale 415 Paullese, km 31, 26010 Bagnolo Cremasco CR",https://www.mcdonalds.it/elenco-ristoranti,
58,McDonald's,Lombardia,Cremona,CR,Crema,Burgers,EUR 1-10,3.9,"1,284",45.35852843,9.67061071,Commercial Area,"Via Madre Teresa di Calcutta, 26013 Crema CR",https://www.mcdonalds.it/elenco-ristoranti,
59,McDonald's,Lombardia,Cremona,CR,Cremona,Burgers,EUR 10-20,3.6,"3,008",45.14646834,10.07761054,Commercial Area,"Via Gazzoletto, 4 Fraz, Via Gazzoletto, 4/Fraz, 26100 San Felice CR",https://www.mcdonalds.it/elenco-ristoranti,
60,McDonald's,Lombardia,Cremona,CR,Cremona,Burgers,EUR 10-20,3.7,"1,411",45.15026997,9.99833487,Shopping Mall,"Via Castelleone, 108, 26100 Cremona Po",https://www.mcdonalds.it/elenco-ristoranti,
61,McDonald's,Lombardia,Lodi,LO,Casalpusterlengo,Burgers,EUR 1-10,3.9,"2,565",45.17425599,9.65640255,Commercial Area,"Via Partigiani, 26841 Casalpusterlengo LO",https://www.mcdonalds.it/elenco-ristoranti,
62,McDonald's,Lombardia,Lodi,LO,Lodi,Burgers,EUR 1-10,4,"2,641",45.30111990,9.52297472,Commercial Area,"Nuova Tang. Est, 26900 Lodi LO",https://www.mcdonalds.it/elenco-ristoranti,
63,McDonald's,Lombardia,Lodi,LO,Pieve Fissiraga,Burgers,EUR 10-20,3.9,"3,529",45.27688735,9.45729671,Commercial Area,"Via Isola Rota, snc, 26854 Pieve Fissiraga LO",https://www.mcdonalds.it/elenco-ristoranti,
64,McDonald's,Lombardia,Lecco,LC,Calolziocorte,Burgers,EUR 1-10,3.6,305,45.78314267,9.44166850,Commercial Area,"Corso Europa, 113, 23801 Calolziocorte LC",https://www.mcdonalds.it/elenco-ristoranti,
65,McDonald's,Lombardia,Lecco,LC,Colico,Burgers,EUR 10-20,3.6,334,46.14428667,9.40750236,Commercial Area,"Via Nazionale Nord, 61, 23823 Colico LC",https://www.mcdonalds.it/elenco-ristoranti,
66,McDonald's,Lombardia,Lecco,LC,Garlate,Burgers,EUR 1-10,3.8,"4,262",45.80985693,9.40114156,Commercial Area,"Via Statale, 884, 23852 Garlate LC",https://www.mcdonalds.it/elenco-ristoranti,
67,McDonald's,Lombardia,Lecco,LC,Lecco,Burgers,EUR 1-10,3.2,586,45.85392773,9.38882226,City Center,"Via Nazario Sauro, 2, 23900 Lecco LC",https://www.mcdonalds.it/elenco-ristoranti,
68,McDonald's,Lombardia,Lecco,LC,Oggiono,Burgers,EUR 10-20,3.1,360,45.78489017,9.34174326,Commercial Area,"Via John F. Kennedy, 21, 23848 Oggiono LC",https://www.mcdonalds.it/elenco-ristoranti,
69,McDonald's,Lombardia,Lecco,LC,Osnago,Burgers,EUR 1-10,3.7,"2,220",45.68233208,9.39847748,Commercial Area,"Via Statale, 20/A, 23875 Osnago LC",https://www.mcdonalds.it/elenco-ristoranti,
70,McDonald's,Lombardia,Mantova,MN,Asola,Burgers,EUR 1-10,3.8,"1,029",45.21726691,10.41933094,Commercial Area,"Via Parma, 26, 46041 Asola MN",https://www.mcdonalds.it/elenco-ristoranti,
71,McDonald's,Lombardia,Mantova,MN,Bagnolo San Vito,Burgers,EUR 10-20,3.7,797,45.09007605,10.85807124,Shopping Mall,"Via Marco Biagi, 2, 46031 Bagnolo San Vito MN",https://www.mcdonalds.it/elenco-ristoranti,
72,McDonald's,Lombardia,Mantova,MN,Castiglione delle Stiviere,Burgers,EUR 1-10,3.8,"2,677",45.39063378,10.47911838,Commercial Area,"Via Toscanini, 2, 46043 Castiglione delle Stiviere MN",https://www.mcdonalds.it/elenco-ristoranti,
73,McDonald's,Lombardia,Mantova,MN,Curtatone,Burgers,EUR 1-10,3.8,"3,950",45.15395738,10.72766414,Commercial Area,"Via Giovanni Campia, 46010 Curtatone MN",https://www.mcdonalds.it/elenco-ristoranti,
74,McDonald's,Lombardia,Mantova,MN,Porto Mantovano,Burgers,EUR 10-20,3.9,117,45.26240717,10.66104481,Commercial Area,"Via S. Camillo de Lellis, 46044 Aquilone MN",https://www.mcdonalds.it/elenco-ristoranti,
75,McDonald's,Lombardia,Mantova,MN,Mantova,Burgers,EUR 10-20,3.7,"4,256",45.16435973,10.82763841,Shopping Mall,"Via Legnago, 10, 46100 Case Ghisiolo MN",https://www.mcdonalds.it/elenco-ristoranti,
76,McDonald's,Lombardia,Monza e della Brianza,MB,Arcore,Burgers,EUR 1-10,3.8,"3,646",45.63721462,9.33994527,Commercial Area,"Via F. Gilera, 192, 20862 Arcore MB",https://www.mcdonalds.it/elenco-ristoranti,
77,McDonald's,Lombardia,Monza e della Brianza,MB,Biassono,Burgers,EUR 1-10,4,"1,411",45.62662405,9.27507694,Commercial Area,"Via Cesana e Villa, 70, 20853 Biassono MB",https://www.mcdonalds.it/elenco-ristoranti,
78,McDonald's,Lombardia,Monza e della Brianza,MB,Busnago,Burgers,EUR 1-10,3.8,"2,776",45.62066715,9.47394282,Shopping Mall,"Via Italia, 197/11, 20874 Busnago MB",https://www.mcdonalds.it/elenco-ristoranti,
79,McDonald's,Lombardia,Monza e della Brianza,MB,Caponago,Burgers,EUR 1-10,3.8,"1,187",45.56825555,9.36508875,Commercial Area,"Viale Monza, 20867 Caponago MB",https://www.mcdonalds.it/elenco-ristoranti,
80,McDonald's,Lombardia,Monza e della Brianza,MB,Carate Brianza,Burgers,EUR 10-20,4.1,126,45.67392112,9.24289319,Commercial Area,"Via San Michele al Carso, 28, 20841 Carate Brianza MB",https://www.mcdonalds.it/elenco-ristoranti,
81,McDonald's,Lombardia,Monza e della Brianza,MB,Concorezzo,Burgers,EUR 1-10,4,"3,427",45.59041402,9.32908254,Commercial Area,"Via Monza, 14, 20863 Concorezzo MB",https://www.mcdonalds.it/elenco-ristoranti,
82,McDonald's,Lombardia,Monza e della Brianza,MB,Desio,Burgers,EUR 1-10,3.9,"4,791",45.60101473,9.20064457,Commercial Area,"Via delle Rose, 6, 20832 Desio MB",https://www.mcdonalds.it/elenco-ristoranti,
83,McDonald's,Lombardia,Monza e della Brianza,MB,Lentate sul Seveso,Burgers,EUR 10-20,3.8,"2,717",45.69074543,9.10522458,Commercial Area,"Via Nazionale dei Giovi, 249/5, 20823 Lentate sul Seveso MB",https://www.mcdonalds.it/elenco-ristoranti,
84,McDonald's,Lombardia,Monza e della Brianza,MB,Limbiate,Burgers,EUR 10-20,3.8,"1,211",45.60779303,9.13078964,Shopping Mall,"Via Monza, 55, 20812 Limbiate MB",https://www.mcdonalds.it/elenco-ristoranti,
85,McDonald's,Lombardia,Monza e della Brianza,MB,Lissone,Burgers,EUR 1-10,3.9,"2,515",45.60195930,9.24955710,Commercial Area,"Via Giacomo Zanella, 9, 20851 Lissone MB",https://www.mcdonalds.it/elenco-ristoranti,
86,McDonald's,Lombardia,Monza e della Brianza,MB,Monza,Burgers,EUR 1-10,3.9,"4,988",45.57202122,9.24758677,Commercial Area,"Viale Lombardia, 175, 20900 Monza MB",https://www.mcdonalds.it/elenco-ristoranti,
87,McDonald's,Lombardia,Monza e della Brianza,MB,Monza,Burgers,EUR 1-10,3.6,"2,264",45.57945877,9.27293233,City Center,"Corso Milano, 19, 20900 Monza MB",https://www.mcdonalds.it/elenco-ristoranti,
88,McDonald's,Lombardia,Monza e della Brianza,MB,Varedo,Burgers,EUR 10-20,3.8,"2,730",45.59619584,9.17370207,Commercial Area,"Via Circonvallazione, 164, 20814 Varedo MB",https://www.mcdonalds.it/elenco-ristoranti,
89,McDonald's,Lombardia,Monza e della Brianza,MB,Verano Brianza,Burgers,EUR 10-20,4,"5,067",45.67624002,9.21075125,Commercial Area,"SP 110 Comasina, Viale Lario, 20843 Verano Brianza MB",https://www.mcdonalds.it/elenco-ristoranti,
90,McDonald's,Lombardia,Monza e della Brianza,MB,Vimercate,Burgers,EUR 1-10,3.8,"1,241",45.60059406,9.35941095,Commercial Area,"Via Torri Bianche, 16, 20871 Torri Bianche MB",https://www.mcdonalds.it/elenco-ristoranti,
91,McDonald's,Lombardia,Pavia,PV,Chignolo Po,Burgers,EUR 1-10,3.9,181,45.16260249,9.50358230,Commercial Area,"Via Statale Mantovana, 28, 27013 Chignolo Po PV",https://www.mcdonalds.it/elenco-ristoranti,
92,McDonald's,Lombardia,Pavia,PV,Garlate,Burgers,EUR 1-10,4,759,45.19040930,8.92327704,Commercial Area,"Via Leonardo Da Vinci, 55, 27026 Garlasco PV",https://www.mcdonalds.it/elenco-ristoranti,
93,McDonald's,Lombardia,Pavia,PV,Landriano,Burgers,EUR 1-10,4,"1,544",45.30737746,9.26905062,Commercial Area,"Via Carlo Azeglio Ciampi, 2, 27015 Landriano PV",https://www.mcdonalds.it/elenco-ristoranti,
94,McDonald's,Lombardia,Pavia,PV,Montebello della Battaglia,Burgers,EUR 10-20,3.9,"2,024",44.99884625,9.07048557,Shopping Mall,"Via Mirabella, 13/15, 27054 Montebello della Battaglia PV",https://www.mcdonalds.it/elenco-ristoranti,
95,McDonald's,Lombardia,Pavia,PV,Mortara,Burgers,EUR 1-10,3.9,443,45.24902195,8.75473858,Shopping Mall,"Viale Tiziano Vecellio, 27036 Mortara PV",https://www.mcdonalds.it/elenco-ristoranti,
96,McDonald's,Lombardia,Pavia,PV,Pavia,Burgers,EUR 10-20,3.7,"3,921",45.19908712,9.15078167,Commercial Area,"Via Alessandro Brambilla, 34, 27100 Pavia PV",https://www.mcdonalds.it/elenco-ristoranti,
97,McDonald's,Lombardia,Pavia,PV,San Martino Siccomario,Burgers,EUR 1-10,4,"2,265",45.15358208,9.12487541,Shopping Mall,"Centro Commerciale San Martino SS per Mortara, 27028 San Martino Siccomario PV",https://www.mcdonalds.it/elenco-ristoranti,
98,McDonald's,Lombardia,Pavia,PV,Stradella,Burgers,EUR 1-10,3.9,"2,593",45.07861191,9.28460472,Commercial Area,"Via Nazionale, 65, 27049 Stradella PV",https://www.mcdonalds.it/elenco-ristoranti,
99,McDonald's,Lombardia,Pavia,PV,Vigevano,Burgers,NaN,3.9,"3,419",45.32971785,8.87959114,Commercial Area,"Corso Milano, 146, 27029 Vigevano PV",https://www.mcdonalds.it/elenco-ristoranti,
100,McDonald's,Lombardia,Pavia,PV,Voghera,Burgers,EUR 10-20,4,"2,027",44.98614937,8.99996094,Commercial Area,"V.le Martiri della Libertà, 27058 Voghera PV",https://www.mcdonalds.it/elenco-ristoranti,
101,McDonald's,Lombardia,Sondrio,SO,Castione Andevenno,Burgers,EUR 10-20,3.7,"2,686",46.16241313,9.80748760,Shopping Mall,"Viale Bruno Tirelli, 149, 23012 Castione Andevenno SO",https://www.mcdonalds.it/elenco-ristoranti,
102,McDonald's,Lombardia,Sondrio,SO,Villa di Tirano,Burgers,EUR 10-20,3.9,707,46.21256896,10.14987280,Commercial Area,"Via Nazionale, 145/a, 23030 Villa di Tirano SO",https://www.mcdonalds.it/elenco-ristoranti,
103,McDonald's,Lombardia,Varese,VA,Buguggiate,Burgers,EUR 10-20,3.8,515,45.77894418,8.80779851,Commercial Area,"Via Valle Peschiera, 21020 Buguggiate VA",https://www.mcdonalds.it/elenco-ristoranti,
104,McDonald's,Lombardia,Varese,VA,Busto Arsizio,Burgers,EUR 1-10,3.7,"2,945",45.61273108,8.85530942,Shopping Mall,"Via Galileo Galilei, 1, 21052 Busto Arsizio VA",https://www.mcdonalds.it/elenco-ristoranti,
105,McDonald's,Lombardia,Varese,VA,Castellanza,Burgers,EUR 10-20,3.7,695,45.60388862,8.88128957,Commercial Area,"Viale Giuseppe Borri, 21a, 21053 Castellanza VA",https://www.mcdonalds.it/elenco-ristoranti,
106,McDonald's,Lombardia,Varese,VA,Gallarate,Burgers,EUR 10-20,3.5,"4,638",45.64932170,8.80924019,Commercial Area,"Viale Milano, 58, 21013 Gallarate VA",https://www.mcdonalds.it/elenco-ristoranti,
107,McDonald's,Lombardia,Varese,VA,Gavirate,Burgers,EUR 10-20,3.3,"1,591",45.84412226,8.70725414,Commercial Area,"Via Gerli, 21026 Gavirate VA",https://www.mcdonalds.it/elenco-ristoranti,
108,McDonald's,Lombardia,Varese,VA,Gerenzano,Burgers,EUR 1-10,3.9,"4,214",45.63299513,9.01739764,Commercial Area,"Via Cervinia, 2, 21040 Gerenzano VA",https://www.mcdonalds.it/elenco-ristoranti,
109,McDonald's,Lombardia,Varese,VA,Induno Olona,Burgers,EUR 10-20,3.5,"2,238",45.83985024,8.84161947,Commercial Area,"Via Bidino, 1, 21056 Induno Olona VA",https://www.mcdonalds.it/elenco-ristoranti,
110,McDonald's,Lombardia,Varese,VA,Luino,Burgers,EUR 10-20,3.6,468,45.99475399,8.73296252,Commercial Area,"Viale Dante Alighieri, 59, 21016 Luino VA",https://www.mcdonalds.it/elenco-ristoranti,
111,McDonald's,Lombardia,Varese,VA,Malnate,Burgers,EUR 10-20,3.5,"2,586",45.79060896,8.88956154,Commercial Area,"Via John Fitzgerald Kennedy, 21046 Malnate VA",https://www.mcdonalds.it/elenco-ristoranti,
112,McDonald's,Lombardia,Varese,VA,Somma Lombardo,Burgers,EUR 10-20,3.8,"30,992",45.67993611,8.72223089,Commercial Area,"Via Milano, 167, 21019 Somma Lombardo VA",https://www.mcdonalds.it/elenco-ristoranti,
113,McDonald's,Lombardia,Varese,VA,Somma Lombardo,Burgers,EUR 10-20,3.3,27,45.64829310,8.72200820,Transport Hub - AP,"Malpensa - Terminal 2 - MXP T2, 21019 Somma Lombardo VA",https://www.mcdonalds.it/elenco-ristoranti,
114,McDonald's,Lombardia,Varese,VA,Olgiate Olona,Burgers,EUR 10-20,3.9,"3,948",45.63500434,8.85992589,Commercial Area,"Via Busto Fagnano, 44D, 21057 Olgiate Olona VA",https://www.mcdonalds.it/elenco-ristoranti,
115,McDonald's,Lombardia,Varese,VA,Solbiate Arno,Burgers,EUR 10-20,3.6,"3,336",45.71928612,8.80997532,Shopping Mall,"Tigros, Via del Lavoro, 45, 21048 Solbiate Arno VA",https://www.mcdonalds.it/elenco-ristoranti,
116,McDonald's,Lombardia,Varese,VA,Somma Lombardo,Burgers,EUR 10-20,3.8,"3,092",45.68000357,8.72181246,Commercial Area,"Via Milano, 167, 21019 Somma Lombardo VA",https://www.mcdonalds.it/elenco-ristoranti,
117,McDonald's,Lombardia,Varese,VA,Tradate,Burgers,EUR 1-10,3.6,"3,240",45.69760902,8.91265979,Shopping Mall,"Via della Fornace Cortellezzi, 1, 21049 Tradate VA",https://www.mcdonalds.it/elenco-ristoranti,
118,McDonald's,Lombardia,Varese,VA,Varese,Burgers,EUR 1-10,3.4,"2,620",45.81806259,8.83251142,City Center,"Via Emilio Morosini, 21-25, 21100 Varese VA",https://www.mcdonalds.it/elenco-ristoranti,
119,McDonald's,Lombardia,Varese,VA,Varese,Burgers,EUR 10-20,3.7,"3,637",45.83422115,8.80225402,Commercial Area,"Via Giuseppe Bolchini, 28, 21100 Varese VA",https://www.mcdonalds.it/elenco-ristoranti,
120,McDonald's,Lombardia,Milano,MI,Abbiategrasso,Burgers,EUR 1-10,3.9,"2,518",45.38349666,8.91689797,Commercial Area,"Via Dante Alighieri, 101, 20081 Abbiategrasso MI",https://www.mcdonalds.it/elenco-ristoranti,
121,McDonald's,Lombardia,Milano,MI,Arese,Burgers,EUR 1-10,3.7,"2,053",45.56423645,9.05483753,Shopping Mall,"Via Giuseppe Eugenio Luraghi, 11, 20044 Milano MI",https://www.mcdonalds.it/elenco-ristoranti,
122,McDonald's,Lombardia,Milano,MI,Assago,Burgers,EUR 1-10,3.9,"5,919",45.40650365,9.15093703,Commercial Area,"Viale della Fonte Lunga, 1A, 20090 Assago MI",https://www.mcdonalds.it/elenco-ristoranti,
123,McDonald's,Lombardia,Milano,MI,Baranzate,Burgers,EUR 10-20,4,"1,023",45.52546815,9.11280520,Commercial Area,"Via Milano, 252, 20021 Baranzate MI",https://www.mcdonalds.it/elenco-ristoranti,
124,McDonald's,Lombardia,Milano,MI,Bellinzago Lombardo,Burgers,EUR 10-20,3.5,"1,127",45.54576091,9.45511758,Shopping Mall,"Str. Padana Superiore, 154, 20060 Bellinzago Lombardo MI",https://www.mcdonalds.it/elenco-ristoranti,
125,McDonald's,Lombardia,Milano,MI,Binasco,Burgers,EUR 1-10,4,"4,506",45.33590161,9.10763336,Commercial Area,"SPexSS35, 20082 Binasco MI",https://www.mcdonalds.it/elenco-ristoranti,
126,McDonald's,Lombardia,Milano,MI,Buccinasco,Burgers,EUR 1-10,4,475,45.42193426,9.11390086,Commercial Area,"Via della Resistenza, 9, 20090 Buccinasco MI",https://www.mcdonalds.it/elenco-ristoranti,
127,McDonald's,Lombardia,Milano,MI,Busto Garolfo,Burgers,EUR 1-10,3.8,"1,689",45.54707374,8.87041782,Commercial Area,"Via Arconate, 120, 20020 Busto Garolfo MI",https://www.mcdonalds.it/elenco-ristoranti,
128,McDonald's,Lombardia,Milano,MI,Carugate,Burgers,EUR 10-20,3.7,"2,258",45.54643653,9.33064195,Shopping Mall,"SP208, 20061 Carugate MI",https://www.mcdonalds.it/elenco-ristoranti,
129,McDonald's,Lombardia,Milano,MI,Cassano d'Adda,Burgers,EUR 1-10,3.8,"2,448",45.52924236,9.50805356,Commercial Area,"ss 11, Via Padana Superiore, 20062 Cassano d'Adda MI",https://www.mcdonalds.it/elenco-ristoranti,
130,McDonald's,Lombardia,Milano,MI,Castano Primo,Burgers,EUR 10-20,3.5,365,45.54376951,8.76307091,Commercial Area,"Via Turbigo, 29, 20022 Castano Primo MI",https://www.mcdonalds.it/elenco-ristoranti,
131,McDonald's,Lombardia,Milano,MI,Cerro Maggiore,Burgers,EUR 10-20,3.8,"3,209",45.61003602,8.93243472,Commercial Area,"SS527, 20023 Cerro Maggiore MI",https://www.mcdonalds.it/elenco-ristoranti,
132,McDonald's,Lombardia,Milano,MI,Cinisello Balsamo,Burgers,EUR 1-10,3.9,514,45.56144871,9.22906352,Shopping Mall,"Via E. de Amicis, 2, 20092 Cinisello Balsamo MI",https://www.mcdonalds.it/elenco-ristoranti,
133,McDonald's,Lombardia,Milano,MI,Cinisello Balsamo,Burgers,EUR 10-20,2.7,56,45.57104846,9.19892157,Transport Hub,"AdS Cinsello Nord. A52, km 11, 20092 Cinisello Balsamo MI",https://www.mcdonalds.it/elenco-ristoranti,
134,McDonald's,Lombardia,Milano,MI,Cinisello Balsamo,Burgers,EUR 10-20,3.9,"6,071",45.54130489,9.22163042,Commercial Area,"Viale Fulvio Testi, 132, 20092 Cinisello Balsamo MI",https://www.mcdonalds.it/elenco-ristoranti,
135,McDonald's,Lombardia,Milano,MI,Cinisello Balsamo,Burgers,EUR 1-10,4.1,"2,838",45.55567093,9.25213816,Commercial Area,"Via Valtellina, 36, 20159 Cinisello Balsamo MI",https://www.mcdonalds.it/elenco-ristoranti,
136,McDonald's,Lombardia,Milano,MI,Cologno Monzese,Burgers,EUR 1-10,3.6,"2,863",45.53970638,9.28722312,Commercial Area,"Via Imbersago, 20093 Cologno Monzese MI",https://www.mcdonalds.it/elenco-ristoranti,
137,McDonald's,Lombardia,Milano,MI,Corsico,Burgers,EUR 1-10,3.6,"2,884",45.42999823,9.07963133,Commercial Area,"V.le Dell'industria-ss Nuova, SS494, 20094 Corsico MI",https://www.mcdonalds.it/elenco-ristoranti,
138,McDonald's,Lombardia,Milano,MI,Cusago,Burgers,EUR 10-20,4.1,314,45.44087769,9.04386750,Commercial Area,"Viale Europa, 49, 20047 Cusago MI",https://www.mcdonalds.it/elenco-ristoranti,
139,McDonald's,Lombardia,Milano,MI,Garbagnate Milanese,Burgers,EUR 1-10,3.9,"4,034",45.57636275,9.06621247,Commercial Area,"Via Peloritana, 58, 20024 Garbagnate Milanese MI",https://www.mcdonalds.it/elenco-ristoranti,
140,McDonald's,Lombardia,Milano,MI,Gessate,Burgers,EUR 1-10,3.8,88,45.54311143,9.43927285,Commercial Area,"Via Padana Superiore, 20060 Gessate MI",https://www.mcdonalds.it/elenco-ristoranti,
141,McDonald's,Lombardia,Milano,MI,Gorgonzola,Burgers,EUR 10-20,3.9,"2,233",45.53846444,9.39218668,Commercial Area,"SP13, 20064 Gorgonzola MI",https://www.mcdonalds.it/elenco-ristoranti,
142,McDonald's,Lombardia,Milano,MI,Lainate,Burgers,EUR 1-10,3.6,"3,539",45.56305963,9.02972777,Commercial Area,"Via Pirelli, 1, 20045 Lainate MI",https://www.mcdonalds.it/elenco-ristoranti,
143,McDonald's,Lombardia,Milano,MI,Legnano,Burgers,EUR 1-10,3.7,"3,389",45.59687697,8.93832598,Commercial Area,"Viale L. Cadorna, 48, 20025 Legnano MI",https://www.mcdonalds.it/elenco-ristoranti,
144,McDonald's,Lombardia,Milano,MI,Locate Triulzi Outlet,Burgers,EUR 1-10,3.6,"1,027",45.36079213,9.21605437,Shopping Mall,"Via Rosa Luxemburg, 20085 Locate di Triulzi MI",https://www.mcdonalds.it/elenco-ristoranti,
145,McDonald's,Lombardia,Milano,MI,Magenta,Burgers,EUR 1-10,3.7,"4,647",45.46674849,8.86532295,Commercial Area,"Via Boffalora, 79, 20013 Magenta MI",https://www.mcdonalds.it/elenco-ristoranti,
146,McDonald's,Lombardia,Milano,MI,Milano,Burgers,EUR 1-10,3.6,"3,832",45.43708060,9.19279332,Commercial Area,"Via Giacomo Antonini, 28, 20141 Milano MI",https://www.mcdonalds.it/elenco-ristoranti,
147,McDonald's,Lombardia,Milano,MI,Milano,Burgers,EUR 1-10,4.3,339,45.52193070,9.21620253,Shopping Mall,"Viale Sarca, 20126 Milano MI",https://www.mcdonalds.it/elenco-ristoranti,
148,McDonald's,Lombardia,Milano,MI,Milano,Burgers,EUR 1-10,3.8,"1,240",45.49609750,9.11451547,Shopping Mall,"Via Giacomo Quarenghi, 23, 20151 Milano MI",https://www.mcdonalds.it/elenco-ristoranti,
149,McDonald's,Lombardia,Milano,MI,Milano,Burgers,EUR 1-10,3.8,"2,774",45.46756191,9.15627237,City Center,"Via Michelangelo Buonarroti, 6, 20145 Milano MI",https://www.mcdonalds.it/elenco-ristoranti,
150,McDonald's,Lombardia,Milano,MI,Milano,Burgers,EUR 1-10,3.7,"3,694",45.48585634,9.20464947,Transport Hub,"Milano Centrale Piazza Duca D'Aosta, 1 Interno B c/o Stazione Centrale FF SS, 20124 Milano MI",https://www.mcdonalds.it/elenco-ristoranti,
151,McDonald's,Lombardia,Milano,MI,Milano,Burgers,EUR 10-20,3.6,"2,496",45.49617567,9.13945761,Commercial Area,"Viale Certosa, 134, 20156 Milano MI",https://www.mcdonalds.it/elenco-ristoranti,
152,McDonald's,Lombardia,Milano,MI,Milano,Burgers,EUR 1-10,3.7,"2,179",45.44447986,9.21612326,City Center,"C.so Lodi, 65, 20135 Milano MI",https://www.mcdonalds.it/elenco-ristoranti,
153,McDonald's,Lombardia,Milano,MI,Milano,Burgers,EUR 10-20,3.8,"2,648",45.48907106,9.14207246,Commercial Area,"Viale Alcide de Gasperi, 2, 20151 Milano MI",https://www.mcdonalds.it/elenco-ristoranti,
154,McDonald's,Lombardia,Milano,MI,Milano,Burgers,EUR 1-10,3.7,"13,010",45.46446282,9.18841399,City Center,"Passaggio Duomo, 2, 20123 Milano MI",https://www.mcdonalds.it/elenco-ristoranti,
155,McDonald's,Lombardia,Milano,MI,Milano,Burgers,EUR 1-10,4,"4,592",45.49508525,9.18556773,City Center,"Via Carlo Farini, 79/81, 20159 Milano MI",https://www.mcdonalds.it/elenco-ristoranti,
156,McDonald's,Lombardia,Milano,MI,Milano,Burgers,EUR 1-10,3.7,"5,911",45.46576659,9.19210408,City Center,"Galleria Ciro Fontana, 3, 20121 Milano MI",https://www.mcdonalds.it/elenco-ristoranti,
157,McDonald's,Lombardia,Milano,MI,Milano,Burgers,EUR 10-20,3.1,473,45.46189803,9.27942020,Transport Hub,"Viale Enrico Forlanini, 20134 Milano MI",https://www.mcdonalds.it/elenco-ristoranti,
158,McDonald's,Lombardia,Milano,MI,Milano,Burgers,EUR 10-20,3.7,"4,379",45.44590770,9.12329058,Commercial Area,"Via Lorenteggio, 246, 20147 Milano MI",https://www.mcdonalds.it/elenco-ristoranti,
159,McDonald's,Lombardia,Milano,MI,Milano,Burgers,EUR 1-10,3.3,"3,720",45.47906782,9.14246616,City Center,"Piazzale Lorenzo Lotto, 5, 20148 Milano MI",https://www.mcdonalds.it/elenco-ristoranti,
160,McDonald's,Lombardia,Milano,MI,Milano,Burgers,EUR 1-10,3.8,"1,034",45.51679874,9.10779341,Shopping Mall,"Via Pier Paolo Pasolini, 20156 Milano MI",https://www.mcdonalds.it/elenco-ristoranti,
161,McDonald's,Lombardia,Milano,MI,Milano,Burgers,EUR 1-10,3.7,"5,030",45.47550459,9.20477657,City Center,"Via Alessandro Tadino, 2, 20124 Milano MI",https://www.mcdonalds.it/elenco-ristoranti,
162,McDonald's,Lombardia,Milano,MI,Milano,Burgers,EUR 1-10,3.6,"4,755",45.48599081,9.21610320,City Center,"Corso Buenos Aires, 79, 20124 Milano MI",https://www.mcdonalds.it/elenco-ristoranti,
163,McDonald's,Lombardia,Milano,MI,Milano,Burgers,NaN,3.5,"2,337",45.48389359,9.21500747,City Center,"Via Claudio Monteverdi, 15, 20131 Milano MI",https://www.mcdonalds.it/elenco-ristoranti,
164,McDonald's,Lombardia,Milano,MI,Milano,Burgers,EUR 1-10,3.5,"3,561",45.43344336,9.26321242,Commercial Area,"Strada Provinciale ex Strada Statale 415 Paullese, 9, 20138 Milano MI",https://www.mcdonalds.it/elenco-ristoranti,
165,McDonald's,Lombardia,Milano,MI,Milano,Burgers,EUR 10-20,3.9,"4,005",45.53015765,9.16764647,Transport Hub,"Viale Rubicone, 30, 20161 Milano MI",https://www.mcdonalds.it/elenco-ristoranti,
166,McDonald's,Lombardia,Milano,MI,Milano,Burgers,EUR 1-10,3.8,"3,834",45.53066760,9.16358234,Commercial Area,"Viale Rubicone, 29, 20161 Milano MI",https://www.mcdonalds.it/elenco-ristoranti,
167,McDonald's,Lombardia,Milano,MI,Milano,Burgers,EUR 1-10,3.5,"2,361",45.45160777,9.20300118,Commercial Area,"V.le Sabotino, 38, 20135 Milano MI",https://www.mcdonalds.it/elenco-ristoranti,
168,McDonald's,Lombardia,Milano,MI,Milano,Burgers,EUR 1-10,3.8,"3,232",45.48147696,9.17330033,City Center,"Via Paolo Sarpi, 6, 20154 Milano MI",https://www.mcdonalds.it/elenco-ristoranti,
169,McDonald's,Lombardia,Milano,MI,Milano,Burgers,EUR 1-10,3.7,"3,694",45.48546640,9.20477274,Transport Hub,"Milano Centrale Piazza Duca D'Aosta, 1 Interno B c/o Stazione Centrale FF SS, 20124 Milano MI",https://www.mcdonalds.it/elenco-ristoranti,
170,McDonald's,Lombardia,Milano,MI,Milano,Burgers,EUR 10-20,3,405,45.48482790,9.18786818,Transport Hub,"P.za Sigmund Freud, 20124 Milano MI",https://www.mcdonalds.it/elenco-ristoranti,
171,McDonald's,Lombardia,Milano,MI,Milano,Burgers,EUR 1-10,3.9,"3,764",45.46778164,9.18381897,City Center,"Via Dante, 16, 20121 Milano MI",https://www.mcdonalds.it/elenco-ristoranti,
172,McDonald's,Lombardia,Milano,MI,Milano,Burgers,EUR 10-20,3.6,609,45.46050211,9.10975689,Commercial Area,"Via delle Forze Armate, 241, 20152 Milano MI",https://www.mcdonalds.it/elenco-ristoranti,
173,McDonald's,Lombardia,Milano,MI,Milano,Burgers,EUR 10-20,3.8,"3,863",45.47142380,9.12084339,Commercial Area,"Via Novara, 83, 20153 Milano MI",https://www.mcdonalds.it/elenco-ristoranti,
174,McDonald's,Lombardia,Milano,MI,Milano,Burgers,EUR 10-20,4.2,"2,651",45.42661181,9.25067635,Commercial Area,"V. Rogoredo, 110, 20138 Milano MI",https://www.mcdonalds.it/elenco-ristoranti,
175,McDonald's,Lombardia,Milano,MI,Milano,Burgers,EUR 1-10,3.9,"4,016",45.46080435,9.18236546,City Center,"Via Torino, 68, 20123 Milano MI",https://www.mcdonalds.it/elenco-ristoranti,
176,McDonald's,Lombardia,Milano,MI,Milano,Burgers,EUR 10-20,3.7,"2,040",45.46258137,9.21024956,City Center,"Via P. Calvi 38, Corso Ventidue Marzo, 19, 20135 Milano MI",https://www.mcdonalds.it/elenco-ristoranti,
177,McDonald's,Lombardia,Milano,MI,Milano,Burgers,EUR 1-10,3.5,"3,607",45.45318825,9.18075028,City Center,"Piazza Sant'Eustorgio, 2, 20122 Milano MI",https://www.mcdonalds.it/elenco-ristoranti,
178,McDonald's,Lombardia,Milano,MI,Milano,Burgers,EUR 1-10,3.7,"2,067",45.51990837,9.14886502,Shopping Mall,"Via Carlo Amoretti, 20026 Novate Milanese MI",https://www.mcdonalds.it/elenco-ristoranti,
179,McDonald's,Lombardia,Milano,MI,Paderno Dugnano,Burgers,EUR 10-20,4,"2,850",45.57374031,9.18015026,Shopping Mall,"Centro Commerciale Brianza SP44, 20037 Paderno Dugnano MI",https://www.mcdonalds.it/elenco-ristoranti,
180,McDonald's,Lombardia,Milano,MI,Paderno Dugnano,Burgers,EUR 10-20,3.8,55,45.58944658,9.17264352,Commercial Area,"SP35, 20037 Paderno Dugnano MI",https://www.mcdonalds.it/elenco-ristoranti,
181,McDonald's,Lombardia,Milano,MI,Pantigliate,Burgers,EUR 1-10,4,"3,999",45.42903712,9.36726962,Shopping Mall,"Via Vecchia Paullese, 13, 20090 Pantigliate MI",https://www.mcdonalds.it/elenco-ristoranti,
182,McDonald's,Lombardia,Milano,MI,Paullo,Burgers,EUR 1-10,4.3,"1,738",45.42375053,9.40504892,Commercial Area,"Via Margherita Hack, 2/4, 20067 Paullo MI",https://www.mcdonalds.it/elenco-ristoranti,
183,McDonald's,Lombardia,Milano,MI,Pioltello,Burgers,EUR 1-10,3.8,"3,486",45.50334461,9.33973301,Commercial Area,"Via Madre Teresa di Calcutta, 2-4-6, 20096 Pioltello MI",https://www.mcdonalds.it/elenco-ristoranti,
184,McDonald's,Lombardia,Milano,MI,Rho,Burgers,EUR 10-20,3.7,"1,408",45.51050568,9.03913865,Transport Hub,"A4 TO-TS, km 119. 250, Rho MI",https://www.mcdonalds.it/elenco-ristoranti,
185,McDonald's,Lombardia,Milano,MI,Rho,Burgers,EUR 10-20,3.8,"3,093",45.54155710,9.01766777,Commercial Area,"Strada Statale 33 del Sempione, 20017 Rho MI",https://www.mcdonalds.it/elenco-ristoranti,
186,McDonald's,Lombardia,Milano,MI,Rozzano,Burgers,EUR 10-20,3.8,"4,008",45.39082979,9.17552956,Shopping Mall,"Via Eugenio Curiel, 25, 20089 Rozzano MI",https://www.mcdonalds.it/elenco-ristoranti,
187,McDonald's,Lombardia,Milano,MI,San Giuliano Milanese,Burgers,EUR 10-20,3.7,509,45.37902687,9.30638685,Shopping Mall,"Via della Pace, 20098 San Giuliano Milanese MI",https://www.mcdonalds.it/elenco-ristoranti,
188,McDonald's,Lombardia,Milano,MI,San Vittore Olona,Burgers,EUR 1-10,3.8,"2,647",45.57720116,8.95187323,Commercial Area,"SS33 del Sempione, 288, 20028 San Vittore Olona MI",https://www.mcdonalds.it/elenco-ristoranti,
189,McDonald's,Lombardia,Milano,MI,Sedriano,Burgers,EUR 1-10,3.7,"3,417",45.48311141,8.96964823,Commercial Area,"Via Giuseppe Garibaldi, 20018 Sedriano MI",https://www.mcdonalds.it/elenco-ristoranti,
190,McDonald's,Lombardia,Milano,MI,Segrate,Burgers,EUR 1-10,4,"5,196",45.48624472,9.26408719,Commercial Area,"Via Piaggio, 3, 20090 Segrate MI",https://www.mcdonalds.it/elenco-ristoranti,
191,McDonald's,Lombardia,Milano,MI,Segrate,Burgers,EUR 1-10,3.9,"2,973",45.47421222,9.28496033,Commercial Area,"Via Rivoltana, 64, 20090 Segrate MI",https://www.mcdonalds.it/elenco-ristoranti,
192,McDonald's,Lombardia,Milano,MI,Sesto San Giovanni,Burgers,EUR 1-10,4,"1,983",45.52996143,9.21785836,Shopping Mall,"Viale Sarca, 20099 Milano MI",https://www.mcdonalds.it/elenco-ristoranti,
193,McDonald's,Lombardia,Milano,MI,Sesto San Giovanni,Burgers,EUR 1-10,4.1,"1,988",45.52703176,9.25535756,Commercial Area,"Via dei Partigiani, 145, 20099 Sesto San Giovanni MI",https://www.mcdonalds.it/elenco-ristoranti,
194,McDonald's,Lombardia,Milano,MI,Solaro,Burgers,EUR 10-20,3.8,874,45.61797348,9.05772927,Commercial Area,"Via Varese, 220, 20033 Solaro MI",https://www.mcdonalds.it/elenco-ristoranti,
195,McDonald's,Lombardia,Milano,MI,Trezzo sull'Adda,Burgers,NaN,3.6,633,45.60338511,9.51129225,Commercial Area,"Via Cavour, 20056 Trezzo sull'Adda MI",https://www.mcdonalds.it/elenco-ristoranti,
196,McDonald's,Lombardia,Milano,MI,Truccazzano,Burgers,EUR 1-10,3.8,"2,470",45.48043073,9.44194740,Commercial Area,"SP14, 20060 Truccazzano MI",https://www.mcdonalds.it/elenco-ristoranti,
197,McDonald's,Lombardia,Milano,MI,Vimodrone,Burgers,EUR 1-10,3.8,"1,357",45.51104807,9.28059567,Shopping Mall,"Via Pio la Torre, 14, 20055 Vimodrone MI",https://www.mcdonalds.it/elenco-ristoranti,
198,McDonald's,Piemonte,Alessandria,AL,Acqui Terme,Burgers,EUR 10-20,3.8,"1,547",44.66884649,8.47083855,Commercial Area,"Via Giuseppe Romita, 78, 15011 Acqui Terme AL",https://www.mcdonalds.it/elenco-ristoranti,
199,McDonald's,Piemonte,Alessandria,AL,Alessandria,Burgers,EUR 10-20,3.6,"4,093",44.90958188,8.63180728,Commercial Area,"AdS Porta, Via Marengo, 159, 15121 Alessandria AL",https://www.mcdonalds.it/elenco-ristoranti,
200,McDonald's,Piemonte,Alessandria,AL,Alessandria,Burgers,EUR 10-20,3.7,"2,085",44.91992063,8.59409311,Commercial Area,"Via Giordano Bruno, 216, 15121 Alessandria AL",https://www.mcdonalds.it/elenco-ristoranti,
201,McDonald's,Piemonte,Alessandria,AL,Alessandria,Burgers,EUR 1-10,2.9,100,44.90871167,8.60812625,Transport Hub,"Piazzale Eugenio Curiel, 8, 15121 Alessandria AL",https://www.mcdonalds.it/elenco-ristoranti,
202,McDonald's,Piemonte,Alessandria,AL,Serravalle Scrivia,Burgers,EUR 1-10,3.9,"2,988",44.73276717,8.84160318,Shopping Mall,"Outlet, Via Novi, 20, A, 15069 Serravalle Scrivia AL",https://www.mcdonalds.it/elenco-ristoranti,
203,McDonald's,Piemonte,Alessandria,AL,Casale Monferrato,Burgers,EUR 1-10,3.8,"1,504",45.13452328,8.44441473,Commercial Area,"Via Beato Mons. Luigi Novarese, 15033 Casale Monferrato AL",https://www.mcdonalds.it/elenco-ristoranti,
204,McDonald's,Piemonte,Alessandria,AL,Castelnuovo Scrivia,Burgers,EUR 10-20,3.4,"4,264",44.93359592,8.85323464,Service Area,"Aut. A7 Genova- Milano Km 60+710, 15053 Castelnuovo Scrivia AL",https://www.mcdonalds.it/elenco-ristoranti,
205,McDonald's,Piemonte,Alessandria,AL,Castelnuovo Scrivia,Burgers,EUR 10-20,3,25,44.93416852,8.85179761,Service Area,"A7 Genova - Milano, Km 60, 700, 15053 Castelnuovo Scrivia AL",https://www.mcdonalds.it/elenco-ristoranti,
206,McDonald's,Piemonte,Alessandria,AL,Serravalle Scrivia,Burgers,EUR 10-20,3.8,"1,708",44.73580070,8.83906022,Shopping Mall,"Via della Moda, 1, 15069 Serravalle Scrivia AL",https://www.mcdonalds.it/elenco-ristoranti,
207,McDonald's,Piemonte,Alessandria,AL,Tortona,Burgers,EUR 10-20,3.6,"1,795",44.90811339,8.88478954,Commercial Area,"Oasi Centro Commerciale S.P. 99 per Viguzzolo 2, 15057 Tortona AL",https://www.mcdonalds.it/elenco-ristoranti,
208,McDonald's,Piemonte,Alessandria,AL,Valenza,Burgers,EUR 10-20,3.3,888,45.00332682,8.63906465,Commercial Area,"Via Circonvallazione Ovest, 15048 Valenza AL",https://www.mcdonalds.it/elenco-ristoranti,
209,McDonald's,Piemonte,Alessandria,AL,Belforte Monferrato,Burgers,EUR 10-20,3.6,32,44.64287458,8.69614243,Service Area,"Regione Fornace, 8/B/1, 15070 Belforte Monferrato AL",https://www.mcdonalds.it/elenco-ristoranti,
210,McDonald's,Piemonte,Asti,AT,Asti,Burgers,EUR 1-10,3.6,"2,674",44.90634099,8.23061551,Commercial Area,"Corso Alessandria, 330, 14100 Asti AT",https://www.mcdonalds.it/elenco-ristoranti,
211,McDonald's,Piemonte,Asti,AT,Asti,Burgers,EUR 1-10,4.1,"1,350",44.90456428,8.17956334,Commercial Area,"Corso Torino, 380, 14100 Asti AT",https://www.mcdonalds.it/elenco-ristoranti,
212,McDonald's,Piemonte,Biella,BI,Biella,Burgers,EUR 10-20,3.8,"3,446",45.55265231,8.07186858,Commercial Area,"Localita' San Maurizio, Corso S. Maurizio, 27/b, 13900 Biella BI",https://www.mcdonalds.it/elenco-ristoranti,
213,McDonald's,Piemonte,Biella,BI,Quaregna Cerreto,Burgers,EUR 1-10,3.8,684,45.56497044,8.15944452,Commercial Area,"Via Quintino Sella, 14, 13854 Quaregna Cerreto BI",https://www.mcdonalds.it/elenco-ristoranti,
214,McDonald's,Piemonte,Cuneo,CN,Cuneo,Burgers,EUR 10-20,4,"1,819",44.39242726,7.58230013,Shopping Mall,"Via Margarita, 8, 12100 Cuneo CN",https://www.mcdonalds.it/elenco-ristoranti,
215,McDonald's,Piemonte,Cuneo,CN,Cuneo,Burgers,EUR 10-20,3.9,316,44.37316807,7.52820253,Commercial Area,"Via Sandro Pertini, 8, 12100 Cuneo CN",https://www.mcdonalds.it/elenco-ristoranti,
216,McDonald's,Piemonte,Cuneo,CN,Fossano,Burgers,EUR 1-10,4,"1,997",44.55736168,7.71233561,Commercial Area,"Via Torino, 35, 12045 Fossano CN",https://www.mcdonalds.it/elenco-ristoranti,
217,McDonald's,Piemonte,Cuneo,CN,Mondovì,Burgers,EUR 10-20,4,"3,004",44.42004261,7.84951997,Shopping Mall,"Corso Mondovicino, 29, 12084 Mondovì CN",https://www.mcdonalds.it/elenco-ristoranti,
218,McDonald's,Piemonte,Cuneo,CN,Santa Vittoria d'Alba,Burgers,EUR 10-20,3.9,"1,695",44.69502118,7.94629982,Commercial Area,"S.S. 231 Alba-Bra, SS231, 186, 12069 Santa Vittoria d'Alba CN",https://www.mcdonalds.it/elenco-ristoranti,
219,McDonald's,Piemonte,Cuneo,CN,Savigliano,Burgers,EUR 1-10,3.9,915,44.64853116,7.67555210,Commercial Area,"Via Alba, 36, 12038 Savigliano CN",https://www.mcdonalds.it/elenco-ristoranti,
220,McDonald's,Piemonte,Novara,NO,Borgomanero,Burgers,EUR 10-20,3.9,"3,161",45.72038267,8.48901880,Commercial Area,"Via Santa Cristinetta, 149, 28021 Borgomanero NO",https://www.mcdonalds.it/elenco-ristoranti,
221,McDonald's,Piemonte,Novara,NO,Castelletto sopra Ticino,Burgers,EUR 1-10,3.9,"3,768",45.71913842,8.60020737,Commercial Area,"Via Sempione, 134, 28053 Castelletto sopra Ticino NO",https://www.mcdonalds.it/elenco-ristoranti,
222,McDonald's,Piemonte,Novara,NO,Novara,Burgers,EUR 1-10,3.7,"1,223",45.44675567,8.60157460,Shopping Mall,"San Martino, Via Cavalcavia S. Martino, 28100 Novara NO",https://www.mcdonalds.it/elenco-ristoranti,
223,McDonald's,Piemonte,Novara,NO,Novara,Burgers,EUR 1-10,3.7,"3,199",45.45176764,8.65078677,Commercial Area,"Piazzale Giuseppe Fortina, 1, 28100 Novara NO",https://www.mcdonalds.it/elenco-ristoranti,
224,McDonald's,Piemonte,Novara,NO,Novara,Burgers,EUR 10-20,3.2,141,45.46631269,8.63087744,Commercial Area,"Via Mario Pavesi, 28100 Novara NO",https://www.mcdonalds.it/elenco-ristoranti,
225,McDonald's,Piemonte,Novara,NO,Oleggio,Burgers,EUR 1-10,4,"1,180",45.60022658,8.64664086,Commercial Area,"Via Carmine, 28047 Oleggio NO",https://www.mcdonalds.it/elenco-ristoranti,
226,McDonald's,Piemonte,Novara,NO,Romagnano Sesia,Burgers,EUR 10-20,4,"3,305",45.62187562,8.40084439,Commercial Area,"Via Novara, 243, 28078 Romagnano Sesia NO",https://www.mcdonalds.it/elenco-ristoranti,
227,McDonald's,Piemonte,Novara,NO,Trecate,Burgers,EUR 1-10,4,840,45.43786090,8.72554873,Commercial Area,"Via Bettole, 40, 28069 Trecate NO",https://www.mcdonalds.it/elenco-ristoranti,
228,McDonald's,Piemonte,Verbano-Cusio-Ossola,VB,Domodossola,Burgers,EUR 10-20,4,"2,333",46.12940785,8.29379859,Commercial Area,"Via Sempione, 71, 28845 Domodossola VB",https://www.mcdonalds.it/elenco-ristoranti,
229,McDonald's,Piemonte,Verbano-Cusio-Ossola,VB,Gravellona Toce,Burgers,EUR 1-10,3.8,"1,399",45.93241506,8.43897244,Commercial Area,"Corso Guglielmo Marconi, 46, 28883 Gravellona Toce VB",https://www.mcdonalds.it/elenco-ristoranti,
230,McDonald's,Piemonte,Verbano-Cusio-Ossola,VB,Gravellona Toce,Burgers,EUR 10-20,4,610,45.92499067,8.43068214,Shopping Mall,"Corso Roma, 126, 28883 Gravellona Toce VB",https://www.mcdonalds.it/elenco-ristoranti,
231,McDonald's,Piemonte,Verbano-Cusio-Ossola,VB,Verbania,Burgers,EUR 10-20,3.8,71,45.92766930,8.56219692,Commercial Area,"Corso Europa, 28922 Pallanza VB",https://www.mcdonalds.it/elenco-ristoranti,
232,McDonald's,Piemonte,Vercelli,VC,Crescentino,Burgers,EUR 1-10,3.8,300,45.18983233,8.11010893,Commercial Area,"Via Viotti, 13044 Crescentino VC",https://www.mcdonalds.it/elenco-ristoranti,
233,McDonald's,Piemonte,Vercelli,VC,Santhià,Burgers,NaN,3.9,689,45.37582398,8.15265409,Commercial Area,"Corso Aosta, 13048 Santhià VC",https://www.mcdonalds.it/elenco-ristoranti,
234,McDonald's,Piemonte,Vercelli,VC,Vercelli,Burgers,EUR 10-20,3.9,"1,027",45.32344793,8.39537254,Commercial Area,"Via Bertinetti, Tangenziale Ovest, 1, 13100 Vercelli VC",https://www.mcdonalds.it/elenco-ristoranti,
235,McDonald's,Piemonte,Torino,TO,Alpignano,Burgers,EUR 10-20,3.5,"1,636",45.10267696,7.53623104,Commercial Area,"Via Venaria, 18, 10091 Alpignano TO",https://www.mcdonalds.it/elenco-ristoranti,
236,McDonald's,Piemonte,Torino,TO,Avigliana,Burgers,EUR 10-20,3.9,"2,281",45.08679907,7.40746210,Commercial Area,"Via Francesca e Giovanni Falcone, 87, 10051 Avigliana TO",https://www.mcdonalds.it/elenco-ristoranti,
237,McDonald's,Piemonte,Torino,TO,Beinasco,Burgers,EUR 10-20,3.5,"3,366",45.02242475,7.59398718,Shopping Mall,"Via Torino, Via del Commercio, 10092 Beinasco",https://www.mcdonalds.it/elenco-ristoranti,
238,McDonald's,Piemonte,Torino,TO,Borgaro Torinese,Burgers,EUR 10-20,4.4,49,45.14480818,7.65563008,Commercial Area,"Via Stati Uniti, 1, 10071 Borgaro Torinese TO",https://www.mcdonalds.it/elenco-ristoranti,
239,McDonald's,Piemonte,Torino,TO,Carmagnola,Burgers,EUR 10-20,3.8,"2,054",44.84580055,7.73276497,Commercial Area,"Via Sommariva, 27, 10022 Carmagnola TO",https://www.mcdonalds.it/elenco-ristoranti,
240,McDonald's,Piemonte,Torino,TO,Cavour,Burgers,EUR 10-20,3.9,109,44.79391012,7.37502988,Commercial Area,"Via Pinerolo, 75/A, 10061 Cavour TO",https://www.mcdonalds.it/elenco-ristoranti,
241,McDonald's,Piemonte,Torino,TO,Chieri,Burgers,EUR 10-20,3.7,"2,209",45.00248319,7.84358981,Commercial Area,"Via Padana Inferiore, 43, 10023 Chieri TO",https://www.mcdonalds.it/elenco-ristoranti,
242,McDonald's,Piemonte,Torino,TO,Chivasso,Burgers,EUR 1-10,3.8,"3,588",45.20154149,7.89229430,Commercial Area,"Via Peppino Impastato, 238, 10034 Chivasso TO",https://www.mcdonalds.it/elenco-ristoranti,
243,McDonald's,Piemonte,Torino,TO,Collegno,Burgers,EUR 1-10,3.8,"2,458",45.07267101,7.56897045,Commercial Area,"C.so Francia, 262, 10093 Collegno TO",https://www.mcdonalds.it/elenco-ristoranti,
244,McDonald's,Piemonte,Torino,TO,Grugliasco,Burgers,EUR 1-10,3.7,"2,186",45.05579434,7.61296217,Shopping Mall,"Via Crea 10, c/o C.C. Shopville Le Gru, 10095 Grugliasco TO",https://www.mcdonalds.it/elenco-ristoranti,
245,McDonald's,Piemonte,Torino,TO,Leini,Burgers,EUR 1-10,3.9,"2,296",45.16532596,7.71213269,Commercial Area,"Via Torino, 165, 10040 Leini TO",https://www.mcdonalds.it/elenco-ristoranti,
246,McDonald's,Piemonte,Torino,TO,Moncalieri,Burgers,EUR 10-20,3.6,"2,951",44.97674554,7.70718052,Shopping Mall,"Via Fortunato Postiglione, 1, 10024 Moncalieri TO",https://www.mcdonalds.it/elenco-ristoranti,
247,McDonald's,Piemonte,Torino,TO,Moncalieri,Burgers,EUR 10-20,3.9,39,45.01485617,7.66733128,Commercial Area,"Corso Trieste, 95, 10024 Moncalieri TO",https://www.mcdonalds.it/elenco-ristoranti,
248,McDonald's,Piemonte,Torino,TO,Nichelino,Burgers,EUR 1-10,3.8,"2,794",44.98496256,7.62171410,Shopping Mall,"Via Scarrone, 10, 10042 Nichelino TO",https://www.mcdonalds.it/elenco-ristoranti,
249,McDonald's,Piemonte,Torino,TO,Orbassano,Burgers,EUR 10-20,4,"1,026",45.00282062,7.55306425,Commercial Area,"Via Circonvallazione Esterna, 10, 10043 Orbassano TO",https://www.mcdonalds.it/elenco-ristoranti,
250,McDonald's,Piemonte,Torino,TO,Pavone Canavese,Burgers,EUR 10-20,3.7,"1,976",45.44525860,7.85317665,Commercial Area,"Il Pavone Canavese, Via Circonvallazione, 95, 10018 Pavone Canavese TO",https://www.mcdonalds.it/elenco-ristoranti,
251,McDonald's,Piemonte,Torino,TO,Pinerolo,Burgers,EUR 10-20,3.8,"3,037",44.88892952,7.35545986,Commercial Area,"Corso Torino, 155, 10064 Pinerolo TO",https://www.mcdonalds.it/elenco-ristoranti,
252,McDonald's,Piemonte,Torino,TO,Rivarolo Canavese,Burgers,EUR 10-20,3.7,"1,202",45.32396539,7.72758304,Commercial Area,"Corso Torino, 10086 Rivarolo Canavese TO",https://www.mcdonalds.it/elenco-ristoranti,
253,McDonald's,Piemonte,Torino,TO,Settimo Torinese,Burgers,EUR 1-10,3.7,"2,043",45.13316266,7.75894665,Commercial Area,"Via Torino, 49, 10036 Settimo Torinese TO",https://www.mcdonalds.it/elenco-ristoranti,
254,McDonald's,Piemonte,Torino,TO,Caselle Torinese,Burgers,EUR 10-20,3,119,45.19156294,7.64408921,Transport Hub,"Str. S. Maurizio, 102, 10072 Torino TO",https://www.mcdonalds.it/elenco-ristoranti,
255,McDonald's,Piemonte,Torino,TO,Torino,Burgers,EUR 1-10,3.3,"4,293",45.06993225,7.68578810,City Center,"P.za Castello, 59, 10123 Torino TO",https://www.mcdonalds.it/elenco-ristoranti,
256,McDonald's,Piemonte,Torino,TO,Torino,Burgers,EUR 10-20,3.9,197,45.08987795,7.65387676,Commercial Area,"Corso Potenza, 22, 10143 Torino TO",https://www.mcdonalds.it/elenco-ristoranti,
257,McDonald's,Piemonte,Torino,TO,Torino,Burgers,EUR 10-20,3.5,"2,219",45.09424714,7.63371374,Commercial Area,"Via Pietro Cossa, 10151 Torino TO",https://www.mcdonalds.it/elenco-ristoranti,
258,McDonald's,Piemonte,Torino,TO,Torino,Burgers,EUR 1-10,3.5,"4,153",45.11732496,7.70969240,Commercial Area,"C.so Giulio Cesare, 397, 10156 Torino TO",https://www.mcdonalds.it/elenco-ristoranti,
259,McDonald's,Piemonte,Torino,TO,Torino,Burgers,EUR 1-10,3.8,"3,034",45.03195629,7.66496727,Shopping Mall,"Via Nizza, 230, 10135 Torino TO",https://www.mcdonalds.it/elenco-ristoranti,
260,McDonald's,Piemonte,Torino,TO,Torino,Burgers,EUR 10-20,3.7,"3,603",45.06464474,7.63020602,Residential Area,"Via Monginevro, 162, 10141 Torino TO",https://www.mcdonalds.it/elenco-ristoranti,
261,McDonald's,Piemonte,Torino,TO,Torino,Burgers,EUR 1-10,3.3,662,45.07320101,7.66695906,Transport Hub,"Corso Bolzano, 10122 Torino TO",https://www.mcdonalds.it/elenco-ristoranti,
262,McDonald's,Piemonte,Torino,TO,Torino,Burgers,EUR 1-10,3.9,"2,533",45.04729372,7.64589857,Residential Area,"P.za Santa Rita da Cascia, 8, 10136 Torino TO",https://www.mcdonalds.it/elenco-ristoranti,
263,McDonald's,Piemonte,Torino,TO,Torino,Burgers,EUR 1-10,3.9,"1,967",45.06713984,7.69347252,City Center,"Via Sant'Ottavio, 8, 10124 Torino TO",https://www.mcdonalds.it/elenco-ristoranti,
264,McDonald's,Piemonte,Torino,TO,Torino,Burgers,EUR 10-20,3.3,"1,563",45.06260175,7.67855964,Transport Hub,"Via Nizza, 2/A, 10125 Torino TO",https://www.mcdonalds.it/elenco-ristoranti,
265,McDonald's,Piemonte,Torino,TO,Torino,Burgers,EUR 1-10,3.7,"2,937",45.08708560,7.66995420,Shopping Mall,"Via Livorno, 48, 10144 Torino TO",https://www.mcdonalds.it/elenco-ristoranti,
266,McDonald's,Piemonte,Torino,TO,Venaria Reale,Burgers,EUR 10-20,3.6,"3,200",45.11267622,7.64454181,Commercial Area,"Corso Giuseppe Garibaldi, 262, 10078 Venaria Reale TO",https://www.mcdonalds.it/elenco-ristoranti,
267,McDonald's,Trentino-Alto Adige,Bolzano,BZ,Bolzano,Burgers,EUR 10-20,3.6,"3,308",46.46943510,11.32226269,Commercial Area,"Via Bruno Buozzi, 30, 39100 Bolzano BZ",https://www.mcdonalds.it/elenco-ristoranti,
268,McDonald's,Trentino-Alto Adige,Bolzano,BZ,Bolzano,Burgers,EUR 10-20,3.6,"1,137",46.48625872,11.33583075,Shopping Mall,"C.C. Twenty, Via G. Galilei, 20, 39100 Bolzano BZ",https://www.mcdonalds.it/elenco-ristoranti,
269,McDonald's,Trentino-Alto Adige,Bolzano,BZ,Bolzano,Burgers,EUR 10-20,3.6,"1,942",46.49797616,11.35396870,City Center,"Piazza della Parrocchia, 4, 39100 Bolzano BZ",https://www.mcdonalds.it/elenco-ristoranti,
270,McDonald's,Trentino-Alto Adige,Bolzano,BZ,Merano,Burgers,EUR 10-20,3.6,"2,392",46.65623376,11.16923466,Commercial Area,"Via Roma, 205, 39012 Merano BZ",https://www.mcdonalds.it/elenco-ristoranti,
271,McDonald's,Trentino-Alto Adige,Bolzano,BZ,Lagundo,Burgers,EUR 10-20,3.1,356,46.67926534,11.13404224,Shopping Mall,"Via Josef Weingartner, 31, 39022 Lagundo BZ",https://www.mcdonalds.it/elenco-ristoranti,
272,McDonald's,Trentino-Alto Adige,Trento,TN,Rovereto,Burgers,EUR 10-20,3.9,"5,170",45.86135780,11.00165954,Transport Hub,"Via Stazione, 2, 38068 Rovereto TN",https://www.mcdonalds.it/elenco-ristoranti,
273,McDonald's,Trentino-Alto Adige,Trento,TN,Trento,Burgers,EUR 1-10,4,"5,126",46.03316273,11.13276603,Commercial Area,"Via di Madonna Bianca, 5, 38123 Trento TN",https://www.mcdonalds.it/elenco-ristoranti,
274,McDonald's,Trentino-Alto Adige,Trento,TN,Trento,Burgers,EUR 10-20,4,"5,696",46.08253701,11.12171617,Commercial Area,"Via dei Solteri, 111, 38121 Trento TN",https://www.mcdonalds.it/elenco-ristoranti,
275,McDonald's,Veneto,Belluno,BL,Belluno,Burgers,EUR 10-20,3.6,"3,029",46.15823978,12.23556326,Commercial Area,"Via Tiziano Vecellio, 32100 Belluno BL",https://www.mcdonalds.it/elenco-ristoranti,
276,McDonald's,Veneto,Treviso,TV,Castelfranco Veneto,Burgers,EUR 10-20,3.2,"2,865",45.68407998,11.92632165,Commercial Area,"Via Circonvallazione Ovest, 2A, 31033 Castelfranco Veneto TV",https://www.mcdonalds.it/elenco-ristoranti,
277,McDonald's,Veneto,Treviso,TV,Cornuda,Burgers,EUR 10-20,3.8,"3,422",45.81360304,12.01303509,Commercial Area,"Via dell'Industria, 1, 31041 Cornuda TV",https://www.mcdonalds.it/elenco-ristoranti,
278,McDonald's,Veneto,Treviso,TV,Conegliano,Burgers,EUR 10-20,3.5,"2,794",45.89096481,12.32670475,Commercial Area,"Viale Venezia S.S. 13, SS13, 31015 Conegliano TV",https://www.mcdonalds.it/elenco-ristoranti,
279,McDonald's,Veneto,Treviso,TV,Silea,Burgers,EUR 10-20,3.9,"4,490",45.65019450,12.31117615,Shopping Mall,"Via Giovanni Sartorelli, 2, 31057 Silea TV",https://www.mcdonalds.it/elenco-ristoranti,
280,McDonald's,Veneto,Treviso,TV,Treviso,Burgers,EUR 10-20,3.9,"5,295",45.69072954,12.24879362,Commercial Area,"Viale della Repubblica, 273, 31100 Treviso TV",https://www.mcdonalds.it/elenco-ristoranti,
281,McDonald's,Veneto,Treviso,TV,Volpago del Montello,Burgers,EUR 10-20,4,"1,070",45.75856187,12.09408355,Commercial Area,"Via Feltrina Sud, 10, 31040 Volpago del Montello TV",https://www.mcdonalds.it/elenco-ristoranti,
282,McDonald's,Veneto,Padova,PD,Albignasego,Burgers,EUR 1-10,3.7,"1,260",45.37792019,11.85461016,Shopping Mall,"Via Giovanni Verga, 1, 35020 Albignasego PD",https://www.mcdonalds.it/elenco-ristoranti,
283,McDonald's,Veneto,Padova,PD,Cittadella,Burgers,EUR 1-10,4,344,45.65123270,11.77528783,Commercial Area,"Via Brigata Granatieri di Sardegna, 6, 35013 Cittadella PD",https://www.mcdonalds.it/elenco-ristoranti,
284,McDonald's,Veneto,Padova,PD,Este,Burgers,EUR 10-20,3.8,190,45.22303189,11.65522731,Commercial Area,"Via Gambina, 35042 Este PD",https://www.mcdonalds.it/elenco-ristoranti,
285,McDonald's,Veneto,Padova,PD,Monselice,Burgers,EUR 1-10,3.8,"3,706",45.23015707,11.74806440,Commercial Area,"Via Ferdinando Magellano, 2, 35043 Monselice PD",https://www.mcdonalds.it/elenco-ristoranti,
286,McDonald's,Veneto,Padova,PD,Padova,Burgers,EUR 1-10,3.2,"3,244",45.41755168,11.87930168,Transport Hub,"Piazzale della Stazione, 5, 35131 Padova PD",https://www.mcdonalds.it/elenco-ristoranti,
287,McDonald's,Veneto,Padova,PD,Padova,Burgers,EUR 1-10,4,"3,412",45.43719607,11.89340756,Commercial Area,"Via Pontevigodarzere, 2, 35133 Padova PD",https://www.mcdonalds.it/elenco-ristoranti,
288,McDonald's,Veneto,Padova,PD,Padova,Burgers,EUR 10-20,3.9,"3,187",45.43249876,11.86317394,Service Area,"Corso Australia, 4, 35136 Padova PD",https://www.mcdonalds.it/elenco-ristoranti,
289,McDonald's,Veneto,Padova,PD,Padova,Burgers,EUR 10-20,3.8,"1,045",45.41895259,11.86710187,Commercial Area,"Via fra' Paolo Sarpi, 78, 35138 Padova PD",https://www.mcdonalds.it/elenco-ristoranti,
290,McDonald's,Veneto,Padova,PD,Padova,Burgers,EUR 10-20,3.5,"4,098",45.40991964,11.90688247,Commercial Area,"Via Venezia, 92, 35131 Padova PD",https://www.mcdonalds.it/elenco-ristoranti,
291,McDonald's,Veneto,Padova,PD,Piove di Sacco,Burgers,EUR 10-20,3.5,540,45.30127233,12.02777286,Commercial Area,"Via Borgo Padova, 1, 35028 Piove di Sacco PD",https://www.mcdonalds.it/elenco-ristoranti,
292,McDonald's,Veneto,Padova,PD,Rubano,Burgers,EUR 10-20,3.9,"3,182",45.43129410,11.77867460,Commercial Area,"Via Pria Fosca, 2, 35030 Rubano PD",https://www.mcdonalds.it/elenco-ristoranti,
293,McDonald's,Veneto,Padova,PD,San Giorgio delle Pertiche,Burgers,EUR 1-10,3.9,627,45.54064436,11.92269188,Shopping Mall,"Via Caselle, 2, 35010 San Giorgio delle Pertiche PD",https://www.mcdonalds.it/elenco-ristoranti,
294,McDonald's,Veneto,Padova,PD,Saonara,Burgers,EUR 10-20,3.6,486,45.38479672,11.96560899,Commercial Area,"Via Giuseppe Mazzini, 1, 35020 Villatora PD",https://www.mcdonalds.it/elenco-ristoranti,
295,McDonald's,Veneto,Padova,PD,Trebaseleghe,Burgers,EUR 10-20,3.5,"1,564",45.57912390,12.07109631,Commercial Area,"Via Malcanton, 35/H, 35010 Trebaseleghe PD",https://www.mcdonalds.it/elenco-ristoranti,
296,McDonald's,Veneto,Rovigo,RO,Badia Polesine,Burgers,EUR 10-20,3.4,93,45.09301764,11.51535151,Commercial Area,"Via dell' Industria, 45021 Badia Polesine RO",https://www.mcdonalds.it/elenco-ristoranti,
297,McDonald's,Veneto,Rovigo,RO,Rovigo,Burgers,EUR 1-10,3.9,"4,071",45.03316619,11.77953179,Commercial Area,"V.le Porta Po, 191, 45100 Rovigo RO",https://www.mcdonalds.it/elenco-ristoranti,
298,McDonald's,Veneto,Venezia,VE,Chioggia,Burgers,EUR 10-20,3.9,"4,785",45.18780463,12.27535786,Shopping Mall,"Strada Statale Romea, 101, 30015 Chioggia VE",https://www.mcdonalds.it/elenco-ristoranti,
299,McDonald's,Veneto,Venezia,VE,Fossalta di Portogruaro,Burgers,EUR 10-20,4,"3,128",45.80401872,12.88737462,Service Area,"A4 Torino - Trieste, 456, 30025 Fratta VE",https://www.mcdonalds.it/elenco-ristoranti,
300,McDonald's,Veneto,Venezia,VE,Jesolo,Burgers,EUR 10-20,3.5,"5,995",45.50570374,12.63462488,Commercial Area,"Via Aldo Policek, 6/8, 30016 Jesolo VE",https://www.mcdonalds.it/elenco-ristoranti,
301,McDonald's,Veneto,Venezia,VE,Marcon,Burgers,EUR 10-20,3.7,"2,046",45.54723380,12.30529266,Shopping Mall,"Via Enrico Mattei, 1/D, 30020 Marcon-gaggio Zona Commerciale VE",https://www.mcdonalds.it/elenco-ristoranti,
302,McDonald's,Veneto,Venezia,VE,Venezia,Burgers,EUR 1-10,3.7,"1,598",45.45818743,12.21311813,Shopping Mall,"Via Pietro Arduino, 20, 30175 Venezia VE",https://www.mcdonalds.it/elenco-ristoranti,
303,McDonald's,Veneto,Venezia,VE,Venezia,Burgers,EUR 10-20,3.6,"4,630",45.48305122,12.24150946,City Center,"Corso del Popolo, 223, 30172 Venezia VE",https://www.mcdonalds.it/elenco-ristoranti,
304,McDonald's,Veneto,Venezia,VE,Venezia,Burgers,EUR 1-10,3.5,"1,999",45.48328798,12.23135389,Transport Hub,"Piazzale Pietro Favretti, 38, 30171 Venezia VE",https://www.mcdonalds.it/elenco-ristoranti,
305,McDonald's,Veneto,Venezia,VE,Venezia,Burgers,EUR 10-20,3.8,"2,986",45.51895508,12.22904293,Shopping Mall,"Via Pionara, 21, 30174 Venezia VE",https://www.mcdonalds.it/elenco-ristoranti,
306,McDonald's,Veneto,Venezia,VE,Venezia,Burgers,EUR 10-20,3.9,"1,708",45.51009774,12.22700877,Shopping Mall,"Via Don Federico Tosatto, 22, 30174 Venezia VE",https://www.mcdonalds.it/elenco-ristoranti,
307,McDonald's,Veneto,Venezia,VE,Portogruaro,Burgers,EUR 10-20,4,"2,985",45.79267104,12.82069284,Commercial Area,"Via Prati Guori, 30026 Portogruaro VE",https://www.mcdonalds.it/elenco-ristoranti,
308,McDonald's,Veneto,Venezia,VE,San Donà di Piave,Burgers,EUR 10-20,3.7,"4,339",45.64540200,12.59417090,Commercial Area,"Via del Molino, 11, 30027 San Donà di Piave VE",https://www.mcdonalds.it/elenco-ristoranti,
309,McDonald's,Veneto,Venezia,VE,Spinea,Burgers,EUR 10-20,3.8,"1,433",45.48829543,12.17892996,Commercial Area,"Via Palladio, 30038 Spinea VE",https://www.mcdonalds.it/elenco-ristoranti,
310,McDonald's,Veneto,Venezia,VE,Venezia,Burgers,EUR 10-20,3.4,"7,282",45.44129778,12.33429766,Commercial Area,"Strada Nova, 3922, 30121 Venezia VE",https://www.mcdonalds.it/elenco-ristoranti,
311,McDonald's,Veneto,Verona,VR,Affi,Burgers,EUR 10-20,3.7,"5,346",45.55153157,10.78830867,Commercial Area,"Via S. Pieretto, 27, 37010 Affi VR",https://www.mcdonalds.it/elenco-ristoranti,
312,McDonald's,Veneto,Verona,VR,Bussolengo,Burgers,EUR 1-10,4.1,"2,467",45.44658488,10.86323573,Commercial Area,"SR11 Padana Superiore, 16, 37012 Bussolengo VR",https://www.mcdonalds.it/elenco-ristoranti,
313,McDonald's,Veneto,Verona,VR,Verona,Burgers,EUR 1-10,4,"4,282",45.38967481,10.90337870,Commercial Area,"Via Borgo Bello, 29, 37100 Verona VR",https://www.mcdonalds.it/elenco-ristoranti,
314,McDonald's,Veneto,Verona,VR,Legnago,Burgers,EUR 10-20,3.9,"3,997",45.18534081,11.25667040,Commercial Area,"Viale Europa, 37, 37045 Legnago VR",https://www.mcdonalds.it/elenco-ristoranti,
315,McDonald's,Veneto,Verona,VR,Lugagnano di Sona,Burgers,EUR 10-20,3.6,"1,572",45.43995392,10.86387594,Shopping Mall,"Via Trentino, 1, 37060 Lugagnano VR",https://www.mcdonalds.it/elenco-ristoranti,
316,McDonald's,Veneto,Verona,VR,Peschiera del Garda,Burgers,EUR 1-10,3.8,"8,005",45.43930355,10.71155702,Commercial Area,"Via Venezia, 88, 37019 Peschiera del Garda VR",https://www.mcdonalds.it/elenco-ristoranti,
317,McDonald's,Veneto,Verona,VR,San Bonifacio,Burgers,EUR 10-20,3.6,"2,926",45.40551573,11.24779386,Commercial Area,"Via Crosaron, 14, 37047 Villabella VR",https://www.mcdonalds.it/elenco-ristoranti,
318,McDonald's,Veneto,Verona,VR,San Giovanni Lupatoto,Burgers,EUR 1-10,3.9,"4,586",45.39288924,11.01994993,Shopping Mall,"Via Cà Nova Zampieri, 28, 37057 San Giovanni Lupatoto VR",https://www.mcdonalds.it/elenco-ristoranti,
319,McDonald's,Veneto,Verona,VR,San Martino Buon Albergo,Burgers,EUR 1-10,3.4,"1,497",45.42201403,11.10582664,Commercial Area,"Via Alcide De Gasperi, 5, 37036 San Martino Buon Albergo VR",https://www.mcdonalds.it/elenco-ristoranti,
320,McDonald's,Veneto,Verona,VR,Verona,Burgers,EUR 1-10,3.7,"1,015",45.40686079,10.97719782,Shopping Mall,"Viale delle Nazioni, 1, 37135 Verona VR",https://www.mcdonalds.it/elenco-ristoranti,
321,McDonald's,Veneto,Verona,VR,Verona,Burgers,EUR 1-10,3.6,"3,779",45.41159863,10.97886801,Commercial Area,"Viale del Lavoro, 25, 37135 Verona VR",https://www.mcdonalds.it/elenco-ristoranti,
322,McDonald's,Veneto,Verona,VR,Verona,Burgers,EUR 1-10,3.7,"2,705",45.44415632,10.96793006,Commercial Area,"C.so Milano, 62, 37138 Verona VR",https://www.mcdonalds.it/elenco-ristoranti,
323,McDonald's,Veneto,Verona,VR,Verona,Burgers,EUR 1-10,3.6,"8,531",45.43727788,10.99071023,City Center,"Corso Porta Nuova, 14, 37122 Verona VR",https://www.mcdonalds.it/elenco-ristoranti,
324,McDonald's,Veneto,Verona,VR,Verona,Burgers,EUR 1-10,3.9,"2,082",45.46626857,10.95889686,Commercial Area,"Via Preare, 52, 37124 Verona VR",https://www.mcdonalds.it/elenco-ristoranti,
325,McDonald's,Veneto,Vicenza,VI,Arzignano,Burgers,EUR 10-20,3.3,127,45.51256400,11.34577343,Commercial Area,"Via dell'Industria, 39, 36071 Arzignano VI",https://www.mcdonalds.it/elenco-ristoranti,
326,McDonald's,Veneto,Vicenza,VI,Bassano del Grappa,Burgers,EUR 10-20,3.6,"3,317",45.74610061,11.75177999,Commercial Area,"Via Capitelvecchio, 74, 36061 Bassano del Grappa VI",https://www.mcdonalds.it/elenco-ristoranti,
327,McDonald's,Veneto,Vicenza,VI,Montecchio Maggiore,Burgers,EUR 10-20,3.7,"3,481",45.49359446,11.42955444,Commercial Area,"Via Dante, 2, 36075 Montecchio Maggiore VI",https://www.mcdonalds.it/elenco-ristoranti,
328,McDonald's,Veneto,Vicenza,VI,Schio,Burgers,EUR 10-20,3.7,"2,678",45.71996981,11.39787992,Commercial Area,"Via Lazio, 2, 36015 Schio VI",https://www.mcdonalds.it/elenco-ristoranti,
329,McDonald's,Veneto,Vicenza,VI,Thiene,Burgers,EUR 1-10,3.7,"2,161",45.69667443,11.48240807,Commercial Area,"Via Meucci, 3, 36016 Thiene VI",https://www.mcdonalds.it/elenco-ristoranti,
330,McDonald's,Veneto,Vicenza,VI,Torri di Quartesolo,Burgers,EUR 1-10,3.8,"2,371",45.50937763,11.62551146,Shopping Mall,"Via Pola, 20, 36040 Torri di Quartesolo VI",https://www.mcdonalds.it/elenco-ristoranti,
331,McDonald's,Veneto,Vicenza,VI,Vicenza,Burgers,EUR 1-10,3.6,"1,727",45.53060213,11.59637135,Shopping Mall,"Centro Commerciale Il Palladio, Str. Padana verso Padova, 60, 36100 Vicenza VI",https://www.mcdonalds.it/elenco-ristoranti,
332,McDonald's,Veneto,Vicenza,VI,Vicenza,Burgers,EUR 10-20,3.6,"3,784",45.53363247,11.50655932,Commercial Area,"Str. Padana Verso Verona, 81, 36100 Vicenza VI",https://www.mcdonalds.it/elenco-ristoranti,
333,McDonald's,Friuli-Venezia Giulia,Gorizia,GO,Monfalcone,Burgers,EUR 1-10,3.6,"3,150",45.81731903,13.51397958,Shopping Mall,"Centro Commerciale Emisfero Belforte, Via G. F. Pocar, 1/a, 34074 Monfalcone GO",https://www.mcdonalds.it/elenco-ristoranti,
334,McDonald's,Friuli-Venezia Giulia,Gorizia,GO,Villesse,Burgers,EUR 10-20,3.6,"1,701",45.86428791,13.42959561,Shopping Mall,"Località Maranuz, 2, 34070 Villesse GO",https://www.mcdonalds.it/elenco-ristoranti,
335,McDonald's,Friuli-Venezia Giulia,Pordenone,PN,Fiume Veneto,Burgers,EUR 10-20,3.5,"3,191",45.94484903,12.72154868,Shopping Mall,"Via Maestri del Lavoro, 49, 33080 Fiume Veneto PN",https://www.mcdonalds.it/elenco-ristoranti,
336,McDonald's,Friuli-Venezia Giulia,Pordenone,PN,Pordenone,Burgers,EUR 10-20,3.8,"3,099",45.97319760,12.66326287,Commercial Area,"Viale Venezia, 119, 33170 Pordenone PN",https://www.mcdonalds.it/elenco-ristoranti,
337,McDonald's,Friuli-Venezia Giulia,Trieste,TS,Trieste,Burgers,EUR 10-20,3.9,"1,698",45.61735473,13.81905730,Commercial Area,"Via Flavia, 104, 34148 Trieste TS",https://www.mcdonalds.it/elenco-ristoranti,
338,McDonald's,Friuli-Venezia Giulia,Trieste,TS,Trieste,Burgers,EUR 1-10,3.6,"4,747",45.64937810,13.77687434,City Center,"Piazza Carlo Goldoni, 1, 34122 Trieste TS",https://www.mcdonalds.it/elenco-ristoranti,
339,McDonald's,Friuli-Venezia Giulia,Udine,UD,Bagnaria Arsa,Burgers,EUR 10-20,3.3,522,45.88943171,13.31319403,Shopping Mall,"Via E. Mattei, 14, 33050 Bagnaria Arsa UD",https://www.mcdonalds.it/elenco-ristoranti,
340,McDonald's,Friuli-Venezia Giulia,Udine,UD,Gemona del Friuli,Burgers,EUR 10-20,3.5,295,46.26567365,13.10874189,Commercial Area,"Via Taboga, 66, 33013 Gemona UD",https://www.mcdonalds.it/elenco-ristoranti,
341,McDonald's,Friuli-Venezia Giulia,Udine,UD,Gonars,Burgers,EUR 10-20,3.9,"3,049",45.88371022,13.26006199,Service Area,"km 487, A4 Torino - Trieste, 33050 Gonars UD",https://www.mcdonalds.it/elenco-ristoranti,
342,McDonald's,Friuli-Venezia Giulia,Udine,UD,Latisana,Burgers,EUR 10-20,3.7,184,45.77284475,13.02284530,Commercial Area,"Via Tisanella, 214, 33053 Latisana UD",https://www.mcdonalds.it/elenco-ristoranti,
343,McDonald's,Friuli-Venezia Giulia,Udine,UD,Reana del Rojale,Burgers,EUR 10-20,3.6,"2,298",46.12227373,13.22683854,Commercial Area,"Via Nazionale, 130, 33010 Reana del Rojale UD",https://www.mcdonalds.it/elenco-ristoranti,
344,McDonald's,Friuli-Venezia Giulia,Udine,UD,Martignacco,Burgers,EUR 10-20,3.6,"1,197",46.08486001,13.18223993,Shopping Mall,"Via Antonio Bardelli, 4, 33035 Cotonificio-Cormor UD",https://www.mcdonalds.it/elenco-ristoranti,
345,McDonald's,Friuli-Venezia Giulia,Udine,UD,Udine,Burgers,EUR 10-20,3.6,"3,001",46.06522178,13.21697571,Shopping Mall,"P.le Rita Levi Montalcini, 1/1, 33100 Udine UD",https://www.mcdonalds.it/elenco-ristoranti,
346,McDonald's,Friuli-Venezia Giulia,Udine,UD,Udine,Burgers,EUR 10-20,3.8,"1,394",46.04558667,13.24978593,Commercial Area,"Viale Palmanova, 195, 33100 Udine UD",https://www.mcdonalds.it/elenco-ristoranti,
347,McDonald's,Umbria,Perugia,PG,Assisi,Burgers,EUR 10-20,3.6,"4,068",43.06069999,12.58431618,Commercial Area,"Viale Patrono d'Italia, 06081 Assisi PG",https://www.mcdonalds.it/elenco-ristoranti,
348,McDonald's,Umbria,Perugia,PG,Bastia Umbra,Burgers,EUR 10-20,4.2,602,43.06268024,12.54706712,Commercial Area,"Via Eugenio Montale, 1, 06083 Bastia Umbra PG",https://www.mcdonalds.it/elenco-ristoranti,
349,McDonald's,Umbria,Perugia,PG,Città di Castello,Burgers,EUR 1-10,4.1,"3,238",43.46962319,12.22996151,Commercial Area,"Via Rodolfo Morandi, 06012 Città di Castello PG",https://www.mcdonalds.it/elenco-ristoranti,
350,McDonald's,Umbria,Perugia,PG,Corciano,Burgers,EUR 10-20,3.7,"1,312",43.10237334,12.29951013,Commercial Area,"Via Antonio Gramsci, 06073 Corciano PG",https://www.mcdonalds.it/elenco-ristoranti,
351,McDonald's,Umbria,Perugia,PG,Foligno,Burgers,EUR 10-20,3.7,"3,584",42.96286977,12.68398483,Commercial Area,"Via Fiamenga, 74, 06034 Foligno PG",https://www.mcdonalds.it/elenco-ristoranti,
352,McDonald's,Umbria,Perugia,PG,Collestrada,Burgers,EUR 1-10,4,"1,870",43.08853634,12.47003088,Shopping Mall,"Via della Valtiera, 181, 06135 Collestrada PG",https://www.mcdonalds.it/elenco-ristoranti,
353,McDonald's,Umbria,Perugia,PG,Perugia,Burgers,EUR 10-20,3.7,803,43.08752676,12.44768132,Shopping Mall,"Via della Valtiera, 06135 Perugia PG",https://www.mcdonalds.it/elenco-ristoranti,
354,McDonald's,Umbria,Perugia,PG,Perugia,Burgers,EUR 10-20,3.8,"2,937",43.07968769,12.33619433,Commercial Area,"Via Gerardo Dottori, 105, 06132 Perugia PG",https://www.mcdonalds.it/elenco-ristoranti,
355,McDonald's,Umbria,Perugia,PG,Perugia,Burgers,EUR 1-10,3.6,"3,994",43.10604080,12.36293043,Commercial Area,"S.da Trasimeno Ovest, 2/D, 06127 Perugia PG",https://www.mcdonalds.it/elenco-ristoranti,
356,McDonald's,Umbria,Terni,TR,Orvieto,Burgers,EUR 1-10,3.5,131,42.71947041,12.14237724,Service Area,"Via Angelo Costanzi, 05018 Orvieto TR",https://www.mcdonalds.it/elenco-ristoranti,
357,McDonald's,Umbria,Terni,TR,Terni,Burgers,EUR 1-10,3.9,"3,391",42.57754401,12.62495862,Residential Area,"V. del Centenario, 4, 05100 Terni TR",https://www.mcdonalds.it/elenco-ristoranti,
358,McDonald's,Umbria,Terni,TR,Terni,Burgers,EUR 10-20,4.1,118,42.55523555,12.65933117,Commercial Area,"Via Alfredo Urbinati, 05100 Terni TR",https://www.mcdonalds.it/elenco-ristoranti,
359,McDonald's,Umbria,Terni,TR,Terni,Burgers,EUR 1-10,3.8,577,42.56051370,12.63513798,Commercial Area,"Viale dello Stadio, 05100 Terni TR",https://www.mcdonalds.it/elenco-ristoranti,
360,McDonald's,Marche,Ancona,AN,Ancona,Burgers,EUR 1-10,3.8,"3,234",43.55835411,13.51058600,Commercial Area,"Via Luigi Albertini, 37, 60131 Ancona AN",https://www.mcdonalds.it/elenco-ristoranti,
361,McDonald's,Marche,Ancona,AN,Ancona,Burgers,EUR 10-20,3.8,"2,164",43.60766632,13.45544537,Residential Area,"Via Tenna, 60126 Torrette AN",https://www.mcdonalds.it/elenco-ristoranti,
362,McDonald's,Marche,Ancona,AN,Fabriano,Burgers,EUR 10-20,3.7,"1,478",43.34920353,12.92675946,Commercial Area,"Via Dante, 223, 60044 Fabriano AN",https://www.mcdonalds.it/elenco-ristoranti,
363,McDonald's,Marche,Ancona,AN,Falconara Marittima,Burgers,EUR 1-10,4,"1,490",43.62151090,13.38340890,Commercial Area,"Via Guglielmo Marconi, 86, 60015 Falconara Marittima AN",https://www.mcdonalds.it/elenco-ristoranti,
364,McDonald's,Marche,Ancona,AN,Jesi,Burgers,EUR 1-10,3.9,"2,499",43.52313931,13.25202199,Shopping Mall,"Via Gorgolungo, 6, 60035 Jesi AN",https://www.mcdonalds.it/elenco-ristoranti,
365,McDonald's,Marche,Ancona,AN,Loreto,Burgers,EUR 1-10,3.8,"3,285",43.43480287,13.65289682,Commercial Area,"Via Paolo Borsellino, 2, 60025 Loreto AN",https://www.mcdonalds.it/elenco-ristoranti,
366,McDonald's,Marche,Ancona,AN,Osimo,Burgers,EUR 10-20,3.8,"2,576",43.50363381,13.53285160,Commercial Area,"Via Industria, 2, 60027 Osimo AN",https://www.mcdonalds.it/elenco-ristoranti,
367,McDonald's,Marche,Ancona,AN,Senigallia,Burgers,EUR 1-10,3.7,"3,027",43.70780583,13.21292831,Residential Area,"Viale Giordano Bruno, 49, 60019 Senigallia AN",https://www.mcdonalds.it/elenco-ristoranti,
368,McDonald's,Marche,Ascoli Piceno,AP,Ascoli Piceno,Burgers,EUR 10-20,4,"1,582",42.84496403,13.62094098,Shopping Mall,"Via dei Gorghi, 11, 63100 Ascoli Piceno AP",https://www.mcdonalds.it/elenco-ristoranti,
369,McDonald's,Marche,Ascoli Piceno,AP,San Benedetto del Tronto,Burgers,EUR 10-20,3.8,"3,189",42.94130756,13.88004797,Shopping Mall,"Via della Liberazione, 14, 63074 San Benedetto del Tronto AP",https://www.mcdonalds.it/elenco-ristoranti,
370,McDonald's,Marche,Macerata,MC,Civitanova Marche,Burgers,EUR 10-20,3.6,"1,700",43.30097965,13.70617796,Commercial Area,"Via Silvio Pellico, Km 1, 62012 Civitanova Marche MC",https://www.mcdonalds.it/elenco-ristoranti,
371,McDonald's,Marche,Macerata,MC,Corridonia,Burgers,EUR 1-10,3.9,"2,521",43.27023992,13.48432773,Shopping Mall,"Via Enrico Mattei, 189, 62014 Corridonia MC",https://www.mcdonalds.it/elenco-ristoranti,
372,McDonald's,Marche,Macerata,MC,Montecassiano,Burgers,EUR 10-20,3.6,244,43.33952851,13.43582127,Commercial Area,"Località Valle Cascia, 41 ter, 62010 Montecassiano MC",https://www.mcdonalds.it/elenco-ristoranti,
373,McDonald's,Marche,Macerata,MC,Tolentino,Burgers,EUR 10-20,3.9,767,43.21643923,13.30922270,Shopping Mall,"Via Sandro Pertini, 23, 62029 Tolentino MC",https://www.mcdonalds.it/elenco-ristoranti,
374,McDonald's,Marche,Fermo,FM,Fermo,Burgers,EUR 10-20,3.6,208,43.17688539,13.67350791,Shopping Mall,"Via Giacomo Filippo Maria Prosperi, 63900 Campiglione FM",https://www.mcdonalds.it/elenco-ristoranti,
375,McDonald's,Marche,Fermo,FM,Sant'Elpidio a Mare,Burgers,EUR 10-20,3.5,"3,374",43.28661246,13.72369169,Service Area,"A14 -Taranto - Bologna 263,900 Nord km 263,900 Nord, 63811 Sant'Elpidio a Mare FM",https://www.mcdonalds.it/elenco-ristoranti,
376,McDonald's,Marche,Fermo,FM,Sant'Elpidio a Mare,Burgers,EUR 1-10,2.6,34,43.28569538,13.72189432,Service Area,"c/o ADS Chienti Ovest, A14 km, 263, 63811 Sant'Elpidio a Mare FM",https://www.mcdonalds.it/elenco-ristoranti,
377,McDonald's,Marche,Fermo,FM,Porto San Giorgio,Burgers,EUR 1-10,3.7,"2,551",43.16485708,13.80086147,Commercial Area,"Borgo Fratelli Rosselli, 264, 63822 Porto San Giorgio FM",https://www.mcdonalds.it/elenco-ristoranti,
378,McDonald's,Marche,Pesaro e Urbino,PU,Fano,Burgers,EUR 1-10,4.1,"2,786",43.83415770,13.03926003,Commercial Area,"Viale Piceno, 56, 61032 Fano PU",https://www.mcdonalds.it/elenco-ristoranti,
379,McDonald's,Marche,Pesaro e Urbino,PU,Fano,Burgers,EUR 10-20,4.7,205,43.80106672,13.01216043,Shopping Mall,"Via L. Einaudi, 30, 61032 Fano PU",https://www.mcdonalds.it/elenco-ristoranti,
380,McDonald's,Marche,Pesaro e Urbino,PU,Pesaro,Burgers,EUR 1-10,4,"3,216",43.90664345,12.87143444,Commercial Area,"Via Grande Torino, 6, 61122 Pesaro PU",https://www.mcdonalds.it/elenco-ristoranti,
381,McDonald's,Abruzzo,Chieti,CH,Chieti,Burgers,EUR 10-20,3.7,"2,320",42.34449364,14.13525777,Commercial Area,"Viale Abruzzo, 549, 66100 Chieti CH",https://www.mcdonalds.it/elenco-ristoranti,
382,McDonald's,Abruzzo,Chieti,CH,Francavilla al Mare,Burgers,EUR 10-20,4.3,59,42.42887703,14.27178037,Commercial Area,"Via Nazionale Adriatica Nord, 66023 Francavilla al Mare CH",https://www.mcdonalds.it/elenco-ristoranti,
383,McDonald's,Abruzzo,Chieti,CH,Lanciano,Burgers,EUR 1-10,3.8,741,42.22012857,14.39310644,Commercial Area,"Via Ercole Tinari, 66034 Lanciano CH",https://www.mcdonalds.it/elenco-ristoranti,
384,McDonald's,Abruzzo,Chieti,CH,San Giovanni Teatino,Burgers,EUR 10-20,3.9,"2,015",42.41607091,14.16768318,Shopping Mall,"Via Po, 1, 66020 Sambuceto CH",https://www.mcdonalds.it/elenco-ristoranti,
385,McDonald's,Abruzzo,Chieti,CH,Vasto,Burgers,EUR 1-10,4.2,"2,294",42.11746949,14.70123599,Commercial Area,"Circonvallazione Histoniense, 66054 Vasto CH",https://www.mcdonalds.it/elenco-ristoranti,
386,McDonald's,Abruzzo,L'Aquila,AQ,Avezzano,Burgers,EUR 10-20,3.9,"2,724",42.04196721,13.41165496,Commercial Area,"Via Roma, 246, 67051 Avezzano AQ",https://www.mcdonalds.it/elenco-ristoranti,
387,McDonald's,Abruzzo,L'Aquila,AQ,Castel di Sangro,Burgers,EUR 10-20,4,64,41.77262033,14.10201728,Commercial Area,"SS17, 67031 Castel di Sangro AQ",https://www.mcdonalds.it/elenco-ristoranti,
388,McDonald's,Abruzzo,L'Aquila,AQ,L'Aquila,Burgers,EUR 1-10,4,"2,525",42.35914199,13.38097399,Commercial Area,"Viale Corrado IV, 54, 67100 L'Aquila AQ",https://www.mcdonalds.it/elenco-ristoranti,
389,McDonald's,Abruzzo,L'Aquila,AQ,L'Aquila,Burgers,EUR 10-20,4.2,58,42.34740328,13.39799391,City Center,"Corso Federico II, 67100 L'Aquila AQ",https://www.mcdonalds.it/elenco-ristoranti,
390,McDonald's,Abruzzo,Teramo,TE,Colonnella,Burgers,EUR 1-10,3.9,"2,811",42.83591554,13.89359598,Shopping Mall,"Contrada Riomoro, 252, 64010 Colonnella TE",https://www.mcdonalds.it/elenco-ristoranti,
391,McDonald's,Abruzzo,Teramo,TE,Giulianova,Burgers,EUR 10-20,3.7,382,42.73123953,13.95798556,Commercial Area,"SS80, 64021 Giulianova TE",https://www.mcdonalds.it/elenco-ristoranti,
392,McDonald's,Abruzzo,Teramo,TE,Roseto degli Abruzzi,Burgers,EUR 10-20,3.4,303,42.65905239,14.02813712,Commercial Area,"Via Nazionale, 64026 Roseto degli Abruzzi TE",https://www.mcdonalds.it/elenco-ristoranti,
393,McDonald's,Abruzzo,Teramo,TE,Silvi,Burgers,EUR 1-10,3.5,261,42.54293101,14.12212826,Shopping Mall,"Via Statale Sud, 64028 Silvi TE",https://www.mcdonalds.it/elenco-ristoranti,
394,McDonald's,Abruzzo,Teramo,TE,Teramo,Burgers,EUR 10-20,3.5,644,42.65967615,13.70898591,City Center,"Circonvallazione Ragusa, 64100 Teramo TE",https://www.mcdonalds.it/elenco-ristoranti,
395,McDonald's,Abruzzo,Pescara,PE,Montesilvano,Burgers,EUR 1-10,3.7,"3,876",42.51866215,14.14791422,Commercial Area,"Via Nazionale Adriatica Nord, 7, 65015 Montesilvano PE",https://www.mcdonalds.it/elenco-ristoranti,
396,McDonald's,Abruzzo,Pescara,PE,Pescara,Burgers,EUR 1-10,3.7,"1,260",42.46643126,14.18481079,Commercial Area,"Str. Vecchia della Madonna, 2, 65125 Pescara PE",https://www.mcdonalds.it/elenco-ristoranti,
397,McDonald's,Abruzzo,Pescara,PE,Pescara,Burgers,EUR 10-20,3.8,"3,224",42.45226383,14.22782471,Commercial Area,"Viale G. Marconi, 375, 65127 Pescara PE",https://www.mcdonalds.it/elenco-ristoranti,
398,McDonald's,Abruzzo,Pescara,PE,Pescara,Burgers,EUR 1-10,3.8,"2,631",42.47429002,14.21063241,City Center,"Viale della Riviera, 4, 65123 Pescara PE",https://www.mcdonalds.it/elenco-ristoranti,
399,McDonald's,Puglia,Bari,BA,Bari,Burgers,EUR 10-20,3.1,657,41.13447141,16.76429046,Transport Hub,"Viale Enzo Ferrari, 70128 Bari BA",https://www.mcdonalds.it/elenco-ristoranti,
400,McDonald's,Puglia,Bari,BA,Casamassima,Burgers,EUR 10-20,3.9,"5,673",40.96584593,16.92570856,Shopping Mall,"Via Noicàttaro, 2, 70010 Casamassima BA",https://www.mcdonalds.it/elenco-ristoranti,
401,McDonald's,Puglia,Bari,BA,Bari,Burgers,EUR 1-10,3.5,"2,945",41.12615036,16.87182309,City Center,"Corso Vittorio Emanuele II, 2, 70122 Bari BA",https://www.mcdonalds.it/elenco-ristoranti,
402,McDonald's,Puglia,Bari,BA,Bari,Burgers,EUR 1-10,3.9,"5,594",41.08911425,16.89585646,Commercial Area,"Via Caduti del Lavoro, 2, 70126 Bari BA",https://www.mcdonalds.it/elenco-ristoranti,
403,McDonald's,Puglia,Bari,BA,Bari,Burgers,EUR 1-10,3.9,"3,761",41.09085823,16.86420203,Service Area,"Uscita 11, Tangenziale di Bari, 70124 Bari BA",https://www.mcdonalds.it/elenco-ristoranti,
404,McDonald's,Puglia,Bari,BA,Bari,Burgers,EUR 1-10,3.9,"4,128",41.09924858,16.82950854,Commercial Area,"Str. Santa Caterina, 17/F, 70124 Bari BA",https://www.mcdonalds.it/elenco-ristoranti,
405,McDonald's,Puglia,Bari,BA,Bari,Burgers,EUR 1-10,3.5,"4,580",41.11935112,16.86978041,City Center,"Via Sparano da Bari, 155/157/159, 70121 Bari BA",https://www.mcdonalds.it/elenco-ristoranti,
406,McDonald's,Puglia,Bari,BA,Bari,Burgers,EUR 1-10,4,"4,857",41.12466690,16.82221744,Commercial Area,"Viale Europa, 3, 70132 Bari BA",https://www.mcdonalds.it/elenco-ristoranti,
407,McDonald's,Puglia,Bari,BA,Bari,Burgers,EUR 10-20,4.3,304,41.13200123,16.82461132,Commercial Area,"Via Napoli, snc, 70132 Bari BL",https://www.mcdonalds.it/elenco-ristoranti,
408,McDonald's,Puglia,Bari,BA,Triggiano,Burgers,EUR 10-20,4,"1,199",41.08307313,16.94614964,Shopping Mall,"Centro commerciale, Bariblu, 70019 Triggiano BA",https://www.mcdonalds.it/elenco-ristoranti,
409,McDonald's,Puglia,Bari,BA,Molfetta,Burgers,EUR 10-20,4,"4,263",41.20546155,16.55637660,Shopping Mall,"Via A. Olivetti, 70056 Molfetta BA",https://www.mcdonalds.it/elenco-ristoranti,
410,McDonald's,Puglia,Bari,BA,Monopoli,Burgers,EUR 1-10,4.4,"1,513",40.95849114,17.28213391,Commercial Area,"Viale Aldo Moro, 69, 70043 Monopoli BA",https://www.mcdonalds.it/elenco-ristoranti,
411,McDonald's,Puglia,Barletta-Andria-Trani,BT,Andria,Burgers,EUR 10-20,3.6,109,41.24075531,16.31528820,Commercial Area,"Via Trani, 76123 Andria BT",https://www.mcdonalds.it/elenco-ristoranti,
412,McDonald's,Puglia,Barletta-Andria-Trani,BT,Barletta,Burgers,EUR 1-10,4,"3,002",41.32043445,16.25708691,Commercial Area,"Via Foggia, 42, 76121 Barletta BT",https://www.mcdonalds.it/elenco-ristoranti,
413,McDonald's,Puglia,Barletta-Andria-Trani,BT,Barletta,Burgers,EUR 1-10,3.7,415,41.31813509,16.29150606,Commercial Area,"Via Trani, 8, 76121 Barletta BT",https://www.mcdonalds.it/elenco-ristoranti,
414,McDonald's,Puglia,Barletta-Andria-Trani,BT,Bisceglie,Burgers,EUR 10-20,3.7,"2,125",41.24458694,16.49025882,Commercial Area,"Via G. Bovio 312, S.S, 16, 76011 Bisceglie BT",https://www.mcdonalds.it/elenco-ristoranti,
415,McDonald's,Puglia,Lecce,LE,Galatina,Burgers,EUR 10-20,4.4,376,40.18132568,18.16788047,Commercial Area,"Via Lecce, 73013 Galatina LE",https://www.mcdonalds.it/elenco-ristoranti,
416,McDonald's,Puglia,Lecce,LE,Surbo,Burgers,EUR 1-10,4.7,"15,645",40.37561917,18.14721085,Shopping Mall,"Via Benzi, 73010 Surbo LE",https://www.mcdonalds.it/elenco-ristoranti,
417,McDonald's,Puglia,Lecce,LE,Lecce,Burgers,EUR 1-10,4.2,"6,787",40.35389364,18.17680879,City Center,"Via Salvatore Trinchese, 32, 73100 Lecce LE",https://www.mcdonalds.it/elenco-ristoranti,
418,McDonald's,Puglia,Lecce,LE,Lecce,Burgers,EUR 1-10,4.6,457,40.36079058,18.15546466,Commercial Area,"Via Taranto, 73100 Lecce LE",https://www.mcdonalds.it/elenco-ristoranti,
419,McDonald's,Puglia,Brindisi,BR,Brindisi,Burgers,EUR 1-10,4.6,"7,038",40.62332211,17.91603984,Commercial Area,"Viale Caduti di Via Fani, 72100 Brindisi BR",https://www.mcdonalds.it/elenco-ristoranti,
420,McDonald's,Puglia,Brindisi,BR,Fasano,Burgers,EUR 1-10,3.9,"1,747",40.84295560,17.35846967,Commercial Area,"Via Roma, 327, 72015 Fasano BR",https://www.mcdonalds.it/elenco-ristoranti,
421,McDonald's,Puglia,Brindisi,BR,Mesagne,Burgers,EUR 1-10,4.2,"2,297",40.58013649,17.83846919,Shopping Mall,"SS 7 Km 10, c/o C.C. Appia Antica, 72023 Mesagne BR",https://www.mcdonalds.it/elenco-ristoranti,
422,McDonald's,Puglia,Foggia,FG,Cerignola,Burgers,EUR 1-10,3.9,996,41.26677697,15.90698134,Commercial Area,"Via Nizza, 8, 71042 Cerignola FG",https://www.mcdonalds.it/elenco-ristoranti,
423,McDonald's,Puglia,Foggia,FG,Foggia,Burgers,EUR 1-10,4,"1,779",41.41513494,15.65319569,Shopping Mall,"SP76, km 2, 71022, 71122 Foggia FG",https://www.mcdonalds.it/elenco-ristoranti,
424,McDonald's,Puglia,Foggia,FG,Foggia,Burgers,EUR 10-20,4,"2,800",41.44875849,15.56963549,Commercial Area,"Corso del Mezzogiorno, 71122 Foggia FG",https://www.mcdonalds.it/elenco-ristoranti,
425,McDonald's,Puglia,Foggia,FG,Foggia,Burgers,EUR 1-10,3.9,"3,130",41.44471303,15.54389991,Shopping Mall,"Viale degli Aviatori, 126, 71122 Foggia FG",https://www.mcdonalds.it/elenco-ristoranti,
426,McDonald's,Puglia,Taranto,TA,Martina Franca,Burgers,EUR 1-10,4.3,461,40.69681718,17.33926826,Commercial Area,"Via Madonna Piccola, 74015 Martina Franca TA",https://www.mcdonalds.it/elenco-ristoranti,
427,McDonald's,Puglia,Taranto,TA,Massafra,Burgers,EUR 10-20,4.5,865,40.58374517,17.11137370,Commercial Area,"SS7, 74016 Massafra TA",https://www.mcdonalds.it/elenco-ristoranti,
428,McDonald's,Puglia,Taranto,TA,Taranto,Burgers,EUR 10-20,4,530,40.45929430,17.28849864,Commercial Area,"Via Emilio Consiglio, 26, 74121 Taranto TA",https://www.mcdonalds.it/elenco-ristoranti,
429,McDonald's,Puglia,Taranto,TA,Taranto,Burgers,EUR 1-10,3.9,"4,515",40.46131996,17.29961051,Shopping Mall,"Via per S. Giorgio, 74121 Taranto TA",https://www.mcdonalds.it/elenco-ristoranti,
430,McDonald's,Puglia,Taranto,TA,Taranto,Burgers,EUR 10-20,4.4,380,40.52026919,17.28067114,Commercial Area,"Viale del Turismo, 74123 Paolo VI TA",https://www.mcdonalds.it/elenco-ristoranti,
431,McDonald's,Sicilia,Agrigento,AG,Agrigento,Burgers,EUR 1-10,4.1,"3,174",37.27092219,13.62297599,Commercial Area,"SS115, 92100 Villaggio Mosè AG",https://www.mcdonalds.it/elenco-ristoranti,
432,McDonald's,Sicilia,Enna,EN,Enna,Burgers,EUR 1-10,4.2,"1,765",37.55289130,14.29878618,Commercial Area,"Via Libero Grassi, 16, 94100 Enna EN",https://www.mcdonalds.it/elenco-ristoranti,
433,McDonald's,Sicilia,Palermo,PA,Bagheria,Burgers,EUR 1-10,3.7,54,38.08515095,13.51537967,Commercial Area,"Via Santa Marina, 49, 90011 Bagheria PA",https://www.mcdonalds.it/elenco-ristoranti,
434,McDonald's,Sicilia,Palermo,PA,Carini,Burgers,EUR 10-20,3.9,"3,024",38.17223635,13.21598553,Shopping Mall,"Via Don L. Sturzo, 90044 Carini PA",https://www.mcdonalds.it/elenco-ristoranti,
435,McDonald's,Sicilia,Palermo,PA,Palermo,Burgers,EUR 1-10,3.6,"4,092",38.12480822,13.35707132,City Center,"V. Emerico Amari, 160, 90139 Palermo PA",https://www.mcdonalds.it/elenco-ristoranti,
436,McDonald's,Sicilia,Palermo,PA,Palermo,Burgers,EUR 1-10,3.7,871,38.13376559,13.30191025,Shopping Mall,"Via Assoro, 25b/Lot pe3, 90135 Palermo PA",https://www.mcdonalds.it/elenco-ristoranti,
437,McDonald's,Sicilia,Palermo,PA,Palermo,Burgers,EUR 10-20,3.3,462,38.10234755,13.32925584,Commercial Area,"Viale della Regione Siciliana, 90135 Palermo PA",https://www.mcdonalds.it/elenco-ristoranti,
438,McDonald's,Sicilia,Palermo,PA,Palermo,Burgers,EUR 10-20,3.7,"3,339",38.12810990,13.32878377,Commercial Area,"Viale della Regione Siciliana, 90135 Palermo PA",https://www.mcdonalds.it/elenco-ristoranti,
439,McDonald's,Sicilia,Palermo,PA,Palermo,Burgers,EUR 10-20,3.9,"3,309",38.16316833,13.31271694,Commercial Area,"V. Ugo La Malfa, 5, 90146 Palermo PA",https://www.mcdonalds.it/elenco-ristoranti,
440,McDonald's,Sicilia,Palermo,PA,Palermo,Burgers,EUR 1-10,3.9,461,38.19011090,13.29416014,Commercial Area,"V. Rosario Nicoletti, 90147 Palermo PA",https://www.mcdonalds.it/elenco-ristoranti,
441,McDonald's,Sicilia,Palermo,PA,Palermo,Burgers,EUR 10-20,3.6,"1,233",38.13221284,13.34209420,Transport Hub,"Piazza Matteo Maria Boiardo, 90144 Palermo PA",https://www.mcdonalds.it/elenco-ristoranti,
442,McDonald's,Sicilia,Palermo,PA,Palermo,Burgers,EUR 1-10,3.8,"3,859",38.08998014,13.41080350,Shopping Mall,"via Pecoraino c/o CC Forum, Via Filippo Pecoraino, 90124 Palermo PA",https://www.mcdonalds.it/elenco-ristoranti,
443,McDonald's,Sicilia,Palermo,PA,Palermo,Burgers,EUR 1-10,3.3,"1,205",38.10976951,13.36708827,Transport Hub,"P.za Giulio Cesare, 43, 90127 Palermo PA",https://www.mcdonalds.it/elenco-ristoranti,
444,McDonald's,Sicilia,Trapani,TP,Castelvetro,Burgers,EUR 10-20,4,"3,166",37.66230866,12.81123003,Shopping Mall,"Via Caduti di Nassirya, 91022 Castelvetrano TP",https://www.mcdonalds.it/elenco-ristoranti,
445,McDonald's,Sicilia,Trapani,TP,Mazara del Vallo,Burgers,EUR 10-20,3.7,208,37.66017175,12.60659874,Commercial Area,"Via Salemi, 91026 Mazara del Vallo TP",https://www.mcdonalds.it/elenco-ristoranti,
446,McDonald's,Sicilia,Trapani,TP,Trapani,Burgers,EUR 10-20,3.9,"3,317",38.01039970,12.56570520,Commercial Area,"Via Nicolò Rodolico, 91100 Trapani TP",https://www.mcdonalds.it/elenco-ristoranti,
447,McDonald's,Sicilia,Caltanissetta,CL,Caltanissetta,Burgers,EUR 10-20,3.9,"3,014",37.49160333,14.04079063,Commercial Area,"Via Papa, Via Leone XIII, 101, 93100 Caltanissetta CL",https://www.mcdonalds.it/elenco-ristoranti,
448,McDonald's,Sicilia,Caltanissetta,CL,Gela,Burgers,EUR 1-10,3.7,"2,892",37.08089303,14.21732467,Commercial Area,"Via Venezia, 93012 Gela CL",https://www.mcdonalds.it/elenco-ristoranti,
449,McDonald's,Sicilia,Messina,ME,Barcellona Pozzo di Gotto,Burgers,EUR 1-10,3.7,81,38.15130357,15.19077846,Shopping Mall,"Via Filicudi, 98051 Barcellona Pozzo di Gotto ME",https://www.mcdonalds.it/elenco-ristoranti,
450,McDonald's,Sicilia,Messina,ME,Messina,Burgers,EUR 1-10,3.8,"2,780",38.18525408,15.55657901,City Center,"Piazza Cairoli, 98123 Messina ME",https://www.mcdonalds.it/elenco-ristoranti,
451,McDonald's,Sicilia,Messina,ME,Messina,Burgers,EUR 10-20,4.1,38,38.25818347,15.60277613,Residential Area,"Viale Ferdinando Stagno d'Alcontres, 98166 Messina ME",https://www.mcdonalds.it/elenco-ristoranti,
452,McDonald's,Sicilia,Messina,ME,Messina,Burgers,EUR 10-20,3.9,"1,719",38.15356087,15.53109823,Commercial Area,"SS 114 Orientale Sicula, 114, 98125 Contesse ME",https://www.mcdonalds.it/elenco-ristoranti,
453,McDonald's,Sicilia,Messina,ME,Messina,Burgers,EUR 10-20,3.1,393,38.17245824,15.55084274,Commercial Area,"Via Maregrosso, 26, 98124 Messina ME",https://www.mcdonalds.it/elenco-ristoranti,
454,McDonald's,Sicilia,Messina,ME,Milazzo,Burgers,EUR 10-20,4,"2,595",38.18732643,15.26826044,Commercial Area,"Via Firenze, snc, 98057 Milazzo ME",https://www.mcdonalds.it/elenco-ristoranti,
455,McDonald's,Sicilia,Catania,CT,Acireale,Burgers,EUR 1-10,4,"4,249",37.62184300,15.14234106,Commercial Area,"Viale Cristoforo Colombo, 95024 Acireale CT",https://www.mcdonalds.it/elenco-ristoranti,
456,McDonald's,Sicilia,Catania,CT,Belpasso,Burgers,EUR 1-10,3.8,"4,192",37.54231355,14.95423291,Shopping Mall,"Via Valcorrente, 23, 95032 Belpasso CT",https://www.mcdonalds.it/elenco-ristoranti,
457,McDonald's,Sicilia,Catania,CT,Caltagirone,Burgers,EUR 1-10,4,546,37.21755386,14.52218834,Commercial Area,"Viale Europa, 95041 Caltagirone CT",https://www.mcdonalds.it/elenco-ristoranti,
458,McDonald's,Sicilia,Catania,CT,Catania,Burgers,EUR 1-10,3.8,"5,367",37.50721883,15.08672970,City Center,"P.zza Stesicoro, 57/58, 95131 Catania CT",https://www.mcdonalds.it/elenco-ristoranti,
459,McDonald's,Sicilia,Catania,CT,Catania,Burgers,EUR 10-20,2.5,364,37.47093373,15.06538588,Transport Hub,"Via Fontanarossa, 35, 95121 Catania CT",https://www.mcdonalds.it/elenco-ristoranti,
460,McDonald's,Sicilia,Catania,CT,Catania,Burgers,EUR 1-10,3.8,"2,295",37.50072625,15.08857089,City Center,"Via Alcalà, 13/15, 95129 Catania CT",https://www.mcdonalds.it/elenco-ristoranti,
461,McDonald's,Sicilia,Catania,CT,Catania,Burgers,EUR 1-10,4,"3,472",37.53523083,15.07535732,Commercial Area,"Via Passo Gravina, 170, 95125 Catania CT",https://www.mcdonalds.it/elenco-ristoranti,
462,McDonald's,Sicilia,Catania,CT,Catania,Burgers,EUR 1-10,4,"2,228",37.47200396,15.05046836,Shopping Mall,"Via Gelso Bianco, 121, 95121 Catania CT",https://www.mcdonalds.it/elenco-ristoranti,
463,McDonald's,Sicilia,Catania,CT,San Giovanni la Punta,Burgers,EUR 1-10,3.9,"2,889",37.58384834,15.10331750,Shopping Mall,"Viale Cristoforo Colombo, 13, 95037 San Giovanni la Punta CT",https://www.mcdonalds.it/elenco-ristoranti,
464,McDonald's,Sicilia,Catania,CT,Misterbianco,Burgers,EUR 1-10,3.9,"4,215",37.48498980,15.00867605,Shopping Mall,"SP54, 95045 Misterbianco CT",https://www.mcdonalds.it/elenco-ristoranti,
465,McDonald's,Sicilia,Catania,CT,Catania,Burgers,EUR 1-10,3.9,"3,409",37.53138185,15.10790731,Commercial Area,"Viale Ulisse, 11, 95126 Catania CT",https://www.mcdonalds.it/elenco-ristoranti,
466,McDonald's,Sicilia,Catania,CT,Giarre,Burgers,EUR 1-10,3.9,"1,956",37.70442092,15.17126842,Commercial Area,"SP4i, 95014 Giarre CT",https://www.mcdonalds.it/elenco-ristoranti,
467,McDonald's,Sicilia,Catania,CT,Misterbianco,Burgers,EUR 1-10,3.6,337,37.51147264,15.02123247,Commercial Area,"Via Comunità Economica Europea, 37, 95045 Misterbianco CT",https://www.mcdonalds.it/elenco-ristoranti,
468,McDonald's,Sicilia,Catania,CT,San Giovanni la Punta,Burgers,EUR 10-20,3.5,89,37.56905581,15.09816993,Shopping Mall,"Via Galileo Galilei, 20, 95037 San Giovanni la Punta CT",https://www.mcdonalds.it/elenco-ristoranti,
469,McDonald's,Sicilia,Siracusa,SR,Avola,Burgers,EUR 10-20,3.6,703,36.90152265,15.11705103,Commercial Area,"SS115, 96012 Avola SR",https://www.mcdonalds.it/elenco-ristoranti,
470,McDonald's,Sicilia,Siracusa,SR,Siracusa,Burgers,EUR 1-10,4,"4,065",37.06747990,15.27275084,Commercial Area,"Via Gaetano Mario Columba, 43, 96100 Siracusa SR",https://www.mcdonalds.it/elenco-ristoranti,
471,McDonald's,Sicilia,Siracusa,SR,Siracusa,Burgers,EUR 1-10,4.5,224,37.06784409,15.26254884,Shopping Mall,"Via Necropoli del Fusco, 96100 Siracusa SR",https://www.mcdonalds.it/elenco-ristoranti,
472,McDonald's,Sicilia,Siracusa,SR,Melassi,Burgers,EUR 1-10,4,"1,914",37.11071117,15.22846587,Shopping Mall,"Parco Commerciale Belvedere, Viale Garrone, Contrada Spalla, 96010 Melilli SR",https://www.mcdonalds.it/elenco-ristoranti,
473,McDonald's,Sicilia,Siracusa,SR,Siracusa,Burgers,EUR 1-10,3.2,329,37.08958891,15.26065427,Commercial Area,"Via Professore Lino Romano, 27, 96100 Siracusa SR",https://www.mcdonalds.it/elenco-ristoranti,
474,McDonald's,Basilicata,Matera,MT,Policoro,Burgers,EUR 10-20,3.9,734,40.17768799,16.65790916,Commercial Area,"Via Nazionale, snc, 75025 Policoro MT",https://www.mcdonalds.it/elenco-ristoranti,
475,McDonald's,Basilicata,Potenza,PZ,Potenza,Burgers,EUR 10-20,3.5,"3,198",40.62707886,15.79902393,Service Area,"Viale del Basento AdS, 85100 Potenza PZ",https://www.mcdonalds.it/elenco-ristoranti,
476,McDonald's,Basilicata,Potenza,PZ,Potenza,Burgers,EUR 1-10,3.1,209,40.63815996,15.80258237,City Center,"Via Pretoria, 134, 85100 Potenza PZ",https://www.mcdonalds.it/elenco-ristoranti,
477,McDonald's,Calabria,Catanzaro,CZ,Catanzaro,Burgers,EUR 10-20,3.9,"1,236",38.88493135,16.59883273,Commercial Area,"Viale Lucrezia della Valle, 88100 Catanzaro CZ",https://www.mcdonalds.it/elenco-ristoranti,
478,McDonald's,Calabria,Catanzaro,CZ,Catanzaro,Burgers,EUR 1-10,4.2,"3,100",38.84257884,16.64742391,Commercial Area,"Viale Emilia, 88100 Catanzaro CZ",https://www.mcdonalds.it/elenco-ristoranti,
479,McDonald's,Calabria,Catanzaro,CZ,Maida,Burgers,EUR 10-20,3.8,"1,928",38.89966685,16.35058067,Shopping Mall,"SS 280 dei Due Mari, 88025 Maida CZ",https://www.mcdonalds.it/elenco-ristoranti,
480,McDonald's,Calabria,Catanzaro,CZ,Lamezia Terme,Burgers,EUR 1-10,4.1,"2,386",38.93379031,16.33119410,Commercial Area,"Via del Progresso, 532, 88046 Lamezia Terme CZ",https://www.mcdonalds.it/elenco-ristoranti,
481,McDonald's,Calabria,Catanzaro,CZ,Montepaolo,Burgers,EUR 1-10,4.1,"2,194",38.71729616,16.53179391,Commercial Area,"Via Nausica, 88060 Montepaone Lido CZ",https://www.mcdonalds.it/elenco-ristoranti,
482,McDonald's,Calabria,Vibo Valentia,VV,Vibo Valentia,Burgers,EUR 1-10,4.2,801,38.67345683,16.08706024,Commercial Area,"Viale Affaccio, 89900 Vibo Valentia VV",https://www.mcdonalds.it/elenco-ristoranti,
483,McDonald's,Calabria,Cosenza,CS,Corigliano Rossano,Burgers,EUR 1-10,4.1,"1,387",39.67256215,16.50811500,Shopping Mall,"Via, 87064 CS",https://www.mcdonalds.it/elenco-ristoranti,
484,McDonald's,Calabria,Cosenza,CS,Cosenza,Burgers,EUR 1-10,4.1,"2,005",39.30277690,16.25228090,City Center,"P.za Carlo Bilotti, 17, 87100 Cosenza CS",https://www.mcdonalds.it/elenco-ristoranti,
485,McDonald's,Calabria,Cosenza,CS,Rende,Burgers,EUR 1-10,4.3,"3,480",39.32845750,16.24110483,Commercial Area,"Via Kennedy, 87036 Roges CS",https://www.mcdonalds.it/elenco-ristoranti,
486,McDonald's,Calabria,Cosenza,CS,Rende,Burgers,EUR 1-10,4.2,"4,307",39.35358010,16.23449494,Shopping Mall,"Via G. Marconi, 87036 Rende CS",https://www.mcdonalds.it/elenco-ristoranti,
487,McDonald's,Calabria,Cosenza,CS,Montalto Uffugo,Burgers,EUR 10-20,4.3,"2,397",39.31090800,16.26390457,Commercial Area,"Via Beato Francesco Marino, snc, 87040 Malavicina CS",https://www.mcdonalds.it/elenco-ristoranti,
488,McDonald's,Calabria,Crotone,KR,Cirò Marina,Burgers,EUR 1-10,3.1,19,39.36899791,17.11406030,Commercial Area,"S.da Statale 106 Jonica, 88811 Cirò Marina KR",https://www.mcdonalds.it/elenco-ristoranti,
489,McDonald's,Calabria,Crotone,KR,Crotone,Burgers,EUR 1-10,4,177,39.07489193,17.11042649,Commercial Area,"Via Gioacchino da Fiore, 88900 Crotone KR",https://www.mcdonalds.it/elenco-ristoranti,
490,McDonald's,Calabria,Crotone,KR,Crotone,Burgers,EUR 10-20,4.1,"2,663",39.11368115,17.09160373,Commercial Area,"Rotonda Loc Passovecchio, 88900 Crotone KR",https://www.mcdonalds.it/elenco-ristoranti,
491,McDonald's,Calabria,Reggio Calabria,RC,Gioia Tauro,Burgers,EUR 10-20,3.9,"3,333",38.40761814,15.91758580,Commercial Area,"SP1, 430, 89013 Gioia Tauro RC",https://www.mcdonalds.it/elenco-ristoranti,
492,McDonald's,Calabria,Reggio Calabria,RC,Reggio Calabria,Burgers,EUR 1-10,3.8,"2,730",38.10320853,15.63768177,City Center,"Corso Giuseppe Garibaldi, 460, 89127 Reggio Calabria RC",https://www.mcdonalds.it/elenco-ristoranti,
493,McDonald's,Calabria,Reggio Calabria,RC,Reggio Calabria,Burgers,EUR 1-10,4.3,"1,975",38.06733163,15.66261031,Shopping Mall,"SS 106 Km 1, 89134 Reggio Calabria RC",https://www.mcdonalds.it/elenco-ristoranti,
494,McDonald's,Calabria,Reggio Calabria,RC,Siderno,Burgers,EUR 1-10,4.3,"2,402",38.28751766,16.31466264,Commercial Area,"S.da Statale 106 Jonica, 89048 Siderno RC",https://www.mcdonalds.it/elenco-ristoranti,
495,McDonald's,Toscana,Arezzo,AR,Arezzo,Burgers,EUR 10-20,3.9,"3,235",43.47078740,11.86548866,Commercial Area,"Via Fiorentina, 2, 52100 Arezzo AR",https://www.mcdonalds.it/elenco-ristoranti,
496,McDonald's,Toscana,Arezzo,AR,Arezzo,Burgers,EUR 10-20,3.4,65,43.46097308,11.87604501,Transport Hub,"Piazzale della Repubblica, 52100 Arezzo AR",https://www.mcdonalds.it/elenco-ristoranti,
497,McDonald's,Toscana,Arezzo,AR,Foiano della Chiana,Burgers,EUR 10-20,3.9,"3,672",43.22603454,11.79855668,Shopping Mall,"Via Enzo Ferrari, Loc.Le, 52045 Farniole AR",https://www.mcdonalds.it/elenco-ristoranti,
498,McDonald's,Toscana,Arezzo,AR,Sansepolcro,Burgers,EUR 1-10,4.2,290,43.56098576,12.11487799,Commercial Area,"Via Senese Aretina, 52037 Sansepolcro AR",https://www.mcdonalds.it/elenco-ristoranti,
499,McDonald's,Toscana,Arezzo,AR,Terranuova Bracciolini,Burgers,EUR 10-20,4.1,"1,519",43.54368816,11.57174081,Service Area,"STRADA PROVINCIALE LUNGARNO, SNC, 52028 Terranuova Bracciolini AR",https://www.mcdonalds.it/elenco-ristoranti,
500,McDonald's,Toscana,Lucca,LU,Lido di Camaiore,Burgers,EUR 10-20,3.8,"3,404",43.90674068,10.22638174,Commercial Area,"Km361+700, SS 1, 55041 Lido di Camaiore LU",https://www.mcdonalds.it/elenco-ristoranti,
501,McDonald's,Toscana,Lucca,LU,Capannori,Burgers,EUR 10-20,3.9,"2,474",43.86559390,10.57943846,Commercial Area,"Viale Europa, 56, 55013 Capannori LU",https://www.mcdonalds.it/elenco-ristoranti,
502,McDonald's,Toscana,Lucca,LU,Lucca,Burgers,EUR 10-20,3.9,"5,265",43.83119249,10.49477523,Commercial Area, ,https://www.mcdonalds.it/elenco-ristoranti,
503,McDonald's,Toscana,Lucca,LU,Marina di Pietrasanta,Burgers,EUR 10-20,3.8,"1,541",43.92894401,10.22428385,Service Area,"A12 - Area di servizio, 55045 Marina di Pietrasanta LU",https://www.mcdonalds.it/elenco-ristoranti,
504,McDonald's,Toscana,Lucca,LU,Viareggio,Burgers,EUR 10-20,4,"2,508",43.86641565,10.25868765,Commercial Area,"Via Pisana, 55049 Viareggio LU",https://www.mcdonalds.it/elenco-ristoranti,
505,McDonald's,Toscana,Firenze,FI,Reggello,Burgers,EUR 10-20,3.7,"6,265",43.65071127,11.46377449,Service Area,"Autostrada A1 Milano-Napoli, KM 331, 50066, 50066 Reggello FI",https://www.mcdonalds.it/elenco-ristoranti,
506,McDonald's,Toscana,Firenze,FI,Campi Bisenzio,Burgers,EUR 10-20,3.7,"2,169",43.84826014,11.14371830,Shopping Mall,"Via San Quirico, 165, 50013 Campi Bisenzio FI",https://www.mcdonalds.it/elenco-ristoranti,
507,McDonald's,Toscana,Firenze,FI,Empoli,Burgers,EUR 10-20,4,"1,504",43.71351771,10.91928994,Commercial Area,"Via Livornese, 182, 50053 Empoli FI",https://www.mcdonalds.it/elenco-ristoranti,
508,McDonald's,Toscana,Firenze,FI,Firenze,Burgers,EUR 1-10,3.9,"2,842",43.74664202,11.28686364,Commercial Area,"Via Giovanni Agnelli, 11/1, 50125 Firenze FI",https://www.mcdonalds.it/elenco-ristoranti,
509,McDonald's,Toscana,Firenze,FI,Firenze,Burgers,EUR 1-10,3.7,"2,638",43.79176502,11.21860628,Commercial Area,"Via Francesco Baracca, 114, 50127 Firenze FI",https://www.mcdonalds.it/elenco-ristoranti,
510,McDonald's,Toscana,Firenze,FI,Campi Bisenzio,Burgers,EUR 10-20,3.6,"1,289",43.81786049,11.12209876,Commercial Area,"Via Barberinese, 157/a, 50013 Campi Bisenzio FI",https://www.mcdonalds.it/elenco-ristoranti,
511,McDonald's,Toscana,Firenze,FI,Firenze,Burgers,EUR 1-10,3.2,"4,226",43.77674595,11.25714434,City Center,"Via Camillo Cavour, 61r, 50129 Firenze FI",https://www.mcdonalds.it/elenco-ristoranti,
512,McDonald's,Toscana,Firenze,FI,Firenze,Burgers,EUR 1-10,3.4,"7,659",43.77629641,11.24976597,Transport Hub,"Piazza della Stazione, 25/37 r, 50123 Firenze FI",https://www.mcdonalds.it/elenco-ristoranti,
513,McDonald's,Toscana,Firenze,FI,Firenze,Burgers,EUR 10-20,3.1,"11,326",43.77706611,11.24838393,Transport Hub,"Piazza della Stazione, 1, 50123 Firenze FI",https://www.mcdonalds.it/elenco-ristoranti,
514,McDonald's,Toscana,Firenze,FI,Firenze,Burgers,EUR 10-20,3.9,"3,184",43.76586707,11.20638605,Commercial Area,"Viale Pietro Nenni, 16/3, 50143 Firenze FI",https://www.mcdonalds.it/elenco-ristoranti,
515,McDonald's,Toscana,Firenze,FI,Sesto Fiorentino,Burgers,EUR 10-20,3.8,"3,750",43.80292343,11.18416744,Commercial Area,"Via del Ponte di Quaracchi, 34/36, 50145 Sesto Fiorentino FI",https://www.mcdonalds.it/elenco-ristoranti,
516,McDonald's,Toscana,Firenze,FI,Firenze,Burgers,EUR 10-20,4,"2,400",43.74948735,11.23464252,Commercial Area,"Via Senese, 172, 50124 Firenze FI",https://www.mcdonalds.it/elenco-ristoranti,
517,McDonald's,Toscana,Firenze,FI,Barberino di Mugello,Burgers,EUR 10-20,3.6,"2,862",43.98032191,11.21867977,Commercial Area,"Via del Lago, 11, 50031 Barberino di Mugello FI",https://www.mcdonalds.it/elenco-ristoranti,
518,McDonald's,Toscana,Firenze,FI,Barberino Val D'elsa,Burgers,EUR 1-10,3.9,"1,155",43.47719428,11.12930555,Commercial Area,"Via Lame di Sotto, 50028 Barberino Val D'elsa FI",https://www.mcdonalds.it/elenco-ristoranti,
519,McDonald's,Toscana,Grosseto,GR,Grosseto,Burgers,EUR 10-20,3.6,"3,671",42.77366873,11.12097203,Commercial Area,"Via Senese, 162, 58100 Grosseto GR",https://www.mcdonalds.it/elenco-ristoranti,
520,McDonald's,Toscana,Livorno,LI,Cecina,Burgers,EUR 10-20,3.7,"4,192",43.31381814,10.52622210,Commercial Area,"Via C. Carrà, 2, 57023 Cecina LI",https://www.mcdonalds.it/elenco-ristoranti,
521,McDonald's,Toscana,Livorno,LI,Collesalvetti,Burgers,EUR 10-20,3.7,"2,623",43.58914359,10.34635433,Service Area,"Via Aurelia Km, 320+748, 57017 Stagno, Collesalvetti LI",https://www.mcdonalds.it/elenco-ristoranti,
522,McDonald's,Toscana,Livorno,LI,Livorno,Burgers,EUR 10-20,3.5,"2,995",43.53283204,10.32740381,Shopping Mall,"Via Lidia Poet, 57124 Livorno LI",https://www.mcdonalds.it/elenco-ristoranti,
523,McDonald's,Toscana,Livorno,LI,Livorno,Burgers,EUR 10-20,3.6,279,43.54417979,10.30195902,Shopping Mall,"Via Edda Fagni, 57123 Livorno LI",https://www.mcdonalds.it/elenco-ristoranti,
524,McDonald's,Toscana,Livorno,LI,Piombino,Burgers,EUR 10-20,4,"3,528",42.93415945,10.52741225,Commercial Area,"Viale Unità d'Italia, 33, 57025 Piombino LI",https://www.mcdonalds.it/elenco-ristoranti,
525,McDonald's,Toscana,Massa-Carrara,MS,Aulla,Burgers,NaN,4,11,44.21696397,9.96680538,Commercial Area,"Viale Lunigiana, 54011 Aulla MS",https://www.mcdonalds.it/elenco-ristoranti,
526,McDonald's,Toscana,Massa-Carrara,MS,Carrara,Burgers,EUR 10-20,3.9,300,44.05251838,10.07038757,Commercial Area,"SS 1, 32C, 54033 Carrara MS",https://www.mcdonalds.it/elenco-ristoranti,
527,McDonald's,Toscana,Massa-Carrara,MS,Massa,Burgers,EUR 10-20,3.7,"3,859",44.04060832,10.12611050,Commercial Area,"Via Aurelia Ovest, 92, 54100 Massa MS",https://www.mcdonalds.it/elenco-ristoranti,
528,McDonald's,Toscana,Prato,PO,Montemurlo,Burgers,EUR 10-20,4.1,"1,961",43.91260651,11.06081592,Commercial Area,"Via Giuseppe Di Vittorio, 2/4, 59013 Montemurlo PO",https://www.mcdonalds.it/elenco-ristoranti,
529,McDonald's,Toscana,Prato,PO,Prato,Burgers,EUR 10-20,3.7,"4,531",43.85865294,11.10944564,Commercial Area,"Viale Leonardo Da Vinci, 107, 59100 Prato PO",https://www.mcdonalds.it/elenco-ristoranti,
530,McDonald's,Toscana,Pistoia,PT,Montecatini-Terme,Burgers,EUR 10-20,3.8,"3,082",43.86127466,10.76807664,Commercial Area,"Via Camporcioni, 31, 51016 Montecatini-Terme PT",https://www.mcdonalds.it/elenco-ristoranti,
531,McDonald's,Toscana,Pistoia,PT,Pistoia,Burgers,EUR 10-20,3.9,"3,733",43.92164958,10.91987999,Commercial Area,"Via Francesco Guicciardini, 2/B, 51100 Pistoia PT",https://www.mcdonalds.it/elenco-ristoranti,
532,McDonald's,Toscana,Siena,SI,Siena,Burgers,EUR 10-20,3.9,"3,917",43.34222517,11.30651961,Commercial Area,"Via Fiorentina, 122, 53100 Siena SI",https://www.mcdonalds.it/elenco-ristoranti,
533,McDonald's,Toscana,Siena,SI,Siena,Burgers,EUR 10-20,3.9,504,43.32181703,11.34869152,Commercial Area,"Via Guccio di Mannaia, 53100 Siena SI",https://www.mcdonalds.it/elenco-ristoranti,
534,McDonald's,Toscana,Pisa,PI,Fornacette,Burgers,EUR 10-20,4,"3,184",43.66838792,10.59644033,Commercial Area,"Via Mazzei, 2, 56012 Fornacette PI",https://www.mcdonalds.it/elenco-ristoranti,
535,McDonald's,Toscana,Pisa,PI,Navacchio,Burgers,EUR 10-20,4,"3,474",43.68015950,10.47836541,Shopping Mall,"Via Oristano, 56023 Navacchio PI",https://www.mcdonalds.it/elenco-ristoranti,
536,McDonald's,Toscana,Pisa,PI,Pisa,Burgers,EUR 10-20,2.6,239,43.69861574,10.40023134,Transport Hub,"Piazzale D'Ascanio, 1, 56121 Pisa PI",https://www.mcdonalds.it/elenco-ristoranti,
537,McDonald's,Toscana,Pisa,PI,Pisa,Burgers,EUR 10-20,4,"3,558",43.69575667,10.38260416,Commercial Area,"Via di Gargalone, 56121 Pisa PI",https://www.mcdonalds.it/elenco-ristoranti,
538,McDonald's,Toscana,Pisa,PI,Pisa,Burgers,EUR 10-20,3.6,"4,261",43.72309625,10.39267230,City Center,"P.za Daniele Manin, 1, 56122 Pisa PI",https://www.mcdonalds.it/elenco-ristoranti,
539,McDonald's,Toscana,Pisa,PI,Pisa,Burgers,EUR 1-10,3.1,"1,259",43.70861727,10.39792768,Transport Hub,"Piazza della Stazione, 12, 56125 Pisa PI",https://www.mcdonalds.it/elenco-ristoranti,
540,McDonald's,Toscana,Pisa,PI,San Giuliano Terme,Burgers,EUR 10-20,3.9,"3,111",43.74469128,10.36998518,Commercial Area,"Via Aurelia, 56017 San Giuliano Terme PI",https://www.mcdonalds.it/elenco-ristoranti,
541,McDonald's,Toscana,Pisa,PI,Pontedera,Burgers,EUR 10-20,3.6,135,43.64240258,10.61724179,Service Area,"SGC, 56025 Pontedera PI",https://www.mcdonalds.it/elenco-ristoranti,
542,McDonald's,Emilia-Romagna,Bologna,BO,Bologna,Burgers,EUR 1-10,3.8,"2,773",44.51616286,11.39609217,Shopping Mall,"Viale Tito Carnacini, 6, 40127 Bologna BO",https://www.mcdonalds.it/elenco-ristoranti,
543,McDonald's,Emilia-Romagna,Bologna,BO,Bologna,Burgers,EUR 1-10,3.5,"4,903",44.49502054,11.34248666,City Center,"Via dell'Indipendenza, 2, 40121 Bologna BO",https://www.mcdonalds.it/elenco-ristoranti,
544,McDonald's,Emilia-Romagna,Bologna,BO,Bologna,Burgers,EUR 10-20,3.6,"3,192",44.47326692,11.40013270,Commercial Area,"Via Giuseppe Dozza, 33, 40139 Bologna BO",https://www.mcdonalds.it/elenco-ristoranti,
545,McDonald's,Emilia-Romagna,Bologna,BO,Bologna,Burgers,EUR 10-20,3.9,"4,281",44.51927060,11.36208006,Commercial Area,"V. Stalingrado, 71, 40128 Bologna BO",https://www.mcdonalds.it/elenco-ristoranti,
546,McDonald's,Emilia-Romagna,Bologna,BO,Bologna,Burgers,EUR 1-10,3.6,"5,137",44.50881715,11.28081328,Commercial Area,"Viale Palmiro Togliatti, 11, 40133 Bologna BO",https://www.mcdonalds.it/elenco-ristoranti,
547,McDonald's,Emilia-Romagna,Bologna,BO,Bologna,Burgers,EUR 10-20,3.9,"2,476",44.49625165,11.39325353,Shopping Mall,"Via Larga, 17, 40138 Bologna BO",https://www.mcdonalds.it/elenco-ristoranti,
548,McDonald's,Emilia-Romagna,Bologna,BO,Bologna,Burgers,EUR 10-20,3.7,"4,737",44.49979557,11.34481785,City Center,"Piazza dell'Otto Agosto, 31, 40126 Bologna BO",https://www.mcdonalds.it/elenco-ristoranti,
549,McDonald's,Emilia-Romagna,Bologna,BO,Casalecchio di Reno,Burgers,EUR 10-20,3.9,"1,449",44.48713512,11.24539187,Shopping Mall,"Via Antonio de Curtis, 9/4, 40033 Casalecchio di Reno BO",https://www.mcdonalds.it/elenco-ristoranti,
550,McDonald's,Emilia-Romagna,Bologna,BO,Casalecchio di Reno,Burgers,EUR 10-20,3.9,"3,004",44.46832034,11.27004087,Shopping Mall,"Via Porrettana, 502, 40033 Casalecchio di Reno BO",https://www.mcdonalds.it/elenco-ristoranti,
551,McDonald's,Emilia-Romagna,Bologna,BO,Casalecchio di Reno,Burgers,EUR 1-10,3.7,"1,028",44.48822581,11.24812123,Shopping Mall,"Via Marilyn Monroe, 2, 40033 Casalecchio di Reno BO",https://www.mcdonalds.it/elenco-ristoranti,
552,McDonald's,Emilia-Romagna,Bologna,BO,Castel Maggiore,Burgers,EUR 10-20,4,"2,623",44.56865174,11.35986000,Shopping Mall,"Via Galliera, 24, 40013 Castel Maggiore BO",https://www.mcdonalds.it/elenco-ristoranti,
553,McDonald's,Emilia-Romagna,Bologna,BO,Castel San Pietro Terme,Burgers,EUR 10-20,3.5,448,44.40394949,11.58473527,Shopping Mall,"Via Emilia Ponente, 210, 40024 Castel San Pietro Terme BO",https://www.mcdonalds.it/elenco-ristoranti,
554,McDonald's,Emilia-Romagna,Bologna,BO,Imola,Burgers,EUR 10-20,3.8,431,44.37390601,11.73407764,Commercial Area,"Via Provinciale Selice, 43A, 40026 Imola BO",https://www.mcdonalds.it/elenco-ristoranti,
555,McDonald's,Emilia-Romagna,Bologna,BO,Zola Predosa,Burgers,EUR 10-20,3.5,"8,350",44.51961713,11.21426842,Service Area,"La Pioppa Est-A14 km 741, 40069 Zola Predosa BO",https://www.mcdonalds.it/elenco-ristoranti,
556,McDonald's,Emilia-Romagna,Bologna,BO,Zola Predosa,Burgers,EUR 10-20,3.5,"2,717",44.51850791,11.21490143,Service Area,"A14, 40069 Zola Predosa BO",https://www.mcdonalds.it/elenco-ristoranti,
557,McDonald's,Emilia-Romagna,Ferrara,FE,Argenta,Burgers,EUR 10-20,4.4,245,44.60346700,11.84236317,Commercial Area,"Via Celletta, 104, 44011 Argenta FE",https://www.mcdonalds.it/elenco-ristoranti,
558,McDonald's,Emilia-Romagna,Ferrara,FE,Cento,Burgers,EUR 1-10,3.5,"2,416",44.74911464,11.30214818,Shopping Mall,"Via Matteo Loves, 1, 44042 Cento FE",https://www.mcdonalds.it/elenco-ristoranti,
559,McDonald's,Emilia-Romagna,Ferrara,FE,Ferrara,Burgers,EUR 10-20,3.9,"3,170",44.84608610,11.59793107,Commercial Area,"Via Modena, 17/4, 44122 Ferrara FE",https://www.mcdonalds.it/elenco-ristoranti,
560,McDonald's,Emilia-Romagna,Ferrara,FE,Ferrara,Burgers,EUR 10-20,4,"3,378",44.81523523,11.59827656,Commercial Area,"Via Bologna, 306, 44124 Ferrara FE",https://www.mcdonalds.it/elenco-ristoranti,
561,McDonald's,Emilia-Romagna,Ferrara,FE,Ferrara,Burgers,EUR 1-10,3.7,"2,687",44.83525022,11.61949846,City Center,"Piazza Trento - Trieste, 6, 44121 Ferrara FE",https://www.mcdonalds.it/elenco-ristoranti,
562,McDonald's,Emilia-Romagna,Ferrara,FE,Comacchiesi,Burgers,EUR 10-20,3.9,"5,140",44.69050393,12.22261971,Commercial Area,"Strada Statale 309 Romea, 3a, 44022 Comacchio FE",https://www.mcdonalds.it/elenco-ristoranti,
563,McDonald's,Emilia-Romagna,Forlì-Cesena,FC,Cesena,Burgers,EUR 10-20,3.8,"2,526",44.14579001,12.21786861,Commercial Area,"Via Emilia Ponente, 864, 47522 Cesena FC",https://www.mcdonalds.it/elenco-ristoranti,
564,McDonald's,Emilia-Romagna,Forlì-Cesena,FC,Cesena,Burgers,EUR 10-20,3.7,"3,072",44.16923606,12.28262611,Commercial Area,"Via Cervese, 3622, 47521 Cesena FC",https://www.mcdonalds.it/elenco-ristoranti,
565,McDonald's,Emilia-Romagna,Forlì-Cesena,FC,Forlì,Burgers,EUR 10-20,3.8,"3,025",44.22929237,12.02323089,Commercial Area,"Viale Bologna, 74, 47122 Forlì FC",https://www.mcdonalds.it/elenco-ristoranti,
566,McDonald's,Emilia-Romagna,Forlì-Cesena,FC,Forlì,Burgers,EUR 10-20,3.9,"1,344",44.24343820,12.08115997,Shopping Mall,"Piazzale della Cooperazione, 2, 47122 Forlì FC",https://www.mcdonalds.it/elenco-ristoranti,
567,McDonald's,Emilia-Romagna,Forlì-Cesena,FC,Forlì,Burgers,EUR 10-20,3.9,826,44.24828505,12.08882333,Shopping Mall,"Via Argentina Altobelli, 47122 Forlì FC",https://www.mcdonalds.it/elenco-ristoranti,
568,McDonald's,Emilia-Romagna,Forlì-Cesena,FC,Località Quattro Laghi,Burgers,EUR 10-20,3.2,79,44.19413273,12.10498575,Commercial Area,"Via Emilia per Forlí, 1498, 47034 Località Quattro Laghi FC",https://www.mcdonalds.it/elenco-ristoranti,
569,McDonald's,Emilia-Romagna,Forlì-Cesena,FC,Savignano sul Rubicone,Burgers,EUR 10-20,3.7,"3,764",44.15683841,12.43264456,Shopping Mall,"Via Giovanni da Verazzano, 4, 47039 Savignano sul Rubicone FC",https://www.mcdonalds.it/elenco-ristoranti,
570,McDonald's,Emilia-Romagna,Modena,MO,Capri,Burgers,EUR 1-10,3.6,"3,674",44.77610940,10.86183907,Commercial Area,"Via delle Magliaie, 55, 41012 Carpi MO",https://www.mcdonalds.it/elenco-ristoranti,
571,McDonald's,Emilia-Romagna,Modena,MO,Formigine,Burgers,EUR 10-20,3.7,988,44.59856204,10.86205857,Commercial Area,"Via Giardini Nord, 531, 41043 Formigine MO",https://www.mcdonalds.it/elenco-ristoranti,
572,McDonald's,Emilia-Romagna,Modena,MO,Castelfranco Emilia,Burgers,EUR 10-20,3.9,"1,160",44.60352536,11.02703323,Commercial Area,"Via I Carracci, 3, 41013 Castelfranco Emilia MO",https://www.mcdonalds.it/elenco-ristoranti,
573,McDonald's,Emilia-Romagna,Modena,MO,Mirandola,Burgers,EUR 1-10,3.7,"2,458",44.89095180,11.05083527,Commercial Area,"Via G. Agnini, 69, 41037 Mirandola MO",https://www.mcdonalds.it/elenco-ristoranti,
574,McDonald's,Emilia-Romagna,Modena,MO,Modena,Burgers,EUR 1-10,3.6,"1,611",44.64775768,10.85292577,Shopping Mall,"Via Emilia Ovest, 1480, 41123 Modena MO",https://www.mcdonalds.it/elenco-ristoranti,
575,McDonald's,Emilia-Romagna,Modena,MO,Modena,Burgers,EUR 10-20,3.8,"3,202",44.63875911,10.94514261,Commercial Area,"Via Emilia Est, 519, 41121 Modena MO",https://www.mcdonalds.it/elenco-ristoranti,
576,McDonald's,Emilia-Romagna,Modena,MO,Modena,Burgers,EUR 10-20,3.6,"3,567",44.65449248,10.90632092,Commercial Area,"Via Emilia Ovest, 407, 41100 Modena MO",https://www.mcdonalds.it/elenco-ristoranti,
577,McDonald's,Emilia-Romagna,Modena,MO,Modena,Burgers,EUR 1-10,3.1,705,44.65428864,10.93092430,Transport Hub,"Piazza Dante Alighieri, 41121 Modena MO",https://www.mcdonalds.it/elenco-ristoranti,
578,McDonald's,Emilia-Romagna,Modena,MO,Pavullo nel Frignano,Burgers,EUR 10-20,4.2,264,44.32400412,10.83875543,Commercial Area,"Via Gianluigi Plati, 4, 41026 Pavullo nel Frignano MO",https://www.mcdonalds.it/elenco-ristoranti,
579,McDonald's,Emilia-Romagna,Modena,MO,Sassuolo,Burgers,EUR 10-20,3.4,"3,681",44.55684322,10.79862475,Commercial Area,"V. Radici in Piano, 421, 41049 Sassuolo MO",https://www.mcdonalds.it/elenco-ristoranti,
580,McDonald's,Emilia-Romagna,Modena,MO,Vignola,Burgers,EUR 10-20,3.8,"3,096",44.49925865,11.01983619,Commercial Area,"Via per Spilamberto, 1662, 41058 Vignola MO",https://www.mcdonalds.it/elenco-ristoranti,
581,McDonald's,Emilia-Romagna,Parma,PR,Fidenza,Burgers,EUR 1-10,3.8,"2,908",44.88180951,10.08989753,Shopping Mall,"Shopping Park, Via Sorelle Fontana, 770, 43036 Fidenza PR",https://www.mcdonalds.it/elenco-ristoranti,
582,McDonald's,Emilia-Romagna,Parma,PR,Parma,Burgers,EUR 10-20,3.7,"3,856",44.80941495,10.29036450,Commercial Area,"Via Emilia Ovest, 101A, 43100 Parma PR",https://www.mcdonalds.it/elenco-ristoranti,
583,McDonald's,Emilia-Romagna,Parma,PR,Parma,Burgers,EUR 1-10,3.7,"3,503",44.78483189,10.38140181,Commercial Area,"Via Emilio Lepido, 70/A, 43123 Parma PR",https://www.mcdonalds.it/elenco-ristoranti,
584,McDonald's,Emilia-Romagna,Parma,PR,Parma,Burgers,EUR 10-20,3.4,"3,772",44.82056932,10.33464981,Shopping Mall,"Via Mansueto Rodolfi, 4/a, 43122 Parma PR",https://www.mcdonalds.it/elenco-ristoranti,
585,McDonald's,Emilia-Romagna,Parma,PR,Salsomaggiore Terme,Burgers,EUR 1-10,3.8,649,44.81725781,9.99398261,Commercial Area,"Via Vittorio Rossi, 43039 Salsomaggiore Terme PR",https://www.mcdonalds.it/elenco-ristoranti,
586,McDonald's,Emilia-Romagna,Parma,PR,Salsomaggiore Terme,Burgers,EUR 10-20,3.7,"3,856",44.80918991,10.29032962,Commercial Area,"Via Emilia Ovest, 101A, 43100 Parma PR",https://www.mcdonalds.it/elenco-ristoranti,
587,McDonald's,Emilia-Romagna,Parma,PR,Sorbolo,Burgers,EUR 10-20,3.6,292,44.84018800,10.43622050,Commercial Area,"Largo Alberazza, 2, 43058 Sorbolo PR",https://www.mcdonalds.it/elenco-ristoranti,
588,McDonald's,Emilia-Romagna,Piacenza,PC,Castel San Giovanni,Burgers,EUR 10-20,3.9,425,45.05648978,9.44809376,Commercial Area,"Via Emilia Piacentina, 29015 Castel San Giovanni PC",https://www.mcdonalds.it/elenco-ristoranti,
589,McDonald's,Emilia-Romagna,Piacenza,PC,Fiorenzuola d'Arda,Burgers,EUR 10-20,3.6,330,44.93706449,9.89807006,Commercial Area,"Via Europa, 24, 29017 Fiorenzuola d'Arda PC",https://www.mcdonalds.it/elenco-ristoranti,
590,McDonald's,Emilia-Romagna,Piacenza,PC,Piacenza,Burgers,EUR 10-20,3.9,"3,130",45.05448855,9.65607359,Commercial Area,"Via Emilia Pavese, 29121 Piacenza PC",https://www.mcdonalds.it/elenco-ristoranti,
591,McDonald's,Emilia-Romagna,Piacenza,PC,Piacenza,Burgers,EUR 10-20,3.9,"1,851",45.03240968,9.73369790,Shopping Mall,"Via Stradiotti, 1, 29122 Piacenza PC",https://www.mcdonalds.it/elenco-ristoranti,
592,McDonald's,Emilia-Romagna,Piacenza,PC,Piacenza,Burgers,EUR 1-10,3.6,"1,345",45.05130976,9.70597166,Transport Hub,"Piazzale Guglielmo Marconi, 29121 Piacenza PC",https://www.mcdonalds.it/elenco-ristoranti,
593,McDonald's,Emilia-Romagna,Rimini,RN,Cattolica,Burgers,EUR 10-20,3.5,"1,202",43.95316404,12.73062846,Commercial Area,"SS16, 47841 Cattolica RN",https://www.mcdonalds.it/elenco-ristoranti,
594,McDonald's,Emilia-Romagna,Rimini,RN,Riccione,Burgers,EUR 10-20,4.1,217,44.00552553,12.63333052,Commercial Area,"Via Flaminia, 51, 47838 Riccione RN",https://www.mcdonalds.it/elenco-ristoranti,
595,McDonald's,Emilia-Romagna,Rimini,RN,Rimini,Burgers,EUR 10-20,3.8,"4,186",44.03868546,12.59378124,Shopping Mall,"Via Flaminia, 275, 47924 Rimini RN",https://www.mcdonalds.it/elenco-ristoranti,
596,McDonald's,Emilia-Romagna,Rimini,RN,Rimini,Burgers,EUR 10-20,3.8,"2,844",44.04060936,12.58677301,Shopping Mall,"Via Caduti di Nassiriya, 20, 47924 Rimini RN",https://www.mcdonalds.it/elenco-ristoranti,
597,McDonald's,Emilia-Romagna,Rimini,RN,Viserbella,Burgers,EUR 10-20,3.6,"3,120",44.08962209,12.51414919,Commercial Area,"Via Popilia, 237, 47922 Viserbella RN",https://www.mcdonalds.it/elenco-ristoranti,
598,McDonald's,Emilia-Romagna,Reggio Emilia,RE,Correggio,Burgers,EUR 1-10,3.7,760,44.76311822,10.79235140,Commercial Area,"Viale Vecchia Ferrovia, 28, 42015 Correggio RE",https://www.mcdonalds.it/elenco-ristoranti,
599,McDonald's,Emilia-Romagna,Reggio Emilia,RE,Montecchio Emilia,Burgers,EUR 10-20,3.5,96,44.69746669,10.46994157,Commercial Area,"Via Albert Einstein, 26, 42027 Montecchio Emilia RE",https://www.mcdonalds.it/elenco-ristoranti,
600,McDonald's,Emilia-Romagna,Reggio Emilia,RE,Reggio nell'Emilia,Burgers,EUR 10-20,3.8,"2,143",44.66665125,10.59815846,Commercial Area,"Via David Ricardo, 7, 42123 Reggio nell'Emilia RE",https://www.mcdonalds.it/elenco-ristoranti,
601,McDonald's,Emilia-Romagna,Reggio Emilia,RE,Reggio Emilia,Burgers,EUR 1-10,3.8,"4,301",44.71128945,10.61731153,Commercial Area,"Via Nicolò Copernico, 30a, 42124 Reggio Emilia RE",https://www.mcdonalds.it/elenco-ristoranti,
602,McDonald's,Emilia-Romagna,Reggio Emilia,RE,Reggio nell'Emilia,Burgers,EUR 10-20,3.4,"2,284",44.69285954,10.64655892,Commercial Area,"Via Emilia All'Ospizio, 45, 42122 Reggio nell'Emilia RE",https://www.mcdonalds.it/elenco-ristoranti,
603,McDonald's,Emilia-Romagna,Ravenna,RA,Faenza,Burgers,EUR 10-20,3.6,"2,773",44.30476594,11.89578926,Shopping Mall,"Via Vietri Sul Mare, 4, 48018 Faenza RA",https://www.mcdonalds.it/elenco-ristoranti,
604,McDonald's,Emilia-Romagna,Ravenna,RA,Lugo,Burgers,EUR 10-20,3.9,"2,103",44.42832562,11.91114732,Commercial Area,"Via Piratello, 64, 48022 Lugo RA",https://www.mcdonalds.it/elenco-ristoranti,
605,McDonald's,Emilia-Romagna,Ravenna,RA,Cervia,Burgers,EUR 10-20,4,623,44.22165820,12.37292320,Commercial Area,"Via Romea Sud, 189, 48015 Cervia RA",https://www.mcdonalds.it/elenco-ristoranti,
606,McDonald's,Emilia-Romagna,Ravenna,RA,Ravenna,Burgers,EUR 1-10,4,"1,487",44.33299246,12.26922740,Commercial Area,"Strada Statale 16 Adriatica, Km 162, 48125 Ravenna RA",https://www.mcdonalds.it/elenco-ristoranti,
607,McDonald's,Emilia-Romagna,Ravenna,RA,Ravenna,Burgers,EUR 10-20,3.9,"3,121",44.39608704,12.18052130,Shopping Mall,"ang. M. Bussato 48, Via Classicana, 408, 48100 Ravenna RA",https://www.mcdonalds.it/elenco-ristoranti,
608,McDonald's,Emilia-Romagna,Ravenna,RA,Ravenna,Burgers,EUR 10-20,3.4,"2,514",44.33574491,12.26304836,Commercial Area,"SS16 Km 162, 48125 Ravenna RA",https://www.mcdonalds.it/elenco-ristoranti,
609,McDonald's,Emilia-Romagna,Ravenna,RA,Ravenna,Burgers,EUR 1-10,2.9,312,44.41888876,12.20818694,Transport Hub,"Piazza Luigi Carlo Farini, 16, 48121 Ravenna RA",https://www.mcdonalds.it/elenco-ristoranti,
610,McDonald's,Emilia-Romagna,Ravenna,RA,Ravenna,Burgers,EUR 10-20,4,"3,335",44.42598001,12.23020699,Shopping Mall,"Via Manlio Travaglini, 28, 48122 Ravenna RA",https://www.mcdonalds.it/elenco-ristoranti,
611,McDonald's,Molise,Campobasso,CB,Campobasso,Burgers,EUR 1-10,4,"2,731",41.57628775,14.67476937,Commercial Area,"Via Colle delle Api, 42/D, 86100 Campobasso CB",https://www.mcdonalds.it/elenco-ristoranti,
612,McDonald's,Molise,Isernia,IS,Isernia,Burgers,EUR 1-10,3.9,649,41.59790967,14.25034629,Commercial Area,"SS17, 86170 Isernia IS",https://www.mcdonalds.it/elenco-ristoranti,
613,McDonald's,Molise,Isernia,IS,Venafro,Burgers,EUR 10-20,4.2,34,41.46543472,14.05603483,Commercial Area,"SS 85 Venafrana, 18, 86079 Zona Industriale IS",https://www.mcdonalds.it/elenco-ristoranti,
614,McDonald's,Campania,Avellino,AV,Avellino,Burgers,EUR 1-10,3.9,453,40.91584122,14.78036864,Transport Hub,"Via Francesco Fariello, 83100 Avellino AV",https://www.mcdonalds.it/elenco-ristoranti,
615,McDonald's,Campania,Avellino,AV,Località Macera,Burgers,EUR 10-20,3.9,"2,920",40.91145303,14.74869747,Shopping Mall,"Via Nicola Santangelo, 175, 83013 Località Macera AV",https://www.mcdonalds.it/elenco-ristoranti,
616,McDonald's,Campania,Benevento,BN,Benevento,Burgers,EUR 1-10,4.2,270,41.11664660,14.77779374,Commercial Area,"Via Saverio Casselli, 82100 Benevento BN",https://www.mcdonalds.it/elenco-ristoranti,
617,McDonald's,Campania,Benevento,BN,Benevento,Burgers,EUR 1-10,4,"2,102",41.12680359,14.79647489,Commercial Area,"Via Mario Vetrone, 6, 82100 Benevento BN",https://www.mcdonalds.it/elenco-ristoranti,
618,McDonald's,Campania,Caserta,CE,Caianello,Burgers,EUR 10-20,3.7,884,41.30629762,14.09656076,Service Area,"Via Ceraselle, 81059 Caianello CE",https://www.mcdonalds.it/elenco-ristoranti,
619,McDonald's,Campania,Caserta,CE,Capodrise,Burgers,EUR 10-20,3.6,562,41.04327968,14.31908566,Shopping Mall,"Via Retella, 81020 Capodrise CE",https://www.mcdonalds.it/elenco-ristoranti,
620,McDonald's,Campania,Caserta,CE,Capua,Burgers,EUR 10-20,3.2,121,41.11689517,14.20162337,Commercial Area,"Via Fuori Porta Roma, 81043 Capua CE",https://www.mcdonalds.it/elenco-ristoranti,
621,McDonald's,Campania,Caserta,CE,Carinaro,Burgers,EUR 10-20,3.7,257,40.98140960,14.22324814,Shopping Mall,"Via S. Salvatore, 81032 Carinaro CE",https://www.mcdonalds.it/elenco-ristoranti,
622,McDonald's,Campania,Caserta,CE,Caserta,Burgers,EUR 1-10,3.7,"1,063",41.07761066,14.34989831,Commercial Area,"Via Sant'Augusto, 81100 Caserta CE",https://www.mcdonalds.it/elenco-ristoranti,
623,McDonald's,Campania,Caserta,CE,Frignano,Burgers,EUR 10-20,3.7,261,41.00017849,14.18717064,Commercial Area,"Via Massimo Troisi (Crossroads with, Corso Italia, Frignano",https://www.mcdonalds.it/elenco-ristoranti,
624,McDonald's,Campania,Caserta,CE,Maddaloni,Burgers,EUR 1-10,4,"2,945",41.02473909,14.37297890,Commercial Area,"Via Forche Caudine, 81024 Maddaloni CE",https://www.mcdonalds.it/elenco-ristoranti,
625,McDonald's,Campania,Caserta,CE,Marcianise,Burgers,EUR 1-10,3.9,"4,572",41.00373028,14.32899621,Shopping Mall,"Centro Commerciale Campania, Località Aurno, 87, 81025 Marcianise CE",https://www.mcdonalds.it/elenco-ristoranti,
626,McDonald's,Campania,Caserta,CE,Marcianise,Burgers,EUR 10-20,4,839,41.01902655,14.32648407,Shopping Mall,"SS Sannitica, 81025 Zona Industriale Marcianise Nord CE",https://www.mcdonalds.it/elenco-ristoranti,
627,McDonald's,Campania,Caserta,CE,San Prisco,Burgers,EUR 10-20,3.7,"2,863",41.08103107,14.27182187,Commercial Area,"SS7, 60, 81054 San Prisco CE",https://www.mcdonalds.it/elenco-ristoranti,
628,McDonald's,Campania,Caserta,CE,Nola,Burgers,EUR 1-10,3.9,"2,075",40.94945034,14.48721873,Shopping Mall,"Via Boscofangone, snc, 80035 Nola NA",https://www.mcdonalds.it/elenco-ristoranti,
629,McDonald's,Campania,Caserta,CE,Trentola,Burgers,EUR 10-20,3.8,"2,577",40.96800202,14.17324449,Shopping Mall,"81038 Trentola-Ducenta, Province of Caserta",https://www.mcdonalds.it/elenco-ristoranti,
630,McDonald's,Campania,Salerno,SA,Salerno,Burgers,EUR 1-10,3.4,"1,212",40.60320715,14.97440879,Commercial Area,"SS 18 Tirrena Inferiore, 84091 Salerno SA",https://www.mcdonalds.it/elenco-ristoranti,
631,McDonald's,Campania,Salerno,SA,Eboli,Burgers,EUR 1-10,3.7,"3,719",40.55961734,14.99050467,Shopping Mall,"SS 18 Tirrena Inferiore, 84020 Eboli SA",https://www.mcdonalds.it/elenco-ristoranti,
632,McDonald's,Campania,Salerno,SA,Fisciano,Burgers,EUR 1-10,3.9,"1,930",40.75786088,14.78986329,Commercial Area,"Via Fratelli Napoli, 97 C, 84084 Fisciano SA",https://www.mcdonalds.it/elenco-ristoranti,
633,McDonald's,Campania,Salerno,SA,Nocera Superiore,Burgers,EUR 10-20,3.8,"3,076",40.72976949,14.68913253,Commercial Area,"Via Nazionale, 62, 84015 Nocera Superiore SA",https://www.mcdonalds.it/elenco-ristoranti,
634,McDonald's,Campania,Salerno,SA,Pagani,Burgers,EUR 1-10,3,74,40.74782638,14.60040720,Commercial Area,"Via Alcide de Gasperi, 84016 Pagani SA",https://www.mcdonalds.it/elenco-ristoranti,
635,McDonald's,Campania,Salerno,SA,Pontecagnano Faiano,Burgers,EUR 1-10,3.8,"2,097",40.63603131,14.90727718,Shopping Mall,"Via Antonio Pacinotti, 33, 84098 Pontecagnano Faiano SA",https://www.mcdonalds.it/elenco-ristoranti,
636,McDonald's,Campania,Salerno,SA,Sala Consilina,Burgers,EUR 10-20,4.1,505,40.36735445,15.61358087,Commercial Area,"Via Fontanelle, 84036 Sala Consilina SA",https://www.mcdonalds.it/elenco-ristoranti,
637,McDonald's,Campania,Salerno,SA,Salerno,Burgers,EUR 10-20,3.6,"3,324",40.65937080,14.79987752,Residential Area,"Via Trento, 132, 84129 Salerno SA",https://www.mcdonalds.it/elenco-ristoranti,
638,McDonald's,Campania,Salerno,SA,Salerno,Burgers,EUR 1-10,3.5,122,40.64823462,14.86160393,Commercial Area,"SS 18 Tirrena Inferiore, 84131 Salerno SA",https://www.mcdonalds.it/elenco-ristoranti,
639,McDonald's,Campania,Salerno,SA,Salerno,Burgers,EUR 1-10,4.2,33,40.67531036,14.77224358,Transport Hub,"Piazza Vittorio Veneto, 1, 84123 Salerno SA",https://www.mcdonalds.it/elenco-ristoranti,
640,McDonald's,Campania,Salerno,SA,Salerno,Burgers,EUR 1-10,3.1,"1,779",40.67860984,14.75676870,City Center,"Via Roma, 69/73, 84121 Salerno SA",https://www.mcdonalds.it/elenco-ristoranti,
641,McDonald's,Campania,Napoli,NA,Afragola,Burgers,EUR 10-20,3.8,"3,801",40.93295809,14.35400416,Commercial Area,"Via Santa Maria la Nova, 80021 Afragola NA",https://www.mcdonalds.it/elenco-ristoranti,
642,McDonald's,Campania,Napoli,NA,Cardito,Burgers,EUR 1-10,3,497,40.93258563,14.29587063,Commercial Area,"Via Enrico Fermi, 80024 Cardito NA",https://www.mcdonalds.it/elenco-ristoranti,
643,McDonald's,Campania,Napoli,NA,Casavatore,Burgers,EUR 1-10,4.3,"1,272",40.89908714,14.28335456,Commercial Area,"Via A. del Giudice, 5/7, 80020 Casavatore NA",https://www.mcdonalds.it/elenco-ristoranti,
644,McDonald's,Campania,Napoli,NA,Casoria,Burgers,EUR 1-10,3.8,"4,524",40.89823138,14.31047260,Shopping Mall,"Via S. Salvatore, 80026 Casoria NA",https://www.mcdonalds.it/elenco-ristoranti,
645,McDonald's,Campania,Napoli,NA,Casoria,Burgers,EUR 1-10,4.5,339,40.89451822,14.32651488,Commercial Area,"Via Nazionale delle Puglie, 80026 Casoria NA",https://www.mcdonalds.it/elenco-ristoranti,
646,McDonald's,Campania,Napoli,NA,Casoria,Burgers,EUR 10-20,3.8,77,40.91965871,14.29216046,Commercial Area,"Via Sannitica, 80026 Casoria NA",https://www.mcdonalds.it/elenco-ristoranti,
647,McDonald's,Campania,Napoli,NA,Giugliano in Campania,Burgers,EUR 10-20,3.8,"3,355",40.93396852,14.14804394,Shopping Mall,"Via Santa Maria a Cubito, 80014 Giugliano in Campania NA",https://www.mcdonalds.it/elenco-ristoranti,
648,McDonald's,Campania,Napoli,NA,Giugliano in Campania,Burgers,EUR 10-20,3.4,378,40.88967625,14.08351187,Commercial Area,"Via S. Nullo, 105, 80014 Giugliano in Campania NA",https://www.mcdonalds.it/elenco-ristoranti,
649,McDonald's,Campania,Napoli,NA,Giugliano in Campania,Burgers,EUR 10-20,3.6,"1,596",40.93275633,14.22249548,Commercial Area,"Via Appia Sud, 80014 Giugliano in Campania NA",https://www.mcdonalds.it/elenco-ristoranti,
650,McDonald's,Campania,Napoli,NA,Napoli,Burgers,EUR 10-20,2.9,654,40.87799805,14.28221222,Transport Hub,"Viale F. Ruffo di Calabria, 80144 Napoli NA",https://www.mcdonalds.it/elenco-ristoranti,
651,McDonald's,Campania,Napoli,NA,Napoli,Burgers,EUR 1-10,3.8,"1,099",40.85004861,14.31140106,Shopping Mall,"Via Argine, 380 c\o C, 80147 Napoli NA",https://www.mcdonalds.it/elenco-ristoranti,
652,McDonald's,Campania,Napoli,NA,Napoli,Burgers,EUR 10-20,3.7,"2,383",40.87299884,14.27958665,Shopping Mall,"A56, 80144 Napoli NA",https://www.mcdonalds.it/elenco-ristoranti,
653,McDonald's,Campania,Napoli,NA,Napoli,Burgers,EUR 1-10,3.7,"1,926",40.83843088,14.24892175,City Center,"Galleria Umberto I, 72, 80132 Napoli NA",https://www.mcdonalds.it/elenco-ristoranti,
654,McDonald's,Campania,Napoli,NA,Napoli,Burgers,EUR 10-20,3.8,"1,081",40.88761943,14.25531983,Shopping Mall,"La Birreria, c/o CC, Piazza Madonna dell'Arco, 80145 Napoli NA",https://www.mcdonalds.it/elenco-ristoranti,
655,McDonald's,Campania,Napoli,NA,Napoli,Burgers,EUR 1-10,3.4,"2,095",40.85302766,14.26887384,Transport Hub,"P.za Giuseppe Garibaldi, 39, 80142 Napoli NA",https://www.mcdonalds.it/elenco-ristoranti,
656,McDonald's,Campania,Napoli,NA,Napoli,Burgers,EUR 10-20,3.8,"3,849",40.82688963,14.19535290,Transport Hub,"Via Giulia Gonzaga, 31/35, 80125 Napoli NA",https://www.mcdonalds.it/elenco-ristoranti,
657,McDonald's,Campania,Napoli,NA,Napoli,Burgers,EUR 1-10,2.9,864,40.85334142,14.27207440,Transport Hub,"P.za Giuseppe Garibaldi, 80142 Napoli NA",https://www.mcdonalds.it/elenco-ristoranti,
658,McDonald's,Campania,Napoli,NA,Napoli,Burgers,EUR 1-10,3.5,"2,779",40.84046113,14.25193164,City Center,"Via Medina, P.za Municipio, 37/38/39, 80133 Napoli NA",https://www.mcdonalds.it/elenco-ristoranti,
659,McDonald's,Campania,Napoli,NA,Napoli,Burgers,EUR 1-10,4,"3,438",40.84322853,14.22947948,City Center,"Via Giovanni Merliani, 38, 80127 Napoli NA",https://www.mcdonalds.it/elenco-ristoranti,
660,McDonald's,Campania,Napoli,NA,Napoli,Burgers,EUR 1-10,3.9,"2,075",40.94945551,14.48721955,Shopping Mall,"Via Boscofangone, snc, 80035 Nola NA",https://www.mcdonalds.it/elenco-ristoranti,
661,McDonald's,Campania,Napoli,NA,Nola,Burgers,EUR 10-20,3.6,630,40.93738461,14.53348157,Commercial Area,"SS7bis, 345, 80035 Nola NA",https://www.mcdonalds.it/elenco-ristoranti,
662,McDonald's,Campania,Napoli,NA,Pomigliano d'Arco,Burgers,EUR 10-20,3.8,"3,553",40.90224114,14.35816520,Commercial Area,"Via Nazionale delle Puglie, 315, 80038 Pomigliano d'Arco NA",https://www.mcdonalds.it/elenco-ristoranti,
663,McDonald's,Campania,Napoli,NA,Pompei,Burgers,EUR 1-10,3.7,"1,823",40.74929303,14.49858131,City Center,"Via Roma, 33/35, 80045 Pompei NA",https://www.mcdonalds.it/elenco-ristoranti,
664,McDonald's,Campania,Napoli,NA,Pompei,Burgers,EUR 1-10,3.9,"1,791",40.74059204,14.50284470,Shopping Mall,"Via Macello, 22, 80045 Pompei NA",https://www.mcdonalds.it/elenco-ristoranti,
665,McDonald's,Campania,Napoli,NA,Torre Annunziata,Burgers,EUR 10-20,4,212,40.74773278,14.47089229,Shopping Mall,"Via Plinio, 56, 80058 Torre Annunziata NA",https://www.mcdonalds.it/elenco-ristoranti,
666,McDonald's,Campania,Napoli,NA,Quarto,Burgers,EUR 10-20,4,"2,029",40.87932141,14.11343210,Shopping Mall,"Via Masullo, 76, 80010 Quarto NA",https://www.mcdonalds.it/elenco-ristoranti,
667,McDonald's,Campania,Napoli,NA,Sant'Anastasia,Burgers,EUR 10-20,4.4,"1,654",40.88456298,14.39712807,Commercial Area,"Via Palmentola, 80048 Sant'Anastasia NA",https://www.mcdonalds.it/elenco-ristoranti,
668,McDonald's,Lazio,Frosinone,FR,Cassino,Burgers,EUR 10-20,4,"3,883",41.48906153,13.84464951,Commercial Area,"Via Casilina Sud, Km 140, 03043 Cassino FR",https://www.mcdonalds.it/elenco-ristoranti,
669,McDonald's,Lazio,Frosinone,FR,Frosinone,Burgers,EUR 1-10,4.1,446,41.62142202,13.28538020,Shopping Mall,"V. Armando Vona, 20, 03100 Frosinone FR",https://www.mcdonalds.it/elenco-ristoranti,
670,McDonald's,Lazio,Frosinone,FR,Ceccano,Burgers,EUR 10-20,4.1,"3,926",41.61455454,13.30670650,Commercial Area,"Via Dei Monti Lepini, 03023 Ceccano FR",https://www.mcdonalds.it/elenco-ristoranti,
671,McDonald's,Lazio,Frosinone,FR,Frosinone,Burgers,EUR 1-10,3.6,159,41.64217075,13.33053536,Commercial Area,"Via Tommaso Landolfi, 03100 Frosinone FR",https://www.mcdonalds.it/elenco-ristoranti,
672,McDonald's,Lazio,Frosinone,FR,Piedimonte San Germano,Burgers,EUR 1-10,4.3,361,41.49527601,13.75784334,Shopping Mall,"SR Casilina, 03030 Piedimonte San Germano FR",https://www.mcdonalds.it/elenco-ristoranti,
673,McDonald's,Lazio,Frosinone,FR,Sora,Burgers,EUR 10-20,4,"2,116",41.71009505,13.59905128,Commercial Area,"Viale S. Domenico, 33, 03039 Sora FR",https://www.mcdonalds.it/elenco-ristoranti,
674,McDonald's,Lazio,Latina,LT,Aprilia,Burgers,EUR 1-10,4.1,"2,562",41.58105325,12.65348032,Shopping Mall,"Via P. Mascagni, 115, 04011 Aprilia LT",https://www.mcdonalds.it/elenco-ristoranti,
675,McDonald's,Lazio,Latina,LT,Aprilia,Burgers,EUR 10-20,3.9,"1,592",41.59333243,12.62792587,Shopping Mall,"Via Riserva Nuova, 4, 04011 Aprilia LT",https://www.mcdonalds.it/elenco-ristoranti,
676,McDonald's,Lazio,Latina,LT,Cisterna di Latina,Burgers,EUR 1-10,4.3,761,41.58427757,12.82710748,Commercial Area,"Via Nettuno, 39, 04012 Cisterna di Latina LT",https://www.mcdonalds.it/elenco-ristoranti,
677,McDonald's,Lazio,Latina,LT,Fondi,Burgers,EUR 1-10,4.1,168,41.35660721,13.40638976,Commercial Area,"SS7, 04022 Fondi LT",https://www.mcdonalds.it/elenco-ristoranti,
678,McDonald's,Lazio,Latina,LT,Formia,Burgers,EUR 10-20,3.9,"2,559",41.25709157,13.60954200,City Center,"Via Vitruvio, 48, 04023 Formia LT",https://www.mcdonalds.it/elenco-ristoranti,
679,McDonald's,Lazio,Latina,LT,Formia,Burgers,EUR 10-20,3.8,960,41.26730217,13.67070830,Shopping Mall,"Via Mamurrano, 04023 Formia LT",https://www.mcdonalds.it/elenco-ristoranti,
680,McDonald's,Lazio,Latina,LT,Latina,Burgers,EUR 1-10,4.3,"2,080",41.46565362,12.89083168,Commercial Area,"V.le Pier Luigi Nervi, 04100 Latina LT",https://www.mcdonalds.it/elenco-ristoranti,
681,McDonald's,Lazio,Latina,LT,Latina,Burgers,EUR 1-10,4.1,"3,233",41.45178415,12.90620094,Residential Area,"Via Isonzo, 152, 04100 Latina LT",https://www.mcdonalds.it/elenco-ristoranti,
682,McDonald's,Lazio,Latina,LT,Latina,Burgers,EUR 10-20,4,"3,484",41.47123625,12.89435934,Transport Hub,"Via Carlo Romagnoli, 11, 04100 Latina LT",https://www.mcdonalds.it/elenco-ristoranti,
683,McDonald's,Lazio,Latina,LT,Latina,Burgers,EUR 1-10,4,186,41.44815538,12.89050271,Commercial Area,"Via del Lido, 131, 04100 Latina LT",https://www.mcdonalds.it/elenco-ristoranti,
684,McDonald's,Lazio,Latina,LT,Terracina,Burgers,EUR 10-20,3.9,"3,471",41.28467315,13.19044637,Service Area,"SR148, km 105+300, Via Pontina, 148, 04019 Terracina LT",https://www.mcdonalds.it/elenco-ristoranti,
685,McDonald's,Lazio,Viterbo,VT,Caldare,Burgers,EUR 10-20,4.3,"4,270",42.45324523,12.40803803,Service Area,"Via Lazio, 2, 01028 Caldare VT",https://www.mcdonalds.it/elenco-ristoranti,
686,McDonald's,Lazio,Viterbo,VT,Viterbo,Burgers,EUR 10-20,4.3,"3,613",42.43384714,12.09963023,Commercial Area,"Via Igino Garbini, 01100 Viterbo VT",https://www.mcdonalds.it/elenco-ristoranti,
687,McDonald's,Lazio,Viterbo,VT,Viterbo,Burgers,EUR 10-20,4.1,"3,543",42.41419664,12.09738250,Residential Area,"Via S. Paolo, 3, 01100 Viterbo VT",https://www.mcdonalds.it/elenco-ristoranti,
688,McDonald's,Lazio,Rieti,RI,Fara in Sabina,Burgers,EUR 10-20,3.9,"1,318",42.15244267,12.65684650,Commercial Area,"Via Salaria, 02032 Passo Corese RI",https://www.mcdonalds.it/elenco-ristoranti,
689,McDonald's,Lazio,Rieti,RI,Rieti,Burgers,EUR 10-20,3.6,"2,224",42.40205998,12.85322977,Commercial Area,"Viale Cesare Verani, 12, 02100 Rieti RI",https://www.mcdonalds.it/elenco-ristoranti,
690,McDonald's,Lazio,Rieti,RI,Rieti,Burgers,EUR 10-20,3.7,88,42.42507940,12.85932914,Residential Area,"Via Angelo Maria Ricci, 02100 Rieti RI",https://www.mcdonalds.it/elenco-ristoranti,
691,McDonald's,Lazio,Roma,RM,Roma,Burgers,EUR 10-20,4.1,249,41.83928089,12.58933703,Transport Hub,"Via Anagnina, 19, 00173 Roma RM",https://www.mcdonalds.it/elenco-ristoranti,
692,McDonald's,Lazio,Roma,RM,Anzio,Burgers,EUR 1-10,3.9,"2,337",41.48992401,12.62473046,Commercial Area,"Via Nettunense, 00042 Anzio RM",https://www.mcdonalds.it/elenco-ristoranti,
693,McDonald's,Lazio,Roma,RM,Ardea,Burgers,EUR 10-20,3.8,481,41.57321535,12.53048394,City Center,"Viale S. Lorenzo, 00040 Marina di Ardea RM",https://www.mcdonalds.it/elenco-ristoranti,
694,McDonald's,Lazio,Roma,RM,Bracciano,Burgers,EUR 10-20,3.9,"2,035",42.08809619,12.18326068,Shopping Mall,"Via Santa Lucia, 26/A, 00062 Bracciano RM",https://www.mcdonalds.it/elenco-ristoranti,
695,McDonald's,Lazio,Roma,RM,Castel Romano,Burgers,EUR 10-20,4.1,"3,263",41.71500555,12.44329664,Shopping Mall,"Via del Ponte di Piscina Cupa, 00128 Castel Romano RM",https://www.mcdonalds.it/elenco-ristoranti,
696,McDonald's,Lazio,Roma,RM,Ciampino,Burgers,EUR 1-10,4.3,"4,793",41.81927258,12.58517193,Commercial Area,"Via John F. Kennedy, 90, 00043 Ciampino RM",https://www.mcdonalds.it/elenco-ristoranti,
697,McDonald's,Lazio,Roma,RM,Ciampino,Burgers,EUR 10-20,2,362,41.79937419,12.59106533,Transport Hub,"Via Appia Nuova, 1651, 00040 Ciampino RM",https://www.mcdonalds.it/elenco-ristoranti,
698,McDonald's,Lazio,Roma,RM,Civitavecchia,Burgers,EUR 1-10,3.7,"2,610",42.09061976,11.79211096,City Center,"Largo Plebiscito, 1, 00053 Civitavecchia RM",https://www.mcdonalds.it/elenco-ristoranti,
699,McDonald's,Lazio,Roma,RM,Fiano Romano,Burgers,EUR 10-20,3.6,387,42.14066740,12.59531254,Commercial Area,"Via Fontanella del Solco, 2, 00065 Fiano Romano RM",https://www.mcdonalds.it/elenco-ristoranti,
700,McDonald's,Lazio,Roma,RM,Fiumicino,Burgers,EUR 10-20,3.7,"2,968",41.80839889,12.30139510,Shopping Mall,"Via Geminiano Montanari, 00054 Vignole, RM",https://www.mcdonalds.it/elenco-ristoranti,
701,McDonald's,Lazio,Roma,RM,Fiumicino,Burgers,EUR 10-20,3.7,"2,502",41.91718514,12.19920760,Service Area,"SS 1, 00050 Torrimpietra RM",https://www.mcdonalds.it/elenco-ristoranti,
702,McDonald's,Lazio,Roma,RM,Fiumicino,Burgers,EUR 10-20,4,"2,922",41.76691290,12.23488467,City Center,"Via del Faro, 60, 00054 Fiumicino RM",https://www.mcdonalds.it/elenco-ristoranti,
703,McDonald's,Lazio,Roma,RM,Frascati,Burgers,EUR 10-20,3.9,"1,642",41.81302930,12.65497920,Commercial Area,"Via Tuscolana, 52, 00044 Frascati RM",https://www.mcdonalds.it/elenco-ristoranti,
704,McDonald's,Lazio,Roma,RM,Guidonia Montecelio,Burgers,EUR 10-20,4,"2,600",41.97078967,12.71379652,Commercial Area,"Via delle Genziane, 1/3, 00012 Guidonia Montecelio RM",https://www.mcdonalds.it/elenco-ristoranti,
705,McDonald's,Lazio,Roma,RM,Ladispoli,Burgers,EUR 10-20,3.9,"2,977",41.96721451,12.08359040,Commercial Area,"Via Settevene Palo, 00055 Ladispoli RM",https://www.mcdonalds.it/elenco-ristoranti,
706,McDonald's,Lazio,Roma,RM,Lariano,Burgers,EUR 10-20,3.8,152,41.73664178,12.84751848,Residential Area,"Via Napoli, 166, 00076 Lariano RM",https://www.mcdonalds.it/elenco-ristoranti,
707,McDonald's,Lazio,Roma,RM,Monterotondo,Burgers,EUR 10-20,3.8,"2,690",42.04956983,12.62604641,Commercial Area,"Via Lampedusa, 2, 00015 Monterotondo RM",https://www.mcdonalds.it/elenco-ristoranti,
708,McDonald's,Lazio,Roma,RM,Nettuno,Burgers,EUR 1-10,3.8,"2,296",41.46444304,12.66262973,City Center,"Piazzale Kennedy, 1, 00048 Nettuno RM",https://www.mcdonalds.it/elenco-ristoranti,
709,McDonald's,Lazio,Roma,RM,Roma,Burgers,EUR 1-10,3.6,"2,951",41.73017412,12.27566936,City Center,"Lungomare Paolo Toscanelli, 126/128, 00121 Lido di Ostia RM",https://www.mcdonalds.it/elenco-ristoranti,
710,McDonald's,Lazio,Roma,RM,Pomezia,Burgers,EUR 1-10,3.9,"2,826",41.68219186,12.50728466,Commercial Area,"Via dei Castelli Romani, 00071 Pomezia RM",https://www.mcdonalds.it/elenco-ristoranti,
711,McDonald's,Lazio,Roma,RM,Pomezia,Burgers,EUR 1-10,3.8,"3,031",41.67688774,12.49834486,Residential Area,"Via del Mare, 00071 Pomezia RM",https://www.mcdonalds.it/elenco-ristoranti,
712,McDonald's,Lazio,Roma,RM,Roma,Burgers,EUR 1-10,4,"2,257",41.83825873,12.59404565,Shopping Mall,"Via Torre di Mezzavia, 51, 00173 Roma RM",https://www.mcdonalds.it/elenco-ristoranti,
713,McDonald's,Lazio,Roma,RM,Roma,Burgers,EUR 1-10,4.1,"3,974",41.92492224,12.51621833,Transport Hub,"P.za Annibaliano, 8, 00198 Roma RM",https://www.mcdonalds.it/elenco-ristoranti,
714,McDonald's,Lazio,Roma,RM,Marino,Burgers,EUR 10-20,4,"3,518",41.76775981,12.61614760,Service Area,"Via Appia Nuova, km 19.750, 00047 Frattocchie RM",https://www.mcdonalds.it/elenco-ristoranti,
715,McDonald's,Lazio,Roma,RM,Roma,Burgers,EUR 10-20,3.8,"5,079",41.79366080,12.51765907,Service Area,"Grande Raccordo Anulare, 00134 Roma RM",https://www.mcdonalds.it/elenco-ristoranti,
716,McDonald's,Lazio,Roma,RM,Roma,Burgers,EUR 10-20,3.8,"5,279",41.88687399,12.40113956,Service Area,"Via Aurelia, Km 8/400, 00163 Roma RM",https://www.mcdonalds.it/elenco-ristoranti,
717,McDonald's,Lazio,Roma,RM,Roma,Burgers,EUR 1-10,4.1,"10,132",41.90380681,12.45853425,City Center,"Borgo Pio, 93/96, 00193 Roma RM",https://www.mcdonalds.it/elenco-ristoranti,
718,McDonald's,Lazio,Roma,RM,Roma,Burgers,EUR 10-20,3.7,"5,282",41.94014660,12.47137247,Commercial Area,"Corso di Francia, 80, 00191 Roma RM",https://www.mcdonalds.it/elenco-ristoranti,
719,McDonald's,Lazio,Roma,RM,Fiano Romano,Burgers,EUR 10-20,3.9,"3,794",42.11546100,12.58716597,Shopping Mall,"Via Tiberina, 34h, 00060 Capena RM",https://www.mcdonalds.it/elenco-ristoranti,
720,McDonald's,Lazio,Roma,RM,Roma,Burgers,EUR 1-10,4.2,399,41.89924987,12.53261360,Shopping Mall,"Via Alberto Pollio, 50, 00159 Roma RM",https://www.mcdonalds.it/elenco-ristoranti,
721,McDonald's,Lazio,Roma,RM,Roma,Burgers,EUR 10-20,4,"2,147",41.94987804,12.39620697,Residential Area,"Via di Casal del Marmo, 331, 00166 Roma RM",https://www.mcdonalds.it/elenco-ristoranti,
722,McDonald's,Lazio,Roma,RM,Roma,Burgers,EUR 1-10,4,"3,409",41.91517509,12.38125383,Residential Area,"Via di Boccea, 561, 00166 Roma RM",https://www.mcdonalds.it/elenco-ristoranti,
723,McDonald's,Lazio,Roma,RM,Roma,Burgers,EUR 1-10,3.6,"2,799",41.89880989,12.42717969,Transport Hub,"Piazza S. Giovanni Battista de La Salle, 9, 00165 Roma RM",https://www.mcdonalds.it/elenco-ristoranti,
724,McDonald's,Lazio,Roma,RM,Roma,Burgers,EUR 10-20,3.8,"2,529",41.77559751,12.33699112,Commercial Area,"Viale Charles Lenormant, 235, 00126 Roma RM",https://www.mcdonalds.it/elenco-ristoranti,
725,McDonald's,Lazio,Roma,RM,Roma,Burgers,EUR 10-20,3.6,"2,569",41.81696897,12.45817860,Shopping Mall,"Viale dell'Oceano Pacifico, 83, 00144 Roma RM",https://www.mcdonalds.it/elenco-ristoranti,
726,McDonald's,Lazio,Roma,RM,Roma,Burgers,EUR 1-10,3.4,"6,698",41.90032496,12.48193408,City Center,"Via delle Muratte, 31, 00187 Roma RM",https://www.mcdonalds.it/elenco-ristoranti,
727,McDonald's,Lazio,Roma,RM,Roma,Burgers,EUR 1-10,3.3,"6,221",41.90005584,12.50092953,Transport Hub,"Via Giovanni Giolitti, 65, 00185 Roma RM",https://www.mcdonalds.it/elenco-ristoranti,
728,McDonald's,Lazio,Roma,RM,Roma,Burgers,EUR 1-10,4.1,"8,673",41.90883760,12.45661827,Transport Hub,"Viale Giulio Cesare, 199, 00192 Roma RM",https://www.mcdonalds.it/elenco-ristoranti,
729,McDonald's,Lazio,Roma,RM,Roma,Burgers,EUR 10-20,4.4,140,41.87445385,12.52256702,Residential Area,"Via Cesare Baronio, 00179 Roma RM",https://www.mcdonalds.it/elenco-ristoranti,
730,McDonald's,Lazio,Roma,RM,Roma,Burgers,EUR 1-10,3.4,534,41.80819530,12.48568978,Shopping Mall,"Via Laurentina, 865, 00143 Roma RM",https://www.mcdonalds.it/elenco-ristoranti,
731,McDonald's,Lazio,Roma,RM,Roma,Burgers,EUR 10-20,3.6,"3,379",41.91546005,12.66119683,Shopping Mall,"V. Collatina, 858, 00132 Roma RM",https://www.mcdonalds.it/elenco-ristoranti,
732,McDonald's,Lazio,Roma,RM,Roma,Burgers,EUR 10-20,3.5,"2,959",41.82035818,12.40510773,Service Area,"AdS Magliana Nord, Km 5.657, Roma - Fiumicino, 00148 Roma RM",https://www.mcdonalds.it/elenco-ristoranti,
733,McDonald's,Lazio,Roma,RM,Roma,Burgers,EUR 10-20,4.1,74,41.84941415,12.45891154,Commercial Area,"Via della Magliana, 205, 00146 Roma RM",https://www.mcdonalds.it/elenco-ristoranti,
734,McDonald's,Lazio,Roma,RM,Roma,Burgers,EUR 10-20,4.2,"5,126",41.88096547,12.56717369,Transport Hub,"Piazza dei Mirti, 28-29, 00172 Roma RM",https://www.mcdonalds.it/elenco-ristoranti,
735,McDonald's,Lazio,Roma,RM,Roma,Burgers,EUR 10-20,3.8,"4,410",41.95725392,12.57863507,Commercial Area,"Via Nomentana, 1141, 00137 Roma RM",https://www.mcdonalds.it/elenco-ristoranti,
736,McDonald's,Lazio,Roma,RM,Roma,Burgers,EUR 1-10,3.5,"5,046",41.90042782,12.47396719,City Center,"Piazza delle Cinque Lune, 75, 00186 Roma RM",https://www.mcdonalds.it/elenco-ristoranti,
737,McDonald's,Lazio,Roma,RM,Roma,Burgers,EUR 1-10,3.9,"9,698",41.90477033,12.48350082,City Center,"Piazza di Spagna, 46, 00187 Roma RM",https://www.mcdonalds.it/elenco-ristoranti,
738,McDonald's,Lazio,Roma,RM,Roma,Burgers,EUR 10-20,3.8,"2,279",41.85260384,12.44055467,Commercial Area,"Via Castellina Marittima, 14, 00149 Roma RM",https://www.mcdonalds.it/elenco-ristoranti,
739,McDonald's,Lazio,Roma,RM,Roma,Burgers,EUR 10-20,4,"1,825",41.75139914,12.36730927,Shopping Mall,"Parchi della Colombo, Via Cristoforo Colombo, 1897, 00124 Roma RM",https://www.mcdonalds.it/elenco-ristoranti,
740,McDonald's,Lazio,Roma,RM,Roma,Burgers,EUR 1-10,3.4,880,41.91205652,12.47561886,Transport Hub,"Piazzale Flaminio, 15, 00196 Roma RM",https://www.mcdonalds.it/elenco-ristoranti,
741,McDonald's,Lazio,Roma,RM,Roma,Burgers,EUR 1-10,3.8,"2,283",41.89535352,12.43853337,Residential Area,"Piazza Pio XI, 89-90/92-93, 00165 Roma RM",https://www.mcdonalds.it/elenco-ristoranti,
742,McDonald's,Lazio,Roma,RM,Roma,Burgers,EUR 1-10,3.5,"2,487",41.97146454,12.53995824,Shopping Mall,"C.C. ""PORTA DI ROMA"", Via Alberto Lionello, 201, 00139 Roma RM",https://www.mcdonalds.it/elenco-ristoranti,
743,McDonald's,Lazio,Roma,RM,Roma,Burgers,EUR 10-20,3.5,"3,554",41.94574599,12.52174811,Commercial Area,"Via dei Prati Fiscali, 73, 00141 Roma RM",https://www.mcdonalds.it/elenco-ristoranti,
744,McDonald's,Lazio,Roma,RM,Roma,Burgers,EUR 10-20,3.9,286,41.91382082,12.41486427,Residential Area,"Piazza Clemente XI, 3, 00168 Roma RM",https://www.mcdonalds.it/elenco-ristoranti,
745,McDonald's,Lazio,Roma,RM,Roma,Burgers,EUR 1-10,3.5,"4,116",41.88320186,12.51211561,Transport Hub,"Via Appia Nuova, 114/120, 00183 Roma RM",https://www.mcdonalds.it/elenco-ristoranti,
746,McDonald's,Lazio,Roma,RM,Roma,Burgers,EUR 1-10,3.7,"2,432",41.91369200,12.50595553,Residential Area,"Piazza Regina Margherita, 15, 00198 Roma RM",https://www.mcdonalds.it/elenco-ristoranti,
747,McDonald's,Lazio,Roma,RM,Roma,Burgers,EUR 1-10,3.9,"4,386",41.85718275,12.47767724,Transport Hub,"Via Ostiense, 273, 00145 Roma RM",https://www.mcdonalds.it/elenco-ristoranti,
748,McDonald's,Lazio,Roma,RM,Roma,Burgers,EUR 10-20,4,880,41.79448650,12.45139355,Residential Area,"Via Carmelo Maestrini, 00128 Roma RM",https://www.mcdonalds.it/elenco-ristoranti,
749,McDonald's,Lazio,Roma,RM,Roma,Burgers,EUR 1-10,2.8,259,41.91106367,12.53109874,Transport Hub,"Piazzale della Stazione Tiburtina, 9, 00162 Roma RM",https://www.mcdonalds.it/elenco-ristoranti,
750,McDonald's,Lazio,Roma,RM,Roma,Burgers,EUR 10-20,3.8,"3,148",41.87435882,12.46840179,Transport Hub,"Via degli Stradivari, 35-37, 00153 Roma RM",https://www.mcdonalds.it/elenco-ristoranti,
751,McDonald's,Lazio,Roma,RM,Roma,Burgers,EUR 1-10,3.7,"4,016",41.83468808,12.46779421,Commercial Area,"Piazzale Don Luigi Sturzo, 21/22, 00144 Roma RM",https://www.mcdonalds.it/elenco-ristoranti,
752,McDonald's,Lazio,Roma,RM,Roma,Burgers,EUR 1-10,3,"2,040",41.90169392,12.50298393,Transport Hub,"Via Marsala, 25, 00185 Roma RM",https://www.mcdonalds.it/elenco-ristoranti,
753,McDonald's,Lazio,Roma,RM,Roma,Burgers,EUR 1-10,3.3,370,41.90171604,12.50286480,Transport Hub,"Via Marsala c/o Stazione Termini, Lato, Binario 1, 00185 Roma RM",https://www.mcdonalds.it/elenco-ristoranti,
754,McDonald's,Lazio,Roma,RM,Roma,Burgers,EUR 1-10,3.8,425,41.87716010,12.47458897,Residential Area,"Via Galvani, 71/83, 00153 Roma RM",https://www.mcdonalds.it/elenco-ristoranti,
755,McDonald's,Lazio,Roma,RM,Roma,Burgers,EUR 10-20,4.1,"3,570",41.93238087,12.59527923,Commercial Area,"Via Tiburtina, 1150, 00156 Roma RM",https://www.mcdonalds.it/elenco-ristoranti,
756,McDonald's,Lazio,Roma,RM,Roma,Burgers,EUR 1-10,4,"3,384",41.90874035,12.54083383,Transport Hub,"Via Tiburtina, 515, 00159 Roma RM",https://www.mcdonalds.it/elenco-ristoranti,
757,McDonald's,Lazio,Roma,RM,Roma,Burgers,EUR 10-20,3.8,"1,733",41.87753207,12.62675372,Residential Area,"Via di Tor Bella Monaca, 353, 00133 Roma RM",https://www.mcdonalds.it/elenco-ristoranti,
758,McDonald's,Lazio,Roma,RM,Roma,Burgers,EUR 10-20,3.8,872,41.84054587,12.62257683,Shopping Mall,"Viale Luigi Schiavonetti, 426, 00173 Roma RM",https://www.mcdonalds.it/elenco-ristoranti,
759,McDonald's,Lazio,Roma,RM,Roma,Burgers,EUR 1-10,4.3,"2,893",41.88010280,12.54197180,Residential Area,"Via Casilina, 384, 00176 Roma RM",https://www.mcdonalds.it/elenco-ristoranti,
760,McDonald's,Lazio,Roma,RM,Roma,Burgers,EUR 10-20,3.8,"2,283",41.86363326,12.63422266,Commercial Area,"Via Casilina, 1583, 00133 Roma RM",https://www.mcdonalds.it/elenco-ristoranti,
761,McDonald's,Lazio,Roma,RM,Roma,Burgers,EUR 1-10,4.1,"2,540",41.83801093,12.47716893,Commercial Area,"Via delle Tre Fontane, 114, 00144 Roma RM",https://www.mcdonalds.it/elenco-ristoranti,
762,McDonald's,Lazio,Roma,RM,Roma,Burgers,EUR 10-20,3.9,"2,830",41.93716885,12.43098048,Residential Area,"Via Trionfale, 8000, 00135 Roma RM",https://www.mcdonalds.it/elenco-ristoranti,
763,McDonald's,Lazio,Roma,RM,Roma,Burgers,EUR 1-10,3.7,"2,770",41.85898455,12.55889455,Transport Hub,"Via Tuscolana, 829, 00175 Roma RM",https://www.mcdonalds.it/elenco-ristoranti,
764,McDonald's,Lazio,Roma,RM,Roma,Burgers,EUR 1-10,3.9,"1,424",41.90181148,12.43838006,Shopping Mall,"Viale di Valle Aurelia, 30, 00167 Roma RM",https://www.mcdonalds.it/elenco-ristoranti,
765,McDonald's,Lazio,Roma,RM,Roma,Burgers,EUR 10-20,4,"1,641",42.03950322,12.37605566,Service Area,"Via Cassia, km 20+750, Via Cassia, 2069, 00123 Roma RM",https://www.mcdonalds.it/elenco-ristoranti,
766,McDonald's,Lazio,Roma,RM,Roma,Burgers,EUR 1-10,3.8,"2,718",41.90258520,12.48416599,City Center,"Via del Tritone, 57-58, 00187 Roma RM",https://www.mcdonalds.it/elenco-ristoranti,
767,McDonald's,Lazio,Roma,RM,Roma,Burgers,EUR 10-20,4.3,92,41.82714186,12.50940332,Residential Area,"Via di Vigna Murata, 302, 00143 Roma RM",https://www.mcdonalds.it/elenco-ristoranti,
768,McDonald's,Lazio,Roma,RM,Roma,Burgers,EUR 1-10,3.8,"1,926",41.90208227,12.49503220,City Center,"Via Nazionale, 258, 00184 Roma RM",https://www.mcdonalds.it/elenco-ristoranti,
769,McDonald's,Lazio,Roma,RM,Roma,Burgers,EUR 1-10,3.9,"1,282",41.86990613,12.58764555,Commercial Area,"Via di Tor Tre Teste, 25, 00169 Roma RM",https://www.mcdonalds.it/elenco-ristoranti,
770,McDonald's,Lazio,Roma,RM,Roma,Burgers,EUR 10-20,3.9,"4,755",41.84815777,12.59941291,Shopping Mall,"Via Bernardino Alimena, 20, 00173 Roma RM",https://www.mcdonalds.it/elenco-ristoranti,
771,McDonald's,Lazio,Roma,RM,San Cesareo,Burgers,EUR 10-20,3.4,675,41.82372859,12.80331041,Commercial Area,"Via Casilina, 00030 San Cesareo RM",https://www.mcdonalds.it/elenco-ristoranti,
772,McDonald's,Lazio,Roma,RM,Tivoli,Burgers,EUR 10-20,3.7,"2,540",41.95199552,12.72736194,Commercial Area,"Via Nazionale Tiburtina, 162, 00011 Tivoli Terme RM",https://www.mcdonalds.it/elenco-ristoranti,
773,McDonald's,Lazio,Roma,RM,Valmontone,Burgers,EUR 10-20,3.4,155,41.76313180,12.95540780,Shopping Mall,"Via della Pace, 00038 Valmontone RM",https://www.mcdonalds.it/elenco-ristoranti,
774,McDonald's,Lazio,Roma,RM,Velletri,Burgers,EUR 1-10,4,"3,058",41.68607431,12.78313971,Commercial Area,"Viale dei Volsci, 101, 00049 Velletri RM",https://www.mcdonalds.it/elenco-ristoranti,
775,McDonald's,Sardegna,Cagliari,CA,Elmas,Burgers,EUR 10-20,3,230,39.25348286,9.06103160,Transport Hub,"Via dei Trasvolatori, 09067 Elmas CA",https://www.mcdonalds.it/elenco-ristoranti,
776,McDonald's,Sardegna,Cagliari,CA,Cagliari,Burgers,EUR 1-10,3.9,"2,252",39.22787496,9.12020248,Commercial Area,"Via Ottone Bacaredda, 97, 09131 Cagliari CA",https://www.mcdonalds.it/elenco-ristoranti,
777,McDonald's,Sardegna,Cagliari,CA,Cagliari,Burgers,EUR 10-20,4.1,"4,336",39.25060243,9.11268557,Commercial Area,"Via Giuseppe Peretti, 3, 09126 Cagliari CA",https://www.mcdonalds.it/elenco-ristoranti,
778,McDonald's,Sardegna,Cagliari,CA,Cagliari,Burgers,EUR 1-10,4,"2,487",39.23134990,9.09224934,Shopping Mall,"Via S. Simone, 60, 09122 Cagliari CA",https://www.mcdonalds.it/elenco-ristoranti,
779,McDonald's,Sardegna,Cagliari,CA,Cagliari,Burgers,EUR 1-10,3.9,"1,050",39.21650799,9.11342024,City Center,"V. Giovanni Maria Dettori, 34, 09124 Cagliari CA",https://www.mcdonalds.it/elenco-ristoranti,
780,McDonald's,Sardegna,Cagliari,CA,Quartu Sant'Elena,Burgers,EUR 1-10,4,"4,501",39.22914290,9.21643309,Commercial Area,"Viale Lungomare del Golfo, 8, 09045 Quartu Sant'Elena CA",https://www.mcdonalds.it/elenco-ristoranti,
781,McDonald's,Sardegna,Cagliari,CA,Quartucciu,Burgers,EUR 1-10,4.1,"3,582",39.24497834,9.16468973,Shopping Mall,"Via delle Serre, 09044 Quartucciu CA",https://www.mcdonalds.it/elenco-ristoranti,
782,McDonald's,Sardegna,Cagliari,CA,Sestu,Burgers,EUR 1-10,4.2,"6,163",39.29116047,9.06765430,Shopping Mall,"SS 131ex, 09028 Sestu CA",https://www.mcdonalds.it/elenco-ristoranti,
783,McDonald's,Sardegna,Cagliari,CA,Settimo San Pietro,Burgers,EUR 1-10,3.7,392,39.27609479,9.18064908,Shopping Mall,"Strada Comunale Carcere Minorile, 09040 Settimo San Pietro CA",https://www.mcdonalds.it/elenco-ristoranti,
784,McDonald's,Sardegna,Nuoro,NU,Nuoro,Burgers,EUR 10-20,4,"2,400",40.32203942,9.30592648,Shopping Mall,"V. Don Giovanni Bosco, 08100 Nuoro NU",https://www.mcdonalds.it/elenco-ristoranti,
785,McDonald's,Sardegna,Oristano,OR,Oristano,Burgers,EUR 1-10,4.1,"1,560",39.91234319,8.58794843,Commercial Area,"Via Cagliari, 45, 09170 Oristano OR",https://www.mcdonalds.it/elenco-ristoranti,
786,McDonald's,Sardegna,Oristano,OR,Oristano,Burgers,EUR 10-20,3.9,99,39.89031109,8.59847535,Shopping Mall,"Via Dublino, 09170 Oristano OR",https://www.mcdonalds.it/elenco-ristoranti,
787,McDonald's,Sardegna,Sud Sardegna,SU,Carbonia,Burgers,EUR 10-20,4.1,"2,391",39.16910656,8.51159325,Commercial Area,"Via della Stazione, 09013 Carbonia CI",https://www.mcdonalds.it/elenco-ristoranti,
788,McDonald's,Sardegna,Olbia-Tempio,OT,Olbia,Burgers,EUR 1-10,3.8,"2,957",40.90941888,9.52257780,Shopping Mall,"SS 125 Orientale Sarda, 07026 Olbia OT",https://www.mcdonalds.it/elenco-ristoranti,
789,McDonald's,Sardegna,Olbia-Tempio,OT,Olbia,Burgers,EUR 10-20,4,861,40.95529383,9.49463160,Commercial Area,"Via Bratislava, 1, 07026 Olbia OT",https://www.mcdonalds.it/elenco-ristoranti,
790,McDonald's,Sardegna,Olbia-Tempio,OT,Olbia,Burgers,EUR 10-20,3.8,"2,915",40.93114178,9.51041012,Commercial Area,"Via Indonesia, 1, 07026 Olbia OT",https://www.mcdonalds.it/elenco-ristoranti,
791,McDonald's,Sardegna,Sassari,SS,Porto Torres,Burgers,EUR 1-10,3.9,569,40.82910971,8.39948537,Commercial Area,"Via dell'Industria, 07046 Porto Torres SS",https://www.mcdonalds.it/elenco-ristoranti,
792,McDonald's,Sardegna,Sassari,SS,Sassari,Burgers,EUR 10-20,3.6,"2,192",40.73792392,8.53503413,Shopping Mall,"Viale Porto Torres, 07100 Sassari SS",https://www.mcdonalds.it/elenco-ristoranti,
793,McDonald's,Sardegna,Sassari,SS,Sassari,Burgers,EUR 10-20,3.6,"1,385",40.72762901,8.54905643,Commercial Area,"Via Predda Niedda, 21, 07100 Sassari SS",https://www.mcdonalds.it/elenco-ristoranti,
794,Burger King,Campania,Napoli,NA,Casoria,Burgers,EUR 10-20,3.9,"3,511",40.89679250,14.31456270,Commercial Area,"2, Via San Silvestro, Casoria, Italy",https://www.burgerking.it/up/lista_ristoranti_bk_italia_1.pdf?,
795,Burger King,Veneto,Verona,VR,San Martino Buon Albergo,Burgers,EUR 10-20,3.9,"1,442",40.89679250,14.31456270,Shopping Mall,"1, Viale del Commercio, San Martino Buon Albergo, Italy",https://www.burgerking.it/up/lista_ristoranti_bk_italia_1.pdf?,
796,Burger King,Lazio,Roma,RM,Fiumicino,Burgers,NaN,4.1,"1,883",45.41269220,11.09454870,Shopping Mall,"Via Bramante, Fiumicino, Italy",https://www.burgerking.it/up/lista_ristoranti_bk_italia_1.pdf?,
797,Burger King,Lazio,Roma,RM,Roma,Burgers,EUR 10-20,3.9,"1,928",41.87206130,12.47980330,Commercial Area,"50, Via Ostiense, Roma, Italy",https://www.burgerking.it/up/lista_ristoranti_bk_italia_1.pdf?,
798,Burger King,Piemonte,Torino,TO,Torino,Burgers,EUR 10-20,3.8,"2,629",45.08735140,7.66809430,Commercial Area,"26, Via Treviso, Torino, Italy",https://www.burgerking.it/up/lista_ristoranti_bk_italia_1.pdf?,
799,Burger King,Abruzzo,Teramo,TE,Teramo,Burgers,EUR 10-20,3.7,"1,900",42.68238320,13.75995620,Commercial Area,"Strada Provinciale 18, Piano d'Accio, Italy",https://www.burgerking.it/up/lista_ristoranti_bk_italia_1.pdf?,
800,Burger King,Piemonte,Cuneo,CN,Mondovì,Burgers,EUR 10-20,4,722,44.41881420,7.85309720,City Center,"15, Piazza Cerea, Mondovì, Italy",https://www.burgerking.it/up/lista_ristoranti_bk_italia_1.pdf?,
801,Burger King,Campania,Napoli,NA,Giugliano in Campania,Burgers,EUR 10-20,4.4,"3,985",40.92337550,14.16977230,Commercial Area,"31, Via S. Francesco a Patria, Giugliano, Italy",https://www.burgerking.it/up/lista_ristoranti_bk_italia_1.pdf?,
802,Burger King,Friuli-Venezia Giulia,Udine,UD,Udine,Burgers,EUR 10-20,4,"2,034",46.09414470,13.23194630,Commercial Area,"155, Via Tricesimo, Udine, Italy",https://www.burgerking.it/up/lista_ristoranti_bk_italia_1.pdf?,
803,Burger King,Piemonte,Asti,AT,Asti,Burgers,EUR 10-20,4.1,"1,687",44.91485270,8.22698670,Commercial Area,"319, Corso Casale, Asti, Italy",https://www.burgerking.it/up/lista_ristoranti_bk_italia_1.pdf?,
806,Burger King,Emilia-Romagna,Rimini,RN,Rimini,Burgers,EUR 10-20,3.3,"2,185",44.06374200,12.57306770,Transport Hub,"8, Piazzale Cesare Battist, Rimini, Italy",https://www.burgerking.it/up/lista_ristoranti_bk_italia_1.pdf?,
807,Burger King,Puglia,Bari,BA,Bari,Burgers,EUR 10-20,3.9,"3,662",41.11921740,16.87049680,Transport Hub,"8, Piazza Aldo Moro, Bari, Italy",https://www.burgerking.it/up/lista_ristoranti_bk_italia_1.pdf?,
808,Burger King,Lazio,Roma,RM,Roma,Burgers,EUR 10-20,3,"5,678",41.89746390,12.48800990,City Center,"178, Via Nazionale, Roma, Italy",https://www.burgerking.it/up/lista_ristoranti_bk_italia_1.pdf?,
809,Burger King,Lazio,Roma,RM,Ostia,Burgers,EUR 10-20,4,"1,828",41.73179210,12.28373290,City Center,"1, Via Paolo Orlando, Ostia, Italy",https://www.burgerking.it/up/lista_ristoranti_bk_italia_1.pdf?,
810,Burger King,Lazio,Roma,RM,Roma,Burgers,EUR 10-20,3.9,"2,401",41.81602190,12.45530360,Commercial Area,"3, Via Paride stefanini, Roma, Italy",https://www.burgerking.it/up/lista_ristoranti_bk_italia_1.pdf?,
811,Burger King,Friuli-Venezia Giulia,Pordenone,PN,Pordenone,Burgers,EUR 10-20,4,"3,465",45.96834530,12.62918680,Commercial Area,"1, Via Chioggia, Pordenone, Italy",https://www.burgerking.it/up/lista_ristoranti_bk_italia_1.pdf?,
812,Burger King,Veneto,Vicenza,VI,Torri di Quartesolo,Burgers,EUR 10-20,3.9,"4,674",45.51125370,11.62460640,Commercial Area,"Via Brescia, Torri di Quartesolo, Italy",https://www.burgerking.it/up/lista_ristoranti_bk_italia_1.pdf?,
813,Burger King,Toscana,Prato,PO,Prato,Burgers,EUR 10-20,3.5,"1,244",43.87420550,11.06282440,Shopping Mall,"Via delle Pleiadi, Prato, Italy",https://www.burgerking.it/up/lista_ristoranti_bk_italia_1.pdf?,
814,Burger King,Lazio,Roma,RM,Roma,Burgers,EUR 10-20,4,"1,963",41.86923940,12.53857660,Commercial Area,"461, Via Tuscolana, Roma, Italy",https://www.burgerking.it/up/lista_ristoranti_bk_italia_1.pdf?,
815,Burger King,Lombardia,Milano,MI,Milano,Burgers,EUR 10-20,3.4,"4,717",45.48547440,9.20541210,Transport Hub,"1, Piazza Luigi di Savoia, Milano, Italy",https://www.burgerking.it/up/lista_ristoranti_bk_italia_1.pdf?,
816,Burger King,Sicilia,Palermo,PA,Palermo,Burgers,EUR 10-20,3.8,"2,049",38.14925850,13.32443280,Commercial Area,"Viale Regione Siciliana, Palermo, Italy",https://www.burgerking.it/up/lista_ristoranti_bk_italia_1.pdf?,
817,Burger King,Piemonte,Cuneo,CN,Alba,Burgers,EUR 10-20,4,"1,615",44.72070760,8.03787110,Commercial Area,"Corso Asti, Alba, Italy",https://www.burgerking.it/up/lista_ristoranti_bk_italia_1.pdf?,
818,Burger King,Marche,Pesaro e Urbino,PU,Pesaro,Burgers,EUR 10-20,4.1,"2,951",43.90641380,12.86505020,Commercial Area,"166, Via Y. A. Gagarin, Pesaro, Italy",https://www.burgerking.it/up/lista_ristoranti_bk_italia_1.pdf?,
819,Burger King,Friuli-Venezia Giulia,Trieste,TS,Trieste,Burgers,EUR 10-20,2.8,76,45.65168600,13.78074600,City Center,"25, Via XX Settembre, Trieste, Italy",https://www.burgerking.it/up/lista_ristoranti_bk_italia_1.pdf?,
820,Burger King,Piemonte,Novara,NO,Castelletto Sopra Ticino,Burgers,EUR 10-20,4,"1,811",45.71906420,8.59543750,Service Area,"SS Sempione 185, Castelletto Ticino, Italy",https://www.burgerking.it/up/lista_ristoranti_bk_italia_1.pdf?,
821,Burger King,Lombardia,Brescia,BS,Castenedolo,Burgers,EUR 10-20,4.1,"3,771",45.45598830,10.32288830,Commercial Area,"3, Via Vulcania, Castenedolo, Italy",https://www.burgerking.it/up/lista_ristoranti_bk_italia_1.pdf?,
822,Burger King,Lazio,Roma,RM,Roma,Burgers,EUR 10-20,3.9,"1,307",41.81668020,12.45819820,Commercial Area,"Via dell'Oceano Pacifico, Roma",https://www.burgerking.it/up/lista_ristoranti_bk_italia_1.pdf?,
823,Burger King,Lazio,Roma,RM,Roma,Burgers,EUR 10-20,4.1,"2,749",41.90822240,12.54024940,Commercial Area,"474, Via Tiburtina, Roma, Italy",https://www.burgerking.it/up/lista_ristoranti_bk_italia_1.pdf?,
824,Burger King,Emilia-Romagna,Bologna,BO,Bologna,Burgers,EUR 10-20,3.6,"3,251",44.49544600,11.33843700,City Center,"10, Via Ugo Bassi, Bologna, Italy",https://www.burgerking.it/up/lista_ristoranti_bk_italia_1.pdf?,
825,Burger King,Liguria,Imperia,IM,Imperia,Burgers,EUR 10-20,4,"2,014",43.87923130,8.00546730,Commercial Area,Via Giuseppe Airenti 5 7 Porto Mauricio Zona Caramagna Imperia,https://www.burgerking.it/up/lista_ristoranti_bk_italia_1.pdf?,
826,Burger King,Piemonte,Alessandria,AL,Casale Monferrato,Burgers,EUR 10-20,4,"1,659",45.12240800,8.46360700,Commercial Area,"7, Via Madre Teresa di Calcutta, Casale Monferrato, Italy",https://www.burgerking.it/up/lista_ristoranti_bk_italia_1.pdf?,
827,Burger King,Veneto,Venezia,VE,Jesolo,Burgers,EUR 10-20,3.6,"2,384",45.50628270,12.63323370,City Center,"Via XIII Martiri, Jesolo, Italy",https://www.burgerking.it/up/lista_ristoranti_bk_italia_1.pdf?,
828,Burger King,Emilia-Romagna,Bologna,BO,Bologna,Burgers,EUR 10-20,3.5,"2,771",44.52893540,11.33590430,Commercial Area,"7, Via Cristoforo Colombo, Bologna, Italy",https://www.burgerking.it/up/lista_ristoranti_bk_italia_1.pdf?,
829,Burger King,Lombardia,Monza e della Brianza,MB,Lentate sul Seveso,Burgers,EUR 10-20,4.1,"3,036",45.69225620,9.10282870,Commercial Area,"Via Nazionale dei Giovi, Lentate sul Seveso, Italy",https://www.burgerking.it/up/lista_ristoranti_bk_italia_1.pdf?,
830,Burger King,Abruzzo,Chieti,CH,Chieti,Burgers,EUR 10-20,4,"2,085",42.34467900,14.12832500,Shopping Mall,Via Tirino - Loc. Santa Filomena,https://www.burgerking.it/up/lista_ristoranti_bk_italia_1.pdf?,
832,Burger King,Lombardia,Monza e della Brianza,MB,Busnago,Burgers,EUR 10-20,4.2,"1,985",45.62164640,9.47427090,Shopping Mall,"197, Via Italia, Busnago, Italy",https://www.burgerking.it/up/lista_ristoranti_bk_italia_1.pdf?,
833,Burger King,Lombardia,Monza e della Brianza,MB,Seregno,Burgers,EUR 10-20,4,"3,412",45.66258740,9.21669920,Commercial Area,"75, Via Briantina, Seregno, Italy",https://www.burgerking.it/up/lista_ristoranti_bk_italia_1.pdf?,
834,Burger King,Piemonte,Torino,TO,Moncalieri,Burgers,EUR 10-20,3.9,"3,364",45.00484800,7.67265960,City Center,"13, Corso Roma, Moncalieri, Italy",https://www.burgerking.it/up/lista_ristoranti_bk_italia_1.pdf?,
835,Burger King,Veneto,Venezia,VE,Portogruaro,Burgers,EUR 10-20,3.9,"1,287",45.79141060,12.81698480,Commercial Area,"29, Via Prati Guori, Portogruaro, Italy",https://www.burgerking.it/up/lista_ristoranti_bk_italia_1.pdf?,
836,Burger King,Lazio,Roma,RM,Roma,Burgers,EUR 10-20,3.6,512,41.71394980,12.44572910,Shopping Mall,"64, Ponte di Piscina Cupa, Roma, Italy",https://www.burgerking.it/up/lista_ristoranti_bk_italia_1.pdf?,
837,Burger King,Sicilia,Agrigento,AG,Agrigento,Burgers,EUR 10-20,3.7,"1,258",37.29872940,13.55315840,Shopping Mall,"Via Fosse Ardeatine, Villaseta, Italy",https://www.burgerking.it/up/lista_ristoranti_bk_italia_1.pdf?,
838,Burger King,Lazio,Roma,RM,Roma,Burgers,EUR 10-20,4,"2,127",41.76328560,12.36060480,Residential Area,"134, Via di Macchia Saponara, Roma, Italy",https://www.burgerking.it/up/lista_ristoranti_bk_italia_1.pdf?,
839,Burger King,Veneto,Verona,VR,Verona,Burgers,EUR 10-20,3.8,906,45.43547820,10.99205380,City Center,"10, Via Carlo Montanari, Verona, Italy",https://www.burgerking.it/up/lista_ristoranti_bk_italia_1.pdf?,
840,Burger King,Veneto,Verona,VR,Bussolengo,Burgers,EUR 10-20,4.1,"3,471",45.47352220,10.84120840,Commercial Area,"20, Via Guglielmo Marconi, Bussolengo, Italy",https://www.burgerking.it/up/lista_ristoranti_bk_italia_1.pdf?,
841,Burger King,Lazio,Roma,RM,Guidonia Montecelio,Burgers,EUR 10-20,4.3,"2,199",41.95405940,12.69601820,Shopping Mall,"c/o Tiburtino Shopping Center, km 20, Via Tiburtina, Guidonia, Italy",https://www.burgerking.it/up/lista_ristoranti_bk_italia_1.pdf?,
842,Burger King,Piemonte,Alessandria,AL,Alessandria,Burgers,EUR 10-20,3.9,"2,301",44.92079040,8.59485940,Commercial Area,"69/B, Via Giordano Bruno, Alessandria, Italy",https://www.burgerking.it/up/lista_ristoranti_bk_italia_1.pdf?,
843,Burger King,Marche,Pesaro e Urbino,PU,Fano,Burgers,EUR 10-20,3.2,"2,207",43.80164210,13.01579250,Commercial Area,"1, Via Einaudi, Fano, Italy",https://www.burgerking.it/up/lista_ristoranti_bk_italia_1.pdf?,
844,Burger King,Lombardia,Monza e della Brianza,MB,Monza,Burgers,EUR 10-20,3.6,"2,007",45.58583120,9.31144250,Shopping Mall,"c/o Iper La Grande, 98, Via della Guerrina, Monza, Italy",https://www.burgerking.it/up/lista_ristoranti_bk_italia_1.pdf?,
845,Burger King,Lombardia,Bergamo,BG,Brembate,Burgers,EUR 10-20,4.2,"3,371",45.60722160,9.54391860,Shopping Mall,"c/o Iper Brembate, Via Vittorio Veneto 56 Brembate",https://www.burgerking.it/up/lista_ristoranti_bk_italia_1.pdf?,
846,Burger King,Veneto,Venezia,VE,Venezia,Burgers,EUR 10-20,3.5,"2,310",45.44073770,12.32290460,City Center,Venezia Canal Grande Fondamenta San Simeon Piccolo Santa Venezia,https://www.burgerking.it/up/lista_ristoranti_bk_italia_1.pdf?,
847,Burger King,Piemonte,Torino,TO,Settimo Torinese,Burgers,EUR 10-20,3.9,"3,596",45.13644440,7.73512870,Commercial Area,"Settimo Torinese, Settimo Cielo Park Umberto Giordano 12 Settimo Milanese",https://www.burgerking.it/up/lista_ristoranti_bk_italia_1.pdf?,
848,Burger King,Campania,Caserta,CE,San Nicola la Strada,Burgers,EUR 10-20,3.8,"2,261",41.04605600,14.32413270,Commercial Area,"156, Via Carlo Terno, San Nicola La Strada, Italy",https://www.burgerking.it/up/lista_ristoranti_bk_italia_1.pdf?,
849,Burger King,Veneto,Venezia,VE,Mestre,Burgers,EUR 10-20,4,"3,886",45.51769810,12.23756500,Commercial Area,"23, Via del Terraglio, Mestre, Italy",https://www.burgerking.it/up/lista_ristoranti_bk_italia_1.pdf?,
850,Burger King,Lombardia,Monza e della Brianza,MB,Varedo,Burgers,EUR 10-20,4,"4,611",45.59665100,9.17013900,Commercial Area,"41, Via Vittorio Emanuele Orlando, Varedo, Italy",https://www.burgerking.it/up/lista_ristoranti_bk_italia_1.pdf?,
852,Burger King,Lazio,Roma,RM,Roma,Burgers,EUR 10-20,4,"1,805",41.95774100,12.54836620,Shopping Mall,"98, Via D. Niccodemi, Roma, Italy",https://www.burgerking.it/up/lista_ristoranti_bk_italia_1.pdf?,
853,Burger King,Abruzzo,Pescara,PE,Montesilvano,Burgers,EUR 10-20,3.9,"2,059",42.49564780,14.17584520,City Center,"351, Corso Umberto 1°, Montesilvano, Italy",https://www.burgerking.it/up/lista_ristoranti_bk_italia_1.pdf?,
854,Burger King,Lombardia,Varese,VA,Caronno Pertusella,Burgers,EUR 10-20,4,"3,261",45.59062550,9.05088540,Commercial Area,"1000, Viale Cinque Giornate, Caronno Pertusella, Italy",https://www.burgerking.it/up/lista_ristoranti_bk_italia_1.pdf?,
855,Burger King,Lombardia,Brescia,BS,Manerba del Garda,Burgers,EUR 10-20,4.1,"2,384",45.53885850,10.53108940,Commercial Area,"Via Trevisago snc, Manerba del Garda, Italy",https://www.burgerking.it/up/lista_ristoranti_bk_italia_1.pdf?,
856,Burger King,Campania,Napoli,NA,Napoli,Burgers,EUR 10-20,3.3,"2,905",40.84432720,14.24972310,City Center,"26, Piazza Carita, Napoli, Italy",https://www.burgerking.it/up/lista_ristoranti_bk_italia_1.pdf?,
857,Burger King,Lazio,Roma,RM,Genzano di Roma,Burgers,EUR 10-20,3.9,"1,590",41.70425690,12.68689970,Commercial Area,"Via Riccardo Lombardi, Genzano di Roma, Italy",https://www.burgerking.it/up/lista_ristoranti_bk_italia_1.pdf?,
858,Burger King,Umbria,Perugia,PG,Corciano,Burgers,EUR 10-20,3.8,"2,057",43.09787260,12.30807280,Shopping Mall,"Via Aldo Capitini, Corciano, Italy",https://www.burgerking.it/up/lista_ristoranti_bk_italia_1.pdf?,
859,Burger King,Lazio,Roma,RM,Roma,Burgers,EUR 10-20,4,"2,253",41.86136560,12.46405770,Commercial Area,"9, Piazza Meucci, Roma, Italy",https://www.burgerking.it/up/lista_ristoranti_bk_italia_1.pdf?,
860,Burger King,Lazio,Latina,LT,Aprilia,Burgers,EUR 1-10,4.1,609,41.59313330,12.62757880,Commercial Area,"2, Via Riserva Nuova, Aprilia2, Aprilia, Italy",https://www.burgerking.it/up/lista_ristoranti_bk_italia_1.pdf?,
861,Burger King,Campania,Salerno,SA,Salerno,Burgers,EUR 10-20,3.5,"1,216",43.55010990,13.51084230,City Center,Corso Vittorio Emanuele,https://www.burgerking.it/up/lista_ristoranti_bk_italia_1.pdf?,
862,Burger King,Veneto,Verona,VR,Verona,Burgers,EUR 10-20,4.1,"1,654",45.46685020,10.95708710,Commercial Area,"42, Via Preare, Parona, Italy",https://www.burgerking.it/up/lista_ristoranti_bk_italia_1.pdf?,
863,Burger King,Lombardia,Lecco,LC,Lecco,Burgers,EUR 10-20,3.9,"2,012",45.85431730,9.39858210,Shopping Mall,"10, Largo Caleotto, Lecco, Italy",https://www.burgerking.it/up/lista_ristoranti_bk_italia_1.pdf?,
864,Burger King,Lombardia,Pavia,PV,San Martino Siccomario,Burgers,EUR 10-20,3.9,"3,219",45.16082660,9.13155980,Commercial Area,"26, Via Turati, San Martino Siccomario, Italy",https://www.burgerking.it/up/lista_ristoranti_bk_italia_1.pdf?,
865,Burger King,Emilia-Romagna,Modena,MO,Modena,Burgers,EUR 10-20,3.4,"2,639",44.65367030,10.90985260,Commercial Area,"346, Via Emilia Ovest, Modena, Italy",https://www.burgerking.it/up/lista_ristoranti_bk_italia_1.pdf?,
866,Burger King,Lombardia,Bergamo,BG,Mapello,Burgers,EUR 10-20,4,"2,975",45.71418190,9.56126110,Shopping Mall,"c/o Centro Commerciale Continente, 4,Via Str. Regia, Mapello, Italy",https://www.burgerking.it/up/lista_ristoranti_bk_italia_1.pdf?,
867,Burger King,Lazio,Roma,RM,Roma,Burgers,EUR 10-20,3.9,"3,417",41.92901260,12.42666050,Commercial Area,"213, Via della Pineta Sacchetti, Roma, Italy",https://www.burgerking.it/up/lista_ristoranti_bk_italia_1.pdf?,
868,Burger King,Lombardia,Brescia,BS,Rovato,Burgers,EUR 10-20,4.1,"3,237",45.57743920,10.00996600,Commercial Area,"11, Via del Commercio, Rovato, Italy",https://www.burgerking.it/up/lista_ristoranti_bk_italia_1.pdf?,
869,Burger King,Lombardia,Milano,MI,Cologno Monzese,Burgers,EUR 10-20,3.7,"2,281",45.53460170,9.28660860,Commercial Area,"Via Pasubio ang. Via Treviso, Cologno, Italy",https://www.burgerking.it/up/lista_ristoranti_bk_italia_1.pdf?,
870,Burger King,Piemonte,Novara,NO,Trecate,Burgers,EUR 10-20,3.8,"2,743",45.43371810,8.71283710,Commercial Area,"133, Via Novara, Trecate, Italy",https://www.burgerking.it/up/lista_ristoranti_bk_italia_1.pdf?,
871,Burger King,Piemonte,Cuneo,CN,Borgo San Dalmazzo,Burgers,EUR 10-20,3.9,"3,273",44.34721820,7.50583600,Commercial Area,"78, Via Cuneo, Borgo San Dalmazzo, Italy",https://www.burgerking.it/up/lista_ristoranti_bk_italia_1.pdf?,
872,Burger King,Veneto,Treviso,TV,Silea,Burgers,EUR 10-20,3.8,"4,187",45.64839540,12.31141770,Commercial Area,"Via Strada della Serenissima, Silea, Italy",https://www.burgerking.it/up/lista_ristoranti_bk_italia_1.pdf?,
873,Burger King,Friuli-Venezia Giulia,Udine,UD,Martignacco,Burgers,EUR 10-20,4.2,"1,188",46.08571250,13.17981630,Shopping Mall,"4, Via Antonio Bardelli, Torreano di Martignacco, Italy",https://www.burgerking.it/up/lista_ristoranti_bk_italia_1.pdf?,
874,Burger King,Lombardia,Brescia,BS,Rezzato,Burgers,EUR 10-20,3.8,"3,566",45.50889850,10.32380590,Commercial Area,"70, Via Giuseppe Garibaldi, Rezzato, Italy",https://www.burgerking.it/up/lista_ristoranti_bk_italia_1.pdf?,
875,Burger King,Trentino-Alto Adige,Trento,TN,Trento,Burgers,EUR 10-20,3.4,"4,893",46.08605320,11.11802630,Commercial Area,"111, Viale Brennero, Trento, Italy",https://www.burgerking.it/up/lista_ristoranti_bk_italia_1.pdf?,
876,Burger King,Veneto,Verona,VR,San Giovanni Lupatoto,Burgers,EUR 10-20,4.1,"3,068",45.39352550,11.03189400,Commercial Area,"240, Via Garofoli, San Giovanni Lupatoto, Italy",https://www.burgerking.it/up/lista_ristoranti_bk_italia_1.pdf?,
877,Burger King,Lombardia,Milano,MI,Pogliano Milanese,Burgers,EUR 10-20,3.7,"3,666",45.54248120,9.01031880,Service Area,"SS 33 del Sempione, Pogliano Milanese, Italy",https://www.burgerking.it/up/lista_ristoranti_bk_italia_1.pdf?,
878,Burger King,Marche,Ascoli Piceno,AP,Ascoli Piceno,Burgers,EUR 10-20,4.1,"1,900",42.84470350,13.62332830,Commercial Area,"2, Via del Commercio, Ascoli Piceno, Italy",https://www.burgerking.it/up/lista_ristoranti_bk_italia_1.pdf?,
879,Burger King,Lombardia,Bergamo,BG,Caravaggio,Burgers,EUR 10-20,3.7,"2,740",45.50225670,9.63002270,Commercial Area,"8, Via Treviglio, Caravaggio, Italy",https://www.burgerking.it/up/lista_ristoranti_bk_italia_1.pdf?,
880,Burger King,Emilia-Romagna,Bologna,BO,Castenaso,Burgers,EUR 10-20,3.8,"2,722",44.49110820,11.42320400,Commercial Area,"28, Via Villanova, Castenaso, Italy",https://www.burgerking.it/up/lista_ristoranti_bk_italia_1.pdf?,
881,Burger King,Lombardia,Mantova,MN,San Giorgio di Mantova,Burgers,EUR 10-20,4.1,"3,257",45.16670460,10.85070580,Commercial Area,"Via del Commercio, San Giorgio di Mantova, Italy",https://www.burgerking.it/up/lista_ristoranti_bk_italia_1.pdf?,
882,Burger King,Emilia-Romagna,Piacenza,PC,Piacenza,Burgers,EUR 10-20,3.7,"2,940",45.05484840,9.70317260,Commercial Area,"25, Viale Sant'Ambrogio, Piacenza, Italy",https://www.burgerking.it/up/lista_ristoranti_bk_italia_1.pdf?,
883,Burger King,Veneto,Rovigo,RO,Rovigo,Burgers,EUR 10-20,3.8,"3,096",45.03359240,11.77718510,Commercial Area,"Viale della Cooperazione 2, Rovigo (RO))",https://www.burgerking.it/up/lista_ristoranti_bk_italia_1.pdf?,
884,Burger King,Lombardia,Brescia,BS,Palazzolo sull'Oglio,Burgers,EUR 10-20,4.2,"3,377",45.58982130,9.89644600,Commercial Area,"Via Europa, Palazzolo, Italy",https://www.burgerking.it/up/lista_ristoranti_bk_italia_1.pdf?,
885,Burger King,Lazio,Latina,LT,Campoverde,Burgers,EUR 10-20,3.9,"2,142",41.53748210,12.73181590,Service Area,"km 56, SS 148 Pontina, Campoverde, Italy",https://www.burgerking.it/up/lista_ristoranti_bk_italia_1.pdf?,
886,Burger King,Lazio,Roma,RM,Roma,Burgers,EUR 10-20,4.1,"4,101",41.89422980,12.59289450,Commercial Area,"909, Via Prenestina, Roma, Italy",https://www.burgerking.it/up/lista_ristoranti_bk_italia_1.pdf?,
887,Burger King,Lombardia,Milano,MI,San Giuliano Milanese,Burgers,EUR 10-20,3.8,"4,057",45.39095990,9.25847940,Commercial Area,"Via Po, ang. Via Volturno, San Giuliano Milanese (MI)",https://www.burgerking.it/up/lista_ristoranti_bk_italia_1.pdf?,
888,Burger King,Lazio,Roma,RM,Valmontone,Burgers,EUR 10-20,3.8,"2,305",41.76242770,12.95593230,Shopping Mall,"Viale della Pace, Valmontone, Italy",https://www.burgerking.it/up/lista_ristoranti_bk_italia_1.pdf?,
889,Burger King,Lazio,Roma,RM,Roma,Burgers,EUR 10-20,4.1,"2,285",41.88397840,12.56659640,Commercial Area,"169, Via dei Castani, Roma, Italia",https://www.burgerking.it/up/lista_ristoranti_bk_italia_1.pdf?,
890,Burger King,Lombardia,Milano,MI,Cerro Maggiore,Burgers,EUR 10-20,3.8,"3,336",45.60053060,8.94502390,Commercial Area,"81,Via Filippo Turati, Cerro Maggiore, Italy",https://www.burgerking.it/up/lista_ristoranti_bk_italia_1.pdf?,
891,Burger King,Veneto,Vicenza,VI,Thiene,Burgers,EUR 10-20,3.7,"2,727",45.68885920,11.48418640,Commercial Area,"snc, Via dei Mestieri, Thiene, Italy",https://www.burgerking.it/up/lista_ristoranti_bk_italia_1.pdf?,
893,Burger King,Lombardia,Monza e della Brianza,MB,Verano Brianza,Burgers,EUR 10-20,3.8,"3,488",45.67572110,9.21198230,Commercial Area,"Via Comasina, Verano Brianza, Italy",https://www.burgerking.it/up/lista_ristoranti_bk_italia_1.pdf?,
894,Burger King,Campania,Napoli,NA,Napoli,Burgers,EUR 10-20,3.4,"1,412",40.85342150,14.27179760,Transport Hub,"Piazza Giuseppe Garibaldi, Napoli, Italy",https://www.burgerking.it/up/lista_ristoranti_bk_italia_1.pdf?,
895,Burger King,Emilia-Romagna,Bologna,BO,Bologna,Burgers,EUR 10-20,3.5,"2,786",44.50525950,11.34389020,Transport Hub,"Piazza delle Medaglie d'Oro, Bologna",https://www.burgerking.it/up/lista_ristoranti_bk_italia_1.pdf?,
896,Burger King,Veneto,Padova,PD,Piove di Sacco,Burgers,EUR 10-20,3.9,"2,924",45.30326690,12.02020970,Commercial Area,"18, Via Adige, Piove di Sacco (PD)",https://www.burgerking.it/up/lista_ristoranti_bk_italia_1.pdf?,
897,Burger King,Lombardia,Milano,MI,Milano,Burgers,EUR 10-20,3.7,"3,697",45.46489580,9.19034340,City Center,"1, Via Ugo Foscolo, Milano, Italy",https://www.burgerking.it/up/lista_ristoranti_bk_italia_1.pdf?,
898,Burger King,Piemonte,Biella,BI,Biella,Burgers,EUR 10-20,3.8,"2,055",45.54782010,8.07788470,Shopping Mall,"3b, Viale Domenico Modugno, Biella, Italy",https://www.burgerking.it/up/lista_ristoranti_bk_italia_1.pdf?,
899,Burger King,Lombardia,Milano,MI,Rozzano,Burgers,EUR 10-20,3.8,"2,681",45.38279880,9.16942180,Commercial Area,"Via Grandi, Rozzano, Italy",https://www.burgerking.it/up/lista_ristoranti_bk_italia_1.pdf?,
900,Burger King,Veneto,Verona,VR,Legnago,Burgers,EUR 10-20,3.8,"3,260",45.18528740,11.26050940,Commercial Area,"28, Viale Europa, Legnago, Italy",https://www.burgerking.it/up/lista_ristoranti_bk_italia_1.pdf?,
901,Burger King,Lombardia,Milano,MI,Peschiera Borromeo,Burgers,EUR 10-20,4,"1,326",45.42313050,9.29373790,Commercial Area,"8, Via della Liberazione, Peschiera Borromeo, Italy",https://www.burgerking.it/up/lista_ristoranti_bk_italia_1.pdf?,
902,Burger King,Veneto,Verona,VR,Verona,Burgers,EUR 10-20,3.2,"2,320",45.42903590,10.98156150,Transport Hub,"4, Piazzale XXV Aprile, Italy",https://www.burgerking.it/up/lista_ristoranti_bk_italia_1.pdf?,
903,Burger King,Abruzzo,L'Aquila,AQ,L'Aquila,Burgers,EUR 10-20,3.9,"1,671",42.34836570,13.35160350,Shopping Mall,"CC. L'Aquilone - Loc. Campo Di Pile, L'Aquila, Italy",https://www.burgerking.it/up/lista_ristoranti_bk_italia_1.pdf?,
904,Burger King,Lombardia,Brescia,BS,Castel Mella,Burgers,EUR 10-20,4,"2,797",45.51524440,10.13805820,Commercial Area,"Via Renolda, Castel Mella, Italy",https://www.burgerking.it/up/lista_ristoranti_bk_italia_1.pdf?,
905,Burger King,Veneto,Treviso,TV,San Fior,Burgers,EUR 10-20,3.8,"3,476",45.90774130,12.33884780,Commercial Area,"75, Via Nazionale, San Fior, Italy",https://www.burgerking.it/up/lista_ristoranti_bk_italia_1.pdf?,
906,Burger King,Liguria,Savona,SV,Savona,Burgers,EUR 10-20,3.6,"1,422",44.30071920,8.47636620,Shopping Mall,"Corso Vittorio Veneto, Savona, Italy",https://www.burgerking.it/up/lista_ristoranti_bk_italia_1.pdf?,
907,Burger King,Lombardia,Lodi,LO,Casalpusterlengo,Burgers,EUR 10-20,3.8,"1,822",45.17710600,9.63256290,Commercial Area,"77, Via Amendola, Casalpusterlengo, Italy",https://www.burgerking.it/up/lista_ristoranti_bk_italia_1.pdf?,
908,Burger King,Sicilia,Messina,ME,Messina,Burgers,EUR 10-20,4,"1,388",38.19399140,15.55391960,City Center,"Piazza Antonello, Messina, Italy",https://www.burgerking.it/up/lista_ristoranti_bk_italia_1.pdf?,
909,Burger King,Piemonte,Torino,TO,Nichelino,Burgers,EUR 10-20,3.9,"2,569",45.00541420,7.62268110,Commercial Area,"Viale Cibrario snc, Nichelino, Italy",https://www.burgerking.it/up/lista_ristoranti_bk_italia_1.pdf?,
910,Burger King,Lazio,Latina,LT,Terracina,Burgers,EUR 10-20,3.8,"1,751",41.28828010,13.21629260,Service Area,"SS 148, Terracina, Italy",https://www.burgerking.it/up/lista_ristoranti_bk_italia_1.pdf?,
911,Burger King,Veneto,Vicenza,VI,Bassano del Grappa,Burgers,EUR 10-20,3.8,"3,166",45.74411110,11.73915000,Commercial Area,"213, Via Ca' Dolfin, Bassano del Grappa, Italy",https://www.burgerking.it/up/lista_ristoranti_bk_italia_1.pdf?,
912,Burger King,Lazio,Roma,RM,Roma,Burgers,EUR 10-20,4.3,"3,645",41.85786710,12.59304970,Commercial Area,"Via del Fosso di Santa Maura, Roma, Italy",https://www.burgerking.it/up/lista_ristoranti_bk_italia_1.pdf?,
913,Burger King,Emilia-Romagna,Ferrara,FE,Ferrara,Burgers,EUR 10-20,3.8,"3,494",44.81690530,11.60731200,Commercial Area,"Via Richard Wagner, Ferrara, Italy",https://www.burgerking.it/up/lista_ristoranti_bk_italia_1.pdf?,
914,Burger King,Lombardia,Brescia,BS,Brescia,Burgers,EUR 10-20,3.9,"5,429",45.55810590,10.22754800,Transport Hub,"Piazzale Francesco Roncalli, Brescia, Italy",https://www.burgerking.it/up/lista_ristoranti_bk_italia_1.pdf?,
915,Burger King,Veneto,Venezia,VE,Venezia,Burgers,EUR 10-20,3.5,"4,169",45.43929270,12.33704120,City Center,"Salizada S. Giovanni Grisostomo, Venezia, Italy",https://www.burgerking.it/up/lista_ristoranti_bk_italia_1.pdf?,
916,Burger King,Lombardia,Lodi,LO,Zelo Buon Persico,Burgers,EUR 10-20,3.7,"1,852",45.48835860,9.19506210,Commercial Area,strada Paullese SP415,https://www.burgerking.it/up/lista_ristoranti_bk_italia_1.pdf?,
917,Burger King,Emilia-Romagna,Parma,PR,Parma,Burgers,EUR 10-20,3.8,"2,642",44.78102630,10.34242810,Commercial Area,"Via Traversetolo, Parma, Italy",https://www.burgerking.it/up/lista_ristoranti_bk_italia_1.pdf?,
918,Burger King,Lombardia,Brescia,BS,Concesio,Burgers,EUR 10-20,4.1,"2,403",45.60919950,10.20770260,Commercial Area,"6, Via Mazzini, Concesio, Italy",https://www.burgerking.it/up/lista_ristoranti_bk_italia_1.pdf?,
919,Burger King,Toscana,Siena,SI,Siena,Burgers,EUR 10-20,4.2,"2,539",43.31729310,11.35379650,Service Area,"Viale Toselli, Siena, Italy",https://www.burgerking.it/up/lista_ristoranti_bk_italia_1.pdf?,
920,Burger King,Marche,Ancona,AN,Ancona,Burgers,EUR 10-20,3.6,"2,660",43.55010990,13.51084230,Commercial Area,"Via Albertini, Ancona, Italy",https://www.burgerking.it/up/lista_ristoranti_bk_italia_1.pdf?,
921,Burger King,Piemonte,Alessandria,AL,Novi Ligure,Burgers,EUR 10-20,4,"2,185",44.73618750,8.83053960,Shopping Mall,"Strada Serravalle n°189, Novi",https://www.burgerking.it/up/lista_ristoranti_bk_italia_1.pdf?,
922,Burger King,Liguria,Genova,GE,Genova,Burgers,EUR 10-20,3.4,"1,999",44.41213090,8.92641890,City Center,Molo Ponte Morosini 1,https://www.burgerking.it/up/lista_ristoranti_bk_italia_1.pdf?,
923,Burger King,Lombardia,Milano,MI,Lacchiarella,Burgers,EUR 10-20,3.8,"1,778",45.32655680,9.13531630,Commercial Area,"SP40, Lacchiarella, Italy",https://www.burgerking.it/up/lista_ristoranti_bk_italia_1.pdf?,
924,Burger King,Emilia-Romagna,Modena,MO,Carpi,Burgers,EUR 10-20,3.7,"2,679",44.77473000,10.86184000,Commercial Area,"Via Parmenide, Carpi, Italy",https://www.burgerking.it/up/lista_ristoranti_bk_italia_1.pdf?,
925,Burger King,Campania,Napoli,NA,Napoli,Burgers,EUR 10-20,3.9,"1,404",40.83625070,14.19145720,Residential Area,"249/251, Cupa Nuova Cintia, Napoli, Italy",https://www.burgerking.it/up/lista_ristoranti_bk_italia_1.pdf?,
926,Burger King,Emilia-Romagna,Reggio Emilia,RE,Reggio Emilia,Burgers,EUR 10-20,3.9,"3,856",44.72211290,10.62224980,Commercial Area,"Via dei Gonzaga, Reggio Emilia",https://www.burgerking.it/up/lista_ristoranti_bk_italia_1.pdf?,
927,Burger King,Abruzzo,Pescara,PE,Città Sant'Angelo,Burgers,EUR 10-20,4.4,298,42.51877520,14.13055570,Shopping Mall,"140, Via Petruzzi, Città Sant'Angelo, Italy",https://www.burgerking.it/up/lista_ristoranti_bk_italia_1.pdf?,
928,Burger King,Sardegna,Cagliari,CA,Cagliari,Burgers,EUR 10-20,4,"4,194",39.23819220,9.12386960,Shopping Mall,"Via Calamattia 7, Cagliari, Italy",https://www.burgerking.it/up/lista_ristoranti_bk_italia_1.pdf?,
929,Burger King,Lombardia,Pavia,PV,Voghera,Burgers,EUR 10-20,4.1,"2,201",44.99633400,9.06219860,Commercial Area,"Via Piacenza snc, Voghera, Italy",https://www.burgerking.it/up/lista_ristoranti_bk_italia_1.pdf?,
930,Burger King,Emilia-Romagna,Bologna,BO,San Lazzaro di Savena,Burgers,EUR 10-20,3.9,"1,800",44.46841390,11.41521060,Commercial Area,via Emilia 253,https://www.burgerking.it/up/lista_ristoranti_bk_italia_1.pdf?,
931,Burger King,Lazio,Viterbo,VT,Viterbo,Burgers,EUR 10-20,4.5,"3,611",41.98102350,12.41690240,Commercial Area,"Via Cassia, Viterbo, Italy",https://www.burgerking.it/up/lista_ristoranti_bk_italia_1.pdf?,
932,Burger King,Lombardia,Cremona,CR,Cremona,Burgers,EUR 10-20,3.8,"1,763",45.14226530,10.06182380,Commercial Area,"Via Mantova, Cremona, Italy",https://www.burgerking.it/up/lista_ristoranti_bk_italia_1.pdf?,
933,Burger King,Campania,Caserta,CE,Marcianise,Burgers,EUR 10-20,3.6,"1,145",41.00826420,14.32259500,Shopping Mall,"S.P. 336 Sannitica, Marcianise,Italy",https://www.burgerking.it/up/lista_ristoranti_bk_italia_1.pdf?,
934,Burger King,Piemonte,Torino,TO,Torino,Burgers,EUR 10-20,3.5,"1,322",45.08871370,7.68970170,Commercial Area,"Corso Novara, 5, 10154 Torino TO",https://www.burgerking.it/up/lista_ristoranti_bk_italia_1.pdf?,
935,Burger King,Piemonte,Torino,TO,Caselle Torinese,Burgers,EUR 10-20,4.1,"2,275",45.18908070,7.63663360,Transport Hub,via della Zecca 13,https://www.burgerking.it/up/lista_ristoranti_bk_italia_1.pdf?,
936,Burger King,Lazio,Roma,RM,Roma,Burgers,EUR 10-20,4.3,"2,590",41.86312130,12.62764190,Commercial Area,"Via Casilina 1519, Roma, Italy",https://www.burgerking.it/up/lista_ristoranti_bk_italia_1.pdf?,
937,Burger King,Lombardia,Monza e della Brianza,MB,Monza,Burgers,EUR 1-10,3.9,891,45.59011490,9.24924800,Shopping Mall,"c/o Centro Commerciale MONZA AUCHAN, Via Lario 17, Monza (MB) 20900",https://www.burgerking.it/up/lista_ristoranti_bk_italia_1.pdf?,
938,Burger King,Friuli-Venezia Giulia,Gorizia,GO,Monfalcone,Burgers,EUR 10-20,4.1,866,45.81744050,13.51105150,Shopping Mall,via F. Pocar 1 CC Belforte,https://www.burgerking.it/up/lista_ristoranti_bk_italia_1.pdf?,
939,Burger King,Lombardia,Brescia,BS,Lonato del Garda,Burgers,EUR 10-20,4.2,"2,463",45.43106160,10.51853480,Commercial Area,"SS 567, Lonato del Garda, Italy",https://www.burgerking.it/up/lista_ristoranti_bk_italia_1.pdf?,
940,Burger King,Piemonte,Alessandria,AL,Alessandria,Burgers,EUR 10-20,3.9,452,44.90184800,8.63401510,Shopping Mall,"Corso Giuseppe Romita, 38, 15121 Alessandria AL",https://www.burgerking.it/up/lista_ristoranti_bk_italia_1.pdf?,
941,Burger King,Emilia-Romagna,Ravenna,RA,Ravenna,Burgers,EUR 10-20,3.8,"2,916",44.42361080,12.16777500,Commercial Area,Via Faentina 158-160,https://www.burgerking.it/up/lista_ristoranti_bk_italia_1.pdf?,
942,Burger King,Emilia-Romagna,Rimini,RN,Riccione,Burgers,EUR 10-20,3.9,"2,047",43.99598690,12.64569370,Commercial Area,"8, Via Fiesole, Riccione, Italy",https://www.burgerking.it/up/lista_ristoranti_bk_italia_1.pdf?,
943,Burger King,Lombardia,Bergamo,BG,Dalmine,Burgers,EUR 10-20,3.7,"2,356",45.64070020,9.61287420,Commercial Area,Via Roma 2a - Dalmine (BG) 24044,https://www.burgerking.it/up/lista_ristoranti_bk_italia_1.pdf?,
944,Burger King,Lombardia,Brescia,BS,Capriolo,Burgers,EUR 10-20,4.3,"3,040",45.64561720,9.93739400,Commercial Area,"Capriolo, via Bromela 34",https://www.burgerking.it/up/lista_ristoranti_bk_italia_1.pdf?,
945,Burger King,Lombardia,Bergamo,BG,Orio al Serio,Burgers,EUR 10-20,3.8,"1,990",45.66207780,9.69594850,Shopping Mall,"71 Via Portico, Orio al Serio, Italy",https://www.burgerking.it/up/lista_ristoranti_bk_italia_1.pdf?,
946,Burger King,Piemonte,Torino,TO,Torino,Burgers,EUR 10-20,3.8,"1,605",45.06769760,7.69403720,City Center,"Piazzale Aldo Moro, Torino (TO) 10124, IT",https://www.burgerking.it/up/lista_ristoranti_bk_italia_1.pdf?,
947,Burger King,Lazio,Roma,RM,Roma,Burgers,EUR 10-20,3.8,"1,620",41.88575150,12.50993980,City Center,p.le Appio,https://www.burgerking.it/up/lista_ristoranti_bk_italia_1.pdf?,
948,Burger King,Lombardia,Milano,MI,Milano,Burgers,EUR 10-20,4.1,"3,364",45.44371920,9.17892400,Commercial Area,viale Tibaldi 11,https://www.burgerking.it/up/lista_ristoranti_bk_italia_1.pdf?,
949,Burger King,Umbria,Terni,TR,Terni,Burgers,EUR 10-20,3.8,913,42.55067860,12.63485290,Commercial Area,"Piazza D. Alighieri, Terni, Italy",https://www.burgerking.it/up/lista_ristoranti_bk_italia_1.pdf?,
950,Burger King,Lazio,Roma,RM,Roma,Burgers,EUR 1-10,3.2,212,41.87075930,12.58368300,Shopping Mall,"Via Casilina, 1011",https://www.burgerking.it/up/lista_ristoranti_bk_italia_1.pdf?,
951,Burger King,Veneto,Vicenza,VI,Altavilla Vicentina,Burgers,EUR 10-20,3.8,"2,696",43.59788360,13.51716700,Service Area,"Via Tavernelle, 1D, 36077 Altavilla Vicentina VI",https://www.burgerking.it/up/lista_ristoranti_bk_italia_1.pdf?,
952,Burger King,Lombardia,Cremona,CR,Cremona,Burgers,EUR 10-20,3.7,"1,069",45.14892560,9.99487670,Commercial Area,"Via Sesto n. 47A, 26100 Cremona",https://www.burgerking.it/up/lista_ristoranti_bk_italia_1.pdf?,
953,Burger King,Emilia-Romagna,Parma,PR,Parma,Burgers,EUR 10-20,3.8,"2,642",44.82064580,10.33241430,Transport Hub,"Largo Umberto Beseghi, 43122 Parma PR",https://www.burgerking.it/up/lista_ristoranti_bk_italia_1.pdf?,
954,Burger King,Lazio,Roma,RM,Frattocchie,Burgers,EUR 10-20,4,"1,625",41.75424100,12.61868680,Commercial Area,via Nettunense 86,https://www.burgerking.it/up/lista_ristoranti_bk_italia_1.pdf?,
955,Burger King,Lombardia,Lodi,LO,Lodi,Burgers,EUR 10-20,4,"2,313",45.30270820,9.48694670,Commercial Area,Viale Pavia 98,https://www.burgerking.it/up/lista_ristoranti_bk_italia_1.pdf?,
956,Burger King,Lombardia,Varese,VA,Cavaria con Premezzo,Burgers,EUR 10-20,3.2,"1,014",45.69295260,8.80275430,Service Area,"via Scipione Ronchetti, 563",https://www.burgerking.it/up/lista_ristoranti_bk_italia_1.pdf?,
957,Burger King,Lazio,Roma,RM,Roma,Burgers,EUR 10-20,4.1,"4,101",41.89422980,12.59289450,Shopping Mall,"Via Prenestina Bis, Roma, Italy",https://www.burgerking.it/up/lista_ristoranti_bk_italia_1.pdf?,
958,Burger King,Veneto,Padova,PD,Cittadella,Burgers,EUR 10-20,4.1,"1,839",45.64297570,11.77353550,Commercial Area,"Via Cristoforo Colombo, Cittadella, Italy",https://www.burgerking.it/up/lista_ristoranti_bk_italia_1.pdf?,
959,Burger King,Piemonte,Torino,TO,Pinerolo,Burgers,EUR 10-20,3.9,"1,133",44.88345710,7.35024110,Commercial Area,"Via Poirino, 37",https://www.burgerking.it/up/lista_ristoranti_bk_italia_1.pdf?,
960,Burger King,Lombardia,Milano,MI,Cassina de' Pecchi,Burgers,EUR 10-20,4,"1,914",45.51802430,9.35279510,Commercial Area,"Via Don Verderio, 1, 20060 Cassina De' Pecchi MI",https://www.burgerking.it/up/lista_ristoranti_bk_italia_1.pdf?,
961,Burger King,Lazio,Frosinone,FR,Frosinone,Burgers,EUR 10-20,3.9,"1,562",41.64386510,13.33317420,Service Area,"Via dei Monti Lepini, km 1,375 (stazione di servizio La Rocca)",https://www.burgerking.it/up/lista_ristoranti_bk_italia_1.pdf?,
962,Burger King,Lombardia,Monza e della Brianza,MB,Villasanta,Burgers,EUR 10-20,4.1,794,45.61840500,9.31046250,Shopping Mall,c/o Centro Commerciale IL GIGANTE - Via Tiziano Vecellio 1 - Villasanta MB,https://www.burgerking.it/up/lista_ristoranti_bk_italia_1.pdf?,
963,Burger King,Emilia-Romagna,Modena,MO,Modena,Burgers,EUR 10-20,3.7,"1,031",44.63014720,10.95469570,Commercial Area,"Via Nuova Estense, 103",https://www.burgerking.it/up/lista_ristoranti_bk_italia_1.pdf?,
964,Burger King,Calabria,Catanzaro,CZ,Catanzaro,Burgers,EUR 10-20,4,798,44.06374200,12.57306770,City Center,Piazza Matteotti snc,https://www.burgerking.it/up/lista_ristoranti_bk_italia_1.pdf?,
965,Burger King,Lombardia,Milano,MI,Milano,Burgers,EUR 10-20,3.5,852,45.49654630,9.17497310,Commercial Area,"Viale Jenner, 51",https://www.burgerking.it/up/lista_ristoranti_bk_italia_1.pdf?,
966,Burger King,Piemonte,Torino,TO,San Mauro Torinese,Burgers,EUR 10-20,3.4,461,45.24183260,7.97301930,Commercial Area,Strada Settimo 371,https://www.burgerking.it/up/lista_ristoranti_bk_italia_1.pdf?,
967,Burger King,Lombardia,Bergamo,BG,Bergamo,Burgers,EUR 10-20,4.1,"1,395",45.70944430,9.68196920,Commercial Area,"Viale Giulio Cesare, 18",https://www.burgerking.it/up/lista_ristoranti_bk_italia_1.pdf?,
968,Burger King,Abruzzo,Teramo,TE,Giulianova,Burgers,EUR 10-20,3.9,"1,847",42.76797250,13.95581410,Commercial Area,Via G. Galilei 348,https://www.burgerking.it/up/lista_ristoranti_bk_italia_1.pdf?,
969,Burger King,Lombardia,Cremona,CR,Crema,Burgers,EUR 10-20,4.2,841,45.35877980,9.66601640,Shopping Mall,Via Giorgio La Pira 12 (c/o Centro Commerciale Crema Gran Rondò),https://www.burgerking.it/up/lista_ristoranti_bk_italia_1.pdf?,
970,Burger King,Lombardia,Milano,MI,Milano,Burgers,EUR 10-20,4,"1,616",45.48835860,9.19506210,Commercial Area,via Pola 9,https://www.burgerking.it/up/lista_ristoranti_bk_italia_1.pdf?,
971,Burger King,Piemonte,Torino,TO,Torino,Burgers,EUR 10-20,3.6,552,45.11072490,7.64313570,Commercial Area,"Strada Altessano, 141",https://www.burgerking.it/up/lista_ristoranti_bk_italia_1.pdf?,
972,Burger King,Lombardia,Milano,MI,Milano,Burgers,EUR 10-20,3.6,726,45.52228330,9.21539180,Shopping Mall,"c/o Centro Commerciale BICOCCA VILLAGE - Viale Sarca, Angolo Via Chiese snc",https://www.burgerking.it/up/lista_ristoranti_bk_italia_1.pdf?,
973,Burger King,Calabria,Reggio Calabria,RC,Reggio Calabria,Burgers,EUR 10-20,3.5,714,38.11170230,15.64819070,City Center,"Corso Giuseppe Garibaldi, 167",https://www.burgerking.it/up/lista_ristoranti_bk_italia_1.pdf?,
974,Burger King,Lombardia,Varese,VA,Busto Arsizio,Burgers,EUR 10-20,3.9,"2,483",45.63566200,8.83358410,Commercial Area,"Corso Sempione, 194/1, 21052 Busto Arsizio VA",https://www.burgerking.it/up/lista_ristoranti_bk_italia_1.pdf?,
975,Burger King,Lombardia,Varese,VA,Vergiate,Burgers,EUR 10-20,3.9,"2,072",45.72092020,8.69035490,Service Area,"Via Sempione 94, Vergiate (VA)",https://www.burgerking.it/up/lista_ristoranti_bk_italia_1.pdf?,
976,Burger King,Lombardia,Monza e della Brianza,MB,Lissone,Burgers,EUR 10-20,4.1,"1,298",45.60231370,9.23208780,Commercial Area,"Viale Valassina, 188, 20851 Lissone MB",https://www.burgerking.it/up/lista_ristoranti_bk_italia_1.pdf?,
977,Burger King,Abruzzo,L'Aquila,AQ,Avezzano,Burgers,EUR 10-20,4.5,728,42.03926000,13.42223000,Commercial Area,"Via B. Cassinelli, SNC, 67051 Avezzano AQ",Google Maps,
978,Five Guys,Piemonte,Torino,TO,Torino,Burgers,EUR 10-20,3.5,161,45.06327340,7.67821640,Transport Hub,Turin Porta Nuova 58 Corso Vittorio Emanuele II 10121 Turin Piemonte,https://restaurants.fiveguys.it/en_it,
979,Five Guys,Veneto,Venezia,VE,Venezia,Burgers,EUR 20-30,3,160,45.44175590,12.32111910,Transport Hub,Santa Lucia Station Fondamenta Santa Lucia binario 1 30121 Venice VE,https://restaurants.fiveguys.it/en_it,
980,Five Guys,Lombardia,Milano,MI,Milano,Burgers,EUR 10-20,3.1,441,45.48542730,9.20543160,Transport Hub,"Milan Centrale Milano Centrale, Piazza Duca D'Aosta, 1 20124 Milan Lombardy",https://restaurants.fiveguys.it/en_it,
981,Five Guys,Campania,Napoli,NA,Napoli,Burgers,EUR 10-20,3.4,90,40.85201020,14.27055540,Transport Hub,"Naples Centrale Naples Centrale, Galleria Commerciale Ipogea, Piazza Giuseppe Garibaldi 80142 Naples Naples",https://restaurants.fiveguys.it/en_it,
982,Five Guys,Lazio,Roma,RM,Roma,Burgers,EUR 10-20,3.4,"1,135",41.90128730,12.50157560,Transport Hub,Rome Termini Piazzale dei Cinquencento 00187 Rome,https://restaurants.fiveguys.it/en_it,
983,Five Guys,Toscana,Firenze,FI,Firenze,Burgers,EUR 10-20,3.3,319,43.77633230,11.24678740,Transport Hub,"Via Alamanni 2R Santa Maria Novella, Stazione Square 50123 Firenze FI",https://restaurants.fiveguys.it/en_it,
984,Five Guys,Veneto,Vicenza,VI,Vicenza,Burgers,EUR 10-20,2.9,75,45.54796730,11.58447250,Shopping Mall,Via Aldo Moro Building 245 36100 Vicenza VI,https://restaurants.fiveguys.it/en_it,
985,Five Guys,Lombardia,Milano,MI,Milano,Burgers,EUR 10-20,3.9,"1,735",45.46640110,9.18434170,City Center,Via Dante 7 20123 Milan,https://restaurants.fiveguys.it/en_it,
986,Five guys,Toscana,Firenze,FI,Campi Bisenzio,Burgers,EUR 20-30,3.2,162,43.84808960,11.14327320,Shopping Mall,Via San Quirico 165 50013 Campi Bisenzio Tuscany,https://restaurants.fiveguys.it/en_it,
987,Five Guys,Lombardia,Milano,MI,Milano,Burgers,EUR 10-20,3.8,996,45.46017140,9.18168220,City Center,Via Stampa 13-15 Via Torino 20123 Milan Lombardy,https://restaurants.fiveguys.it/en_it,
988,KFC,Lombardia,Monza e della Brianza,MB,Torri Bianche,Fried Chicken,EUR 10-20,4.4,82,45.60082670,9.35868940,Shopping Mall,Via Torri Bianche 16 20871 Vimercate,https://www.kfc.it/ristoranti,
989,KFC,Friuli-Venezia Giulia,Gorizia,GO,Villesse,Fried Chicken,EUR 10-20,4.4,"1,118",45.86472390,13.42983930,Shopping Mall,Localitá Maranuz 2 34070 Villesse,https://www.kfc.it/ristoranti,
990,KFC,Lombardia,Milano,MI,Vignate,Fried Chicken,EUR 10-20,3.1,115,45.50363180,9.37102240,Shopping Mall,Via Nuova Cassanese 10 20052 Vignate,https://www.kfc.it/ristoranti,
991,KFC,Veneto,Vicenza,VI,Vicenza,Fried Chicken,EUR 10-20,4.3,595,45.52882020,11.59510340,Shopping Mall,Str. Padana verso Padova 60 36100 Vicenza,https://www.kfc.it/ristoranti,
992,KFC,Calabria,Vibo Valentia,VV,Vibo Valentia,Fried Chicken,EUR 10-20,4.7,110,38.65346470,16.05471700,Shopping Mall,SS 18 Tirrena Inferiore 89900 Vibo Valentia,https://www.kfc.it/ristoranti,
993,KFC,Veneto,Verona,VR,Verona,Fried Chicken,EUR 10-20,3.4,"1,301",45.44253100,10.99804040,City Center,Via Fratelli Cairoli 2A 37121 Verona,https://www.kfc.it/ristoranti,
994,KFC,Veneto,Verona,VR,Verona,Fried Chicken,EUR 10-20,4.1,"3,811",45.40691470,10.97707240,Shopping Mall,Viale delle Nazioni 1 37135 Verona,https://www.kfc.it/ristoranti,
995,KFC,Veneto,Venezia,VE,Venezia,Fried Chicken,EUR 10-20,4.2,"9,787",45.43971400,12.31955690,Transport Hub,Stazione di Venezia Santa Lucia 30100 Venezia,https://www.kfc.it/ristoranti,
996,KFC,Lazio,Roma,RM,Valmontone,Fried Chicken,EUR 10-20,4,"4,689",41.76242600,12.95627590,Shopping Mall,Via della Pace snc 00038 Roma,https://www.kfc.it/ristoranti,
997,KFC,Friuli-Venezia Giulia,Udine,UD,Cotonificio-Cormor,Fried Chicken,EUR 10-20,4.3,"3,320",46.08494140,13.18308880,Shopping Mall,Via Antonio Bardelli 4 33035 Martignacco,https://www.kfc.it/ristoranti,
998,KFC,Sicilia,Trapani,TP,Trapani,Fried Chicken,EUR 10-20,3.5,197,38.01468210,12.51756890,Commercial Area,Via Avvocato Giuseppe Palmeri 5 91100 Trapani,https://www.kfc.it/ristoranti,
999,KFC,Campania,Napoli,NA,Torre Annunziata,Fried Chicken,EUR 10-20,4.5,552,40.74767950,14.47015350,Shopping Mall,Via Plinio 80058 Napoli,https://www.kfc.it/ristoranti,
1000,KFC,Piemonte,Torino,TO,Torino,Fried Chicken,EUR 10-20,3.9,230,45.12042920,7.72025080,Commercial Area,Corso Romania 460 10156 Torino,https://www.kfc.it/ristoranti,
1001,KFC,Piemonte,Torino,TO,Torino,Fried Chicken,EUR 10-20,4.7,226,45.08707770,7.66810370,Shopping Mall,Via Treviso 26G 10144 Torino,https://www.kfc.it/ristoranti,
1002,KFC,Piemonte,Torino,TO,Torino,Fried Chicken,EUR 10-20,4.2,"5,413",45.03281690,7.66540620,Shopping Mall,Via Nizza 262 10126 Torino,https://www.kfc.it/ristoranti,
1003,KFC,Piemonte,Torino,TO,Torino,Fried Chicken,EUR 10-20,4.2,686,45.06220280,7.68131320,Transport Hub,Corso Vittorio Emanuele II 52 10122 Torino,https://www.kfc.it/ristoranti,
1004,KFC,Umbria,Terni,TR,Terni,Fried Chicken,EUR 1-10,4.7,475,42.55067860,12.63485290,Shopping Mall,Via Montefiorino 48 05100 Terni,https://www.kfc.it/ristoranti,
1005,KFC,Abruzzo,Teramo,TE,Piano D'accio,Fried Chicken,NaN,4,128,42.68160900,13.75951650,Shopping Mall,Località Piano D'Accio 64100 Teramo,https://www.kfc.it/ristoranti,
1006,KFC,Puglia,Taranto,TA,Auchan,Fried Chicken,EUR 10-20,4.9,"2,710",40.46198240,17.29924460,Shopping Mall,Via per San Giorgio Jonico 74121 Taranto,https://www.kfc.it/ristoranti,
1007,KFC,Puglia,Lecce,LE,Zona P.i.p.,Fried Chicken,EUR 10-20,4.6,"1,109",40.37634400,18.14388860,Shopping Mall,Strada Statale 6113 73010 Surbo,https://www.kfc.it/ristoranti,
1008,KFC,Lombardia,Bergamo,BG,Stezzano,Fried Chicken,EUR 10-20,2.5,20,45.64778960,9.63001950,Shopping Mall,Via Guzzanica 62/64 24040 Stezzano,https://www.kfc.it/ristoranti,
1009,KFC,Toscana,Siena,SI,Siena,Fried Chicken,EUR 10-20,4.4,356,43.33081800,11.32268740,Transport Hub,Piazzale Rosselli 25 53100 Siena,https://www.kfc.it/ristoranti,
1010,KFC,Piemonte,Torino,TO,Settimo Torinese,Fried Chicken,EUR 10-20,4.5,"3,600",45.14143090,7.73313710,Shopping Mall,Via Niccolò Paganini 10036 Settimo Torinese,https://www.kfc.it/ristoranti,
1011,KFC,Lombardia,Milano,MI,Sesto San Giovanni,Fried Chicken,EUR 10-20,2.9,45,45.55029110,9.25647810,Shopping Mall,"Viale Italia, Sesto San Giovanni 555 20099 Milano",https://www.kfc.it/ristoranti,
1012,KFC,Lombardia,Milano,MI,Novegro-Tregarezzo,Fried Chicken,EUR 10-20,3.5,69,45.47418880,9.28502450,Commercial Area,Via Rivoltana 64 20054 Segrate,https://www.kfc.it/ristoranti,
1013,KFC,Sardegna,Sassari,SS,Sassari,Fried Chicken,EUR 10-20,4.8,"1,151",40.72754980,8.54788130,Shopping Mall,Via Caniga 1 07100 Sassari,https://www.kfc.it/ristoranti,
1014,KFC,Lombardia,Milano,MI,San Giuliano Milanese,Fried Chicken,EUR 10-20,3.8,"1,548",45.38818490,9.25826360,Shopping Mall,Via Po 12 20098 San Giuliano Milanese,https://www.kfc.it/ristoranti,
1015,KFC,Lombardia,Milano,MI,San Giuliano Milanese,Fried Chicken,EUR 10-20,3.6,359,45.37901440,9.30634890,Shopping Mall,Via della Pace 26 20098 San Giuliano Milanese,https://www.kfc.it/ristoranti,
1016,KFC,Veneto,Verona,VR,San Giovanni Lupatoto,Fried Chicken,EUR 10-20,3.9,93,45.39515730,11.01600280,Shopping Mall,Via Monte Cristallo 1 37057 Verona,https://www.kfc.it/ristoranti,
1017,KFC,Veneto,Venezia,VE,San Donà di Piave,Fried Chicken,EUR 10-20,4.8,214,45.64061920,12.59755610,Shopping Mall,Via Iseo 1 30027 San Donà di Piave,https://www.kfc.it/ristoranti,
1018,KFC,Campania,Salerno,SA,Pontecagnano Faiano,Fried Chicken,EUR 10-20,4.9,"1,644",40.63546380,14.90767220,Shopping Mall,Via Antonio Pacinotti 84098 Pontecagnano Faiano,https://www.kfc.it/ristoranti,
1019,KFC,Campania,Salerno,SA,Salerno,Fried Chicken,EUR 10-20,4.4,"1,540",40.67858790,14.75531800,City Center,Piazza Giovanni Amendola 11 84121 Salerno,https://www.kfc.it/ristoranti,
1020,KFC,Lombardia,Milano,MI,Milano,Fried Chicken,EUR 10-20,3.2,215,45.39245580,9.17567760,Shopping Mall,Via Eugenio Curiel 25 20089 Rozzano,https://www.kfc.it/ristoranti,
1021,KFC,Lazio,Roma,RM,Roma,Fried Chicken,EUR 10-20,3.7,193,41.87411030,12.60706960,Service Area,"GRA km37, Roma RM 00133 Roma",https://www.kfc.it/ristoranti,
1022,KFC,Lazio,Roma,RM,Roma,Fried Chicken,EUR 10-20,4.2,726,41.86480600,12.46938090,Commercial Area,Viale Guglielmo Marconi 211 00146 Roma,https://www.kfc.it/ristoranti,
1023,KFC,Lazio,Roma,RM,Roma,Fried Chicken,EUR 10-20,4.5,699,41.85505800,12.56590000,Transport Hub,Via Tuscolana 977 00175 Roma,https://www.kfc.it/ristoranti,
1024,KFC,Lazio,Roma,RM,Roma,Fried Chicken,EUR 10-20,4.1,258,41.90886540,12.54218550,Commercial Area,Via Tiburtina 541 00175 Roma,https://www.kfc.it/ristoranti,
1025,KFC,Lazio,Roma,RM,Roma,Fried Chicken,EUR 10-20,3.8,"3,615",41.89927520,12.50083190,Transport Hub,Via Gioberti 25/35 00185 Roma,https://www.kfc.it/ristoranti,
1026,KFC,Lazio,Roma,RM,Roma,Fried Chicken,EUR 10-20,4.6,"1,234",41.90211100,12.48407800,City Center,Via della Stamperia 64 00187 Roma,https://www.kfc.it/ristoranti,
1027,KFC,Lazio,Roma,RM,Roma,Fried Chicken,EUR 10-20,4.2,917,41.91040580,12.53086040,Transport Hub,Circonvallazione Nomentana - Piazzale Stazione Tiburtina 00162 Roma,https://www.kfc.it/ristoranti,
1028,KFC,Lazio,Roma,RM,Roma,Fried Chicken,EUR 10-20,4,"4,102",41.91572600,12.66083730,Shopping Mall,Via Collatina 858 00132 Roma,https://www.kfc.it/ristoranti,
1029,KFC,Lazio,Roma,RM,Roma,Fried Chicken,EUR 10-20,3.9,400,41.80840730,12.48573270,Shopping Mall,Via Laurentina 865 00143 Roma,https://www.kfc.it/ristoranti,
1030,KFC,Lazio,Roma,RM,Roma,Fried Chicken,EUR 10-20,3.9,"1,952",41.87403410,12.52253770,Commercial Area,Via Appia Nuova 448 00179 Roma,https://www.kfc.it/ristoranti,
1031,KFC,Lazio,Roma,RM,Roma,Fried Chicken,EUR 10-20,4,"3,178",41.90234200,12.43825790,Shopping Mall,Via di Valle Aurelia 30 00167 Roma,https://www.kfc.it/ristoranti,
1032,KFC,Lazio,Rieti,RI,Rieti,Fried Chicken,EUR 10-20,4,93,42.40138100,12.85323320,Shopping Mall,Viale Lionello Matteucci 94-96 02100 Rieti,https://www.kfc.it/ristoranti,
1033,KFC,Calabria,Cosenza,CS,Quattromiglia,Fried Chicken,EUR 10-20,4.5,333,39.35439260,16.24350560,Commercial Area,Piazza Santo Sergio 20 87036 Rende,https://www.kfc.it/ristoranti,
1034,KFC,Calabria,Cosenza,CS,Quattromiglia,Fried Chicken,EUR 10-20,4.2,690,39.32847750,16.24270280,Shopping Mall,Via Kennedy 4 87036 Rende,https://www.kfc.it/ristoranti,
1035,KFC,Emilia-Romagna,Reggio Emilia,RE,Reggio Emilia,Fried Chicken,EUR 1-10,4.4,"3,294",44.71489170,10.65096010,Shopping Mall,Piazzale Atleti Azzurri d'Italia 5 42122 Reggio Emilia,https://www.kfc.it/ristoranti,
1036,KFC,Emilia-Romagna,Ravenna,RA,Ravenna,Fried Chicken,EUR 10-20,4.3,411,44.39428410,12.17643980,Commercial Area,Via M. Bussato 74 48124 Ravenna,https://www.kfc.it/ristoranti,
1037,KFC,Sicilia,Ragusa,RG,A.s.i.,Fried Chicken,EUR 10-20,4.3,222,36.90723820,14.72165970,Shopping Mall,Via Achille Grandi 26 97100 Ragusa,https://www.kfc.it/ristoranti,
1038,KFC,Toscana,Prato,PO,Prato,Fried Chicken,EUR 10-20,4.1,450,43.87480840,11.06346240,Shopping Mall,Via delle Pleiadi 81/83 59100 Prato,https://www.kfc.it/ristoranti,
1039,KFC,Campania,Napoli,NA,Pompei,Fried Chicken,EUR 10-20,4.1,"2,669",40.74090540,14.50294700,Shopping Mall,Via Macello 22 80045 Pompei,https://www.kfc.it/ristoranti,
1040,KFC,Abruzzo,Pescara,PE,Pescara,Fried Chicken,EUR 10-20,3.8,147,42.47202330,14.20418930,Transport Hub,Corso Vittorio Emanuele II 378 65122 Pescara,https://www.kfc.it/ristoranti,
1041,KFC,Emilia-Romagna,Parma,PR,Parma,Fried Chicken,EUR 10-20,4.4,"1,527",44.80577430,10.30602810,Shopping Mall,via Gramsci 30 43126 Parma,https://www.kfc.it/ristoranti,
1042,KFC,Emilia-Romagna,Parma,PR,Parma,Fried Chicken,EUR 10-20,4.4,650,44.79924700,10.34174500,Shopping Mall,Via Emilia Est 7B 41121 Parma,https://www.kfc.it/ristoranti,
1043,KFC,Sicilia,Palermo,PA,Palermo,Fried Chicken,EUR 10-20,4.1,"1,919",38.13379570,13.34955210,Commercial Area,Via Emanuele Notarbartolo 1A 90141 Palermo,https://www.kfc.it/ristoranti,
1044,KFC,Sicilia,Palermo,PA,Palermo,Fried Chicken,EUR 1-10,4.4,186,38.11848880,13.36291000,City Center,Piazza San Domenico 8/9 90121 Palermo,https://www.kfc.it/ristoranti,
1045,KFC,Sicilia,Palermo,PA,Palermo,Fried Chicken,EUR 10-20,3.6,64,38.12369170,13.35500700,City Center,Piazza Castelnuovo 23 90141 Palermo,https://www.kfc.it/ristoranti,
1046,KFC,Sicilia,Palermo,PA,Palermo,Fried Chicken,EUR 10-20,4.4,212,38.08855110,13.41131830,Shopping Mall,Via Filippo Pecoraino 90124 Palermo,https://www.kfc.it/ristoranti,
1047,KFC,Sicilia,Palermo,PA,Palermo,Fried Chicken,EUR 10-20,4.6,568,38.18344400,13.30865100,Shopping Mall,Via Giuseppe Lanza di Scalea 1963 90146 Palermo,https://www.kfc.it/ristoranti,
1048,KFC,Veneto,Padova,PD,Padova,Fried Chicken,EUR 10-20,4.1,664,45.40962510,11.87777100,Shopping Mall,Galleria Garibaldi 2 35127 Padova,https://www.kfc.it/ristoranti,
1049,KFC,Veneto,Padova,PD,Padova,Fried Chicken,EUR 10-20,4.2,"2,982",45.41713980,11.87899950,Transport Hub,Piazzale della Stazione 4C 35131 Padova,https://www.kfc.it/ristoranti,
1050,KFC,Piemonte,Novara,NO,Novara,Fried Chicken,EUR 10-20,4.1,176,45.44654600,8.60078130,Shopping Mall,Via Ugo Porzio Giovanola 7 28100 Novara,https://www.kfc.it/ristoranti,
1051,KFC,Campania,Napoli,NA,Nola,Fried Chicken,EUR 10-20,4.5,458,40.94936900,14.48676070,Shopping Mall,Via Boscofangone 80035 Nola,https://www.kfc.it/ristoranti,
1052,KFC,Campania,Napoli,NA,Napoli,Fried Chicken,EUR 10-20,4,"1,667",40.84480990,14.24913860,City Center,Via Toledo 73-74 80134 Napoli,https://www.kfc.it/ristoranti,
1053,KFC,Campania,Napoli,NA,Napoli,Fried Chicken,EUR 10-20,4.6,401,40.85091260,14.31210500,Shopping Mall,Via Argine 380 80147 Napoli,https://www.kfc.it/ristoranti,
1054,KFC,Lombardia,Monza e della Brianza,MB,Monza,Fried Chicken,EUR 10-20,4.7,686,45.57962940,9.27291100,Transport Hub,Corso Milano 11 20900 Monza,https://www.kfc.it/ristoranti,
1055,KFC,Puglia,Bari,BA,Molfetta,Fried Chicken,EUR 10-20,4.8,"2,421",41.20493800,16.55287200,Shopping Mall,Via Adriano Olivetti 70056 Molfetta,https://www.kfc.it/ristoranti,
1056,KFC,Sicilia,Catania,CT,Misterbianco,Fried Chicken,EUR 10-20,4.7,"1,601",37.47813370,15.01049470,Shopping Mall,Strada Provinciale 54 95045 Misterbianco,https://www.kfc.it/ristoranti,
1057,KFC,Sicilia,Messina,ME,Milazzo,Fried Chicken,EUR 10-20,4.2,763,38.18700690,15.26859940,Shopping Mall,Via Firenze 98057 Milazzo,https://www.kfc.it/ristoranti,
1058,KFC,Lombardia,Milano,MI,Milano,Fried Chicken,EUR 10-20,3.6,174,45.44317360,9.11612150,Commercial Area,Via Lorenteggio 271 20152 Milano,https://www.kfc.it/ristoranti,
1059,KFC,Lombardia,Milano,MI,Milano,Fried Chicken,EUR 10-20,3.6,184,45.50286060,9.18158960,Commercial Area,Via Imbonati 52 20159 Milano,https://www.kfc.it/ristoranti,
1060,KFC,Lombardia,Milano,MI,Milano,Fried Chicken,EUR 10-20,3.6,68,45.46606750,9.19173280,City Center,Via Agnello 18 20121 Milano,https://www.kfc.it/ristoranti,
1061,KFC,Lombardia,Milano,MI,Milano,Fried Chicken,EUR 10-20,3.8,148,45.45318500,9.18013700,Transport Hub,Piazza 24 Maggio 4 20136 Milano,https://www.kfc.it/ristoranti,
1062,KFC,Lombardia,Milano,MI,Milano,Fried Chicken,EUR 10-20,3.5,"1,068",45.48554090,9.21670890,Commercial Area,Viale Abruzzi 93 20131 Milano,https://www.kfc.it/ristoranti,
1063,KFC,Lombardia,Milano,MI,Milano,Fried Chicken,EUR 10-20,3.5,472,45.48088810,9.17112500,Commercial Area,Via Sarpi 61 20154 Milano,https://www.kfc.it/ristoranti,
1064,KFC,Lombardia,Milano,MI,Milano,Fried Chicken,EUR 10-20,3.5,520,45.47592670,9.20508260,Commercial Area,Via Panfilo Castaldi 37 20124 Milano,https://www.kfc.it/ristoranti,
1065,KFC,Lombardia,Milano,MI,Milano,Fried Chicken,EUR 10-20,3.9,"7,614",45.46430770,9.18762100,City Center,Via Orefici 10 20123 Milano,https://www.kfc.it/ristoranti,
1066,KFC,Lombardia,Milano,MI,Milano,Fried Chicken,EUR 10-20,3.8,955,45.48544350,9.20485560,Transport Hub,Piazza Duca D'Aosta 1 20125 Milano,https://www.kfc.it/ristoranti,
1067,KFC,Lombardia,Milano,MI,Milano,Fried Chicken,EUR 10-20,3.6,382,45.45323040,9.17024340,Transport Hub,Piazzale Stazione Genova snc 20144 Milano,https://www.kfc.it/ristoranti,
1068,KFC,Lombardia,Milano,MI,Milano,Fried Chicken,EUR 10-20,3.7,"1,274",45.46474380,9.19431870,City Center,Via Privata della Passarella 4 20122 Milano,https://www.kfc.it/ristoranti,
1069,KFC,Lombardia,Milano,MI,Milano,Fried Chicken,EUR 10-20,4.3,621,45.51391250,9.10328430,Shopping Mall,Via Daimler 61 20151 Milano,https://www.kfc.it/ristoranti,
1070,KFC,Lombardia,Milano,MI,Milano,Fried Chicken,EUR 10-20,3.9,"4,641",45.52208310,9.21590780,Shopping Mall,Viale Sarca 228 20126 Milano,https://www.kfc.it/ristoranti,
1071,KFC,Veneto,Venezia,VE,Venezia,Fried Chicken,EUR 10-20,3.4,219,45.51070660,12.22701410,Shopping Mall,Via Don Federico Tosatto 22 30174 Venezia,https://www.kfc.it/ristoranti,
1072,KFC,Sicilia,Messina,ME,Messina,Fried Chicken,EUR 10-20,4.1,517,38.18574620,15.55705030,Commercial Area,Via Dogali 24/26 98122 Messina,https://www.kfc.it/ristoranti,
1073,KFC,Campania,Avellino,AV,Località Macera,Fried Chicken,EUR 10-20,4.6,"1,190",40.91161860,14.74835740,Shopping Mall,Via Nicola Sant'Angelo 83013 Mercogliano,https://www.kfc.it/ristoranti,
1074,KFC,Lombardia,Brescia,BS,Molinetto,Fried Chicken,EUR 10-20,3.1,29,45.50134390,10.35202560,Shopping Mall,Via Alcide De Gaspari 6 25080 Molinetto,https://www.kfc.it/ristoranti,
1075,KFC,Veneto,Venezia,VE,Marcon,Fried Chicken,EUR 10-20,4.1,"2,767",45.54590060,12.30459800,Shopping Mall,Via Enrico Mattei 1/C 30020 Marcon,https://www.kfc.it/ristoranti,
1076,KFC,Campania,Caserta,CE,Marcianise,Fried Chicken,EUR 10-20,4.2,"3,231",41.00384510,14.32863150,Shopping Mall,Localitá Aurno 87 81025 Marcianise,https://www.kfc.it/ristoranti,
1077,KFC,Toscana,Livorno,LI,Livorno,Fried Chicken,EUR 10-20,4.4,816,43.55100700,10.30882100,City Center,Piazza Grande 51 57123 Livorno,https://www.kfc.it/ristoranti,
1078,KFC,Lombardia,Monza e della Brianza,MB,Limbiate,Fried Chicken,EUR 10-20,4.5,417,45.60767360,9.13069850,Shopping Mall,Via Giuseppe Garibaldi 1 20812 Limbiate,https://www.kfc.it/ristoranti,
1079,KFC,Puglia,Lecce,LE,Cavallino,Fried Chicken,EUR 10-20,4.8,292,40.29345990,18.19740330,Shopping Mall,"SS16, 73020 73020 Cavallino",https://www.kfc.it/ristoranti,
1080,KFC,Calabria,Catanzaro,CZ,Maida,Fried Chicken,EUR 10-20,4.8,987,38.90024520,16.35029110,Shopping Mall,Località Comuni Condomini km 48 88025 Maida,https://www.kfc.it/ristoranti,
1081,KFC,Liguria,La Spezia,SP,La Spezia,Fried Chicken,EUR 10-20,3.9,308,44.11343570,9.83752470,Shopping Mall,Viale Italia 138 19124 La Spezia,https://www.kfc.it/ristoranti,
1082,KFC,Lazio,Roma,RM,Roma,Fried Chicken,EUR 10-20,3.8,178,41.75414350,12.37076590,Commercial Area,Via Ermanno Wolf Ferrari 350 00124 Roma,https://www.kfc.it/ristoranti,
1083,KFC,Lazio,Roma,RM,Albuccione,Fried Chicken,EUR 10-20,3.9,182,41.95515130,12.69717160,Shopping Mall,Via Dei Pioppi 7 00012 Guidonia,https://www.kfc.it/ristoranti,
1084,KFC,Toscana,Grosseto,GR,Grosseto,Fried Chicken,EUR 10-20,4.7,844,42.78806220,11.11502960,Shopping Mall,Via Ecuador snc 58100 Grosseto,https://www.kfc.it/ristoranti,
1085,KFC,Piemonte,Verbano-Cusio-Ossola,VB,Gravellona Toce,Fried Chicken,EUR 10-20,4.3,80,45.93129100,8.43872630,Shopping Mall,Corso Guglielmo Marconi 42-44 28883 Gravellona,https://www.kfc.it/ristoranti,
1086,KFC,Campania,Napoli,NA,Giugliano in Campania,Fried Chicken,EUR 10-20,3.2,46,40.93418400,14.14936200,Shopping Mall,Via Santa Maria a Cubito - Loc. Chiatano 80014 Giugliano,https://www.kfc.it/ristoranti,
1087,KFC,Liguria,Genova,GE,Genova,Fried Chicken,EUR 10-20,4.3,"2,228",44.40708410,8.94629830,Transport Hub,Piazza Giuseppe Verdi 16122 Genova,https://www.kfc.it/ristoranti,
1088,KFC,Liguria,Genova,GE,Genova,Fried Chicken,EUR 10-20,4,"2,040",44.41344900,8.88025160,Shopping Mall,Via Fiumara 15/16 16149 Genova,https://www.kfc.it/ristoranti,
1089,KFC,Emilia-Romagna,Forlì-Cesena,FC,Forlì,Fried Chicken,EUR 10-20,3.8,39,44.24316400,12.08227200,Shopping Mall,Piazzale della Cooperazione 2 47122 Forlì,https://www.kfc.it/ristoranti,
1090,KFC,Lazio,Roma,RM,Roma,Fried Chicken,EUR 10-20,4.1,"1,106",41.80750680,12.29702110,Shopping Mall,Via Rino Gaetano 9 00054 Fiumicino,https://www.kfc.it/ristoranti,
1091,KFC,Lazio,Roma,RM,Fiumicino,Fried Chicken,EUR 10-20,4.4,204,41.79890810,12.29725110,Shopping Mall,Viale Donato Bramante 31/65 00054 Fiumicino,https://www.kfc.it/ristoranti,
1092,KFC,Toscana,Firenze,FI,Firenze,Fried Chicken,EUR 10-20,4.5,893,43.77615420,11.25006710,Transport Hub,Largo Fratelli Alinari 1 50123 Firenze,https://www.kfc.it/ristoranti,
1093,KFC,Toscana,Firenze,FI,Firenze,Fried Chicken,EUR 10-20,4.9,"1,003",43.78334300,11.26288300,Commercial Area,Piazza della Libertà 47 50129 Firenze,https://www.kfc.it/ristoranti,
1094,KFC,Toscana,Firenze,FI,Campi Bisenzio,Fried Chicken,EUR 10-20,4.5,"7,299",43.84828680,11.14363140,Shopping Mall,"Via San Quirico, 165 165 50013 Campi Bisenzio",https://www.kfc.it/ristoranti,
1095,KFC,Friuli-Venezia Giulia,Udine,UD,Udine,Fried Chicken,EUR 10-20,3.8,21,46.09399090,13.23180600,Shopping Mall,Via Tricesimo 149 33100 Udine,https://www.kfc.it/ristoranti,
1096,KFC,Sardegna,Cagliari,CA,Sestu,Fried Chicken,EUR 10-20,3.8,931,39.30254210,9.06525830,Shopping Mall,"Ex ss 131, km 10800 09028 Sestu",https://www.kfc.it/ristoranti,
1097,KFC,Lombardia,Brescia,BS,Roncadelle,Fried Chicken,EUR 10-20,3,225,45.53464080,10.14961620,Shopping Mall,Via Enrico Mattei 37/39 25030 Roncadelle,https://www.kfc.it/ristoranti,
1098,KFC,Lazio,Roma,RM,Roma,Fried Chicken,EUR 10-20,4.6,577,41.86988690,12.58150540,Commercial Area,Via Casilina 1002 00169 Roma,https://www.kfc.it/ristoranti,
1099,KFC,Emilia-Romagna,Rimini,RN,Rimini,Fried Chicken,EUR 10-20,3.5,544,44.04231200,12.57557900,Commercial Area,Via Flaminia Conca 145 47923 RImini,https://www.kfc.it/ristoranti,
1100,KFC,Lazio,Roma,RM,Area Produttiva,Fried Chicken,EUR 10-20,4.2,"1,757",41.67382230,12.49658200,Shopping Mall,Via del Mare 16 00046 Pomezia,https://www.kfc.it/ristoranti,
1101,KFC,Lombardia,Bergamo,BG,Curno,Fried Chicken,EUR 10-20,3.9,"2,304",45.69124880,9.62381120,Shopping Mall,Via Enrico Fermi 56 24035 Curno,https://www.kfc.it/ristoranti,
1102,KFC,Lombardia,Milano,MI,Assago,Fried Chicken,EUR 10-20,4,"4,109",45.40561720,9.15043420,Shopping Mall,Viale Milano Fiori 20090 Assago,https://www.kfc.it/ristoranti,
1103,KFC,Campania,Napoli,NA,Sant'Antimo,Fried Chicken,EUR 10-20,4.2,"1,287",40.93393460,14.22268140,Service Area,S.S. Appia Sud snc 80029 Sant'Antimo,https://www.kfc.it/ristoranti,
1104,KFC,Emilia-Romagna,Modena,MO,Cittanova,Fried Chicken,EUR 10-20,4.5,"1,364",44.64890140,10.86040220,Commercial Area,Viale Virgilio 9 41123 Modena,https://www.kfc.it/ristoranti,
1105,KFC,Lombardia,Brescia,BS,Lonato del Garda,Fried Chicken,EUR 10-20,3.7,452,45.43494730,10.51575980,Commercial Area,Via Tiracollo 13 25017 Lonato del Garda,https://www.kfc.it/ristoranti,
1106,KFC,Lombardia,Bergamo,BG,Dalmine,Fried Chicken,EUR 10-20,3.5,519,45.65142720,9.61979620,Commercial Area,Via Provinciale snc 24044 Dalmine,https://www.kfc.it/ristoranti,
1107,KFC,Lombardia,Sondrio,SO,Castione Andevenno,Fried Chicken,EUR 10-20,3.7,133,46.16245570,9.81259090,Commercial Area,Viale Bruno Tirelli 149 23012 Castione Andevenno,https://www.kfc.it/ristoranti,
1108,KFC,Lazio,Roma,RM,Anzio,Fried Chicken,EUR 10-20,4.2,471,41.45382850,12.62299460,Commercial Area,Via Nettunese Km 37+200 00042 Anzio,https://www.kfc.it/ristoranti,
1109,KFC,Lombardia,Brescia,BS,"Località Viadotto, Desenzano Del Garda",Fried Chicken,EUR 10-20,2.8,118,45.46431620,10.52711890,Shopping Mall,Via Guglielmo Marconi 1 25015 Desenzano del Garda,https://www.kfc.it/ristoranti,
1110,KFC,Lombardia,Bergamo,BG,Curno,Fried Chicken,EUR 10-20,3.3,98,45.68243330,9.61038660,Shopping Mall,Via Enrico Fermi 1 24035 Curno,https://www.kfc.it/ristoranti,
1111,KFC,Calabria,Cosenza,CS,Corigliano,Fried Chicken,EUR 10-20,4.5,151,39.67356640,16.50512290,Shopping Mall,Strada Statale 106 km 18 87064 Corigliano,https://www.kfc.it/ristoranti,
1112,KFC,Umbria,Perugia,PG,Perugia,Fried Chicken,EUR 10-20,4.9,"1,098",43.09909100,12.30936900,Shopping Mall,Via Aldo Capitini 8 06073 Corciano,https://www.kfc.it/ristoranti,
1113,KFC,Marche,Macerata,MC,Civitanova Marche,Fried Chicken,EUR 10-20,2.5,134,43.29397230,13.70210620,Shopping Mall,Via S. Costantino 98 62012 Civitanova Marche,https://www.kfc.it/ristoranti,
1114,KFC,Abruzzo,Chieti,CH,Chieti,Fried Chicken,EUR 10-20,3.9,"1,258",42.34307770,14.12518290,Shopping Mall,Localitá Santa Filomena 445 66100 Chieti,https://www.kfc.it/ristoranti,
1115,KFC,Calabria,Catanzaro,CZ,Catanzaro,Fried Chicken,EUR 10-20,4.7,321,38.84230130,16.64706910,Shopping Mall,Viale Emilia 6188100 Catanzaro,https://www.kfc.it/ristoranti,
1116,KFC,Sicilia,Catania,CT,Catania,Fried Chicken,EUR 10-20,4.2,"1,100",37.50666380,15.08798630,City Center,Piazza Turi Ferro 1 95100 Catania,https://www.kfc.it/ristoranti,
1117,KFC,Sicilia,Catania,CT,San Giovanni La Punta,Fried Chicken,EUR 10-20,4.6,221,37.58679520,15.10168330,Shopping Mall,Via Alessandro Manzoni snc 95037 San Giovanni la Punta,https://www.kfc.it/ristoranti,
1118,KFC,Sicilia,Catania,CT,Catania,Fried Chicken,EUR 10-20,4.2,"2,776",37.47171200,15.04829770,Shopping Mall,Via Gelso Bianco 95121 Catania,https://www.kfc.it/ristoranti,
1119,KFC,Lazio,Roma,RM,Roma,Fried Chicken,EUR 10-20,4.2,32,41.71425020,12.44533720,Shopping Mall,Via del Ponte di Piscina Cupa 121 00128 Castel Romano,https://www.kfc.it/ristoranti,
1120,KFC,Campania,Caserta,CE,Caserta,Fried Chicken,EUR 10-20,4,145,41.07343170,14.33116790,Residential Area,Via Franco Ferrante 43 81100 Caserta,https://www.kfc.it/ristoranti,
1121,KFC,Lombardia,Como,CO,Cantù,Fried Chicken,EUR 10-20,3.6,393,45.73477730,9.11330750,Shopping Mall,Corso Europa 23 22063 Cantù,https://www.kfc.it/ristoranti,
1122,KFC,Sardegna,Cagliari,CA,Cagliari,Fried Chicken,EUR 10-20,4.7,517,39.21763360,9.11299030,City Center,Corso Vittorio Emanuele 7 09124 Cagliari,https://www.kfc.it/ristoranti,
1123,KFC,Sardegna,Cagliari,CA,Quartucciu,Fried Chicken,EUR 10-20,4.7,"1,036",39.24468110,9.16266970,Shopping Mall,Via delle Serre 09044 Quartucciu,https://www.kfc.it/ristoranti,
1124,KFC,Lombardia,Monza e della Brianza,MB,Busnago,Fried Chicken,EUR 10-20,3.4,370,45.62089420,9.47384920,Shopping Mall,Via Italia 197 20874 Busnago,https://www.kfc.it/ristoranti,
1125,KFC,Lombardia,Brescia,BS,Brescia,Fried Chicken,EUR 10-20,3.5,100,45.57958790,10.22880940,Commercial Area,Via Triumplina 249 25136 Brescia,https://www.kfc.it/ristoranti,
1126,KFC,Lombardia,Brescia,BS,Brescia,Fried Chicken,EUR 10-20,3.5,100,45.57958790,10.22880940,Commercial Area,Via IV Novembre 2 25121 Brescia,https://www.kfc.it/ristoranti,
1127,KFC,Trentino-Alto Adige,Bolzano,BZ,Bolzano,Fried Chicken,EUR 10-20,4.1,720,46.48639110,11.33618030,Shopping Mall,Via Galileo Galilei 20 39100 Bolzano,https://www.kfc.it/ristoranti,
1128,KFC,Emilia-Romagna,Bologna,BO,Zona Industriale Via del Lavoro,Fried Chicken,EUR 10-20,4.4,"1,773",44.48825000,11.24900000,Shopping Mall,Centro Commerciale Gran Reno - Via Marilyn Monroe 2 40033 Casalecchio di Reno,https://www.kfc.it/ristoranti,
1129,KFC,Emilia-Romagna,Bologna,BO,Bologna,Fried Chicken,EUR 10-20,4.1,"4,477",44.50538960,11.34248000,Transport Hub,Piazza delle Medaglie d'Oro 1 40121 Bologna,https://www.kfc.it/ristoranti,
1130,KFC,Lombardia,Bergamo,BG,Bergamo,Fried Chicken,EUR 10-20,2.8,345,45.69393020,9.67043090,City Center,Largo Porta Nuova 5 24122 Bergamo,https://www.kfc.it/ristoranti,
1131,KFC,Lombardia,Bergamo,BG,Orio al Serio,Fried Chicken,EUR 10-20,3.9,"3,451",45.66176360,9.69600400,Transport Hub,Via Portico 71 24050 Orio Al Serio,https://www.kfc.it/ristoranti,
1132,KFC,Sicilia,Catania,CT,Belpasso,Fried Chicken,EUR 1-10,4.7,438,37.54226360,14.95411420,Commercial Area,Località Valcorrente 95032 Belpasso,https://www.kfc.it/ristoranti,
1133,KFC,Lombardia,Milano,MI,Bellinzago Lombardo,Fried Chicken,EUR 1-20,3.5,31,45.54584420,9.45355010,Shopping Mall,Via Padana Superiore 154 20060 Bellinzago Lombardo,https://www.kfc.it/ristoranti,
1134,KFC,Puglia,Bari,BA,Centri Commerc. Baricentro-Auchan,Fried Chicken,EUR 10-20,4.5,"1,390",40.96803720,16.92489040,Shopping Mall,Via Noicattaro 2 70010 Casamassima,https://www.kfc.it/ristoranti,
1135,KFC,Piemonte,Asti,AT,Asti,Fried Chicken,EUR 10-20,2.7,105,44.91489240,8.22472380,Shopping Mall,Corso Casale 319 14100 Asti,https://www.kfc.it/ristoranti,
1136,KFC,Lazio,Roma,RM,Ariccia,Fried Chicken,EUR 10-20,4.3,103,41.71388300,12.63159960,Service Area,via Nettunense km 6.500 00072 Roma,https://www.kfc.it/ristoranti,
1137,KFC,Toscana,Arezzo,AR,Arezzo,Fried Chicken,EUR 10-20,4.6,736,43.47554490,11.86180180,Shopping Mall,Viale Giovanni Amendola 13-15 52100 Arezzo,https://www.kfc.it/ristoranti,
1138,KFC,Lombardia,Milano,MI,Arese,Fried Chicken,EUR 10-20,3.8,"3,715",45.56391460,9.05412440,Shopping Mall,Via Giuseppe Eugenio Luraghi 11 20044 Arese,https://www.kfc.it/ristoranti,
1139,KFC,Lazio,Roma,RM,Fiumicino,Fried Chicken,EUR 10-20,3.4,"1,599",41.79517920,12.25653060,Transport Hub,"T1 - Partenze, piano 1 00054 Fiumicino",https://www.kfc.it/ristoranti,
1140,KFC,Lombardia,Bergamo,BG,Orio al Serio,Fried Chicken,EUR 10-20,2,17,45.66512410,9.70218500,Transport Hub,Via Aeroporto 13 24050 Bergamo,https://www.kfc.it/ristoranti,
1141,popeyes,Lombardia,Milano,MI,Milano,Fried Chicken,EUR 10-20,4.3,603,45.45827450,9.17818940,City Center,"Via Edmondo de Amicis, 25, 20123 Milano MI",Google maps: popeyes locations in italy,
1142,popeyes,Lombardia,Milano,MI,Milano,Fried Chicken,EUR 10-20,4.2,861,45.47961610,9.20992110,Commercial Area,"Corso Buenos Aires, 35, 20124 Milano MI",Google maps: popeyes locations in italy,
1143,popeyes,Piemonte,Torino,TO,Torino,Fried Chicken,EUR 10-20,3.3,160,45.07676310,7.67058730,City Center,"Piazza Statuto, 16, 10122 Torino TO",Google maps: popeyes locations in italy,
1144,popeyes,Abruzzo,Pescara,PE,Montesilvano,Fried Chicken,EUR 10-20,4.1,205,42.51862800,14.14659900,City Center,"Via Cavallotti, 3, 65015 Montesilvano PE",Google maps: popeyes locations in italy,
1145,popeyes,Lombardia,Milano,MI,Milano,Fried Chicken,EUR 10-20,4.2,141,45.48053690,9.19251000,Commercial Area,"Piazzale Clotilde, Via Amerigo Vespucci, 20124 Milano MI",Google maps: popeyes locations in italy,
1146,popeyes,Lombardia,Milano,MI,Milano,Fried Chicken,EUR 10-20,4.1,92,45.47763160,9.14637050,Commercial Area,"Via Guglielmo Silva, 49, 20149 Milano MI",Google maps: popeyes locations in italy,
1147,popeyes,Campania,Caserta,CE,Gricignano di Aversa,Fried Chicken,EUR 20-30,3.5,10,40.99157540,14.25187130,Shopping Mall,"81030 Gricignano di Aversa, Province of Caserta",Google maps: popeyes locations in italy,
1148,popeyes,Lazio,Roma,RM,Roma,Fried Chicken,EUR 10-20,4.1,170,41.90827570,12.53863950,Commercial Area,"Via Tiburtina, 436, 00159 Roma RM",Google maps: popeyes locations in italy,
1149,popeyes,Toscana,Firenze,FI,Firenze,Fried Chicken,EUR 10-20,3.8,36,43.78467480,11.22774120,Commercial Area,"Via Gaetano Donizetti, 16, 50144 Firenze FI",Google maps: popeyes locations in italy,
1150,popeyes,Sicilia,Palermo,PA,Palermo,Fried Chicken,EUR 1-10,4.7,45,38.11172260,13.33570910,Commercial Area,"Via Libero Grassi, 38, 90135 Palermo PA",Google maps: popeyes locations in italy,
1151,popeyes,Lombardia,Milano,MI,Milano,Fried Chicken,EUR 10-20,4.6,546,45.36105120,9.21611740,Shopping Mall,"Via Milano, 5, 20085 Milano MI",Google maps: popeyes locations in italy,
1152,popeyes,Marche,Macerata,MC,Cingoli,Fried Chicken,EUR 10-20,4.4,"1,738",43.37365030,13.15340280,Service Area,"Località Castreccioni, 44, 62011 Cingoli MC",Google maps: popeyes locations in italy,
1153,popeyes,Lazio,Roma,RM,Roma,Fried Chicken,EUR 1-10,4.6,"1,200",41.91269240,12.45416470,Residential Area,"Via della Giuliana, 53/55, 00195 Roma RM",Google maps: popeyes locations in italy,
1154,popeyes,Marche,Macerata,MC,Potenza Picena,Fried Chicken,EUR 10-20,4.6,297,43.36358530,13.61883310,Residential Area,"Via delle Fonti, 11, 62018 Potenza Picena MC",Google maps: popeyes locations in italy,
1155,popeyes,Emilia-Romagna,Bologna,BO,Imola,Fried Chicken,EUR 10-20,4.8,164,44.35059650,11.71558550,City Center,"Via Quaini, 43, 40026 Imola BO",Google maps: popeyes locations in italy,
1156,Starbucks,Lazio,Roma,RM,Roma,Coffee,EUR 1-10,3.9,"1,160",41.90027570,12.47877840,City Center,Via Della Guglia 56/59 Roma 00186,https://www.starbucks.it/it/stores,
1157,Starbucks,Lazio,Roma,RM,Roma,Coffee,EUR 1-10,3.9,951,41.90222270,12.48090560,City Center,"Piazza San Silvestro, 6 Roma 00187",https://www.starbucks.it/it/stores,
1158,Starbucks,Lazio,Roma,RM,Roma,Coffee,EUR 1-10,3.9,401,41.90906770,12.46892280,Commercial Area,Via Cola di Rienzo 21/A-23/A Roma 00192,https://www.starbucks.it/it/stores,
1159,Starbucks,Lazio,Roma,RM,Roma,Coffee,EUR 1-10,2.8,11,41.90144010,12.50224230,Transport Hub,"Via Giovanni Giolitti, 40 Roma 00185",https://www.starbucks.it/it/stores,
1160,Starbucks,Lazio,Roma,RM,Roma,Coffee,EUR 1-10,2.8,11,41.90144010,12.50224230,Transport Hub,Via G. Giolitti 40 Roma 00185,https://www.starbucks.it/it/stores,
1161,Starbucks,Lazio,Roma,RM,Roma,Coffee,EUR 1-10,2.7,128,41.97093220,12.53870760,Shopping Mall,Via Alberto Lionello 201 Roma 00139,https://www.starbucks.it/it/stores,
1162,Starbucks,Lazio,Roma,RM,Castel Romano,Coffee,EUR 1-10,3.8,"1,599",41.71619010,12.44457360,Shopping Mall,Via del Ponte di Piscina Cupa 64 Roma 00128,https://www.starbucks.it/it/stores,
1163,Starbucks,Campania,Caserta,CE,Marcianise,Coffee,EUR 1-10,3.6,613,41.00521950,14.32075380,Shopping Mall,S.P. 336 Sannitica Marcianise 81025,https://www.starbucks.it/it/stores,
1164,Starbucks,Campania,Napoli,NA,Napoli,Coffee,EUR 1-10,3.8,473,40.83899190,14.24944430,City Center,Galleria Umberto I 40-43 Napoli 80132,https://www.starbucks.it/it/stores,
1165,Starbucks,Campania,Napoli,NA,Napoli,Coffee,EUR 1-10,3,108,40.85344040,14.27240530,Transport Hub,"Piazza Garibaldi, 1 Napoli 80142",https://www.starbucks.it/it/stores,
1166,Starbucks,Campania,Napoli,NA,Torre Annunziata,Coffee,EUR 1-10,3.9,93,40.74838740,14.46950460,Shopping Mall,"Via Plinio, 56 Torre Annunziata 80058 &#160",https://www.starbucks.it/it/stores,
1167,Starbucks,Toscana,Firenze,FI,Firenze,Coffee,EUR 1-10,3.1,201,43.77152980,11.25703070,City Center,"Via del Corso, 24 Firenze 50122",https://www.starbucks.it/it/stores,
1168,Starbucks,Toscana,Firenze,FI,Firenze,Coffee,EUR 1-10,3.5,891,43.77349650,11.25293900,City Center,Via de' Cerretani 46/R Firenze 50123,https://www.starbucks.it/it/stores,
1169,Starbucks,Toscana,Firenze,FI,Firenze,Coffee,EUR 1-10,3.4,288,43.77659490,11.24875540,Transport Hub,Piazza della Stazione Firenze 50123,https://www.starbucks.it/it/stores,
1170,Starbucks,Emilia-Romagna,Rimini,RN,Rimini,Coffee,EUR 1-10,2.9,118,44.03982160,12.58664260,Shopping Mall,"Via Caduti di Nassirya, 20 Rimini 47924",https://www.starbucks.it/it/stores,
1171,Starbucks,Toscana,Firenze,FI,Campi Bisenzio,Coffee,EUR 1-10,3.8,"2,376",43.84802090,11.14311700,Shopping Mall,Via San Quirico 165 Campi Bisenzio 50013,https://www.starbucks.it/it/stores,
1172,Starbucks,Toscana,Livorno,LI,Livorno,Coffee,EUR 1-10,3.9,522,43.54396900,10.30213990,Shopping Mall,Via Gaetano D'Alesio 2 Porta a Mare 57123,https://www.starbucks.it/it/stores,
1173,Starbucks,Emilia-Romagna,Bologna,BO,Bologna,Coffee,EUR 1-10,3.6,593,44.49168120,11.34190660,City Center,Via D'Azeglio 34 Bologna 40124,https://www.starbucks.it/it/stores,
1174,Starbucks,Emilia-Romagna,Bologna,BO,Zona Industriale Via del Lavoro,Coffee,EUR 1-10,3.3,68,44.48854280,11.24770670,Shopping Mall,Via Marilyn Monroe 2 Casalecchio di Reno 40033,https://www.starbucks.it/it/stores,
1175,Starbucks,Puglia,Bari,BA,Bari,Coffee,EUR 1-10,3.6,710,41.12253690,16.87067540,City Center,Via Argiro 112-112A Bari 70121,https://www.starbucks.it/it/stores,
1176,Starbucks,Veneto,Padova,PD,Padova,Coffee,EUR 1-10,3.5,296,45.40649630,11.87588160,City Center,"Piazza delle Erbe, 1 Padova 35122",https://www.starbucks.it/it/stores,
1177,Starbucks,Veneto,Venezia,VE,Venezia,Coffee,EUR 1-10,3.8,416,45.43728780,12.33658400,City Center,Marzarieta Due Aprile Venezia 30124,https://www.starbucks.it/it/stores,
1178,Starbucks,Liguria,Genova,GE,Genova,Coffee,EUR 1-10,3.8,598,44.40595340,8.93806070,City Center,"Via Alla Porta Degli Archi, 6R Genova 16128",https://www.starbucks.it/it/stores,
1179,Starbucks,Veneto,Verona,VR,Verona,Coffee,EUR 1-10,3.3,95,45.40525800,10.97602240,Shopping Mall,"Viale Delle Nazioni, 1 Verona 37135",https://www.starbucks.it/it/stores,
1180,Starbucks,Veneto,Verona,VR,Verona,Coffee,EUR 1-10,4.1,"1,462",45.44207210,10.99530300,City Center,Galleria Pellicciai 2 Verona 37121,https://www.starbucks.it/it/stores,
1181,Starbucks,Veneto,Venezia,VE,Noventa di Piave,Coffee,EUR 1-10,3.6,60,45.66977680,12.53618560,Shopping Mall,"Via Marco Polo, 1 Noventa di Piave 30020",https://www.starbucks.it/it/stores,
1182,Starbucks,Lombardia,Brescia,BS,Lonato del Garda,Coffee,EUR 1-10,3.7,33,45.43166100,10.51464850,Shopping Mall,"Via Mantova, 36 Lonato 25017",https://www.starbucks.it/it/stores,
1183,Starbucks,Piemonte,Alessandria,AL,Serravalle Scrivia,Coffee,EUR 1-10,3.8,"2,279",44.73525200,8.83791740,Shopping Mall,Via della Moda 1 Serravalle Scrivia 15069,https://www.starbucks.it/it/stores,
1184,Starbucks,Lombardia,Brescia,BS,Roncadelle,Coffee,EUR 1-10,3.3,214,45.53481100,10.16477960,Shopping Mall,Via Einaudi Mattei 37/39 Roncadelle 25030,https://www.starbucks.it/it/stores,
1185,Starbucks,Lombardia,Brescia,BS,Rodengo Saiano,Coffee,EUR 1-10,4.2,851,45.57638350,10.11933600,Shopping Mall,Piazza Cascina Moie 1/2 Rodengo Saiano 25050,https://www.starbucks.it/it/stores,
1186,Starbucks,Lombardia,Brescia,BS,Villa Pedergnano,Coffee,EUR 1-10,3.9,724,45.57998020,10.00352050,Commercial Area,Via Rovato 43 Erbusco 25030,https://www.starbucks.it/it/stores,
1187,Starbucks,Lombardia,Milano,MI,Carla Betulla,Coffee,EUR 1-10,3.4,337,45.36109240,9.21601750,Shopping Mall,Via Milano 5 Locate di Triulzi 20085,https://www.starbucks.it/it/stores,
1188,Starbucks,Lombardia,Milano,MI,Milano,Coffee,EUR 1-10,3.5,41,45.39180830,9.17783460,Shopping Mall,Via Curiel 25 Rozzano 20089,https://www.starbucks.it/it/stores,
1189,Starbucks,Lombardia,Bergamo,BG,Orio al Serio,Coffee,EUR 1-10,4.3,472,45.66436010,9.69554290,Shopping Mall,Via Portico 71 Orio al Serio 24050,https://www.starbucks.it/it/stores,
1190,Starbucks,Lombardia,Milano,MI,Milano,Coffee,EUR 1-10,3.8,"2,448",45.46567330,9.19858640,City Center,Via Durini 28 Milano 20122,https://www.starbucks.it/it/stores,
1191,Starbucks,Lombardia,Milano,MI,Milano,Coffee,EUR 1-10,3.8,701,45.46257750,9.18701210,City Center,Via Torino 21 Milano 20123,https://www.starbucks.it/it/stores,
1192,Starbucks,Lombardia,Milano,MI,Milano,Coffee,EUR 1-10,3.8,"2,800",45.48577090,9.20585080,Transport Hub,Piazza Savoia 1 Milano 20124,https://www.starbucks.it/it/stores,
1193,Starbucks,Lombardia,Milano,MI,Milano,Coffee,EUR 1-10,3.9,"1,314",45.46637090,9.16450170,Commercial Area,Corso Vercelli 2 Milano 20145,https://www.starbucks.it/it/stores,
1194,Starbucks,Lombardia,Milano,MI,Milano,Coffee,EUR 1-10,3.9,"2,891",45.48010450,9.18665840,Commercial Area,Corso Garibaldi 118 Milano 20121,https://www.starbucks.it/it/stores,
1195,Starbucks,Lombardia,Bergamo,BG,Bergamo,Coffee,EUR 1-10,4.1,536,45.69304180,9.66699280,City Center,Via XX Settembre Bergamo 24122,https://www.starbucks.it/it/stores,
1196,Starbucks,Lombardia,Milano,MI,Milano,Coffee,EUR 1-10,3.8,816,45.48819810,9.19535750,Commercial Area,Via Restelli 5 Milano 20124,https://www.starbucks.it/it/stores,
1197,Starbucks,Lombardia,Milano,MI,Milano,Coffee,EUR 1-10,3.9,37,45.51332700,9.10014610,Shopping Mall,Via Triboniano Milano 20151,https://www.starbucks.it/it/stores,
1198,Starbucks,Lombardia,Milano,MI,Arese,Coffee,EUR 1-10,3.1,225,45.56316540,9.05364600,Shopping Mall,Via Giuseppe Eugenio Luraghi 1 Arese 20044,https://www.starbucks.it/it/stores,
1199,Starbucks,Lombardia,Varese,VA,Ferno,Coffee,EUR 1-10,3.8,751,45.62660850,8.71276630,Transport Hub,Aeroporto Milano Malpensa T1 Ferno 21010,https://www.starbucks.it/it/stores,
1200,Starbucks,Lombardia,Varese,VA,Somma Lombardo,Coffee,EUR 1-10,3.9,16,45.64682350,8.72336180,Transport Hub,Aeroporto Milano Malpensa T2 Somma Lombarda 21019,https://www.starbucks.it/it/stores,
1201,Starbucks,Trentino-Alto Adige,Bolzano,BZ,Bolzano,Coffee,EUR 1-10,3.3,48,46.49647260,11.35566620,Shopping Mall,"Piazza Alto Adige, 1 Bolzano 39100",https://www.starbucks.it/it/stores,
1202,Starbucks,Piemonte,Torino,TO,Torino,Coffee,EUR 1-10,3.7,300,45.06174050,7.67835680,Transport Hub,Corso Vittorio Emanuele II 58 Torino 10123,https://www.starbucks.it/it/stores,
1203,Starbucks,Piemonte,Torino,TO,Torino,Coffee,EUR 1-10,3.8,"3,088",45.06561760,7.68041570,City Center,Via Bruno Buozzi 5 Torino 10121,https://www.starbucks.it/it/stores,
1204,Starbucks,Piemonte,Torino,TO,Settimo Torinese,Coffee,EUR 1-10,3.7,277,45.12859180,7.73898810,Shopping Mall,Via Torino 160 Settimo Torinese 10036,https://www.starbucks.it/it/stores,
1205,Subway,Friuli-Venezia Giulia,Pordenone,PN,Aviano,Sandwiches,EUR 1-10,4.1,28,46.06598940,12.57862190,Shopping Mall,Casella Postale 6 Area 1 Bldg 179 33081 Aviano,https://restaurants.subway.com/italy,
1206,Subway,Toscana,Firenze,FI,Firenze,Sandwiches,EUR 1-10,3.9,814,43.77686520,11.25723410,City Center,Via Cavour 65/R 50129 Florence FI,https://restaurants.subway.com/italy,
1207,Subway,Campania,Caserta,CE,Gricignano di Aversa,Sandwiches,EUR 10-20,3.5,42,40.99153690,14.25213630,Shopping Mall,210-990 Base Military American Bldg 2091 81030 Gricignano Di Aversa CE,https://restaurants.subway.com/italy,
1208,Subway,Sicilia,Siracusa,SR,Lentini,Sandwiches,NaN,1,1,37.41018550,14.92038520,Shopping Mall,Naval Air Station Sigonella Ii 96016 Lentini SR,https://restaurants.subway.com/italy,
1209,Subway,Sicilia,Siracusa,SR,Lentini,Sandwiches,EUR 10-20,4.1,77,37.41053800,14.91986410,Shopping Mall,Nex Sigonella 96016 Lentini SR,https://restaurants.subway.com/italy,
1210,Subway,Campania,Napoli,NA,Napoli,Sandwiches,NaN,3.3,9,40.88992410,14.27577400,Commercial Area,Bldg 448 Naval Support Acitivity 80144 Naples NA,https://restaurants.subway.com/italy,
1211,Subway,Toscana,Pisa,PI,Pisa,Sandwiches,EUR 1-10,3.6,992,43.72217230,10.39797150,City Center,Piazza Dell'Arcivescovado 3 56126 Pisa PI,https://restaurants.subway.com/italy,
1213,Subway,Veneto,Vicenza,VI,Vicenza,Sandwiches,NaN,1.8,13,45.54869400,11.57788100,Shopping Mall,Caserne Ederle Bldg 302 Food Court 36100 Vicenza,https://restaurants.subway.com/italy,
1214,Subway,Veneto,Vicenza,VI,Vicenza,Sandwiches,NaN,2.3,8,45.55682900,11.56517330,Commercial Area,Dal Molin Airfield Via Sant' Antonio #59 36100 Vicenza VI,https://restaurants.subway.com/italy,
1215,Alice Pizza,Veneto,Verona,VR,Affi,Pizza,EUR 1-10,4.1,169,45.55213030,10.78201580,Shopping Mall,"Alice Affi Centro Commerciale Grand'Affi, Località Canove, 1, 37010 Affi",https://www.alicepizza.it/en/pizzerias/,
1216,Alice Pizza,Sicilia,Agrigento,AG,Villaseta,Pizza,EUR 1-10,3.6,45,37.29830690,13.55347960,Shopping Mall,"Alice Pizza Città dei Templi Via Fosse Ardeatine, Agrigento",https://www.alicepizza.it/en/pizzerias/,
1217,Alice Pizza,Lazio,Roma,RM,Albano Laziale,Pizza,EUR 1-10,4.1,311,41.72793330,12.65973740,City Center,Alice Albano Laziale Corso Giacomo Matteotti 183 Albano,https://www.alicepizza.it/en/pizzerias/,
1218,Alice Pizza,Lazio,Latina,LT,Aprilia,Pizza,EUR 1-10,4,360,41.59318740,12.62751870,Shopping Mall,Alice Pizza CC Aprilia C.C. Aprilia 2 SS 148 Pontina Km 44 Aprilia 06/9253893,https://www.alicepizza.it/en/pizzerias/,
1219,Alice Pizza,Lazio,Latina,LT,Aprilia,Pizza,EUR 1-10,4.3,394,41.58925980,12.65282210,Commercial Area,Alice Aprilia Via De Gasperi Via Alcide De Gasperi 79 Aprilia,https://www.alicepizza.it/en/pizzerias/,
1220,Alice Pizza,Lombardia,Milano,MI,Assago,Pizza,EUR 1-10,3.3,118,45.40356760,9.15278340,Shopping Mall,"Alice Assago Centro Commerciale Milanofiori Viale Milano Fiori, 20090 Assago MI 02 5004 3632",https://www.alicepizza.it/en/pizzerias/,
1221,Alice Pizza,Abruzzo,L'Aquila,AQ,Avezzano,Pizza,EUR 1-10,4.3,108,42.03604320,13.42777970,City Center,Alice Avezzano Via Camillo Corradini 195 Avezzano 0863/455252,https://www.alicepizza.it/en/pizzerias/,
1222,Alice Pizza,Lombardia,Milano,MI,Bellinzago Lombardo,Pizza,EUR 1-10,3.7,81,45.54590440,9.45416610,Shopping Mall,"Alice La Corte Lombarda Centro Commerciale La Corte Lombarda, Via Padana Superiore, 154, 20060 Bellinzago Lombardo MI",https://www.alicepizza.it/en/pizzerias/,
1223,Alice Pizza,Lombardia,Bergamo,BG,Orio al Serio,Pizza,EUR 1-10,2.9,113,45.66185210,9.69605980,Shopping Mall,"Alice Orio Center Via Portico, 71 Orio al Serio | Orio Center 1° Piano",https://www.alicepizza.it/en/pizzerias/,
1224,Alice Pizza,Lombardia,Bergamo,BG,Bergamo,Pizza,EUR 1-10,4.1,550,45.69325590,9.67150770,City Center,"Alice Bergamo Viale Papa Giovanni XXIII 44, Bergamo",https://www.alicepizza.it/en/pizzerias/,
1225,Alice Pizza,Emilia-Romagna,Bologna,BO,Bologna,Pizza,EUR 1-10,4.1,35,44.51414830,11.32946780,Service Area,"Alice Pizza La Pioppa Est A14 Bologna-Taranto, Km 2.3 - Zola Predosa (BO), 40069",https://www.alicepizza.it/en/pizzerias/,
1226,Alice Pizza,Puglia,Brindisi,BR,Brindisi,Pizza,EUR 1-10,4.7,335,40.61878350,17.90204370,Commercial Area,"Alice Brindisi Centro Commerciale Le Colonne, SS7, 712, 72100 Brindisi BR",https://www.alicepizza.it/en/pizzerias/,
1227,Alice Pizza,Sardegna,Cagliari,CA,Cagliari,Pizza,EUR 1-10,4,308,39.21701530,9.11925450,City Center,"Alice Pizza Cagliari Garibaldi Via Giuseppe Garibaldi, 144-146, 09125 Cagliari CA",https://www.alicepizza.it/en/pizzerias/,
1228,Alice Pizza,Sardegna,Cagliari,CA,Quartucciu,Pizza,EUR 1-10,3.9,324,39.24522580,9.16522240,Shopping Mall,"Alice Cagliari Centro Commerciale Le Vele, Via delle Serre, Quartucciu (Cagliari)",https://www.alicepizza.it/en/pizzerias/,
1229,Alice Pizza,Abruzzo,Chieti,CH,Chieti,Pizza,EUR 1-10,3.5,208,42.34404220,14.12844780,Shopping Mall,Alice Chieti Centro Commerciale Megalò Località Santa Filomena Chieti,https://www.alicepizza.it/en/pizzerias/,
1230,Alice Pizza,Lazio,Roma,RM,Ciampino,Pizza,EUR 1-10,4.3,928,41.80458980,12.60141250,Transport Hub,Alice Ciampino Viale John Fitzgerald Kennedy 41 Ciampino,https://www.alicepizza.it/en/pizzerias/,
1231,Alice Pizza,Lombardia,Milano,MI,Cinisello Balsamo,Pizza,EUR 1-10,4.2,55,45.54974600,9.23826170,Commercial Area,"Alice Pizza Cinisello Viale Brianza 2, Cinisello Balsamo 02 72199377",https://www.alicepizza.it/en/pizzerias/,
1232,Alice Pizza,Lombardia,Cremona,CR,Cremona,Pizza,EUR 1-10,2.7,38,45.14869850,9.99795760,Shopping Mall,"Alice Pizza CC CremonaPo Centro Commerciale CremonaPo, via Castelleone 108, Cremona (CR) 02 40703328",https://www.alicepizza.it/en/pizzerias/,
1233,Alice Pizza,Piemonte,Cuneo,CN,Cuneo,Pizza,EUR 1-10,4.2,489,44.39246080,7.58249270,Shopping Mall,Alice Cuneo Centro Commerciale Auchan Via Margarita 8 Cuneo,https://www.alicepizza.it/en/pizzerias/,
1234,Alice Pizza,Piemonte,Cuneo,CN,Cuneo,Pizza,EUR 1-10,4.3,314,44.38491440,7.54218160,Commercial Area,Alice Corso Giolitti (Cuneo) Corso Giolitti 4d,https://www.alicepizza.it/en/pizzerias/,
1235,Alice Pizza,Lombardia,Brescia,BS,Bessimo Superiore I,Pizza,EUR 1-30,3.9,47,45.87338640,10.15634070,Shopping Mall,"Alice Adamello Centro Commerciale Adamello, Via Cassiano Serventi, n. 2, 25047 Darfo Boario Terme BS",https://www.alicepizza.it/en/pizzerias/,
1236,Alice Pizza,Lombardia,Brescia,BS,Desenzano del Garda,Pizza,EUR 1-10,4.3,57,45.46418260,10.52731000,Shopping Mall,"Alice Pizza Desenzano Centro Commerciale Le Vele | Via Guglielmo Marconi 1, Desenzano del Garda (BS)",https://www.alicepizza.it/en/pizzerias/,
1237,Alice Pizza,Lombardia,Brescia,BS,Villa Pedergnano,Pizza,EUR 1-10,4,21,45.57998860,9.99951720,Shopping Mall,"Alice Le Porte Franche Centro Commerciale Le Porte Franche, Via Rovato 44, 25030 Erbusco (BS)",https://www.alicepizza.it/en/pizzerias/,
1238,Alice Pizza,Lombardia,Varese,VA,Ferno,Pizza,EUR 10-20,2.4,169,45.62888260,8.71254430,Transport Hub,Alice Pizza Malpensa Aeroporto Milano Malpensa - Terminal 1 arrivi internazionali,https://www.alicepizza.it/en/pizzerias/,
1239,Alice Pizza,Lazio,Roma,RM,Tor Lupara,Pizza,EUR 1-10,4.3,363,41.99473630,12.61888790,Commercial Area,Alice Fonte Nuova Via Nomentana 622 Fonte Nuova (Roma),https://www.alicepizza.it/en/pizzerias/,
1240,Alice Pizza,Emilia-Romagna,Forlì-Cesena,FC,Forlì,Pizza,EUR 1-10,4.2,145,44.24352680,12.08152850,Shopping Mall,Alice Forlì C.C. Punta di Ferro C.C. Punta di Ferro Piazzale della Cooperazione 2 47122 Forlì,https://www.alicepizza.it/en/pizzerias/,
1241,Alice Pizza,Lazio,Frosinone,FR,Le Lame-area Industriale,Pizza,EUR 1-10,4.6,211,41.62162410,13.28551550,Shopping Mall,"Alice Pizza CC Le Sorgenti Via armando vona , 20 C/O C.c. Le Sorgenti",https://www.alicepizza.it/en/pizzerias/,
1242,Alice Pizza,Liguria,Genova,GE,Genova,Pizza,EUR 1-10,4.2,863,44.41279620,8.88257550,Shopping Mall,Alice Pizza Genova CC Fiumara Fiumara Centro Commerciale - Via Fiumara 15 Genova 010/2368611,https://www.alicepizza.it/en/pizzerias/,
1243,Alice Pizza,Toscana,Grosseto,GR,Grosseto,Pizza,EUR 1-10,3.4,61,42.78853040,11.11389870,Shopping Mall,Alice Grosseto Centro Maremà Via Ecuador 30 Grosseto,https://www.alicepizza.it/en/pizzerias/,
1244,Alice Pizza,Lazio,Roma,RM,Grottaferrata,Pizza,EUR 1-10,4.3,115,41.78886620,12.67014880,City Center,"Alice Pizza Grottaferrata Via A. Santovetti 16, Grottaferrata 06.87726668",https://www.alicepizza.it/en/pizzerias/,
1245,Alice Pizza,Lazio,Roma,RM,Villanova,Pizza,EUR 1-10,4.1,158,41.96458640,12.75602520,Commercial Area,"Alice Villanova di Guidonia Via Maremmana Inferiore, 264, 00012 Guidonia Montecelio 0774 707954",https://www.alicepizza.it/en/pizzerias/,
1246,Alice Pizza,Lazio,Roma,RM,Guidonia Montecelio,Pizza,EUR 1-10,3.4,27,41.95417820,12.69585210,Shopping Mall,Alice Tiburtino Shopping Center Centro Commerciale Tiburtino Shopping Center Via dei Pioppi 6 Guidonia Montecelio,https://www.alicepizza.it/en/pizzerias/,
1247,Alice Pizza,Lazio,Roma,RM,Guidonia Montecelio,Pizza,EUR 1-10,4.3,771,41.97549300,12.64463670,Commercial Area,Alice Palombarese Via Palombarese 207 Guidonia,https://www.alicepizza.it/en/pizzerias/,
1248,Alice Pizza,Lazio,Roma,RM,Guidonia Montecelio,Pizza,EUR 1-10,4,368,41.98647980,12.71629400,Commercial Area,"Alice Guidonia Viale Roma 187, Guidonia",https://www.alicepizza.it/en/pizzerias/,
1249,Alice Pizza,Liguria,La Spezia,SP,La Spezia,Pizza,EUR 1-10,3.9,134,44.11908900,9.83260680,Shopping Mall,Alice La Spezia Centro Commerciale Le Terrazze Via Fontevivo 17,https://www.alicepizza.it/en/pizzerias/,
1250,Alice Pizza,Lazio,Roma,RM,Ladispoli,Pizza,EUR 1-10,4.2,407,41.94951120,12.07892960,Commercial Area,"Alice Ladispoli Viale Italia, 8 0631053285",https://www.alicepizza.it/en/pizzerias/,
1251,Alice Pizza,Lazio,Latina,LT,Latina,Pizza,EUR 1-10,3.9,196,41.46467200,12.89024930,Shopping Mall,Alice Latina Centro Commerciale Latinafiori Viale Pierluigi Nervi Latina 0773/479021,https://www.alicepizza.it/en/pizzerias/,
1252,Alice Pizza,Lombardia,Monza e della Brianza,MB,Limbiate,Pizza,EUR 1-10,3.3,89,45.60711850,9.13135380,Shopping Mall,"Alice Limbiate CC Limbiate Via Giuseppe Garibaldi Ex SS 527, 20812 Limbiate MB Limbiate",https://www.alicepizza.it/en/pizzerias/,
1253,Alice Pizza,Toscana,Lucca,LU,Lucca,Pizza,EUR 1-10,4.6,952,43.84290180,10.50165470,City Center,Alice Lucca Via S. Paolino 22 Lucca,https://www.alicepizza.it/en/pizzerias/,
1254,Alice Pizza,Veneto,Venezia,VE,Marcon-gaggio Zona Commerciale,Pizza,EUR 1-10,4.2,134,45.54466410,12.30540530,Shopping Mall,"Alice Marcon Centro Commerciale Valecenter, Via Enrico Mattei, 1 / C, 30020 Marcon VE",https://www.alicepizza.it/en/pizzerias/,
1255,Alice Pizza,Lombardia,Milano,MI,Melegnano,Pizza,EUR 1-10,4.8,73,45.33868160,9.36516460,Commercial Area,"Alice Pizza Melegnano SS 9 via Emilia 2, Melegnano 0230552408",https://www.alicepizza.it/en/pizzerias/,
1256,Alice Pizza,Veneto,Venezia,VE,Venezia,Pizza,EUR 1-20,4,465,45.51015260,12.22726410,Shopping Mall,Alice Mestre Via Don Tosatto 22 041-8760064,https://www.alicepizza.it/en/pizzerias/,
1257,Alice Pizza,Lombardia,Milano,MI,Milano,Pizza,EUR 1-10,3.5,125,45.46838330,9.21392560,Commercial Area,"Alice Indipendenza Corso Indipendenza 7, Milano 02.40703328",https://www.alicepizza.it/en/pizzerias/,
1258,Alice Pizza,Lombardia,Milano,MI,Milano,Pizza,EUR 1-10,3.5,274,45.45129310,9.15113150,Commercial Area,"Alice Pizza Giambellino Via Tolstoj 16, ang. Via Giambellino, 20144 Milano 02.40703328",https://www.alicepizza.it/en/pizzerias/,
1259,Alice Pizza,Lombardia,Milano,MI,Milano,Pizza,EUR 1-10,3.7,135,45.43752870,9.15404380,Residential Area,"Alice Miani Piazza Miani 4, 20143 Milano 02.40703328",https://www.alicepizza.it/en/pizzerias/,
1260,Alice Pizza,Lombardia,Milano,MI,Milano,Pizza,EUR 1-10,3.6,194,45.44923780,9.21126400,Commercial Area,"Alice Viale Umbria Viale Umbria 15, 20135 Milano 02.40703328",https://www.alicepizza.it/en/pizzerias/,
1261,Alice Pizza,Lombardia,Milano,MI,Milano,Pizza,EUR 1-10,3.9,547,45.46078580,9.18294990,City Center,"Alice Pizza Via Torino Via Torino 62, Milano 02.40703328",https://www.alicepizza.it/en/pizzerias/,
1262,Alice Pizza,Lombardia,Milano,MI,Milano,Pizza,EUR 1-10,4.1,204,45.45683580,9.16879940,Commercial Area,"Alice Pizza Via Solari 1 Via Solari 1, Milano 02.40703328",https://www.alicepizza.it/en/pizzerias/,
1263,Alice Pizza,Lombardia,Milano,MI,Milano,Pizza,EUR 1-10,3.4,115,45.45958680,9.20744440,Commercial Area,"Alice Monte Nero Via Spartaco 2, Milano 02.40703328",https://www.alicepizza.it/en/pizzerias/,
1264,Alice Pizza,Lombardia,Milano,MI,Milano,Pizza,EUR 1-10,3.6,229,45.49121840,9.23783890,Transport Hub,"Alice Udine Via Feltre 1, Milano 02 40703328",https://www.alicepizza.it/en/pizzerias/,
1265,Alice Pizza,Lombardia,Milano,MI,Milano,Pizza,EUR 1-10,4.2,293,45.46245110,9.17304930,Transport Hub,"Alice San Vittore Via San Vittore 1, Milano 02.40703328",https://www.alicepizza.it/en/pizzerias/,
1266,Alice Pizza,Lombardia,Milano,MI,Milano,Pizza,EUR 10-20,3.3,111,45.49155000,9.21590810,Residential Area,"Alice Pizza Prealpi Via Masolino da Panicale 12, Milano",https://www.alicepizza.it/en/pizzerias/,
1267,Alice Pizza,Lombardia,Milano,MI,Milano,Pizza,EUR 1-10,4.1,290,45.49376440,9.15276760,Residential Area,"Alice Pizza Prealpi Via Masolino da Panicale 12, Milano",https://www.alicepizza.it/en/pizzerias/,
1268,Alice Pizza,Lombardia,Milano,MI,Milano,Pizza,EUR 1-10,3.6,241,45.51388710,9.17388720,Commercial Area,"Alice Affori Via Pellegrino Rossi 80, Milano",https://www.alicepizza.it/en/pizzerias/,
1269,Alice Pizza,Lombardia,Milano,MI,Milano,Pizza,EUR 1-10,3.9,323,45.49492620,9.20688440,Commercial Area,"Alice Pizza Gioia Via Melchiorre Gioia 139, 20125 Milano, Lombardia",https://www.alicepizza.it/en/pizzerias/,
1270,Alice Pizza,Lombardia,Milano,MI,Milano,Pizza,EUR 1-10,4.1,337,45.50362350,9.17643010,Residential Area,"Alice Pizza Dergano Via Giuseppe Tartini 3, Milano",https://www.alicepizza.it/en/pizzerias/,
1271,Alice Pizza,Lombardia,Milano,MI,Milano,Pizza,EUR 1-10,4.2,331,45.45309900,9.17077030,Transport Hub,"Alice Pizza via Vigevano Via Vigevano 43, Milano",https://www.alicepizza.it/en/pizzerias/,
1272,Alice Pizza,Lombardia,Milano,MI,Milano,Pizza,EUR 1-10,3.5,486,45.48091850,9.22494170,Transport Hub,"Alice Pizza Città Studi Via Antonio Bazzini 1, Milano",https://www.alicepizza.it/en/pizzerias/,
1273,Alice Pizza,Lombardia,Milano,MI,Milano,Pizza,EUR 1-10,3.7,196,45.45560200,9.16466380,Commercial Area,"Alice Via Solari 23 Via Andrea Solari 23, Milano",https://www.alicepizza.it/en/pizzerias/,
1274,Alice Pizza,Lombardia,Milano,MI,Milano,Pizza,EUR 1-10,4.1,651,45.48532220,9.21562350,Commercial Area,"Alice Buenos Aires Corso Buenos Aires 77, Milano",https://www.alicepizza.it/en/pizzerias/,
1275,Alice Pizza,Lombardia,Milano,MI,Milano,Pizza,EUR 1-10,3.9,778,45.47609330,9.20772450,City Center,Alice Pizza Spallanzani Via L. Spallanzani 18 Milano,https://www.alicepizza.it/en/pizzerias/,
1276,Alice Pizza,Lazio,Roma,RM,Monterotondo,Pizza,EUR 1-10,4.4,566,42.05328550,12.61955190,City Center,Alice Monterotondo Via XX Settembre 2 Monterotondo 06/90623253,https://www.alicepizza.it/en/pizzerias/,
1277,Alice Pizza,Lombardia,Monza e della Brianza,MB,Villasanta,Pizza,EUR 1-10,3.8,120,45.61862540,9.30904060,Shopping Mall,"Alice Villasanta Centro Commerciale Villasanta Il Gigante, Via Tiziano Vecellio, 2 Villasanta, Monza Brianza",https://www.alicepizza.it/en/pizzerias/,
1278,Alice Pizza,Lombardia,Milano,MI,Novate Milanese,Pizza,EUR 10-20,4,166,45.51975050,9.14973460,Shopping Mall,"Alice Metropoli Via Carlo Amoretti 1, Novate Milanese Centro Commerciale Metropoli",https://www.alicepizza.it/en/pizzerias/,
1279,Alice Pizza,Lombardia,Varese,VA,Solbiate Olona,Pizza,EUR 10-20,4.6,225,45.64111370,8.86349690,Shopping Mall,"Alice Solbiate Olona Centro Commerciale Le Betulle, Via per Busto Arsizio, 11, 21058 Solbiate Olona VA",https://www.alicepizza.it/en/pizzerias/,
1280,Alice Pizza,Sardegna,Sassari,SS,Olbia,Pizza,EUR 1-10,4,227,40.90987190,9.52320040,Shopping Mall,"Alice Olbia Centro commerciale Olbia Mare, Strada Statale 125 Orientale Sarda, 07026 Olbia SS",https://www.alicepizza.it/en/pizzerias/,
1281,Alice Pizza,Lazio,Roma,RM,Lido di Ostia,Pizza,EUR 1-10,4.5,431,41.73386630,12.27740480,Commercial Area,Alice Ostia Viale Vasco de Gama 54 Ostia 06/5693659,https://www.alicepizza.it/en/pizzerias/,
1282,Alice Pizza,Lombardia,Milano,MI,Paderno Dugnano,Pizza,EUR 1-10,3.9,66,45.57504370,9.17766530,Shopping Mall,"Alice CC Brianza Centro Commerciale Brianza Strada dei Giovi, Paderno Dugnano",https://www.alicepizza.it/en/pizzerias/,
1283,Alice Pizza,Lombardia,Pavia,PV,Pavia,Pizza,EUR 10-20,3.6,201,45.20494080,9.17250240,Commercial Area,Alice Pavia C.C. Carrefour Strada Vigentina ang. Via Cassani,https://www.alicepizza.it/en/pizzerias/,
1284,Alice Pizza,Umbria,Perugia,PG,Perugia,Pizza,EUR 1-10,4.4,208,43.10876000,12.38976100,City Center,Alice Perugia Via Sant'Ercolano n.32 Perugia,https://www.alicepizza.it/en/pizzerias/,
1285,Alice Pizza,Abruzzo,Pescara,PE,San Martino Bassa,Pizza,EUR 1-10,4,253,42.51964730,14.12883540,Shopping Mall,Alice CC Pescara Nord Via Leonardo Petruzzi 140 Pescara,https://www.alicepizza.it/en/pizzerias/,
1286,Alice Pizza,Lombardia,Milano,MI,Peschiera Borromeo,Pizza,EUR 1-10,4,688,45.42364080,9.29431020,Shopping Mall,Alice Peschiera Borromeo Galleria Borromea Shopping Center Via della Liberazione 8,https://www.alicepizza.it/en/pizzerias/,
1287,Alice Pizza,Lazio,Roma,RM,Pomezia,Pizza,EUR 1-10,4.2,638,41.66909270,12.50060700,City Center,Alice Pomezia Via Orazio 21,https://www.alicepizza.it/en/pizzerias/,
1288,Alice Pizza,Campania,Salerno,SA,Pontecagnano Faiano,Pizza,EUR 10-20,2.5,148,40.63569160,14.90785890,Shopping Mall,"Alice Maximall Via Antonio Pacinotti, 84098 Località Scontrafata, Pontecagnano Faiano SA",https://www.alicepizza.it/en/pizzerias/,
1289,Alice Pizza,Veneto,Venezia,VE,Portogruaro,Pizza,EUR 1-10,3.2,70,45.79125200,12.81488090,Shopping Mall,"Alice Adriatico2 Centro Commerciale Adriatico2, Via Prati Guori, 29, 30026 Portogruaro VE",https://www.alicepizza.it/en/pizzerias/,
1290,Alice Pizza,Emilia-Romagna,Ravenna,RA,Ravenna,Pizza,EUR 1-10,3.8,301,44.41859220,12.19925690,City Center,Alice Ravenna Via IV Novembre 35,https://www.alicepizza.it/en/pizzerias/,
1291,Alice Pizza,Emilia-Romagna,Ravenna,RA,Ravenna,Pizza,EUR 1-10,3.3,67,44.39464070,12.17824110,Shopping Mall,"Alice C.C. Esp Ravenna Centro Commerciale Esp Via Marco Bussato 74, 48124 Ravenna",https://www.alicepizza.it/en/pizzerias/,
1292,Alice Pizza,Lombardia,Milano,MI,Rescaldina,Pizza,EUR 1-10,3.8,388,45.60921970,8.96338660,Shopping Mall,Alice Rescaldina Centro Commerciale Rescaldina Via Palmiro Togliatti 2,https://www.alicepizza.it/en/pizzerias/,
1293,Alice Pizza,Lazio,Roma,RM,Roma,Pizza,EUR 1-10,4.5,10,41.89566060,12.49035320,City Center,Alice Pizza Serpenti Via dei Serpenti 20,https://www.alicepizza.it/en/pizzerias/,
1294,Alice Pizza,Lazio,Roma,RM,Roma,Pizza,EUR 1-10,3.5,6,41.93221880,12.46565990,Transport Hub,"Alice Pizza Flaminio Via Giulio Romano, 17, 00196 Roma RM",https://www.alicepizza.it/en/pizzerias/,
1295,Alice Pizza,Lazio,Roma,RM,Roma,Pizza,EUR 1-10,4.8,272,41.86085690,12.48580530,Residential Area,"Alice Pizza 7 chiese Largo delle Sette Chiese 13/13A, Roma",https://www.alicepizza.it/en/pizzerias/,
1296,Alice Pizza,Lazio,Roma,RM,Roma,Pizza,EUR 1-10,4.1,77,41.91286450,12.51862730,Transport Hub,"Alice Pizza Largo Ravenna Largo Ravenna 1, Roma (RM)",https://www.alicepizza.it/en/pizzerias/,
1297,Alice Pizza,Lazio,Roma,RM,Roma,Pizza,EUR 1-10,3.7,46,41.90204740,12.43823730,Shopping Mall,"Alice Pizza Aura Viale di Valle Aurelia 30, Roma (RM)",https://www.alicepizza.it/en/pizzerias/,
1298,Alice Pizza,Lazio,Roma,RM,Roma,Pizza,EUR 1-10,4.7,336,41.81936750,12.47981250,Commercial Area,Alice Pizza Cesare Pavese Viale Cesare Pavese 28 - Roma,https://www.alicepizza.it/en/pizzerias/,
1299,Alice Pizza,Lazio,Roma,RM,Roma,Pizza,EUR 1-10,4.3,48,41.95988930,12.40723380,Residential Area,"Alice Pizza Casal del Marmo Via di Casal del Marmo 123-125, Roma",https://www.alicepizza.it/en/pizzerias/,
1300,Alice Pizza,Lazio,Roma,RM,Roma,Pizza,EUR 1-10,4.7,330,41.88569840,12.51013480,Transport Hub,"Alice Pizza largo Brindisi Largo Brindisi 2, Roma",https://www.alicepizza.it/en/pizzerias/,
1301,Alice Pizza,Lazio,Roma,RM,Roma,Pizza,EUR 1-10,4.8,"2,762",41.88860330,12.47098600,City Center,"Alice Trastevere Via di S. Francesco a Ripa 1, Roma",https://www.alicepizza.it/en/pizzerias/,
1302,Alice Pizza,Lazio,Roma,RM,Roma,Pizza,EUR 1-10,4.3,240,41.92951070,12.56720420,Residential Area,"Alice Casal de' Pazzi Via di Casal dei Pazzi, 107, 00156, Roma",https://www.alicepizza.it/en/pizzerias/,
1303,Alice Pizza,Lazio,Roma,RM,Roma,Pizza,EUR 1-10,4.1,287,41.89296400,12.50122200,City Center,"Alice Merulana Via Merulana 232, 00185 Roma",https://www.alicepizza.it/en/pizzerias/,
1304,Alice Pizza,Lazio,Roma,RM,Roma,Pizza,EUR 1-10,4.2,244,41.89431030,12.55896410,Commercial Area,Alice Tor de' Schiavi Via Tor de' Schiavi 403-407 00171 Roma,https://www.alicepizza.it/en/pizzerias/,
1305,Alice Pizza,Lazio,Roma,RM,Roma,Pizza,EUR 1-10,4,579,41.88664230,12.40082490,Service Area,"Alice Aurelia Via Aurelia 8/456 00163, Roma",https://www.alicepizza.it/en/pizzerias/,
1306,Alice Pizza,Lazio,Roma,RM,Roma,Pizza,EUR 1-10,4,139,41.94660590,12.47351830,Commercial Area,"Alice Fleming Via Flaminia 679, Roma 06 9785 7681",https://www.alicepizza.it/en/pizzerias/,
1307,Alice Pizza,Lazio,Roma,RM,Roma,Pizza,EUR 1-10,3.1,137,41.80784840,12.48542850,Shopping Mall,Alice Maximo Via Laurentina 865 06 8780 5678,https://www.alicepizza.it/en/pizzerias/,
1308,Alice Pizza,Lazio,Roma,RM,Roma,Pizza,EUR 1-10,4.1,203,41.78182960,12.36644800,Commercial Area,"Alice Acilia Via di Acilia 71, Roma +39 0695226 690",https://www.alicepizza.it/en/pizzerias/,
1309,Alice Pizza,Lazio,Roma,RM,Roma,Pizza,EUR 1-10,4.1,400,41.82596060,12.47772300,Commercial Area,"Alice Aeronautica Viale dell'Aeronautica, 84, Roma +390687757547",https://www.alicepizza.it/en/pizzerias/,
1310,Alice Pizza,Lazio,Roma,RM,Roma,Pizza,EUR 1-10,4.4,"1,771",41.90466930,12.45801580,City Center,Alice Via delle Grazie Via delle Grazie 7/9 Roma +39066875746,https://www.alicepizza.it/en/pizzerias/,
1311,Alice Pizza,Lazio,Roma,RM,Roma,Pizza,EUR 1-10,4.6,74,41.90469480,12.49271610,City Center,Alice Barberini Via di San Basilio 56 Roma 06/99702598,https://www.alicepizza.it/en/pizzerias/,
1312,Alice Pizza,Lazio,Roma,RM,Roma,Pizza,EUR 1-10,4.1,485,41.94707670,12.46810500,Commercial Area,Alice Via di Vigna Stelluti Via di Vigna Stelluti 186 Roma +390683791203,https://www.alicepizza.it/en/pizzerias/,
1313,Alice Pizza,Lazio,Roma,RM,Roma,Pizza,EUR 1-10,4.6,193,41.90869180,12.48817930,City Center,Alice Via Lazio Via Lazio 15 Roma,https://www.alicepizza.it/en/pizzerias/,
1314,Alice Pizza,Lazio,Roma,RM,Roma,Pizza,EUR 1-10,4.7,13,41.90885930,12.49044230,City Center,Alice Via Marche Via Marche 21 Roma 06/4743344,https://www.alicepizza.it/en/pizzerias/,
1315,Alice Pizza,Lazio,Roma,RM,Roma,Pizza,EUR 1-10,4.2,733,41.88032100,12.47771910,Commercial Area,Alice Via Marmorata Via Marmorata 111 Roma 06/5744787,https://www.alicepizza.it/en/pizzerias/,
1316,Alice Pizza,Lazio,Roma,RM,Roma,Pizza,EUR 1-10,4.2,619,41.91777300,12.46437210,Commercial Area,Alice Via Monte Zebio Via Monte Zebio 21 Roma 06/37515021,https://www.alicepizza.it/en/pizzerias/,
1317,Alice Pizza,Lazio,Roma,RM,Roma,Pizza,EUR 1-10,4.3,372,41.87720330,12.43024120,Residential Area,Alice Via Silvestri Via Silvestri 228 Roma,https://www.alicepizza.it/en/pizzerias/,
1318,Alice Pizza,Lazio,Roma,RM,Roma,Pizza,EUR 1-10,4.7,45,41.90920630,12.49429830,City Center,Alice Via Romagna Via Romagna 28 Roma,https://www.alicepizza.it/en/pizzerias/,
1319,Alice Pizza,Lazio,Roma,RM,Roma,Pizza,EUR 1-10,4.4,741,41.87215610,12.47985790,Commercial Area,Alice Ostiense Via Ostiense 48 Roma +39065745472,https://www.alicepizza.it/en/pizzerias/,
1320,Alice Pizza,Lazio,Roma,RM,Roma,Pizza,EUR 1-10,4.2,662,41.92726150,12.49266240,Residential Area,Alice Parioli Via di Villa San Filippo 20 Roma 06/80690314,https://www.alicepizza.it/en/pizzerias/,
1321,Alice Pizza,Lazio,Roma,RM,Roma,Pizza,EUR 1-10,4.3,785,41.86435320,12.46865450,Commercial Area,Alice Marconi Via Grimaldi 3 Roma 06/83706255,https://www.alicepizza.it/en/pizzerias/,
1322,Alice Pizza,Lazio,Roma,RM,Roma,Pizza,EUR 1-10,4.5,"4,833",41.89606580,12.47785050,City Center,Alice Largo Argentina Corso Vittorio Emanuele II 35 Roma,https://www.alicepizza.it/en/pizzerias/,
1323,Alice Pizza,Lazio,Roma,RM,Roma,Pizza,EUR 1-10,4.5,978,41.88389550,12.50889880,Commercial Area,Alice Largo Magna Grecia Largo Magna Grecia 24/25 Roma,https://www.alicepizza.it/en/pizzerias/,
1324,Alice Pizza,Lazio,Roma,RM,Roma,Pizza,EUR 1-10,4.2,528,41.94389940,12.52185210,Residential Area,Alice Val Padana Viale Val Padana 130/132 Roma 06/45598700,https://www.alicepizza.it/en/pizzerias/,
1325,Alice Pizza,Lazio,Roma,RM,Roma,Pizza,EUR 1-10,4.3,367,41.85063230,12.45877190,Commercial Area,Alice Magliana Via di Villa Bonelli 6 Roma 06/45547136,https://www.alicepizza.it/en/pizzerias/,
1326,Alice Pizza,Lazio,Roma,RM,Roma,Pizza,EUR 1-10,4.3,432,41.90964350,12.53751380,Commercial Area,Alice Via Cave di Pietralata Via Cave di Pietralata 47 Roma 06/89520804,https://www.alicepizza.it/en/pizzerias/,
1327,Alice Pizza,Lazio,Roma,RM,Roma,Pizza,EUR 1-10,4,332,41.92587730,12.48129360,Commercial Area,Alice Piazza Euclide Via Civinini 91 Roma 06/8077319,https://www.alicepizza.it/en/pizzerias/,
1328,Alice Pizza,Lazio,Roma,RM,Roma,Pizza,EUR 1-10,4.1,528,41.85562590,12.47991620,Commercial Area,Alice Via Chiabrera Via Chiabrera 17/19 Roma 06/546830,https://www.alicepizza.it/en/pizzerias/,
1329,Alice Pizza,Lazio,Roma,RM,Roma,Pizza,EUR 1-10,4.1,358,41.88157850,12.56681340,Commercial Area,Alice Via dei Castani Via dei Castani 66a Roma,https://www.alicepizza.it/en/pizzerias/,
1330,Alice Pizza,Lazio,Roma,RM,Roma,Pizza,EUR 1-10,4.1,532,41.85845930,12.55998730,Commercial Area,Alice Tuscolana Via Tuscolana 853f Roma 06/765403,https://www.alicepizza.it/en/pizzerias/,
1331,Alice Pizza,Lazio,Roma,RM,Roma,Pizza,EUR 1-10,4.3,543,41.85194020,12.43352710,Commercial Area,Alice Trullo Via Portuense 716c,https://www.alicepizza.it/en/pizzerias/,
1332,Alice Pizza,Lazio,Roma,RM,Roma,Pizza,EUR 1-10,4.1,784,41.80793120,12.43319160,Residential Area,Alice Torrino Via della Seta 5 Roma,https://www.alicepizza.it/en/pizzerias/,
1334,Alice Pizza,Lazio,Roma,RM,Roma,Pizza,EUR 1-10,4.2,520,41.94903160,12.54573020,Residential Area,Alice Talenti Via Franco Sacchetti Via Franco Sacchetti 41 Roma,https://www.alicepizza.it/en/pizzerias/,
1335,Alice Pizza,Lazio,Roma,RM,Roma,Pizza,EUR 1-10,4,460,41.92406940,12.51521390,Commercial Area,Alice Corso Trieste Corso Trieste 195/197 Roma,https://www.alicepizza.it/en/pizzerias/,
1336,Alice Pizza,Lazio,Roma,RM,Roma,Pizza,EUR 1-10,4.1,489,41.87439410,12.52310310,Commercial Area,Alice Happio Centro Commerciale Happio Via Appia Nuova 448 Roma,https://www.alicepizza.it/en/pizzerias/,
1337,Alice Pizza,Lazio,Roma,RM,Roma,Pizza,EUR 1-10,4.4,491,41.90488560,12.44573640,Commercial Area,Alice Ammiragli Via degli Ammiragli 18 Roma 06/39749283,https://www.alicepizza.it/en/pizzerias/,
1338,Alice Pizza,Lazio,Roma,RM,Roma,Pizza,EUR 1-10,4,134,41.91984160,12.44189750,Commercial Area,Alice Balduina Piazza della Balduina 10,https://www.alicepizza.it/en/pizzerias/,
1339,Alice Pizza,Lazio,Roma,RM,Roma,Pizza,EUR 1-10,4.4,"1,029",41.90234360,12.42501650,Commercial Area,Alice Boccea Via di Boccea 116 Roma,https://www.alicepizza.it/en/pizzerias/,
1340,Alice Pizza,Lazio,Roma,RM,Roma,Pizza,EUR 1-10,4.2,513,41.86198310,12.44311120,Commercial Area,Alice Colli Portuensi Viale dei Colli Portuensi 582 Roma,https://www.alicepizza.it/en/pizzerias/,
1341,Alice Pizza,Lazio,Roma,RM,Roma,Pizza,EUR 1-10,4,295,41.86750690,12.49418600,Commercial Area,Alice Circonvallazione Ostiense Circonvallazione Ostiense 353 Roma,https://www.alicepizza.it/en/pizzerias/,
1342,Alice Pizza,Lazio,Roma,RM,Roma,Pizza,EUR 1-10,4.1,985,41.85358310,12.56714510,Transport Hub,Alice Cinecittà Via Tito Labieno n.2/4 Roma,https://www.alicepizza.it/en/pizzerias/,
1343,Alice Pizza,Lazio,Roma,RM,Roma,Pizza,EUR 1-10,4.3,501,41.89637540,12.47253710,City Center,Alice Baullari Via dei Baullari 140 Roma,https://www.alicepizza.it/en/pizzerias/,
1344,Alice Pizza,Lazio,Roma,RM,Roma,Pizza,EUR 1-10,4.2,"2,280",41.97195210,12.54037560,Shopping Mall,Alice Porta di Roma Centro Commerciale Porta di Roma Via Alberto Lionello 201 Roma,https://www.alicepizza.it/en/pizzerias/,
1345,Alice Pizza,Lazio,Roma,RM,Roma,Pizza,EUR 1-10,4.2,"1,115",41.81655630,12.45981600,Shopping Mall,Alice Euroma 2 Centro Commerciale Euroma 2 Via Cristoforo Colombo 710 Roma,https://www.alicepizza.it/en/pizzerias/,
1346,Alice Pizza,Lazio,Roma,RM,Roma,Pizza,EUR 1-10,4.2,"1,274",41.91506080,12.66096040,Shopping Mall,Alice Roma Est C.C. Roma Est Via Collatina 858 Km 12800 Roma,https://www.alicepizza.it/en/pizzerias/,
1347,Alice Pizza,Lazio,Roma,RM,Roma,Pizza,EUR 1-10,4.6,203,41.87815430,12.50567680,Residential Area,Alice Via Satrico Via Satrico 1d Roma,https://www.alicepizza.it/en/pizzerias/,
1348,Alice Pizza,Lazio,Roma,RM,Roma,Pizza,EUR 1-10,3.9,519,41.88178610,12.45848500,Residential Area,Alice Quattro Venti Via dei Quattro Venti 92/94 Roma,https://www.alicepizza.it/en/pizzerias/,
1349,Alice Pizza,Lazio,Roma,RM,Roma,Pizza,EUR 1-10,4.1,985,41.85358310,12.56714510,Transport Hub,Alice Cinecittadue Centro Commerciale Cinecittadue 06.88970945,https://www.alicepizza.it/en/pizzerias/,
1350,Alice Pizza,Lazio,Roma,RM,Roma,Pizza,EUR 1-10,4.2,372,41.89934170,12.59132100,Commercial Area,Alice Tor Sapienza Via di Tor Sapienza 89 E,https://www.alicepizza.it/en/pizzerias/,
1351,Alice Pizza,Lazio,Roma,RM,Roma,Pizza,EUR 1-10,4.2,563,41.83246440,12.49130670,Commercial Area,Alice Tintoretto Via del Serafico 177 Roma,https://www.alicepizza.it/en/pizzerias/,
1352,Alice Pizza,Lazio,Roma,RM,Roma,Pizza,NaN,3,4,41.87285510,12.48445220,Transport Hub,"Alice Sottopasso Ostiense Piazzale dei Partigiani, 00154 Roma 0689939442",https://www.alicepizza.it/en/pizzerias/,
1353,Alice Pizza,Lazio,Roma,RM,Roma,Pizza,EUR 1-10,4.4,"1,109",41.89897510,12.51566360,Commercial Area,Alice San Lorenzo Via Tiburtina 170/172,https://www.alicepizza.it/en/pizzerias/,
1354,Alice Pizza,Lazio,Roma,RM,Roma,Pizza,EUR 1-10,4.2,715,41.94171540,12.57875580,Residential Area,Alice San Basilio Via Casal Tidei 71/77,https://www.alicepizza.it/en/pizzerias/,
1355,Alice Pizza,Lazio,Roma,RM,Roma,Pizza,EUR 1-10,4.3,441,41.92136440,12.41647890,Residential Area,Alice Pietro Maffi Via Pietro Maffi 8 Via Pietro Maffi 8,https://www.alicepizza.it/en/pizzerias/,
1356,Alice Pizza,Lazio,Roma,RM,Roma,Pizza,EUR 10-20,4.3,360,41.75003650,12.37585370,Residential Area,Alice Infernetto Via Ermanno Wolf Ferrari 241,https://www.alicepizza.it/en/pizzerias/,
1357,Alice Pizza,Lazio,Roma,RM,Roma,Pizza,EUR 1-10,4.2,553,41.94493500,12.53784360,Residential Area,Alice Monte Gennaro Piazza Monte Gennaro 16 A,https://www.alicepizza.it/en/pizzerias/,
1358,Alice Pizza,Lazio,Roma,RM,Roma,Pizza,EUR 1-10,4.3,766,41.95788800,12.52342370,Residential Area,Alice Piazza Vimercati Piazza Ottaviano Vimercati 3/4/5,https://www.alicepizza.it/en/pizzerias/,
1359,Alice Pizza,Lazio,Roma,RM,Roma,Pizza,EUR 1-10,4.1,378,41.86302890,12.68826610,Commercial Area,Alice Finocchio Via Casilina 1859 B,https://www.alicepizza.it/en/pizzerias/,
1360,Alice Pizza,Lazio,Roma,RM,Roma,Pizza,EUR 1-10,4.3,253,41.86710190,12.63937140,Residential Area,Alice Tor Bella Monaca Viale Paolo Ferdinando Quaglia 26,https://www.alicepizza.it/en/pizzerias/,
1361,Alice Pizza,Lazio,Roma,RM,Roma,Pizza,EUR 1-10,4.3,534,41.85012870,12.59041160,Residential Area,Alice Ciamarra Viale Antonio Ciamarra 107 Roma,https://www.alicepizza.it/en/pizzerias/,
1362,Alice Pizza,Lazio,Roma,RM,Roma,Pizza,EUR 1-10,4.2,384,41.94194490,12.43692230,Residential Area,Alice Viale Cortina d'Ampezzo Viale Cortina d'Ampezzo 321/323 Roma,https://www.alicepizza.it/en/pizzerias/,
1363,Alice Pizza,Lazio,Roma,RM,Roma,Pizza,EUR 1-10,4.2,266,41.91286620,12.57445850,Residential Area,Alice Colli Aniene Via Edoardo D'Onofrio 94 Roma 06 45422409,https://www.alicepizza.it/en/pizzerias/,
1364,Alice Pizza,Lazio,Roma,RM,Roma,Pizza,EUR 1-10,4.2,613,41.90174470,12.50359750,Transport Hub,Alice Via Marsala Via Marsala 66 Roma,https://www.alicepizza.it/en/pizzerias/,
1365,Alice Pizza,Lazio,Roma,RM,Roma,Pizza,EUR 1-10,4.2,326,41.91630670,12.36953230,Residential Area,Alice Casalotti Piazza Ormea 32,https://www.alicepizza.it/en/pizzerias/,
1366,Alice Pizza,Lazio,Roma,RM,Roma,Pizza,EUR 1-10,4.2,837,41.79217620,12.44793350,Residential Area,Alice Spinaceto Viale dei Caduti per laResistenza 101 Roma,https://www.alicepizza.it/en/pizzerias/,
1367,Alice Pizza,Lazio,Roma,RM,Roma,Pizza,EUR 1-10,4,207,41.91074650,12.53023330,Transport Hub,"Alice Stazione Tiburtina all'interno della Stazione Tiburtina, area Piazza Ipogea",https://www.alicepizza.it/en/pizzerias/,
1368,Alice Pizza,Lazio,Roma,RM,Roma,Pizza,EUR 1-10,4.1,937,41.83790320,12.59355440,Shopping Mall,"Alice C.C. Anagnina C.C. Anagnina Via Torre di Mezzavia, 35, 00173 Roma RM",https://www.alicepizza.it/en/pizzerias/,
1369,Alice Pizza,Lazio,Roma,RM,Roma,Pizza,EUR 1-10,4.4,487,42.00289470,12.38240270,Transport Hub,Alice La Storta Via Cassia 1665 Roma,https://www.alicepizza.it/en/pizzerias/,
1370,Alice Pizza,Lazio,Roma,RM,Roma,Pizza,EUR 1-10,4.1,938,41.83134970,12.46568180,Commercial Area,"Alice Viale Beethoven Viale Beethoven, 72/74",https://www.alicepizza.it/en/pizzerias/,
1371,Alice Pizza,Lazio,Roma,RM,Roma,Pizza,EUR 1-10,4.4,649,41.97174490,12.43489810,Commercial Area,Alice Grottarossa Via di Grottarossa 20/22 Roma,https://www.alicepizza.it/en/pizzerias/,
1372,Alice Pizza,Lazio,Roma,RM,Roma,Pizza,EUR 1-10,4.3,276,41.89844450,12.53592980,Residential Area,Alice Casal Bertone Via di Casal Bertone 163,https://www.alicepizza.it/en/pizzerias/,
1373,Alice Pizza,Lazio,Roma,RM,Roma,Pizza,EUR 1-10,4.7,43,41.84847960,12.48673870,Commercial Area,Alice Fabio Massimo Via Fabio Massimo 46,https://www.alicepizza.it/en/pizzerias/,
1374,Alice Pizza,Lazio,Roma,RM,Roma,Pizza,EUR 1-10,4.2,309,41.90850110,12.54351940,Commercial Area,Alice Via Tiburtina 574 Via Tiburtina 574/576,https://www.alicepizza.it/en/pizzerias/,
1375,Alice Pizza,Lazio,Roma,RM,Roma,Pizza,EUR 1-10,4.1,422,41.87402000,12.44780400,Commercial Area,Alice Gianicolense Circonvallazione Gianicolense 278,https://www.alicepizza.it/en/pizzerias/,
1376,Alice Pizza,Lazio,Roma,RM,Marino,Pizza,EUR 1-10,4.1,577,41.75486520,12.61788550,Service Area,"Alice Nettunense Via Nettunense km 1+373, 00047 Marino RM",https://www.alicepizza.it/en/pizzerias/,
1377,Alice Pizza,Lazio,Roma,RM,Roma,Pizza,EUR 1-10,3.3,86,41.94012240,12.50650130,Shopping Mall,"Alice Salario Center Via Salaria 665, Salario Center, Roma",https://www.alicepizza.it/en/pizzerias/,
1378,Alice Pizza,Lazio,Roma,RM,Roma,Pizza,EUR 1-10,4.3,608,41.85646240,12.47939050,Commercial Area,"Alice Giustiniano Imperatore Viale Giustiniano Imperatore 32, Roma",https://www.alicepizza.it/en/pizzerias/,
1379,Alice Pizza,Lazio,Roma,RM,Roma,Pizza,EUR 1-10,4.4,126,41.95717130,12.54941600,Shopping Mall,"Alice Dima Shopping Bufalotta Centro Commerciale Dima Shopping Bufalotta, Via Dario Niccodemi, 99, Roma",https://www.alicepizza.it/en/pizzerias/,
1380,Alice Pizza,Lazio,Roma,RM,Roma,Pizza,EUR 1-10,4.3,522,41.93633970,12.42285920,Commercial Area,"Alice Torrevecchia Via di Torrevecchia 13, 00168 Roma",https://www.alicepizza.it/en/pizzerias/,
1381,Alice Pizza,Lombardia,Brescia,BS,Roncadelle,Pizza,EUR 1-10,4,96,45.53472860,10.16442650,Shopping Mall,"Alice Elnos Elnos Shopping, Via Luigi Einaudi, 5, 25030 Roncadelle BS",https://www.alicepizza.it/en/pizzerias/,
1382,Alice Pizza,Sardegna,Sassari,SS,Sassari,Pizza,EUR 1-10,4.3,541,40.73735990,8.53542680,Shopping Mall,"Alice Sassari Centro Commerciale Porte di Sassari, Viale Porto Torres, 07100 Sassari SS",https://www.alicepizza.it/en/pizzerias/,
1383,Alice Pizza,Toscana,Siena,SI,Siena,Pizza,EUR 1-20,3.7,41,43.33062020,11.32307240,Transport Hub,"Alice PortaSiena Galleria PortaSiena, Piazzale Rosselli 25, Siena",https://www.alicepizza.it/en/pizzerias/,
1384,Alice Pizza,Lombardia,Varese,VA,Solbiate Olona,Pizza,EUR 10-20,4.6,225,45.64111370,8.86349690,Shopping Mall,"Alice Solbiate Olona Centro Commerciale Le Betulle, Via per Busto Arsizio, 11, 21058 Solbiate Olona VA",https://www.alicepizza.it/en/pizzerias/,
1385,Alice Pizza,Lombardia,Varese,VA,Somma Lombardo,Pizza,EUR 1-10,4.4,118,45.68080610,8.72141270,Shopping Mall,"Alice Somma Lombardo Via Soragana, 1, 21019 Somma Lombardo VA, Centro Commerciale Il Gigante",https://www.alicepizza.it/en/pizzerias/,
1386,Alice Pizza,Veneto,Verona,VR,Festara,Pizza,EUR 1-10,4,291,45.43989840,10.86472440,Shopping Mall,Alice Sona C.C. La GrandeMela Shoppingland Via Trentino 1 Sona (VR) 045/6090497,https://www.alicepizza.it/en/pizzerias/,
1387,Alice Pizza,Lazio,Roma,RM,Tivoli,Pizza,EUR 1-10,4.5,426,41.96180750,12.79681750,City Center,Alice Tivoli Largo Garibaldi 2 Tivoli 0774/331593,https://www.alicepizza.it/en/pizzerias/,
1388,Alice Pizza,Piemonte,Torino,TO,Grugliasco,Pizza,EUR 10-20,2.6,45,45.05470800,7.61303670,Shopping Mall,"Alice Grugliasco Shopville Le Gru | Via Crea 10 Grugliasco, Torino 02.40703328",https://www.alicepizza.it/en/pizzerias/,
1389,Alice Pizza,Piemonte,Torino,TO,Torino,Pizza,EUR 1-10,3.6,79,45.11805380,7.71406290,Shopping Mall,"Alice Porte di Torino Corso Romania, 460, 10156 Torino TO",https://www.alicepizza.it/en/pizzerias/,
1390,Alice Pizza,Piemonte,Torino,TO,Torino,Pizza,EUR 1-10,3.8,215,45.06764580,7.69380360,City Center,"Alice Torino Università Torino Università, Piazzale Aldo Moro",https://www.alicepizza.it/en/pizzerias/,
1391,Alice Pizza,Lazio,Roma,RM,Valmontone,Pizza,EUR 1-10,4,429,41.76738270,12.92443650,Shopping Mall,"Alice Valmontone Valmontone Outlet Via della Pace, Località Pascolaro 00038 Valmontone",https://www.alicepizza.it/en/pizzerias/,
1392,Alice Pizza,Lombardia,Varese,VA,Varese,Pizza,EUR 1-10,4.9,164,45.81751030,8.83128550,Transport Hub,"Alice Pizza Varese Via Morosini, 17, Varese",https://www.alicepizza.it/en/pizzerias/,
1393,Alice Pizza,Veneto,Verona,VR,Verona,Pizza,EUR 1-10,4.3,118,45.43500150,10.98458260,City Center,"Alice Santo Spirito Piazza Santo Spirito 4/8, 37122 Verona, Veneto",https://www.alicepizza.it/en/pizzerias/,
1394,Alice Pizza,Lombardia,Milano,MI,Vignate,Pizza,EUR 1-10,3.9,71,45.50317430,9.37078100,Shopping Mall,"Alice Acquario Vignate, Centro Commerciale Acquario, Via Nuova Cassanese, 10, 20060 (MI)",https://www.alicepizza.it/en/pizzerias/,
1395,Alice Pizza,Lazio,Roma,RM,Tivoli,Pizza,EUR 1-10,4.3,436,41.95648960,12.77324680,Commercial Area,Alice Villa Adriana Via Nazionale Tiburtina 161,https://www.alicepizza.it/en/pizzerias/,
1396,Alice Pizza,Lombardia,Milano,MI,Vimodrone,Pizza,EUR 1-10,3.9,89,45.51124480,9.30312220,Shopping Mall,"Alice Vimodrone C.C. Auchan Via Padana Superiore, km 292, Vimodrone (MI)",https://www.alicepizza.it/en/pizzerias/,
1397,Alice Pizza,Lazio,Viterbo,VT,Viterbo,Pizza,EUR 1-10,3.5,34,42.42650040,12.09631430,Shopping Mall,"Alice Tuscia Centro Commerciale Tuscia, Tangenziale Ovest , Viterbo",https://www.alicepizza.it/en/pizzerias/,
1398,Old Wild West,Abruzzo,L'Aquila,AQ,Avezzano,Burgers,EUR 20-30,4.1,"1,548",42.03722600,13.41506500,Commercial Area,Via Roma 273 - 67051 Avezzano (AQ),https://www.oldwildwest.it/en/restaurants,
1399,Old Wild West,Abruzzo,Chieti,CH,Chieti,Burgers,EUR 10-20,3.7,"2,129",42.34384930,14.12910560,Shopping Mall,Località Santa Filomena - 66100 Chieti Scalo (CH),https://www.oldwildwest.it/en/restaurants,
1400,Old Wild West,Abruzzo,Pescara,PE,Città Sant'Angelo,Burgers,EUR 10-20,4.1,355,42.51491060,14.12094020,Shopping Mall,Via Moscarola (PE) - 65013 Citta' Sant'Angelo (PE),https://www.oldwildwest.it/en/restaurants,
1401,Old Wild West,Abruzzo,Chieti,CH,Francavilla al Mare,Burgers,EUR 10-20,4.3,"1,852",42.43609490,14.25957100,Commercial Area,"Via Nazionale Adriatica Nord, 121 - 66023 Francavilla al Mare (CH)",https://www.oldwildwest.it/en/restaurants,
1402,Old Wild West,Abruzzo,L'Aquila,AQ,L'Aquila,Burgers,EUR 10-20,4.2,"1,081",42.35835640,13.36707210,Shopping Mall,"Strada Statale 17 Ovest, 22 - 67100 L'Aquila (AQ)",https://www.oldwildwest.it/en/restaurants,
1403,Old Wild West,Abruzzo,Pescara,PE,Montesilvano,Burgers,EUR 10-20,4.1,"1,433",42.52194750,14.15022990,Shopping Mall,"c/o CC Porto Allegro Via Alberto D'Andrea, 1 - 65015 Montesilvano (PE)",https://www.oldwildwest.it/en/restaurants,
1404,Old Wild West,Calabria,Catanzaro,CZ,Maida,Burgers,EUR 10-20,3.8,"1,938",38.90169030,16.34974380,Shopping Mall,Località Comuni Condomini - 88025 Lamezia Terme (CZ),https://www.oldwildwest.it/en/restaurants,
1405,Old Wild West,Friuli-Venezia Giulia,Udine,UD,Feletto Umberto,Burgers,EUR 10-20,4.2,"3,677",46.10290650,13.22890580,Shopping Mall,"Via Nazionale Nicastro, 4",https://www.oldwildwest.it/en/restaurants,
1406,Old Wild West,Calabria,Reggio Calabria,RC,Reggio Calabria,Burgers,EUR 10-20,4.2,"2,056",38.10910470,15.64291160,City Center,"Corso Vittorio Emanuele III, 107 A - 89125 Reggio Calabria",https://www.oldwildwest.it/en/restaurants,
1407,Old Wild West,Calabria,Cosenza,CS,Quattromiglia,Burgers,EUR 20-30,4.2,"1,975",39.35389740,16.23989080,Commercial Area,"Via Marconi, 32 - 87036 Rende (CS)",https://www.oldwildwest.it/en/restaurants,
1408,Old Wild West,Campania,Napoli,NA,Ipercoop,Burgers,EUR 10-20,3.9,"1,256",40.93389590,14.35803460,Shopping Mall,"Via Santa Maria La Nuova, 1 c/o C.C. Le Porte di Napoli - 80021 Afragola (NA)",https://www.oldwildwest.it/en/restaurants,
1409,Old Wild West,Campania,Caserta,CE,Aversa,Burgers,EUR 10-20,3.8,222,40.96918850,14.21293330,Commercial Area,"Viale John Fitzgerald Kennedy, 64 - 81031 Aversa (CE)",https://www.oldwildwest.it/en/restaurants,
1410,Old Wild West,Campania,Napoli,NA,Zona Commerciale San Salvatore,Burgers,EUR 20-30,3.8,"2,194",40.89707730,14.31543100,Shopping Mall,Via San Salvatore - 80026 Casoria (NA),https://www.oldwildwest.it/en/restaurants,
1411,Old Wild West,Campania,Napoli,NA,Giugliano in Campania,Burgers,EUR 10-20,4.1,"2,210",40.93359560,14.14660670,Shopping Mall,Parco Commerciale Grande Sud - 80014 Giugliano in Campania (NA),https://www.oldwildwest.it/en/restaurants,
1412,Old Wild West,Campania,Caserta,CE,Marcianise,Burgers,EUR 10-20,3.7,"3,876",41.00492710,14.32720080,Shopping Mall,"Strada Statale, 87 - Località Aurno - 81025 Marcianise (CE)",https://www.oldwildwest.it/en/restaurants,
1413,Old Wild West,Campania,Avellino,AV,Località Macera,Burgers,EUR 10-20,3.9,"1,081",40.91176380,14.74874810,Shopping Mall,Via Nicola Santangelo - 83013 Mercogliano (AV),https://www.oldwildwest.it/en/restaurants,
1414,Old Wild West,Campania,Napoli,NA,Napoli,Burgers,EUR 10-20,3.7,"1,295",40.82198200,14.18304650,Commercial Area,"Viale John Fitzgerald Kennedy, 76 - 80125 Napoli",https://www.oldwildwest.it/en/restaurants,
1415,Old Wild West,Campania,Napoli,NA,Napoli,Burgers,EUR 10-20,4.8,17,40.85000370,14.31137540,Shopping Mall,Via Argine - 80147 Napoli,https://www.oldwildwest.it/en/restaurants,
1416,Old Wild West,Campania,Napoli,NA,Nola,Burgers,EUR 20-30,3.9,"1,367",40.94990230,14.48833410,Shopping Mall,Località Boscofangone - 80035 Nola (NA),https://www.oldwildwest.it/en/restaurants,
1417,Old Wild West,Campania,Napoli,NA,Pompei,Burgers,EUR 10-20,4,"1,863",40.74079530,14.50255940,Shopping Mall,"Pompei La Cartiera Via Macello, 22 - 80045 Pompei (NA)",https://www.oldwildwest.it/en/restaurants,
1418,Old Wild West,Campania,Napoli,NA,Pompei,Burgers,EUR 10-20,4.1,454,40.74928670,14.49721970,City Center,"Pompei Scavi - Old Wild West Fast Via Roma, 73 Pompei - 80045 Pompei (NA)",https://www.oldwildwest.it/en/restaurants,
1419,Old Wild West,Campania,Salerno,SA,Pontecagnano Faiano,Burgers,EUR 10-20,4.1,"2,024",40.63514960,14.90806040,Shopping Mall,Pontecagnano Maximall Via Pacinotti 22 - Loc.Scontrafata - 84098 Pontecagnano Faiano (SA),https://www.oldwildwest.it/en/restaurants,
1420,Old Wild West,Campania,Napoli,NA,Portici,Burgers,EUR 10-20,3.9,328,40.81501240,14.33511070,City Center,"Portici (Napoli) - Old Wild West Fast Corso Giuseppe Garibaldi, 79/81 - 80055, Portici (NA)",https://www.oldwildwest.it/en/restaurants,
1421,Old Wild West,Campania,Salerno,SA,Salerno,Burgers,EUR 10-20,4,"1,561",40.63625900,14.83798190,Shopping Mall,Salerno C.C. Siniscalchi Via Roberto Wenner c/o C.C. Siniscalchi - 84131 Salerno,https://www.oldwildwest.it/en/restaurants,
1422,Old Wild West,Campania,Caserta,CE,Santa Maria Capua Vetere,Burgers,EUR 20-30,4,"2,086",41.09154920,14.25379530,Shopping Mall,"Santa Maria Capua Vetere Via Galatina, angolo Via Gran Bretagna - 81055 Santa Maria Capua Vetere (CE)",https://www.oldwildwest.it/en/restaurants,
1423,Old Wild West,Emilia-Romagna,Bologna,BO,Bologna,Burgers,EUR 10-20,3.9,"1,383",44.51386120,11.32864170,Shopping Mall,"Bologna Centro Lame Via Marco Polo, 3 - 40131 Bologna (BO)",https://www.oldwildwest.it/en/restaurants,
1424,Old Wild West,Emilia-Romagna,Bologna,BO,Bologna,Burgers,EUR 20-30,3.8,"1,549",44.51117440,11.37291530,Commercial Area,"Bologna The Space Viale Europa, 5 - 40127 Bologna (BO)",https://www.oldwildwest.it/en/restaurants,
1425,Old Wild West,Emilia-Romagna,Bologna,BO,Bologna,Burgers,EUR 10-20,4.4,455,44.50894700,11.35651400,Commercial Area,"Bologna Via Stalingrado Via Stalingrado, 27/6D - 40128 Bologna",https://www.oldwildwest.it/en/restaurants,
1426,Old Wild West,Emilia-Romagna,Modena,MO,Carpi,Burgers,EUR 20-30,3.9,"1,503",44.78086300,10.86610600,Shopping Mall,"Carpi Via Dell'integrazione, 7 - 41012 Carpi (MO)",https://www.oldwildwest.it/en/restaurants,
1427,Old Wild West,Emilia-Romagna,Bologna,BO,Zona Industriale Via del Lavoro,Burgers,EUR 10-20,4.3,905,44.48868370,11.24946410,Shopping Mall,"Casalecchio C.C. Gran Reno Via Marilyn Monroe, 2 presso Shopville Gran Reno - 40033 Casalecchio di Reno BO",https://www.oldwildwest.it/en/restaurants,
1428,Old Wild West,Emilia-Romagna,Bologna,BO,Casalecchio di Reno,Burgers,EUR 10-20,3.9,"2,695",44.48277280,11.26917760,Shopping Mall,"Casalecchio di Reno - C.C. Meridiana Via Aldo Moro, 64 - 40033 Casalecchio di Reno (BO)",https://www.oldwildwest.it/en/restaurants,
1429,Old Wild West,Emilia-Romagna,Bologna,BO,Poggio Piccolo,Burgers,EUR 10-20,3.7,"3,244",44.43166490,11.60809910,Shopping Mall,"Castel Guelfo Plaza Via del Commercio, 21 - 40023 Castel Guelfo (BO)",https://www.oldwildwest.it/en/restaurants,
1430,Old Wild West,Emilia-Romagna,Bologna,BO,Castenaso,Burgers,EUR 10-20,3.9,282,44.49024480,11.42284190,Shopping Mall,Castenaso Via Villanova 29 - 40055 Castenaso (BO),https://www.oldwildwest.it/en/restaurants,
1431,Old Wild West,Emilia-Romagna,Ferrara,FE,Cento,Burgers,EUR 20-30,4.1,"1,797",44.74830220,11.30359520,Shopping Mall,"Cento Via Matteo Loves, 21 CC White Park - 44042 Cento (FE)",https://www.oldwildwest.it/en/restaurants,
1432,Old Wild West,Emilia-Romagna,Ferrara,FE,Ferrara,Burgers,EUR 20-30,4.3,"1,617",44.84741650,11.59694610,Commercial Area,"Ferrara Via Modena, 20 - 44122 Ferrara (FE)",https://www.oldwildwest.it/en/restaurants,
1433,Old Wild West,Emilia-Romagna,Forlì-Cesena,FC,Forlì,Burgers,EUR 10-20,4.3,700,44.24486560,12.07743670,Commercial Area,Forlì Via Ravegnana 474/E - 47122 Forlì,https://www.oldwildwest.it/en/restaurants,
1434,Old Wild West,Emilia-Romagna,Bologna,BO,Imola,Burgers,EUR 10-20,4.6,187,44.37105220,11.73174520,Commercial Area,Imola Via Selice Provinciale 39/H,https://www.oldwildwest.it/en/restaurants,
1435,Old Wild West,Emilia-Romagna,Modena,MO,Modena,Burgers,EUR 10-20,4,"3,749",44.64837990,10.85310870,Shopping Mall,"Modena C.C. Grandemilia Via Emilia Ovest, 1480 - 41123 Modena (MO)",https://www.oldwildwest.it/en/restaurants,
1436,Old Wild West,Emilia-Romagna,Modena,MO,Modena,Burgers,EUR 10-20,4.3,324,44.63960310,10.94240510,Commercial Area,"Modena Est Via Emilia Est, 399 - 41124 Modena (MO)",https://www.oldwildwest.it/en/restaurants,
1437,Old Wild West,Emilia-Romagna,Modena,MO,Modena,Burgers,EUR 20-30,4.2,"2,105",44.65859690,10.92064650,Commercial Area,"Modena Victoria Cinema Via Sergio Ramelli, 101 - 41100 Modena",https://www.oldwildwest.it/en/restaurants,
1438,Old Wild West,Emilia-Romagna,Parma,PR,Parma,Burgers,EUR 20-30,4.1,"1,068",44.82884480,10.33949360,Commercial Area,"Parma San Leonardo Via S. Leonardo, 95 - 43122 Parma (PR)",https://www.oldwildwest.it/en/restaurants,
1439,Old Wild West,Emilia-Romagna,Parma,PR,Parma,Burgers,EUR 20-30,4,"1,826",44.76613260,10.32153320,Shopping Mall,"Parma The Space Largo Sergio Leone, 7/A - 43123 Parma",https://www.oldwildwest.it/en/restaurants,
1440,Old Wild West,Emilia-Romagna,Piacenza,PC,Piacenza,Burgers,EUR 10-20,3.9,"2,615",45.03413830,9.71183330,Shopping Mall,"Piacenza Farnesiana Strada Farnesiana, 110 - 29122 Piacenza",https://www.oldwildwest.it/en/restaurants,
1441,Old Wild West,Emilia-Romagna,Reggio Emilia,RE,Reggio Emilia,Burgers,EUR 10-20,3.9,"2,284",44.71514540,10.65109520,Shopping Mall,"Reggio Emilia - C.C. I Petali Piazzale Atleti Azzurri d'Italia, 5 - 42122 - Reggio Emilia",https://www.oldwildwest.it/en/restaurants,
1442,Old Wild West,Emilia-Romagna,Reggio Emilia,RE,Reggio Emilia,Burgers,EUR 10-20,3.9,"2,066",44.66845830,10.59956430,Commercial Area,Reggio Emilia - Via Gagarin Via Yuri Gagarin 9 - Reggio Emilia (RE),https://www.oldwildwest.it/en/restaurants,
1443,Old Wild West,Emilia-Romagna,Rimini,RN,Rimini,Burgers,EUR 10-20,3.9,"3,261",44.04068060,12.58640940,Shopping Mall,"Rimini Le Befane Via Caduti di Nassiriya, 20 - 47900 Rimini (RN)",https://www.oldwildwest.it/en/restaurants,
1444,Old Wild West,Emilia-Romagna,Modena,MO,Sassuolo,Burgers,EUR 20-30,4.1,550,44.54496380,10.77436810,Commercial Area,"Sassuolo VIA 5 GIORNATE DI MILANO, 86 41049 Sassuolo (MO) - Sassuolo",https://www.oldwildwest.it/en/restaurants,
1445,Old Wild West,Emilia-Romagna,Forlì-Cesena,FC,Savignano sul Rubicone,Burgers,EUR 10-20,4,"2,523",44.15719910,12.42741300,Shopping Mall,"Savignano Romagna Piazza Fratelli Lumiere, 22 - 47039 Savignano sul Rubicone (FC)",https://www.oldwildwest.it/en/restaurants,
1446,Old Wild West,Emilia-Romagna,Bologna,BO,Ancona,Burgers,EUR 20-30,3.7,34,44.42787890,11.59850340,Highway / Service Area,Sillaro Ovest A14- Autostrada Bologna - Ancona - 40024 Castel San Pietro Terme (BO),https://www.oldwildwest.it/en/restaurants,
1447,Old Wild West,Friuli-Venezia Giulia,Pordenone,PN,Fiume Veneto,Burgers,EUR 10-20,4.2,"3,666",45.94436870,12.72375970,Shopping Mall,"Fiume Veneto C.C. Granfiume Via Maestri del Lavoro, 42 - 33080 Fiume Veneto (PN)",https://www.oldwildwest.it/en/restaurants,
1448,Old Wild West,Friuli-Venezia Giulia,Gorizia,GO,Gorizia,Burgers,EUR 10-20,3.7,183,45.94391100,13.61976490,City Center,Gorizia Corso Verdi 74/5 - 34170 Gorizia GO,https://www.oldwildwest.it/en/restaurants,
1449,Old Wild West,Friuli-Venezia Giulia,Pordenone,PN,Pordenone,Burgers,EUR 10-20,4.2,629,45.96223340,12.65617770,City Center,Pordenone Via XXX Aprile n.15 - 33170 Pordenone (PN),https://www.oldwildwest.it/en/restaurants,
1450,Old Wild West,Friuli-Venezia Giulia,Udine,UD,Pordenone,Burgers,EUR 10-20,4.1,855,46.02100000,13.28500000,Shopping Mall,"Pradamano The Space Via Pierpaolo Pasolini, 2 - 33040 Pradamano (UD)",https://www.oldwildwest.it/en/restaurants,
1451,Old Wild West,Friuli-Venezia Giulia,Trieste,TS,Trieste,Burgers,EUR 10-20,4.1,"3,585",45.69380860,13.73766000,Commercial Area,"Trieste Miramare Viale Miramare, 291 - 34136 Trieste",https://www.oldwildwest.it/en/restaurants,
1452,Old Wild West,Friuli-Venezia Giulia,Udine,UD,Martignacco,Burgers,EUR 10-20,4,"1,570",46.08635120,13.18199600,Shopping Mall,"Udine Città Fiera Via Antonio Bardelli, 4 - 33035 Torreano di Martignacco",https://www.oldwildwest.it/en/restaurants,
1453,Old Wild West,Friuli-Venezia Giulia,Udine,UD,Feletto Umberto,Burgers,EUR 10-20,4.2,"3,677",46.10290650,13.22890580,Shopping Mall,"Udine Tavagnacco Via Nazionale, 35 - 33010 Tavagnacco (UD)",https://www.oldwildwest.it/en/restaurants,
1454,Old Wild West,Lazio,Latina,LT,Aprilia,Burgers,EUR 20-30,4.5,205,41.58171380,12.64991820,Highway / Service Area,Aprilia C.C. Aprilia2 SS 148 Pontina Km 44 - Via Riserva Nuova - 04011 Aprilia (LT),https://www.oldwildwest.it/en/restaurants,
1455,Old Wild West,Lazio,Latina,LT,Aprilia,Burgers,EUR 20-30,4.5,205,41.58171380,12.64991820,Highway / Service Area,"Aprilia Pontina Strada Statale Pontina, Km 45.800, 148, 04011 Aprilia LT",https://www.oldwildwest.it/en/restaurants,
1456,Old Wild West,Lazio,Roma,RM,Bivio di Capanelle,Burgers,EUR 20-30,4.2,"2,762",42.12122190,12.59141400,Commercial Area,Capena Via Tiberina Via Tiberina km 17 - 00060 Capena (RM),https://www.oldwildwest.it/en/restaurants,
1457,Old Wild West,Lazio,Frosinone,FR,Cassino,Burgers,EUR 10-20,4.1,"1,133",41.48949540,13.84583520,Shopping Mall,"Cassino Via Casilina Sud, KM 140 - 03043 Cassino",https://www.oldwildwest.it/en/restaurants,
1458,Old Wild West,Lazio,Roma,RM,Isola Sacra,Burgers,EUR 10-20,4.5,790,41.76892940,12.22553850,Shopping Mall,Fiumicino Da Vinci Via Rino Gaetano 5b - 00054 Fiumicino (ROMA),https://www.oldwildwest.it/en/restaurants,
1459,Old Wild West,Lazio,Roma,RM,Isola Sacra,Burgers,EUR 10-20,4.5,790,41.76892940,12.22553850,City Center,"Fiumicino Darsena Viale Traiano, 141, 00054 Fiumicino (RM) - 00054 Fiumicino (ROMA)",https://www.oldwildwest.it/en/restaurants,
1460,Old Wild West,Lazio,Roma,RM,Fiumicino,Burgers,EUR 20-30,3.9,"2,135",41.79839810,12.29618370,Shopping Mall,Fiumicino Leonardo Via Gian Lorenzo Bernini 4/6 - 00054 Fiumicino (ROMA),https://www.oldwildwest.it/en/restaurants,
1461,Old Wild West,Lazio,Latina,LT,Formia,Burgers,EUR 10-20,4,"1,386",41.26657000,13.67184260,Shopping Mall,"Formia Centro Commerciale Itaca, Via Mamurrano - 04023 Formia (LT)",https://www.oldwildwest.it/en/restaurants,
1462,Old Wild West,Lazio,Frosinone,FR,Frosinone,Burgers,EUR 20-30,4.1,"2,735",41.61526660,13.30628290,Shopping Mall,"Frosinone Via Dei Monti Lepini, 210 - 03100 Frosinone (FR)",https://www.oldwildwest.it/en/restaurants,
1463,Old Wild West,Lazio,Latina,LT,Gaeta,Burgers,EUR 10-20,4.1,582,41.23055740,13.56748130,Shopping Mall,"Gaeta Via Lungomare Giovanni Caboto, 13c - 04024 Gaeta (LT)",https://www.oldwildwest.it/en/restaurants,
1464,Old Wild West,Lazio,Roma,RM,Guidonia Montecelio,Burgers,EUR 20-30,4.3,"1,530",41.98270810,12.71373650,Commercial Area,Guidonia Viale Roma 248 - 00012 Guidonia (RM),https://www.oldwildwest.it/en/restaurants,
1465,Old Wild West,Lazio,Latina,LT,Latina,Burgers,EUR 10-30,4.1,"3,322",41.47933460,12.86987110,Commercial Area,Latina Via Piave Via Piave km 67.700 - 04100 Latina,https://www.oldwildwest.it/en/restaurants,
1466,Old Wild West,Lazio,Roma,RM,Lido di Ostia,Burgers,EUR 10-20,4.1,"3,438",41.72977500,12.27694800,City Center,"Ostia Lido P.zza dei Ravennati, 7 - 00122 Ostia Lido (Roma)",https://www.oldwildwest.it/en/restaurants,
1467,Old Wild West,Lazio,Roma,RM,Pomezia,Burgers,EUR 20-30,4.1,"3,226",41.67105030,12.49371150,Commercial Area,"Pomezia Via del Mare 26A, angolo Via dell'Industria 9 - 00071 Pomezia (RM)",https://www.oldwildwest.it/en/restaurants,
1468,Old Wild West,Lazio,Roma,RM,Roma,Burgers,EUR 20-30,3.9,"2,348",41.81700470,12.45949420,Shopping Mall,"Roma - Euroma 2 Viale dell'Oceano Pacifico, 83 c/o C.C. Euroma2 - 00144 Roma",https://www.oldwildwest.it/en/restaurants,
1469,Old Wild West,Lazio,Roma,RM,Roma,Burgers,EUR 20-30,4.1,"3,738",41.88700900,12.40267560,Commercial Area,"Roma Aurelia Via Aurelia, 838 - 00165 Roma (RM)",https://www.oldwildwest.it/en/restaurants,
1470,Old Wild West,Lazio,Roma,RM,Roma,Burgers,EUR 20-30,4.1,"4,046",41.83739790,12.59472210,Shopping Mall,"Roma C.C. Anagnina Via Torre di Mezzavia, 35 - Roma",https://www.oldwildwest.it/en/restaurants,
1471,Old Wild West,Lazio,Roma,RM,Roma,Burgers,EUR 10-20,4.2,"2,061",41.90184620,12.43888350,Shopping Mall,"Roma C.C. Aura c/o Centro Commerciale Aura"" Viale di Valle Aurelia 62 - 00167 Roma RM""",https://www.oldwildwest.it/en/restaurants,
1472,Old Wild West,Lazio,Roma,RM,Roma,Burgers,EUR 20-30,4.3,574,41.77792340,12.33711280,Residential Area,"Roma Dragona Via di Dragone, 111 - 00126 Roma",https://www.oldwildwest.it/en/restaurants,
1473,Old Wild West,Lazio,Roma,RM,Infernetto,Burgers,EUR 10-20,4.2,"1,600",41.75169930,12.36778310,Shopping Mall,"Roma Infernetto Parchi della Colombo Via Cristoforo Colombo, 1897 - 00124 Roma",https://www.oldwildwest.it/en/restaurants,
1474,Old Wild West,Lazio,Roma,RM,Roma,Burgers,EUR 20-30,3.9,"4,012",41.83459710,12.47180640,Commercial Area,"Roma Obelisco Via Cristoforo Colombo, 551 - angolo Viale della Civiltà del Lavoro, 92 - 00144 Roma",https://www.oldwildwest.it/en/restaurants,
1475,Old Wild West,Lazio,Roma,RM,Roma,Burgers,EUR 20-30,4.1,"4,652",41.97109660,12.54077920,Shopping Mall,"Roma Porta di Roma Via Alberto Lionello, 201 - 00139 Roma",https://www.oldwildwest.it/en/restaurants,
1476,Old Wild West,Lazio,Roma,RM,Roma,Burgers,EUR 10-20,4.2,911,41.80723260,12.48644540,Shopping Mall,Roma S.C. Maximo Via Laurentina - 00143 Roma,https://www.oldwildwest.it/en/restaurants,
1477,Old Wild West,Lazio,Roma,RM,Roma,Burgers,EUR 10-20,4.2,"2,477",41.89730950,12.51202160,Commercial Area,"Roma San Lorenzo via Tiburtina 25 Via Tiburtina, 25 - 00185 Roma",https://www.oldwildwest.it/en/restaurants,
1478,Old Wild West,Lazio,Roma,RM,Roma,Burgers,EUR 20-30,4.3,993,41.81533130,12.41225580,Shopping Mall,"Roma The Village - Parco de' Medici Via Salvatore Rebecchini, 5 - 00148 Roma (RM)",https://www.oldwildwest.it/en/restaurants,
1479,Old Wild West,Lazio,Roma,RM,Roma,Burgers,EUR 20-30,4.1,"4,385",41.84827900,12.59848700,Commercial Area,"Roma Via Alimena Via Alimena, 18 - 00173 Roma",https://www.oldwildwest.it/en/restaurants,
1480,Old Wild West,Lazio,Roma,RM,Roma,Burgers,EUR 20-30,4.1,"2,374",41.93326360,12.58910500,Commercial Area,Roma via Tiburtina 1103 Via Tiburtina 1103 - 00156 Roma,https://www.oldwildwest.it/en/restaurants,
1481,Old Wild West,Lazio,Roma,RM,Roma,Burgers,EUR 20-30,4,"2,300",41.93714110,12.43136920,Commercial Area,"Roma Via Trionfale Via Trionfale, 7988 - 00135 Roma",https://www.oldwildwest.it/en/restaurants,
1482,Old Wild West,Lazio,Roma,RM,Roma,Burgers,EUR 10-20,4.3,"4,007",41.91582750,12.66079860,Shopping Mall,Romaest Via Collatina KM 12.800 - 00155 Lunghezza (ROMA),https://www.oldwildwest.it/en/restaurants,
1483,Old Wild West,Lazio,Latina,LT,Terracina,Burgers,EUR 10-20,3.9,"1,535",41.29031770,13.24757840,City Center,"Terracina Piazza Gregorio Antonelli, 1 - 04019 Terracina (LT)",https://www.oldwildwest.it/en/restaurants,
1484,Old Wild West,Lazio,Roma,RM,Valmontone,Burgers,EUR 10-20,4.4,"5,591",41.76236970,12.95599860,Commercial Area,Valmontone Outlet Via della Pace località Pascolaro - 00038 Valmontone (RM),https://www.oldwildwest.it/en/restaurants,
1485,Old Wild West,Lazio,Roma,RM,Velletri,Burgers,EUR 20-30,4.4,"1,267",41.68628130,12.78270890,Commercial Area,"Velletri Viale Dei Volsci, 66-68 - 00049 Velletri (RM)",https://www.oldwildwest.it/en/restaurants,
1486,Old Wild West,Lazio,Viterbo,VT,Viterbo,Burgers,EUR 20-30,3.9,912,42.43659330,12.09733680,Shopping Mall,"Viterbo Via Igino Garbini, 93 01100 Viterbo (VT) - Viterbo",https://www.oldwildwest.it/en/restaurants,
1487,Old Wild West,Liguria,Genova,GE,Genova,Burgers,EUR 20-30,4,"3,299",44.41379840,8.88052570,Shopping Mall,"Genova Fiumara Via Paolo Mantovani, 13 - 16100 Genova",https://www.oldwildwest.it/en/restaurants,
1488,Old Wild West,Liguria,Genova,GE,Genova,Burgers,EUR 10-20,4.1,"1,085",44.40886290,8.95557680,Shopping Mall,Genova Mercato MERCATO CORSO SARDEGNA in Corso Sardegna 67 - Genova (GE),https://www.oldwildwest.it/en/restaurants,
1489,Old Wild West,Liguria,Genova,GE,Genova,Burgers,EUR 20-30,3.9,"2,795",44.40826710,8.92183990,Shopping Mall,Genova Porto Antico Via Magazzini del Cotone - 16128 Genova,https://www.oldwildwest.it/en/restaurants,
1490,Old Wild West,Liguria,La Spezia,SP,La Spezia,Burgers,EUR 20-30,4.1,"1,898",44.11902710,9.83151470,Shopping Mall,"La Spezia Le Terrazze Via Fontevivo, 10 - 19125 La Spezia",https://www.oldwildwest.it/en/restaurants,
1491,Old Wild West,Liguria,Savona,SV,Savona,Burgers,EUR 20-30,4.2,"3,316",44.29976910,8.46319880,Shopping Mall,"Savona Via Stalingrado, 94 - 17100 Savona",https://www.oldwildwest.it/en/restaurants,
1492,Old Wild West,Lombardia,Como,CO,Inverigo,Burgers,EUR 20-30,4,"2,246",45.72217220,9.21504390,Commercial Area,"Arosio Via Valassina, 30 - 22060 Arosio (CO)",https://www.oldwildwest.it/en/restaurants,
1493,Old Wild West,Lombardia,Milano,MI,Assago,Burgers,EUR 10-20,3.6,"1,333",45.40751780,9.15210430,Commercial Area,Assago Milanofiori Località Cascina Venina - 20090 Assago (MI),https://www.oldwildwest.it/en/restaurants,
1494,Old Wild West,Lombardia,Milano,MI,Bellinzago Lombardo,Burgers,EUR 20-30,4,"1,346",45.54595550,9.45472880,Shopping Mall,"Bellinzago Lombardo Strada Statale 11 Padana Superiore, 154 - 20060 Bellinzago Lombardo (MI)",https://www.oldwildwest.it/en/restaurants,
1495,Old Wild West,Lombardia,Bergamo,BG,Bergamo,Burgers,EUR 10-20,4.6,495,45.70963130,9.68208790,Commercial Area,"Bergamo Stadio Viale Giulio Cesare, 18 - 24124 Bergamo (BG)",https://www.oldwildwest.it/en/restaurants,
1496,Old Wild West,Lombardia,Brescia,BS,Roncadelle,Burgers,EUR 10-20,4.2,148,45.53298560,10.16415000,Shopping Mall,"Brescia CC Elnos Shopping Via Luigi Einaudi, presso CC Elnos Shopping - 25030 - Roncadelle (BS)",https://www.oldwildwest.it/en/restaurants,
1497,Old Wild West,Lombardia,Brescia,BS,Brescia,Burgers,EUR 10-20,3.8,"2,016",45.52351370,10.17808430,Commercial Area,Brescia Oz Via Sorbanella 12 - 25125 Brescia (BS),https://www.oldwildwest.it/en/restaurants,
1498,Old Wild West,Lombardia,Monza e della Brianza,MB,Cornate d'Adda,Burgers,EUR 10-20,3.9,"1,720",45.62100310,9.47548250,Shopping Mall,"Busnago CC Il Globo Via Italia, 197 - 20874 Busnago (MB)",https://www.oldwildwest.it/en/restaurants,
1499,Old Wild West,Lombardia,Milano,MI,Carugate,Burgers,EUR 10-20,4,"2,701",45.54604610,9.32951110,Shopping Mall,"Carugate Carosello Strada Provinciale 208, Km 2 - 20061 Carugate (MI)",https://www.oldwildwest.it/en/restaurants,
1500,Old Wild West,Lombardia,Milano,MI,Cerro Maggiore,Burgers,EUR 10-20,4,"1,760",45.60074230,8.94809880,Shopping Mall,Cerro Maggiore Move In Via Filippo Turati 72 - 20023 Cerro Maggiore (MI),https://www.oldwildwest.it/en/restaurants,
1501,Old Wild West,Lombardia,Como,CO,Como,Burgers,EUR 20-30,4.3,593,45.80663500,9.07807580,Commercial Area,"Como V.le Innocenzo XI, 61 - 22100, Como (CO)",https://www.oldwildwest.it/en/restaurants,
1502,Old Wild West,Lombardia,Cremona,CR,Cremona,Burgers,EUR 10-20,4,"2,071",45.14954890,9.99786090,Shopping Mall,"Cremona Po Via Castelleone, 108 - 26100 Cremona",https://www.oldwildwest.it/en/restaurants,
1503,Old Wild West,Lombardia,Bergamo,BG,Curno,Burgers,EUR 10-20,4.6,"1,129",45.68307890,9.60993360,Shopping Mall,"Curno Via Enrico Fermi, 1 - 24035 Curno (BG)",https://www.oldwildwest.it/en/restaurants,
1504,Old Wild West,Lombardia,Bergamo,BG,Dalmine,Burgers,EUR 10-20,4.2,"2,347",45.64393750,9.61424790,Commercial Area,"Dalmine Via Provinciale Via Provinciale, 27 - 24044 Dalmine (BG)",https://www.oldwildwest.it/en/restaurants,
1505,Old Wild West,Lombardia,Brescia,BS,Bessimo Superiore I,Burgers,EUR 10-20,4.1,"1,079",45.87242050,10.15474410,Shopping Mall,"Darfo Boario Terme Via Nazionale, 43 - 25047 Darfo - Boario Terme (BS)",https://www.oldwildwest.it/en/restaurants,
1506,Old Wild West,Lombardia,Como,CO,Erba,Burgers,EUR 20-30,4.3,452,45.80490340,9.23409960,Commercial Area,"Erba Via Milano, 12 - 22036 Erba",https://www.oldwildwest.it/en/restaurants,
1507,Old Wild West,Lombardia,Brescia,BS,Villa Pedergnano,Burgers,EUR 10-20,4.1,"2,053",45.57978260,10.00025880,Shopping Mall,"Erbusco Porte Franche Via Rovato, 44 - 25030 Erbusco (BS)",https://www.oldwildwest.it/en/restaurants,
1508,Old Wild West,Lombardia,Varese,VA,Gerenzano,Burgers,EUR 20-30,4.2,"2,276",45.63182440,9.01634970,Commercial Area,"Gerenzano Via Giampiero Clerici, 151 - 21040 Gerenzano",https://www.oldwildwest.it/en/restaurants,
1509,Old Wild West,Lombardia,Lecco,LC,Lecco,Burgers,EUR 20-30,4,"3,171",45.82785200,9.41123980,Commercial Area,"Lecco Palataurus Viale Giacomo Brodolini, 35/A - 23900 Lecco (LC)",https://www.oldwildwest.it/en/restaurants,
1510,Old Wild West,Lombardia,Monza e della Brianza,MB,Limbiate,Burgers,EUR 10-20,4.1,"1,998",45.60687160,9.13189090,Shopping Mall,"Limbiate Carrefour Ex Strada Statale 527, Via Isonzo - 20812 Limbiate (MB)",https://www.oldwildwest.it/en/restaurants,
1511,Old Wild West,Lombardia,Monza e della Brianza,MB,Lissone,Burgers,EUR 10-20,3.9,926,45.63409670,9.22366250,Commercial Area,Lissone Valacinemas Via Madre Teresa ang. Via Valassina - 20851 Lissone (MB),https://www.oldwildwest.it/en/restaurants,
1512,Old Wild West,Lombardia,Milano,MI,Milano,Burgers,EUR 10-20,3.8,"2,033",45.52189000,9.21545400,Shopping Mall,Milano Bicocca Village Via Chiese ang. Viale Sarca c/o Bicocca Village - 20126 Milano,https://www.oldwildwest.it/en/restaurants,
1513,Old Wild West,Lombardia,Milano,MI,Milano,Burgers,EUR 10-20,4.5,"1,565",45.51359350,9.09966370,Shopping Mall,"Milano C.C. Merlata Bloom Via G.W. Daimler, 61 - 20151 Milano (MI)",https://www.oldwildwest.it/en/restaurants,
1514,Old Wild West,Lombardia,Milano,MI,Rho,Burgers,EUR 10-20,3.9,"1,252",45.53769350,9.01882790,Shopping Mall,Milano C.C. Rho Center Via Capuana ang. Corso Europa - 20017 Rho (MI),https://www.oldwildwest.it/en/restaurants,
1515,Old Wild West,Lombardia,Milano,MI,Sesto San Giovanni,Burgers,EUR 1-10,3.5,400,45.53539580,9.21781000,Commercial Area,Milano Centro Sarca Via Milanese - 20099 Sesto S.Giovanni (MI),https://www.oldwildwest.it/en/restaurants,
1516,Old Wild West,Lombardia,Milano,MI,Milano,Burgers,EUR 20-30,4,"2,132",45.47639110,9.17105660,City Center,Milano Corso Sempione Corso Sempione 3 - 20145 Milano,https://www.oldwildwest.it/en/restaurants,
1517,Old Wild West,Lombardia,Milano,MI,Milano,Burgers,EUR 10-20,4.2,"1,224",45.46480880,9.19028510,City Center,"Milano Duomo Piazza del Duomo, 25 - 20122 Milano - Milano (MI)",https://www.oldwildwest.it/en/restaurants,
1518,Old Wild West,Lombardia,Milano,MI,San Zenone al Lambro,Burgers,NaN,3.2,39,45.32108580,9.37488270,Service Area,Milano San Zenone Area di servizio San Zenone Ovest - Autostrada A1 MI-NA - 20070 S. Zenone Al Lambro (MI),https://www.oldwildwest.it/en/restaurants,
1519,Old Wild West,Lombardia,Milano,MI,Milano,Burgers,EUR 10-20,3.9,"1,585",45.50989150,9.12808540,Commercial Area,"Milano v.le Stephenson Via Giorgio Stephenson, 29 - Multisala cinema Certosa - 20157 Milano",https://www.oldwildwest.it/en/restaurants,
1520,Old Wild West,Lombardia,Milano,MI,Milano,Burgers,EUR 10-20,3.8,"1,252",45.49145930,9.19177090,Transport Hub,"Milano v.le Zara Viale Zara, 13 - 20159 Milano",https://www.oldwildwest.it/en/restaurants,
1521,Old Wild West,Lombardia,Milano,MI,Milano,Burgers,EUR 10-20,4,"2,350",45.44506230,9.16165900,Commercial Area,"Milano Viale Cassala Viale Cassala, 14 - 20143 Milano",https://www.oldwildwest.it/en/restaurants,
1522,Old Wild West,Lombardia,Como,CO,Lucino,Burgers,EUR 20-30,4.1,"1,345",45.78175730,9.04181670,Commercial Area,"Montano Lucino The Screen Cinemas Via Giacomo Leopardi, 1 - 22070 Montano Lucino (CO)",https://www.oldwildwest.it/en/restaurants,
1523,Old Wild West,Lombardia,Pavia,PV,Montebello della Battaglia,Burgers,EUR 10-20,4,"1,529",44.99841870,9.07014660,Commercial Area,"Montebello Iper Via Ingegnere Adolfo Mazza, 50 - 27054 Montebello della Battaglia (PV)",https://www.oldwildwest.it/en/restaurants,
1524,Old Wild West,Lombardia,Monza e della Brianza,MB,Monza,Burgers,EUR 10-20,4.1,"1,368",45.59040670,9.24933500,Shopping Mall,"Monza CC Rondò dei Pini Via Lario, 17 - 20900 Monza Brianza (MB)",https://www.oldwildwest.it/en/restaurants,
1525,Old Wild West,Lombardia,Varese,VA,Olgiate Olona,Burgers,EUR 20-30,4.1,"5,258",45.63260640,8.85909320,Commercial Area,"Olgiate Olona Via Busto Fagnano, 36 - 21057 Olgiate Olona (VA)",https://www.oldwildwest.it/en/restaurants,
1526,Old Wild West,Lombardia,Bergamo,BG,Orio al Serio,Burgers,EUR 10-20,3.9,"2,909",45.66415290,9.69680260,Shopping Mall,"Orio al Serio Oriocenter Via Portico, 59/61 - 24050 Orio Al Serio (BG)",https://www.oldwildwest.it/en/restaurants,
1527,Old Wild West,Lombardia,Pavia,PV,Parona,Burgers,EUR 10-20,4.1,"1,288",45.27642710,8.78770360,Shopping Mall,"Parona Movie Planet Strada per la Cattanea, 106 - 27020, Parona (PV)",https://www.oldwildwest.it/en/restaurants,
1528,Old Wild West,Lombardia,Pavia,PV,Pavia,Burgers,EUR 10-20,4.1,"2,111",45.20515950,9.17262340,Shopping Mall,"Pavia Via Vigentina, angolo Via Cassani - 27100 Pavia",https://www.oldwildwest.it/en/restaurants,
1529,Old Wild West,Lombardia,Milano,MI,Peschiera Borromeo,Burgers,EUR 10-20,4,"2,048",45.42292250,9.29320160,Shopping Mall,"Peschiera Borromeo Galleria Via della Liberazione, 8 - 20068 Peschiera Borromeo (MI)",https://www.oldwildwest.it/en/restaurants,
1530,Old Wild West,Lombardia,Sondrio,SO,Piantedo,Burgers,EUR 10-20,4.1,863,46.14067280,9.41717000,Shopping Mall,"Piantedo Via la Rosa, 354 - 23010 Piantedo (SO)",https://www.oldwildwest.it/en/restaurants,
1531,Old Wild West,Lombardia,Milano,MI,Pioltello,Burgers,EUR 20-30,3.9,962,45.50358580,9.32180870,Commercial Area,"Pioltello Multisala Uci Via S. Francesco, 33 - 20096 Pioltello (MI)",https://www.oldwildwest.it/en/restaurants,
1532,Old Wild West,Lombardia,Milano,MI,Rescaldina,Burgers,EUR 20-30,4.2,"3,198",45.60940400,8.96190130,Shopping Mall,"Rescaldina Via Palmiro Togliatti, 4 - 20027 Rescaldina (MI)",https://www.oldwildwest.it/en/restaurants,
1533,Old Wild West,Lombardia,Milano,MI,Rozzano,Burgers,EUR 10-20,4,"2,426",45.39238340,9.17615740,Shopping Mall,"Rozzano C.C.Fiordaliso Via Curiel, 25 - 20089 Rozzano (MI)",https://www.oldwildwest.it/en/restaurants,
1534,Old Wild West,Lombardia,Mantova,MN,San Giorgio Bigarello,Burgers,EUR 20-30,4.2,"3,397",45.16764750,10.85061400,Commercial Area,San Giorgio di Mantova Via del Commercio - 46030 San Giorgio di Mantova (MN),https://www.oldwildwest.it/en/restaurants,
1535,Old Wild West,Lombardia,Milano,MI,San Giuliano Milanese,Burgers,EUR 10-20,3.9,975,45.38168220,9.30156750,Shopping Mall,"San Giuliano Centro San Giuliano Via L. Tolstoi, angolo Via Emilia - 20098 San Giuliano Milanese MI",https://www.oldwildwest.it/en/restaurants,
1536,Old Wild West,Lombardia,Pavia,PV,San Martino Siccomario,Burgers,EUR 10-20,4,"1,066",45.15326510,9.12667470,Shopping Mall,San Martino Siccomario Via Cascina Madonna - 27028 San Martino Siccomario (PV),https://www.oldwildwest.it/en/restaurants,
1537,Old Wild West,Veneto,Brescia,BS,N/D,Burgers,EUR 20-30,3.5,767,45.42965260,10.66779910,Highway / Service Area,Sebino Nord Autostrada A4 tratta Milano-Brescia loc. Erbusco DIR.MILANO KM 197 - 25030 Erbusco (BS),https://www.oldwildwest.it/en/restaurants,
1538,Old Wild West,Lombardia,Milano,MI,Segrate,Burgers,EUR 20-30,4.5,"1,664",45.49117700,9.27136030,Commercial Area,Segrate Via Cassanese ( Fianco Aldi) - 20054 Segrate (MI),https://www.oldwildwest.it/en/restaurants,
1539,Old Wild West,Lombardia,Varese,VA,Somma Lombardo,Burgers,EUR 20-30,4.1,793,45.67894570,8.72577380,Commercial Area,Somma Lombardo Via Milano 156 - 21019 Somma Lombardo,https://www.oldwildwest.it/en/restaurants,
1540,Old Wild West,Lombardia,Bergamo,BG,Stezzano,Burgers,EUR 10-20,4.3,574,45.64848410,9.63037050,Shopping Mall,Stezzano Via Guzzanica 62/64 - Stezzano (BG),https://www.oldwildwest.it/en/restaurants,
1541,Old Wild West,Lombardia,Varese,VA,Tradate,Burgers,EUR 20-30,4.1,"2,419",45.69783780,8.91281120,Shopping Mall,Tradate - P.C. Centradate Via della Fornace Cortellezzi - 21049 Tradate (VA),https://www.oldwildwest.it/en/restaurants,
1542,Old Wild West,Lombardia,Varese,VA,Varese,Burgers,EUR 20-30,4,"3,248",45.82023030,8.83759370,Commercial Area,Varese Via Tonale Via Tonale 3 - 21100 Varese,https://www.oldwildwest.it/en/restaurants,
1543,Old Wild West,Lombardia,Monza e della Brianza,MB,Torri Bianche,Burgers,EUR 20-30,4,"2,032",45.60118380,9.36030500,Shopping Mall,"Vimercate Via Torri Bianche Via Torri Bianche 7, condominio H-I - 20871 Vimercate (MB)",https://www.oldwildwest.it/en/restaurants,
1544,Old Wild West,Lombardia,Milano,MI,Vimodrone,Burgers,EUR 10-20,3.9,"1,065",45.51153370,9.30222610,Shopping Mall,Vimodrone C.C. Vimodrone SS Padana Superiore km 292 - 20090 Vimodrone (MI),https://www.oldwildwest.it/en/restaurants,
1545,Old Wild West,Marche,Ancona,AN,Ancona,Burgers,EUR 10-20,4.1,"1,734",43.56273520,13.51155110,Commercial Area,"Ancona Multiplex Giometti Via Pietro Filonzi, 4 - 60131 Ancona",https://www.oldwildwest.it/en/restaurants,
1546,Old Wild West,Marche,Ascoli Piceno,AP,Ascoli Piceno,Burgers,EUR 20-30,4.2,"1,004",42.84358210,13.62421790,Commercial Area,"Ascoli Piceno Via Piceno Aprutina, 98 A - 63100 Ascoli Piceno",https://www.oldwildwest.it/en/restaurants,
1547,Old Wild West,Marche,Macerata,MC,Macerata,Burgers,EUR 10-20,4.3,"1,233",43.29083250,13.45434760,Commercial Area,"Macerata Via Enrico Mattei, 41 - 62100",https://www.oldwildwest.it/en/restaurants,
1548,Old Wild West,Marche,Pesaro e Urbino,PU,Pesaro,Burgers,EUR 10-20,4.2,"1,175",43.90446340,12.86652820,Shopping Mall,"Pesaro Uci Piazza Stefanini, 31 - 61100 Pesaro (PU)",https://www.oldwildwest.it/en/restaurants,
1549,Old Wild West,Marche,Ascoli Piceno,AP,San Benedetto del Tronto,Burgers,EUR 10-20,4.1,"2,095",42.89972960,13.89473450,Shopping Mall,"San Benedetto del Tronto Via Pasubio, 108 - 63074 San Benedetto del Tronto (AP)",https://www.oldwildwest.it/en/restaurants,
1550,Old Wild West,Piemonte,Alessandria,AL,Alessandria,Burgers,EUR 20-30,4.1,"3,300",44.90942970,8.63728330,Shopping Mall,Alessandria Via Marengo Via Marengo 162/B - 15121 Alessandria (AL),https://www.oldwildwest.it/en/restaurants,
1551,Old Wild West,Piemonte,Asti,AT,Asti,Burgers,EUR 10-20,4,"2,204",44.90550960,8.22754550,Commercial Area,Asti Corso Alessandria 299 - 14100 Asti (AT),https://www.oldwildwest.it/en/restaurants,
1552,Old Wild West,Piemonte,Torino,TO,Beinasco,Burgers,EUR 20-30,4.1,"3,688",45.02658110,7.59539260,Commercial Area,"Beinasco Strada Torino Strada Torino, 51 - 10092 - Beinasco (TO)",https://www.oldwildwest.it/en/restaurants,
1553,Old Wild West,Piemonte,Biella,BI,Biella,Burgers,EUR 10-20,4,"2,515",45.54759940,8.07687440,Shopping Mall,Biella Gli Orsi c/o Centro Commerciale Gli Orsi - Via Santa Barbara - 13900 Biella,https://www.oldwildwest.it/en/restaurants,
1554,Old Wild West,Piemonte,Novara,NO,Villaggi,Burgers,EUR 20-30,4.2,"2,318",45.71914730,8.59575000,Shopping Mall,"Castelletto Ticino Hollywood Via Sempione, 185 - 28053 Castelletto Ticino (NO)",https://www.oldwildwest.it/en/restaurants,
1555,Old Wild West,Piemonte,Torino,TO,Chivasso,Burgers,EUR 10-20,4.1,"1,833",45.20231240,7.89044330,Shopping Mall,"Chivasso c/o C.C. Bennet Area ex-Lancia Via Caluso, 50 - 10034 Chivasso (TO)",https://www.oldwildwest.it/en/restaurants,
1556,Old Wild West,Piemonte,Cuneo,CN,Borgo San Dalmazzo,Burgers,EUR 10-20,4,"3,112",44.34702350,7.50475730,Commercial Area,"Cuneo Borgo San Dalmazzo Via Cuneo, 76 - 12011 Borgo San Dalmazzo (CN)",https://www.oldwildwest.it/en/restaurants,
1557,Old Wild West,Piemonte,Torino,TO,Grugliasco,Burgers,EUR 10-20,4,"5,216",45.05692050,7.61245430,Shopping Mall,"Grugliasco Le Gru Via Crea, 10 - 10095 Grugliasco (TO)",https://www.oldwildwest.it/en/restaurants,
1558,Old Wild West,Piemonte,Torino,TO,Moncalieri,Burgers,EUR 10-20,4.1,"2,414",44.97613480,7.70976630,Shopping Mall,"Moncalieri 45° Nord Entertainment Via Postiglione, 1 - 10024 Moncalieri (TO)",https://www.oldwildwest.it/en/restaurants,
1559,Old Wild West,Piemonte,Novara,NO,Novara,Burgers,EUR 10-20,4,"1,667",45.44676370,8.60069510,Shopping Mall,Novara CC San Martino 2 Via Ugo Porzio Giovanola 7 - 28100 Novara,https://www.oldwildwest.it/en/restaurants,
1560,Old Wild West,Piemonte,Novara,NO,Novara,Burgers,EUR 10-20,4.1,"2,119",45.46382150,8.62665220,Commercial Area,"Novara Corso della Vittoria Corso della Vittoria, 52 - 28100 Novara",https://www.oldwildwest.it/en/restaurants,
1561,Old Wild West,Piemonte,Torino,TO,Torino,Burgers,EUR 10-20,4.1,"2,143",45.11104300,7.64250210,Shopping Mall,Torino Area 12 Strada Comunale di Altessano 141 - 10151 Altessano (TO),https://www.oldwildwest.it/en/restaurants,
1562,Old Wild West,Piemonte,Torino,TO,Torino,Burgers,EUR 10-20,4,"1,715",45.03496400,7.66646900,Shopping Mall,Torino Lingotto Via Ermanno Fenoglietti n.15 - 10126 Torino,https://www.oldwildwest.it/en/restaurants,
1563,Old Wild West,Piemonte,Torino,TO,Torino,Burgers,EUR 10-20,4.1,"3,317",45.08734900,7.66808490,Shopping Mall,"Torino Parco Dora Via Livorno 26 , angolo Via Treviso - 10144 Torino",https://www.oldwildwest.it/en/restaurants,
1564,Old Wild West,Piemonte,Torino,TO,Torino,Burgers,EUR 10-20,4.1,"2,365",45.06204660,7.67876820,Transport Hub,"Torino Stazione Porta Nuova Corso Vittorio Emanuele II, 57 - 10125 Torino",https://www.oldwildwest.it/en/restaurants,
1565,Old Wild West,Piemonte,Torino,TO,Torino,Burgers,EUR 10-20,4.3,644,45.11908170,7.71914780,Shopping Mall,"Torino To Dream Corso Romania, 546 - 10156 Torino (TO)",https://www.oldwildwest.it/en/restaurants,
1566,Old Wild West,Piemonte,Vercelli,VC,Vercelli,Burgers,EUR 20-30,4.1,"3,113",45.32198350,8.39241800,Commercial Area,Vercelli Tangenziale Ovest - Comparto Sud - 13100 Vercelli,https://www.oldwildwest.it/en/restaurants,
1567,Old Wild West,Piemonte,Novara,NO,Vicolungo,Burgers,EUR 10-20,4.5,101,45.46734430,8.46067910,Shopping Mall,"Vicolungo The Style Outlets Piazza Santa Caterina, Vicolungo",https://www.oldwildwest.it/en/restaurants,
1568,Old Wild West,Piemonte,Torino,TO,Garino,Burgers,EUR 10-20,4.1,"2,284",44.98221010,7.62003170,Shopping Mall,Vinovo Mondojuve Strada Debouchè ang. Via Scarrone - 10142 Nichelino (TO),https://www.oldwildwest.it/en/restaurants,
1569,Old Wild West,Puglia,Bari,BA,Centri Commerc. Baricentro-Auchan,Burgers,EUR 10-20,3.7,"4,208",40.96946280,16.92624110,Shopping Mall,"Casamassima Auchan Via Noicattaro, 2 - 70010 Casamassima (BA)",https://www.oldwildwest.it/en/restaurants,
1570,Old Wild West,Puglia,Foggia,FG,Area Industriale Incoronata,Burgers,EUR 10-20,4.2,"3,530",41.41508990,15.65303120,Shopping Mall,"Foggia C.C. GrandApulia Strada Provinciale, 76 - 71122 Foggia (FG)",https://www.oldwildwest.it/en/restaurants,
1571,Old Wild West,Puglia,Lecce,LE,Lecce,Burgers,EUR 10-20,4.4,"3,538",40.35805970,18.16779130,Commercial Area,Lecce Via F. Calasso ang. Via V. Carluccio - 73100 Lecce,https://www.oldwildwest.it/en/restaurants,
1572,Old Wild West,Puglia,Bari,BA,Molfetta,Burgers,EUR 10-20,3.9,"2,143",41.20427320,16.55441370,Shopping Mall,Molfetta Mongolfiera Via Adriano Olivetti - 70056 Molfetta (BA),https://www.oldwildwest.it/en/restaurants,
1573,Old Wild West,Puglia,Bari,BA,Molfetta,Burgers,EUR 10-20,3.7,"2,297",41.21673350,16.54675890,Shopping Mall,"Molfetta Puglia Outlet Village Via dei Portuali, 12 - SS 16 Bis Adriatico - Zona Calderina - 70056 Molfetta (BA)",https://www.oldwildwest.it/en/restaurants,
1574,Old Wild West,Puglia,Taranto,TA,Taranto,Burgers,EUR 10-20,3.9,"1,346",40.46453020,17.29351390,Commercial Area,"Taranto Via Cesare Battisti, 5200 , angolo Via Speziale, 74121 Taranto (TA) - Taranto",https://www.oldwildwest.it/en/restaurants,
1575,Old Wild West,Sardegna,Cagliari,CA,Quartucciu,Burgers,EUR 10-20,4.3,"2,824",39.24443090,9.16300110,Shopping Mall,Cagliari - C.C. Millennium Via delle Serre - 09044 Quartucciu (CA),https://www.oldwildwest.it/en/restaurants,
1576,Old Wild West,Sardegna,Cagliari,CA,Cagliari,Burgers,EUR 10-30,4.1,"2,508",39.22656180,9.09822780,Commercial Area,Cagliari Unione Sarda Piazza Unione Sarda - 09122 Cagliari (CA),https://www.oldwildwest.it/en/restaurants,
1577,Old Wild West,Sardegna,Sassari,SS,Olbia,Burgers,EUR 20-30,4,"4,268",40.90918740,9.52329490,Shopping Mall,"Olbia C.C. Olbia Mare S.S. 125, Località Sa Marinedda - 07026 Olbia",https://www.oldwildwest.it/en/restaurants,
1578,Old Wild West,Sardegna,Oristano,OR,Oristano,Burgers,EUR 20-30,4.1,"1,430",39.91553900,8.58459230,Shopping Mall,Via Cagliari 2/4 - I° piano - 09170 Oristano (OR),https://www.oldwildwest.it/en/restaurants,
1579,Old Wild West,Sardegna,Sassari,SS,Sassari,Burgers,EUR 10-20,4.2,"1,714",40.73859980,8.53592190,Shopping Mall,"Sassari Auchan Viale Porto Torres, Loc. Predda Niedda - 07100 Sassari",https://www.oldwildwest.it/en/restaurants,
1580,Old Wild West,Sardegna,Cagliari,CA,Cagliari,Burgers,EUR 20-30,3.9,"1,323",39.30396500,9.06610450,Shopping Mall,"Ex S.S. 131, Km 10,800, località More Corraxe - More Corraxe, Sestu (CA)",https://www.oldwildwest.it/en/restaurants,
1581,Old Wild West,Sicilia,Caltanissetta,CL,Caltanissetta,Burgers,EUR 10-20,4.2,"1,051",37.49087730,14.03818630,Commercial Area,"Via Due Fontane,15 - 93100 Caltanissetta (CL)",https://www.oldwildwest.it/en/restaurants,
1582,Old Wild West,Sicilia,Catania,CT,San Giovanni La Punta,Burgers,EUR 10-20,4,654,37.58455280,15.10488780,Shopping Mall,"Catania - P.C. I Portali Parco Commerciale I Portali, Viale Cristoforo Colombo, 13 - San Giovanni La Punta (CT)",https://www.oldwildwest.it/en/restaurants,
1583,Old Wild West,Sicilia,Catania,CT,Misterbianco,Burgers,EUR 10-20,4.2,"2,804",37.47657140,15.01112620,Shopping Mall,"Catania Centro Sicilia SP 54 Contrada Cubba, Località Tenutella - 95045 Misterbianco (CT)",https://www.oldwildwest.it/en/restaurants,
1584,Old Wild West,Sicilia,Catania,CT,Belpasso,Burgers,EUR 10-20,4.5,"4,930",37.54255120,14.95372720,Shopping Mall,Catania Etnapolis SS 121 Contrada Valcorrente - 95032 Belpasso (CT),https://www.oldwildwest.it/en/restaurants,
1585,Old Wild West,Sicilia,Catania,CT,Catania,Burgers,EUR 10-20,4.3,"2,738",37.47160520,15.04993450,Shopping Mall,Catania Porte di Catania c/o CC Porte di Catania - Via Gelso Bianco - 95121 Catania CT,https://www.oldwildwest.it/en/restaurants,
1586,Old Wild West,Sicilia,Trapani,TP,Marsala,Burgers,EUR 10-20,4.1,941,37.79329520,12.43542950,City Center,"Piazza Piemonte e Lombardo, 25/F - 91025 Marsala (TP)",https://www.oldwildwest.it/en/restaurants,
1587,Old Wild West,Sicilia,Messina,ME,Messina,Burgers,EUR 10-20,3.7,124,38.19404210,15.55410790,City Center,"Piazza Antonello, 13 - Messina (ME)",https://www.oldwildwest.it/en/restaurants,
1588,Old Wild West,Sicilia,Messina,ME,Milazzo,Burgers,EUR 10-20,4.1,"1,404",38.18297570,15.26859760,Shopping Mall,Svincolo A20 - Rotonda Shopping Center - Milazzo (ME),https://www.oldwildwest.it/en/restaurants,
1589,Old Wild West,Sicilia,Palermo,PA,Palermo,Burgers,EUR 10-20,4.4,"3,391",38.18244800,13.30912150,Shopping Mall,"Palermo Conca D'Oro Via Giuseppe Lanza di Scalea, 1936 - 90147 Palermo",https://www.oldwildwest.it/en/restaurants,
1590,Old Wild West,Sicilia,Palermo,PA,Palermo,Burgers,EUR 10-20,4.3,"3,415",38.09390740,13.40248540,Shopping Mall,Palermo Forum Via Pecoraino - Località Roccella - 90123 Palermo,https://www.oldwildwest.it/en/restaurants,
1591,Old Wild West,Sicilia,Palermo,PA,Palermo,Burgers,EUR 10-20,4.4,610,38.11613190,13.36236670,City Center,"Palermo Via Vittorio Emanuele Via Vittorio Emanuele, 259 - 90133 Palermo",https://www.oldwildwest.it/en/restaurants,
1592,Old Wild West,Toscana,Pisa,PI,Cascina,Burgers,EUR 10-20,4.1,"2,344",43.67448960,10.47485970,Shopping Mall,"Cascina Centro dei Borghi Via del Fosso Vecchio, 457 - 56023 Cascina (PI)",https://www.oldwildwest.it/en/restaurants,
1593,Old Wild West,Toscana,Firenze,FI,Bagno a Ripoli,Burgers,EUR 20-30,3.3,54,43.72939920,11.33320150,Highway / Service Area,Chianti Ovest A1- Autostrada del Sole KM 305.600 - 50012 Bagno a Ripoli,https://www.oldwildwest.it/en/restaurants,
1594,Old Wild West,Toscana,Firenze,FI,Firenze,Burgers,EUR 10-20,4,"2,197",43.77266120,11.18957620,Shopping Mall,"Firenze C.C. Freeland Via del Cavallaccio, 3 - 50142 Firenze",https://www.oldwildwest.it/en/restaurants,
1595,Old Wild West,Toscana,Firenze,FI,Firenze,Burgers,EUR 10-20,3.9,"2,901",43.79060150,11.22783290,Shopping Mall,"Firenze C.C. San Donato Via Novoli, 10 - 50127 Firenze",https://www.oldwildwest.it/en/restaurants,
1596,Old Wild West,Toscana,Firenze,FI,Campi Bisenzio,Burgers,EUR 10-20,3.9,"2,643",43.84749010,11.14389770,Shopping Mall,"Firenze I Gigli Via S. Quirico, 165 - 50013 Campi Bisenzio (FI)",https://www.oldwildwest.it/en/restaurants,
1597,Old Wild West,Toscana,Livorno,LI,Livorno,Burgers,EUR 20-30,4.1,"2,446",43.57442840,10.33400930,Commercial Area,"Livorno Via Firenze Via Firenze, 45 - 57121 Livorno",https://www.oldwildwest.it/en/restaurants,
1598,Old Wild West,Toscana,Pisa,PI,Pisa,Burgers,EUR 20-30,3.8,"2,384",43.71083910,10.42109050,Commercial Area,Pisa Via Matteucci 36A - 56124 Pisa (PI),https://www.oldwildwest.it/en/restaurants,
1599,Old Wild West,Toscana,Prato,PO,Prato,Burgers,EUR 10-20,4,"2,302",43.87364710,11.06271040,Shopping Mall,"Prato Omnia Center Via delle Pleiadi, 18 - 59100 San Giusto (PO)",https://www.oldwildwest.it/en/restaurants,
1600,Old Wild West,Toscana,Firenze,FI,Sesto Fiorentino,Burgers,EUR 10-20,4,"1,313",43.82062800,11.20862980,Shopping Mall,"Sesto Fiorentino C.C. Centro Sesto Via Petrosa, 19 - 50019 Sesto Fiorentino (FI)",https://www.oldwildwest.it/en/restaurants,
1601,Old Wild West,Toscana,Siena,SI,Siena,Burgers,EUR 10-20,4.1,"1,152",43.33047310,11.32334000,Transport Hub,"Siena Galleria PortaSiena Piazzale Carlo Rosselli, 25 - 53100 Siena (SI)",https://www.oldwildwest.it/en/restaurants,
1602,Old Wild West,Toscana,Siena,SI,Siena,Burgers,EUR 20-30,4.3,236,43.31657830,11.35550140,Commercial Area,"Siena Viale Toselli Viale Pietro Toselli, 41 - 53100 Siena",https://www.oldwildwest.it/en/restaurants,
1603,Old Wild West,Toscana,Arezzo,AR,Foiano della Chiana,Burgers,EUR 10-20,4,"2,543",43.22590610,11.80115080,Shopping Mall,"Valdichiana Outlet Village Via Enzo Ferrari, 5 - 52045 Foiano della Chiana (AR)",https://www.oldwildwest.it/en/restaurants,
1604,Old Wild West,Toscana,Lucca,LU,Viareggio,Burgers,EUR 20-30,3.7,"1,388",43.88365510,10.24744080,Commercial Area,"Viareggio Via Aurelia Nord, 232 - 55049 Viareggio (LU)",https://www.oldwildwest.it/en/restaurants,
1605,Old Wild West,Trentino-Alto Adige,Bolzano,BZ,Bolzano,Burgers,EUR 10-20,4,"1,929",46.48645410,11.33580740,Shopping Mall,"Bolzano Via Galileo Galilei, 20 - 39100 Bolzano (BZ)",https://www.oldwildwest.it/en/restaurants,
1606,Old Wild West,Trentino-Alto Adige,Trento,TN,Trento,Burgers,EUR 10-20,4.4,836,46.08830650,11.11872050,Shopping Mall,"Trento La Cittadella Via Gemma De Gresti, 6 - 38121 Trento",https://www.oldwildwest.it/en/restaurants,
1607,Old Wild West,Trentino-Alto Adige,Trento,TN,Trento,Burgers,EUR 10-20,3.9,"3,440",46.06012760,11.11467750,City Center,Trento Le Albere P.zza delle Donne Lavoratrici 13 - C.so del Lavoro e della Scienza - 38121 Trento,https://www.oldwildwest.it/en/restaurants,
1608,Old Wild West,Umbria,Perugia,PG,Corciano,Burgers,EUR 10-20,3.9,856,43.09940290,12.31429580,Shopping Mall,Corciano c/o Centro Commerciale Gherlinda - 06074 Corciano (PG),https://www.oldwildwest.it/en/restaurants,
1609,Old Wild West,Umbria,Perugia,PG,Perugia,Burgers,EUR 10-20,4,"1,644",43.09646700,12.35559540,Shopping Mall,Perugia Borgonovo Via Centova 1/E - c/o Centro Borgonovo - 06128 Perugia,https://www.oldwildwest.it/en/restaurants,
1610,Old Wild West,Umbria,Terni,TR,Terni,Burgers,EUR 20-30,4.4,"1,159",42.57143590,12.63604600,Commercial Area,Viale Donato Bramante 79 - Terni,https://www.oldwildwest.it/en/restaurants,
1611,Old Wild West,Valle d'Aosta,Aosta,AO,Villair-Amerique,Burgers,EUR 10-20,4,"2,029",45.74118570,7.37172780,Commercial Area,Aosta Amerique S.S. 26 - Località Amerique 125 - 11020 Quart (AO),https://www.oldwildwest.it/en/restaurants,
1612,Old Wild West,Veneto,Verona,VR,Affi,Burgers,EUR 10-20,4.1,386,45.55342710,10.78583140,Shopping Mall,Affi Via Pascoli 10 - 37010 Affi (VR),https://www.oldwildwest.it/en/restaurants,
1613,Old Wild West,Veneto,Vicenza,VI,Altavilla Vicentina,Burgers,EUR 10-20,4.1,"2,975",45.52321960,11.48836190,Commercial Area,"Via Olmo, 7 - 36077 Altavilla Vicentina (VI)",https://www.oldwildwest.it/en/restaurants,
1614,Old Wild West,Veneto,Vicenza,VI,Bassano del Grappa,Burgers,EUR 10-20,3.9,"2,983",45.73872690,11.75817230,Commercial Area,"Via Capitelvecchio, 134 - 36061 Bassano Del Grappa (VI)",https://www.oldwildwest.it/en/restaurants,
1615,Old Wild West,Veneto,Belluno,BL,Belluno,Burgers,EUR 10-20,4.1,"2,290",46.16909730,12.24943730,Commercial Area,"Via Caduti del XIV Settembre 1944, 39 - 32100 Belluno (BL)",https://www.oldwildwest.it/en/restaurants,
1616,Old Wild West,Veneto,Verona,VR,Bussolengo,Burgers,EUR 10-20,4,"2,318",45.44834600,10.87914100,Shopping Mall,"Bussolengo C.C. Le Porte dell'Adige S.S. Bresciana 11, Località Ferlina - 37012 Bussolengo (VR)",https://www.oldwildwest.it/en/restaurants,
1617,Old Wild West,Veneto,Treviso,TV,Caerano di San Marco,Burgers,EUR 10-30,3.6,109,45.78564360,11.99459220,Commercial Area,Via Padova 1 - Caerano di San Marco (TV),https://www.oldwildwest.it/en/restaurants,
1618,Old Wild West,Veneto,Treviso,TV,Conegliano,Burgers,EUR 10-20,4.1,"2,922",45.87129710,12.27866070,Commercial Area,"Conegliano Viale Venezia Viale Venezia, 97 - 31015 Conegliano (TV)",https://www.oldwildwest.it/en/restaurants,
1619,Old Wild West,Veneto,Verona,VR,Legnago,Burgers,EUR 20-30,4.2,"2,647",45.18621300,11.25521040,Commercial Area,"Legnago Via Ferrari Via Enzo Ferrari, 1 - 37045 Legnago (VR)",https://www.oldwildwest.it/en/restaurants,
1620,Old Wild West,Veneto,Padova,PD,Legnaro,Burgers,EUR 10-20,4.3,"1,404",45.35395860,11.95252380,Commercial Area,"Viale dell'Industria, 30 - 35020 Legnaro",https://www.oldwildwest.it/en/restaurants,
1621,Old Wild West,Veneto,Padova,PD,Limena,Burgers,EUR 10-20,4,"1,922",45.46317320,11.84730630,Commercial Area,"Limena The Space Via Breda, 17 - 35010 Limena (PD)",https://www.oldwildwest.it/en/restaurants,
1622,Old Wild West,Veneto,Brescia,BS,N/D,Burgers,EUR 20-30,3.5,767,45.42965260,10.66779910,Service Area,"Autostrada A4 Torino - Trieste, km 356 - Ponte autostradale Limenella",https://www.oldwildwest.it/en/restaurants,
1623,Old Wild West,Veneto,Venezia,VE,Marcon,Burgers,EUR 10-20,4,"2,041",45.54571760,12.30556020,Shopping Mall,"Marcon Valecenter Centro Commerciale Valcenter, Via Enrico Mattei 1/C - Venezia",https://www.oldwildwest.it/en/restaurants,
1624,Old Wild West,Veneto,Venezia,VE,Venezia,Burgers,EUR 10-20,3.9,"1,765",45.45782070,12.21296640,Shopping Mall,Marghera Nave de Vero Strada Statale Romea Angolo Via Arduino - 30175 Marghera (Venezia),https://www.oldwildwest.it/en/restaurants,
1625,Old Wild West,Veneto,Venezia,VE,Venezia,Burgers,EUR 10-20,4.3,234,45.51019900,12.22705540,Shopping Mall,"Mestre - C.C. Porte di Mestre Via Don Federico Tosatto, 22 - 30174 Mestre (VE)",https://www.oldwildwest.it/en/restaurants,
1626,Old Wild West,Veneto,Venezia,VE,Venezia,Burgers,EUR 10-20,3.9,"2,005",45.49441510,12.23954520,Shopping Mall,"Mestre Piazza Candiani Piazzale Candiani, 5 - 30174 Mestre (VE)",https://www.oldwildwest.it/en/restaurants,
1627,Old Wild West,Veneto,Venezia,VE,Mirano,Burgers,EUR 10-20,4.1,"2,731",45.49472240,12.09000380,Commercial Area,"Via Cavin di Sala, 76 - 30035 Mirano (VE)",https://www.oldwildwest.it/en/restaurants,
1628,Old Wild West,Veneto,Padova,PD,Monselice,Burgers,EUR 10-20,4,"3,675",45.23197360,11.75360070,Commercial Area,"Monselice Via Cristoforo Colombo Via Cristoforo Colombo, 22 - 35043 Monselice (PD)",https://www.oldwildwest.it/en/restaurants,
1629,Old Wild West,Veneto,Treviso,TV,Oderzo,Burgers,EUR 10-20,4,"2,090",45.79001700,12.48660220,Commercial Area,"Via G. Pezzulo, angolo Via dei Paleoveneti - 31046 Oderzo (TV)",https://www.oldwildwest.it/en/restaurants,
1630,Old Wild West,Veneto,Padova,PD,Padova,Burgers,EUR 10-20,4,"4,215",45.40968210,11.90394460,Shopping Mall,Via Venezia 51/A - 35129 Padova,https://www.oldwildwest.it/en/restaurants,
1631,Old Wild West,Veneto,Rovigo,RO,Rovigo,Burgers,EUR 20-30,4.2,298,45.08187730,11.78578890,Commercial Area,"Viale Porta Adige, 18 - Rovigo",https://www.oldwildwest.it/en/restaurants,
1632,Old Wild West,Veneto,Treviso,TV,Olmi,Burgers,EUR 10-20,4.1,"1,796",45.67721450,12.33739900,Shopping Mall,"San Biagio di Callalta C.C. Tiziano Via Postumia Ovest, 76 - 31048 Olmi, San Biagio di Callalta (TV)",https://www.oldwildwest.it/en/restaurants,
1633,Old Wild West,Veneto,Venezia,VE,San Donà di Piave,Burgers,EUR 10-20,3.9,409,45.63303780,12.59790730,Commercial Area,"San Donà di Piave Via Calnova, 172 - 30027 San Donà di Piave (VE)",https://www.oldwildwest.it/en/restaurants,
1634,Old Wild West,Veneto,Vicenza,VI,Schio,Burgers,EUR 10-20,4,"2,202",45.72041720,11.39953320,Commercial Area,Schio Via dell'Industria angolo Via Molise - 36015 Schio (VI),https://www.oldwildwest.it/en/restaurants,
1635,Old Wild West,Veneto,Treviso,TV,Silea,Burgers,EUR 10-20,4.1,889,45.65206920,12.29294670,Commercial Area,"Silea The Space Via Sile, 8 - 31057 Silea (TV)",https://www.oldwildwest.it/en/restaurants,
1636,Old Wild West,Veneto,Verona,VR,Lugagnano,Burgers,EUR 10-20,4.4,204,45.43971530,10.86475900,Shopping Mall,Sona C.C. La GrandeMela Shoppingland Via Trentino 1 - 37060 Sona (VR),https://www.oldwildwest.it/en/restaurants,
1637,Old Wild West,Veneto,Vicenza,VI,Torri di Quartesolo,Burgers,EUR 10-20,4,"4,208",45.51343140,11.62824120,Shopping Mall,Torri di Quartesolo - Viridea Garden Center,https://www.oldwildwest.it/en/restaurants,
1638,Old Wild West,Veneto,Vicenza,VI,Torri di Quartesolo,Burgers,EUR 10-20,4,"4,208",45.51343140,11.62824120,Commercial Area,Via Paolo Borsellino - Angolo Str.Reg.11 - 36040 Torri di Quartesolo (VI),https://www.oldwildwest.it/en/restaurants,
1639,Old Wild West,Veneto,Venezia,VE,Venezia,Burgers,EUR 10-20,4.1,"3,754",45.44198000,12.33304110,City Center,"Venezia Strada Nuova Strada Nuova, 3660/A - Cannaregio - 30121 Venezia",https://www.oldwildwest.it/en/restaurants,
1640,Old Wild West,Veneto,Verona,VR,Verona,Burgers,EUR 10-20,3.9,"3,273",45.40660430,10.97643930,Shopping Mall,"Verona Adigeo Via delle Nazioni, 1 - 37135 Verona (VR)",https://www.oldwildwest.it/en/restaurants,
1641,Old Wild West,Veneto,Verona,VR,Verona,Burgers,EUR 20-30,4,"3,144",45.41276920,10.99982060,Commercial Area,Verona Via S. Giovanni Lupatoto Via San Giovanni Lupatoto 123 - 37134 Verona,https://www.oldwildwest.it/en/restaurants,
1642,Old Wild West,Veneto,Treviso,TV,Fontane,Burgers,EUR 10-20,3.9,"2,816",45.69185170,12.25023520,Commercial Area,Viale della Repubblica 42/A - 31020 Lancenigo - Villorba (TV),https://www.oldwildwest.it/en/restaurants,
1643,La Piadineria,Lombardia,Milano,MI,Milano,Piadine,EUR 1-10,4.1,666,45.47908340,9.18552750,City Center,"Milano Garibaldi Milano (MI) , Corso Garibaldi, 115",https://lapiadineria.com/i-nostri-ristoranti-ricerca,
1644,La Piadineria,Lombardia,Milano,MI,Milano,Piadine,EUR 10-20,3.8,561,45.45409550,9.16410280,Commercial Area,"Milano Via Bergognone Milano (MI) , Via Bergognone, 31",https://lapiadineria.com/i-nostri-ristoranti-ricerca,
1645,La Piadineria,Lombardia,Milano,MI,Milano,Piadine,EUR 1-10,4.1,"1,142",45.47781400,9.15659140,Shopping Mall,"Milano CityLife Milano (MI) , Piazza Tre Torri",https://lapiadineria.com/i-nostri-ristoranti-ricerca,
1646,La Piadineria,Lombardia,Milano,MI,Milano,Piadine,EUR 1-10,3.9,579,45.47359580,9.19477370,Commercial Area,"Milano Turati Milano (MI) , Via Filippo Turati, 3",https://lapiadineria.com/i-nostri-ristoranti-ricerca,
1647,La Piadineria,Lombardia,Milano,MI,Milano,Piadine,EUR 10-20,4,636,45.48549420,9.21561250,Commercial Area,"Milano Buenos Aires Milano (MI) , Corso Buenos Aires, 77",https://lapiadineria.com/i-nostri-ristoranti-ricerca,
1648,La Piadineria,Lombardia,Milano,MI,Milano,Piadine,EUR 1-10,3.9,492,45.46339890,9.18409870,City Center,"Milano Via Del Bollo Milano (MI) , Via Del Bollo, 6",https://lapiadineria.com/i-nostri-ristoranti-ricerca,
1649,La Piadineria,Lombardia,Milano,MI,Milano,Piadine,EUR 1-10,4,590,45.46582920,9.19494190,City Center,"Milano De Cristoforis Milano (MI) , Galleria De Cristoforis",https://lapiadineria.com/i-nostri-ristoranti-ricerca,
1650,La Piadineria,Lombardia,Milano,MI,Milano,Piadine,EUR 1-10,4.2,384,45.46199270,9.19406040,City Center,"Milano Via Bergamini Milano (MI) , Via Bergamini, 5",https://lapiadineria.com/i-nostri-ristoranti-ricerca,
1651,La Piadineria,Lombardia,Milano,MI,Milano,Piadine,EUR 1-10,3.7,402,45.45072040,9.19068550,Commercial Area,"Milano Bocconi Milano (MI) , Via Ferdinando Bocconi, 3",https://lapiadineria.com/i-nostri-ristoranti-ricerca,
1652,La Piadineria,Lombardia,Milano,MI,Milano,Piadine,EUR 10-20,4,462,45.46593060,9.17696900,City Center,"Milano Corso Magenta Milano (MI) , Corso Magenta, 27",https://lapiadineria.com/i-nostri-ristoranti-ricerca,
1653,La Piadineria,Lombardia,Milano,MI,Milano,Piadine,EUR 1-10,4.1,334,45.46212240,9.20504130,Commercial Area,"Milano - Corso di Porta Vittoria Milano (MI) , Corso Di Porta Vittoria, 46",https://lapiadineria.com/i-nostri-ristoranti-ricerca,
1654,La Piadineria,Lombardia,Milano,MI,Milano,Piadine,EUR 1-10,3.8,291,45.48306270,9.15943440,Shopping Mall,"Milano Via Arona Milano (MI) , Via Arona, 15",https://lapiadineria.com/i-nostri-ristoranti-ricerca,
1655,La Piadineria,Lombardia,Milano,MI,Milano,Piadine,EUR 1-10,4.1,821,45.48075290,9.21017140,Transport Hub,"Milano Vitruvio Milano (MI) , Via Vitruvio, 2",https://lapiadineria.com/i-nostri-ristoranti-ricerca,
1656,La Piadineria,Lombardia,Milano,MI,Milano,Piadine,EUR 1-10,4.2,517,45.47530410,9.20659280,Commercial Area,"Milano Spallanzani Milano (MI) , Via Lazzaro Spallanzani, 6",https://lapiadineria.com/i-nostri-ristoranti-ricerca,
1657,La Piadineria,Lombardia,Milano,MI,Milano,Piadine,EUR 1-10,4.1,479,45.48075890,9.17020140,Commercial Area,"Milano Canonica Milano (MI) , Via Luigi Canonica, 81",https://lapiadineria.com/i-nostri-ristoranti-ricerca,
1658,La Piadineria,Lombardia,Milano,MI,Milano,Piadine,EUR 1-10,3.9,"1,017",45.46237460,9.18702220,City Center,"Milano Via dell'Unione Milano (MI) , Via Dell'Unione, 4",https://lapiadineria.com/i-nostri-ristoranti-ricerca,
1659,La Piadineria,Lombardia,Milano,MI,Milano,Piadine,EUR 1-10,3.7,323,45.46697800,9.15286080,Commercial Area,"Milano Marghera Milano (MI) , Via Marghera, 29",https://lapiadineria.com/i-nostri-ristoranti-ricerca,
1660,La Piadineria,Lombardia,Milano,MI,Milano,Piadine,EUR 1-10,3.9,210,45.48843630,9.19484160,Commercial Area,"Milano Via Pola Milano (MI) , Via Pola, 9",https://lapiadineria.com/i-nostri-ristoranti-ricerca,
1661,La Piadineria,Lombardia,Brescia,BS,Brescia,Piadine,EUR 1-10,4,579,45.56739350,10.22993850,Shopping Mall,"Brescia Triumplina Brescia (BS) , Via Triumplina, 45",https://lapiadineria.com/i-nostri-ristoranti-ricerca,
1662,La Piadineria,Lombardia,Brescia,BS,Brescia,Piadine,EUR 1-10,4.3,833,45.53807600,10.22197070,City Center,"Brescia Via Trieste Brescia (BS) , Via Trieste, 3",https://lapiadineria.com/i-nostri-ristoranti-ricerca,
1663,La Piadineria,Lombardia,Brescia,BS,Brescia,Piadine,EUR 1-10,4.2,621,45.52380000,10.17699870,Commercial Area,"Brescia Sorbanella Brescia (BS) , Via Sorbanella, 18",https://lapiadineria.com/i-nostri-ristoranti-ricerca,
1664,La Piadineria,Lombardia,Milano,MI,Arese,Piadine,EUR 10-20,3,630,45.56403400,9.05443340,Shopping Mall,"Arese Shopping Center Arese (MI) , Via Giuseppe Eugenio Luraghi, 11",https://lapiadineria.com/i-nostri-ristoranti-ricerca,
1665,La Piadineria,Lombardia,Milano,MI,Assago,Piadine,EUR 1-10,4,902,45.40508110,9.15250310,Shopping Mall,"Assago Centro Commerciale Milanofiori Assago (MI) , Viale Milano Fiori, 1 C",https://lapiadineria.com/i-nostri-ristoranti-ricerca,
1666,La Piadineria,Lombardia,Como,CO,San Fermo della Battaglia,Piadine,EUR 1-10,4.6,181,45.79339120,9.04627080,Transport Hub,"Ospedale di Como San Fermo Della Battaglia (CO) , Via Ravona, 20",https://lapiadineria.com/i-nostri-ristoranti-ricerca,
1667,La Piadineria,Lombardia,Milano,MI,Bareggio,Piadine,EUR 10-20,3.8,907,45.48525510,8.99925060,Shopping Mall,"Bareggio Bareggio (MI) , Via Varese, 35",https://lapiadineria.com/i-nostri-ristoranti-ricerca,
1668,La Piadineria,Lombardia,Pavia,PV,Vigevano,Piadine,EUR 1-10,4,82,45.31405110,8.88181190,Shopping Mall,"Vigevano - C.C. Il Ducale Vigevano (PV) , Viale Industria, 225",https://lapiadineria.com/i-nostri-ristoranti-ricerca,
1670,La Piadineria,Piemonte,Novara,NO,Novara,Piadine,EUR 1-10,4.2,156,45.44627500,8.60048120,Shopping Mall,"Novara San Martino 2 Novara (NO) , Via Ugo Porzio Giovanola, 7",https://lapiadineria.com/i-nostri-ristoranti-ricerca,
1671,La Piadineria,Trentino-Alto Adige,Bolzano,BZ,Bolzano,Piadine,EUR 10-20,3.8,569,46.48654850,11.33644200,Shopping Mall,"Bolzano Twenty Bolzano (BZ) , Via G. Galilei, 20",https://lapiadineria.com/i-nostri-ristoranti-ricerca,
1672,La Piadineria,Lombardia,Varese,VA,Busto Arsizio,Piadine,EUR 10-20,4.2,962,45.61314960,8.85405160,City Center,"Busto Arsizio Busto Arsizio (VA) , Via Antonio Pozzi, 11",https://lapiadineria.com/i-nostri-ristoranti-ricerca,
1673,La Piadineria,Sardegna,Cagliari,CA,Cagliari,Piadine,EUR 1-10,4.3,"1,041",39.24626800,9.16335800,Shopping Mall,"Cagliari C.C. Vele Cagliari (CA) , Via Delle Serre",https://lapiadineria.com/i-nostri-ristoranti-ricerca,
1674,La Piadineria,Toscana,Firenze,FI,Campi Bisenzio,Piadine,EUR 10-20,4,418,43.84687680,11.14368770,Shopping Mall,"Campi Bisenzio C.C. I Gigli Campi Bisenzio (FI) , Via San Quirico, 165",https://lapiadineria.com/i-nostri-ristoranti-ricerca,
1675,La Piadineria,Piemonte,Biella,BI,Biella,Piadine,EUR 1-10,4.1,257,45.54796760,8.07724500,Shopping Mall,"Biella C.C. Gli Orsi Biella (BI) , Via Le Domenico Modugno, 3b",https://lapiadineria.com/i-nostri-ristoranti-ricerca,
1676,La Piadineria,Lombardia,Milano,MI,Carugate,Piadine,EUR 1-10,3.8,346,45.54622900,9.32911790,Shopping Mall,"Carugate C.C. Carosello Carugate (MI) , Sp208 Km 2",https://lapiadineria.com/i-nostri-ristoranti-ricerca,
1677,La Piadineria,Lazio,Roma,RM,Roma,Piadine,EUR 1-10,3.9,313,41.90199360,12.43825450,Shopping Mall,"Roma Via Valle Aurelia Roma (RM) , Viale Di Valle Aurelia, 30",https://lapiadineria.com/i-nostri-ristoranti-ricerca,
1678,La Piadineria,Piemonte,Novara,NO,Castelletto sopra Ticino,Piadine,EUR 10-20,4.1,"1,623",45.71968580,8.62178300,Commercial Area,"Castelletto Sopra Ticino Castelletto Sopra Ticino (NO) , Via Sempione, 33",https://lapiadineria.com/i-nostri-ristoranti-ricerca,
1679,La Piadineria,Lazio,Roma,RM,Roma,Piadine,EUR 1-10,4.2,112,41.88413390,12.60748450,Shopping Mall,"Roma C.C. GranRoma Roma (RM) , Via Prenestina",https://lapiadineria.com/i-nostri-ristoranti-ricerca,
1680,La Piadineria,Lombardia,Monza e della Brianza,MB,Concorezzo,Piadine,EUR 10-20,4,428,45.59692570,9.34647430,Commercial Area,Concorezzo Via Don Minzoni Concorezzo (MB) Via Don G. Minzoni 41,https://lapiadineria.com/i-nostri-ristoranti-ricerca,
1681,La Piadineria,Lazio,Roma,RM,Roma,Piadine,EUR 1-10,4.1,260,41.85049340,12.59898550,Shopping Mall,Roma C.C. Romanina Roma (RM) Via Enrico Ferr 8,https://lapiadineria.com/i-nostri-ristoranti-ricerca,
1682,La Piadineria,Lombardia,Bergamo,BG,Dalmine,Piadine,EUR 1-10,4.2,666,45.64479990,9.61562000,Commercial Area,Dalmine Via Provinciale Dalmine (BG) Via Provincial 25,https://lapiadineria.com/i-nostri-ristoranti-ricerca,
1683,La Piadineria,Lazio,Latina,LT,Aprilia,Piadine,EUR 1-10,4.2,188,41.59312980,12.62768720,Shopping Mall,Latina C.C. Aprilia 2 Aprilia (LT) Via Riserva Nuova Km 44,https://lapiadineria.com/i-nostri-ristoranti-ricerca,
1684,La Piadineria,Lazio,Roma,RM,Fiumicino,Piadine,EUR 10-20,4,806,41.80914840,12.30011600,Shopping Mall,Fiumicino C.C. Da Vinci Fiumicino (RM) Via Geminiano Montanari,https://lapiadineria.com/i-nostri-ristoranti-ricerca,
1685,La Piadineria,Lombardia,Brescia,BS,Villa Pedergnano,Piadine,EUR 1-10,4.1,417,45.57964400,10.00075510,Shopping Mall,Erbusco Porte Franche Erbusco (BS) Via Rovat 44,https://lapiadineria.com/i-nostri-ristoranti-ricerca,
1686,La Piadineria,Lazio,Roma,RM,Roma,Piadine,EUR 10-20,4.2,512,41.95531250,12.69632560,Shopping Mall,Guidonia C.C. Tiburtino Roma (RM) Via Nazionale Tiburtin Km 20,https://lapiadineria.com/i-nostri-ristoranti-ricerca,
1687,La Piadineria,Liguria,Genova,GE,Genova,Piadine,EUR 1-10,4.2,378,44.40936530,8.93184170,City Center,Genova Via Soziglia Genova (GE) Via Di Sozigli 88,https://lapiadineria.com/i-nostri-ristoranti-ricerca,
1688,La Piadineria,Emilia-Romagna,Bologna,BO,Bologna,Piadine,EUR 1-10,4,584,44.52046600,11.26503310,Shopping Mall,Bologna Centro Borgo Bologna (BO) Via Marco Emilio Lepid 186,https://lapiadineria.com/i-nostri-ristoranti-ricerca,
1689,La Piadineria,Liguria,Genova,GE,Genova,Piadine,EUR 1-10,4.2,433,44.40680990,8.94271950,Commercial Area,Genova Via Galata Genova (GE) Via Galat 50,https://lapiadineria.com/i-nostri-ristoranti-ricerca,
1690,La Piadineria,Liguria,Genova,GE,Genova,Piadine,EUR 1-10,4.4,493,44.42515890,8.84776700,Commercial Area,Genova Via Sestri Genova (GE) Via Sestr 162,https://lapiadineria.com/i-nostri-ristoranti-ricerca,
1691,La Piadineria,Emilia-Romagna,Reggio Emilia,RE,Reggio Emilia,Piadine,EUR 1-10,4.1,796,44.71470100,10.65060930,Shopping Mall,Reggio Emilia C.C. I Petali Reggio Emilia (RE) Piazzale Atleti Azzuri D'Itali 5,https://lapiadineria.com/i-nostri-ristoranti-ricerca,
1692,La Piadineria,Liguria,La Spezia,SP,Sarzana,Piadine,EUR 10-20,4.2,594,44.10335850,9.96619030,Shopping Mall,Sarzana Sarzana (SP) Via Variante Aureli 42,https://lapiadineria.com/i-nostri-ristoranti-ricerca,
1693,La Piadineria,Piemonte,Torino,TO,Torino,Piadine,EUR 1-10,3.8,262,45.06201020,7.67840870,Transport Hub,Torino Porta Nuova Torino (TO) Piazza Carlo Felice,https://lapiadineria.com/i-nostri-ristoranti-ricerca,
1694,La Piadineria,Toscana,Grosseto,GR,Grosseto,Piadine,EUR 1-10,4.3,335,42.78866720,11.11349680,Shopping Mall,C.C. Grosseto Shopping Center Grosseto (GR) Via Ecuado 4,https://lapiadineria.com/i-nostri-ristoranti-ricerca,
1695,La Piadineria,Piemonte,Torino,TO,Nichelino,Piadine,EUR 1-10,4.1,614,45.00664370,7.62326950,Shopping Mall,"Nichelino C.C. ""I Viali"" Nichelino (TO) Via Dei Cacciator 111",https://lapiadineria.com/i-nostri-ristoranti-ricerca,
1696,La Piadineria,Lombardia,Brescia,BS,Lonato,Piadine,EUR 1-10,4.1,426,45.46150830,10.49085300,Shopping Mall,Lonato Via Cesare Battisti Lonato (BS) Via Cesare Battist 23,https://lapiadineria.com/i-nostri-ristoranti-ricerca,
1697,La Piadineria,Piemonte,Torino,TO,Vinovo,Piadine,EUR 1-10,4.3,354,44.98704610,7.62079500,Shopping Mall,Vinovo Mondojuve Vinovo (TO) Strada Debouchè,https://lapiadineria.com/i-nostri-ristoranti-ricerca,
1698,La Piadineria,Piemonte,Torino,TO,Torino,Piadine,EUR 1-10,4.2,340,45.10134420,7.70549270,Shopping Mall,Torino Botticelli Torino (TO) Via Botticell 85,https://lapiadineria.com/i-nostri-ristoranti-ricerca,
1699,La Piadineria,Lombardia,Mantova,MN,Mantova,Piadine,EUR 1-10,3.9,456,45.15761310,10.79091550,City Center,Mantova Corso Umberto I Mantova (MN) Corso Umberto 13,https://lapiadineria.com/i-nostri-ristoranti-ricerca,
1700,La Piadineria,Lombardia,Milano,MI,Milano,Piadine,EUR 1-10,3.9,391,45.48234010,9.19994380,Transport Hub,Milano Via Vittor Pisani Milano (MI) Via Vittor Pisan 13,https://lapiadineria.com/i-nostri-ristoranti-ricerca,
1701,La Piadineria,Campania,Caserta,CE,Marcianise,Piadine,EUR 1-10,4,479,41.00369780,14.32684780,Shopping Mall,Marcianise Centro Commerciale Campania Marcianise (CE) Località Aurn 87,https://lapiadineria.com/i-nostri-ristoranti-ricerca,
1702,La Piadineria,Lombardia,Como,CO,Arosio,Piadine,EUR 1-10,3.9,136,45.72215130,9.21512150,Shopping Mall,Arosio - Cinelandia Arosio (CO) Via Vallassin 32,https://lapiadineria.com/i-nostri-ristoranti-ricerca,
1703,La Piadineria,Lombardia,Milano,MI,Milano,Piadine,EUR 1-10,3.8,115,45.51083750,9.18726260,Transport Hub,Milano Niguarda Milano (MI) Piazza Dell'Ospedale Maggior 3,https://lapiadineria.com/i-nostri-ristoranti-ricerca,
1704,La Piadineria,Veneto,Verona,VR,Castelnuovo del Garda,Piadine,EUR 10-20,4.2,373,45.43645190,10.75106950,Commercial Area,Castelnuovo del Garda Castelnuovo Del Garda (VR) Via Ungarett 17,https://lapiadineria.com/i-nostri-ristoranti-ricerca,
1705,La Piadineria,Liguria,La Spezia,SP,La Spezia,Piadine,EUR 1-10,4.2,223,44.11858880,9.83306230,Shopping Mall,La Spezia Le Terrazze La Spezia (SP) Via Fonteviv 17,https://lapiadineria.com/i-nostri-ristoranti-ricerca,
1706,La Piadineria,Emilia-Romagna,Ferrara,FE,Ferrara,Piadine,EUR 10-20,4.2,726,44.81588530,11.60642890,Shopping Mall,Ferrara C.C. Il Castello Ferrara (FE) Via Giust 4,https://lapiadineria.com/i-nostri-ristoranti-ricerca,
1707,La Piadineria,Liguria,La Spezia,SP,La Spezia,Piadine,EUR 1-10,4.3,259,44.10410680,9.82194490,City Center,La Spezia Via Prione La Spezia (SP) Via Del Prion 30,https://lapiadineria.com/i-nostri-ristoranti-ricerca,
1708,La Piadineria,Piemonte,Alessandria,AL,Alessandria,Piadine,EUR 1-10,4.1,320,44.91734630,8.59925330,Commercial Area,Alessandria C.C. Al Parco Alessandria (AL) Via Vecchia Torino,https://lapiadineria.com/i-nostri-ristoranti-ricerca,
1709,La Piadineria,Piemonte,Torino,TO,Settimo Torinese,Piadine,EUR 1-10,4.1,917,45.13928810,7.73356290,Shopping Mall,Settimo Cielo Retail Park Settimo Torinese (TO) Via Niccolò Paganin 8,https://lapiadineria.com/i-nostri-ristoranti-ricerca,
1710,La Piadineria,Liguria,Savona,SV,Savona,Piadine,EUR 1-10,4,165,44.31683450,8.46974680,Shopping Mall,avona Il Gabbiano Savona (SV) Corso Agostino Ricc 203 R,https://lapiadineria.com/i-nostri-ristoranti-ricerca,
1711,La Piadineria,Piemonte,Alessandria,AL,Alessandria,Piadine,EUR 10-20,3.9,108,44.90254510,8.62384230,Commercial Area,Alessandria Panorama Alessandria (AL) Corso Giuseppe Romit 38,https://lapiadineria.com/i-nostri-ristoranti-ricerca,
1712,La Piadineria,Emilia-Romagna,Parma,PR,Parma,Piadine,EUR 1-10,4.3,594,44.83736620,10.36617990,Shopping Mall,Parma - C.C. Parma Retail Park Parma (PR) Strada Burla,https://lapiadineria.com/i-nostri-ristoranti-ricerca,
1713,La Piadineria,Piemonte,Torino,TO,Torino,Piadine,EUR 10-20,4.1,583,45.10065260,7.64848620,Shopping Mall,Torino C.C. Area 12 Torino (TO) Strada Altessan 141,https://lapiadineria.com/i-nostri-ristoranti-ricerca,
1714,La Piadineria,Piemonte,Asti,AT,Asti,Piadine,EUR 1-10,4.2,272,44.91519080,8.22272300,Shopping Mall,Asti Il Borgo d'Asti Asti (AT) Corso Casal 319,https://lapiadineria.com/i-nostri-ristoranti-ricerca,
1715,La Piadineria,Veneto,Padova,PD,Padova,Piadine,EUR 1-10,4,"1,030",45.40386550,11.87554490,City Center,Padova Via Roma Padova (PD) Via Rom 116,https://lapiadineria.com/i-nostri-ristoranti-ricerca,
1716,La Piadineria,Emilia-Romagna,Bologna,BO,Casalecchio di Reno,Piadine,EUR 1-10,4.1,793,44.48413690,11.26896250,Shopping Mall,Casalecchio di Reno C.C. Meridiana Casalecchio Di Reno (BO) Via Aldo Mor 64,https://lapiadineria.com/i-nostri-ristoranti-ricerca,
1717,La Piadineria,Lombardia,Brescia,BS,Rezzato,Piadine,EUR 1-10,4.2,533,45.51449110,10.29852720,Shopping Mall,Rezzato Via Mazzini Rezzato (BS) Via Giuseppe Mazzin 91,https://lapiadineria.com/i-nostri-ristoranti-ricerca,
1718,La Piadineria,Piemonte,Torino,TO,Chivasso,Piadine,EUR 1-10,4.1,111,45.20252110,7.89106320,Shopping Mall,Chivasso C.C. Bennet Chivasso (TO) Via Calus 46,https://lapiadineria.com/i-nostri-ristoranti-ricerca,
1719,La Piadineria,Lazio,Roma,RM,Roma,Piadine,EUR 10-20,3.9,188,41.85405800,12.57112170,Shopping Mall,Roma - Cinecittà Roma (RM) Viale Palmiro Togliatt 2,https://lapiadineria.com/i-nostri-ristoranti-ricerca,
1720,La Piadineria,Piemonte,Cuneo,CN,Cuneo,Piadine,EUR 1-10,4.1,439,44.39279400,7.58300800,Shopping Mall,Cuneo Auchan Cuneo (CN) Via Margarit 8,https://lapiadineria.com/i-nostri-ristoranti-ricerca,
1721,La Piadineria,Lazio,Roma,RM,Roma,Piadine,EUR 1-10,4.1,758,41.83092480,12.46503700,Commercial Area,Roma Viale America Roma (RM) Viale Americ 143,https://lapiadineria.com/i-nostri-ristoranti-ricerca,
1722,La Piadineria,Lombardia,Lodi,LO,San Rocco al Porto,Piadine,EUR 1-10,3.1,162,45.07238530,9.70937760,Shopping Mall,Auchan San Rocco Lodi (LO) Strada Statale 100,https://lapiadineria.com/i-nostri-ristoranti-ricerca,
1723,La Piadineria,Lazio,Roma,RM,Roma,Piadine,EUR 1-10,4.1,324,41.85393740,12.56717040,Commercial Area,Roma Via Tuscolana Roma (RM) Via Tuscolan 1494,https://lapiadineria.com/i-nostri-ristoranti-ricerca,
1724,La Piadineria,Piemonte,Alessandria,AL,Casale Monferrato,Piadine,EUR 10-20,4.1,119,45.12513480,8.46597010,Shopping Mall,Casale Monferrato C.C. La Cittadella Casale Monferrato (AL) Via Madre Teresa Di Calcutt 2,https://lapiadineria.com/i-nostri-ristoranti-ricerca,
1725,La Piadineria,Lazio,Roma,RM,Roma,Piadine,EUR 1-10,4.4,281,41.83155940,12.49132540,Commercial Area,Roma via del Serafico Roma (RM) Via Del Serafic 157,https://lapiadineria.com/i-nostri-ristoranti-ricerca,
1726,La Piadineria,Piemonte,Torino,TO,Carmagnola,Piadine,EUR 1-10,3.9,137,44.84719000,7.73451150,Shopping Mall,C.C. Carmagnola Carmagnola (TO) Via Sommariva. 29,https://lapiadineria.com/i-nostri-ristoranti-ricerca,
1727,La Piadineria,Emilia-Romagna,Modena,MO,Cittanova,Piadine,EUR 1-10,3.7,226,44.64868540,10.85380010,Shopping Mall,Modena Grandemilia Modena (MO) Via Emilia Oves 1480,https://lapiadineria.com/i-nostri-ristoranti-ricerca,
1728,La Piadineria,Lazio,Roma,RM,Roma,Piadine,EUR 1-10,4,450,41.87405120,12.52222930,Commercial Area,Roma C.C. Happio Roma (RM) Via Appia Nuov 448,https://lapiadineria.com/i-nostri-ristoranti-ricerca,
1729,La Piadineria,Lazio,Roma,RM,Roma,Piadine,EUR 1-10,3.8,344,41.91175620,12.53209520,Transport Hub,Roma Stazione Tiburtina Roma (RM) Piazzale Della Stazione Tiburtina,https://lapiadineria.com/i-nostri-ristoranti-ricerca,
1730,La Piadineria,Lazio,Roma,RM,Roma,Piadine,EUR 1-10,4.1,572,41.97158000,12.53972300,Shopping Mall,Roma - Centro Commerciale Porta di Roma Roma (RM) Via Alberto Lionell 201,https://lapiadineria.com/i-nostri-ristoranti-ricerca,
1731,La Piadineria,Lazio,Roma,RM,Roma,Piadine,EUR 1-20,4,137,41.81694400,12.45964760,Shopping Mall,Roma C.C. Euroma Roma (RM) Viale Dell'Oceano Pacific 83,https://lapiadineria.com/i-nostri-ristoranti-ricerca,
1732,La Piadineria,Lazio,Roma,RM,Roma,Piadine,EUR 1-10,3.8,406,41.90158590,12.50260880,Transport Hub,Roma Termini Roma (RM) Piazza Dei Cinquecent 1,https://lapiadineria.com/i-nostri-ristoranti-ricerca,
1733,La Piadineria,Lazio,Roma,RM,Roma,Piadine,EUR 10-20,4.1,515,41.91529690,12.66070480,Shopping Mall,Roma - CC Roma Est Roma (RM) Via Collatin 858,https://lapiadineria.com/i-nostri-ristoranti-ricerca,
1734,La Piadineria,Lombardia,Brescia,BS,Roncadelle,Piadine,EUR 1-10,4.1,620,45.53428020,10.15094220,Shopping Mall,Roncadelle - Ikea Roncadelle (BS) Via Luigi Einaud 5,https://lapiadineria.com/i-nostri-ristoranti-ricerca,
1735,La Piadineria,Toscana,Massa-Carrara,MS,Massa,Piadine,EUR 10-20,3.8,139,44.02217910,10.11052570,Shopping Mall,Massa Carrara C.C. MareMonti Massa (MS) Via Massa Avenz 32,https://lapiadineria.com/i-nostri-ristoranti-ricerca,
1736,La Piadineria,Lombardia,Milano,MI,San Vittore Olona,Piadine,EUR 10-20,3.7,781,45.59162520,8.93655240,Shopping Mall,San Vittore Olona C.C. La Carbonaia San Vittore Olona (MI) CC La Carbonai Via Sempion 11,https://lapiadineria.com/i-nostri-ristoranti-ricerca,
1737,La Piadineria,Piemonte,Cuneo,CN,Mondovì,Piadine,EUR 10-20,3.7,278,44.41900290,7.85303740,Shopping Mall,Mondovì Mondovi' (CN) Piazza Cere 15,https://lapiadineria.com/i-nostri-ristoranti-ricerca,
1738,La Piadineria,Liguria,Savona,SV,Savona,Piadine,EUR 1-10,4.3,606,44.30819620,8.48034030,City Center,Savona Corso Italia Savona (SV) Corso Itali 112,https://lapiadineria.com/i-nostri-ristoranti-ricerca,
1739,La Piadineria,Lombardia,Pavia,PV,Montebello della Battaglia,Piadine,EUR 1-10,4.1,201,44.99944260,9.07412920,Shopping Mall,C.C. Montebello Montebello Della Battaglia (PV) Via Ing. Adolfo Mazz 50,https://lapiadineria.com/i-nostri-ristoranti-ricerca,
1740,La Piadineria,Friuli-Venezia Giulia,Trieste,TS,Trieste,Piadine,EUR 1-10,4,378,45.65054760,13.76908750,City Center,Trieste Piazza Verdi Trieste (TS) Piazza Giuseppe Verd 2,https://lapiadineria.com/i-nostri-ristoranti-ricerca,
1741,La Piadineria,Lombardia,Lodi,LO,Casale Sant'Antonio-Europa,Piadine,EUR 1-10,4.1,188,45.27552260,9.45748700,Shopping Mall,Pieve di Fissiraga C.C. Centro Pieve Pieve Fissiraga (LO) Strada Statale 235 Via Delle Nazioni Unit 1,https://lapiadineria.com/i-nostri-ristoranti-ricerca,
1742,La Piadineria,Piemonte,Torino,TO,Pinerolo,Piadine,EUR 1-10,3.9,190,44.88373180,7.35332860,Shopping Mall,Pinerolo Le Due Valli Pinerolo (TO) Via Cascina Vastamegli 3,https://lapiadineria.com/i-nostri-ristoranti-ricerca,
1743,La Piadineria,Friuli-Venezia Giulia,Trieste,TS,Trieste,Piadine,EUR 10-20,4.1,416,45.65201690,13.78009830,Commercial Area,Trieste Via XX Settembre Trieste (TS) Via Xx Settembr 18,https://lapiadineria.com/i-nostri-ristoranti-ricerca,
1744,La Piadineria,Veneto,Vicenza,VI,Vicenza,Piadine,EUR 1-10,3.6,629,45.54802550,11.54750960,City Center,Vicenza Santa Barbara Vicenza (VI) Contrà Santa Barbar 33,https://lapiadineria.com/i-nostri-ristoranti-ricerca,
1745,La Piadineria,Lombardia,Monza e della Brianza,MB,Torri Bianche,Piadine,EUR 10-20,3.9,586,45.60099270,9.36089250,Shopping Mall,Vimercate C.C. Torri Bianche Vimercate (MB) Via Torri Bianche,https://lapiadineria.com/i-nostri-ristoranti-ricerca,
1746,La Piadineria,Lombardia,Milano,MI,Milano,Piadine,EUR 1-10,3.8,885,45.52210990,9.21561810,Shopping Mall,Milano Bicocca Milano (MI) Viale Sarca Angolo Via Chiese,https://lapiadineria.com/i-nostri-ristoranti-ricerca,
1747,La Piadineria,Lazio,Roma,RM,Roma,Piadine,EUR 1-10,4.1,503,41.86491270,12.46940530,Commercial Area,Roma Piazza Fermi Roma (RM) Piazza Enrico Ferm 1,https://lapiadineria.com/i-nostri-ristoranti-ricerca,
1748,La Piadineria,Lombardia,Brescia,BS,Rodengo Saiano,Piadine,EUR 1-10,4.1,"1,479",45.57735950,10.11821560,Shopping Mall,Franciacorta Outlet Rodengo Saiano (BS) Piazza Cascina Moi 1,https://lapiadineria.com/i-nostri-ristoranti-ricerca,
1749,La Piadineria,Toscana,Arezzo,AR,Foiano della Chiana,Piadine,NaN,4.2,"1,711",43.22682770,11.80048180,Shopping Mall,Valdichiana Outlet Village Foiano Della Chiana (AR) Via Enzo Ferrar 5,https://lapiadineria.com/i-nostri-ristoranti-ricerca,
1750,La Piadineria,Veneto,Venezia,VE,Noventa di Piave,Piadine,EUR 10-20,4.1,462,45.67141360,12.53532020,Shopping Mall,Noventa di Piave C.C. Outlet Noventa Noventa Di Piave (VE) Via Marco Pol 1,https://lapiadineria.com/i-nostri-ristoranti-ricerca,
1751,La Piadineria,Emilia-Romagna,Bologna,BO,Poggio Piccolo,Piadine,EUR 1-10,4,"1,626",44.43410100,11.60729870,Shopping Mall,CastelGuelfo Outlet Village Castel Guelfo Di Bologna (BO) Via Del Commerci 4-2,https://lapiadineria.com/i-nostri-ristoranti-ricerca,
1752,La Piadineria,Lombardia,Milano,MI,Milano,Piadine,EUR 1-10,3.8,146,45.44804910,9.21225430,Shopping Mall,Milano - Centro Commerciale PiazzaLodi Milano (MI) Viale Umbri 16,https://lapiadineria.com/i-nostri-ristoranti-ricerca,
1753,La Piadineria,Lazio,Roma,RM,Valmontone,Piadine,EUR 10-20,4.3,344,41.76223890,12.95626750,Shopping Mall,Valmontone Outlet Valmontone (RM) Via Della Pac snc,https://lapiadineria.com/i-nostri-ristoranti-ricerca,
1754,La Piadineria,Lombardia,Varese,VA,Varese,Piadine,EUR 1-10,4,793,45.81563510,8.82765100,City Center,Varese C.C. Le Corti Varese (VA) Piazza Della Repubblic 25,https://lapiadineria.com/i-nostri-ristoranti-ricerca,
1755,La Piadineria,Lombardia,Milano,MI,Milano,Piadine,EUR 1-10,4.1,506,45.51881630,9.13565260,Shopping Mall,Novate Milanese - Metropoli Novate Milanese (MI) Via Carlo Amorett 1,https://lapiadineria.com/i-nostri-ristoranti-ricerca,
1756,La Piadineria,Lombardia,Monza e della Brianza,MB,Brugherio,Piadine,EUR 1-10,3.9,230,45.55661150,9.30245030,Shopping Mall,Brugherio C.C. Bennet Brugherio (MB) Viale Lombardi 264,https://lapiadineria.com/i-nostri-ristoranti-ricerca,
1757,La Piadineria,Toscana,Firenze,FI,Barberino di Mugello,Piadine,EUR 10-20,4,282,43.98541670,11.21434170,Shopping Mall,Barberino di Mugello Outlet Barberino Di Mugello (FI) Via Meucci,https://lapiadineria.com/i-nostri-ristoranti-ricerca,
1758,La Piadineria,Piemonte,Alessandria,AL,Alessandria,Piadine,EUR 1-10,4.2,548,44.73275240,8.83599260,Shopping Mall,Serravalle Designer Outlet Alessandria (AL) Via Della Mod 1,https://lapiadineria.com/i-nostri-ristoranti-ricerca,
1759,La Piadineria,Lombardia,Como,CO,Cantù,Piadine,EUR 10-20,4.7,167,45.71730930,9.15642950,Shopping Mall,Cantù C.C. Mirabello Cantu' (CO) Via Lombardi 68,https://lapiadineria.com/i-nostri-ristoranti-ricerca,
1760,La Piadineria,Piemonte,Novara,NO,Novara,Piadine,EUR 1-10,4.2,968,45.46711150,8.46109600,Shopping Mall,Vicolungo Outlet Novara (NO) Piazza Santa Mari 11,https://lapiadineria.com/i-nostri-ristoranti-ricerca,
1761,La Piadineria,Lombardia,Milano,MI,Cerro Maggiore,Piadine,EUR 1-10,3,198,45.60103860,8.94813520,Shopping Mall,Cerro Maggiore - C.C. Move in Cerro Maggiore (MI) Via Filippo Turat 52,https://lapiadineria.com/i-nostri-ristoranti-ricerca,
1762,La Piadineria,Lombardia,Milano,MI,Garbagnate Milanese,Piadine,EUR 10-20,3.8,249,45.57741350,9.06555630,Shopping Mall,Garbagnate Milanese Garbagnate Milanese (MI) Via Peloritan 96,https://lapiadineria.com/i-nostri-ristoranti-ricerca,
1763,La Piadineria,Liguria,Genova,GE,Genova,Piadine,EUR 1-10,4.1,805,44.41245340,8.88327500,Shopping Mall,Genova Fiumara Genova (GE) Via Fiumar 15,https://lapiadineria.com/i-nostri-ristoranti-ricerca,
1764,La Piadineria,Lombardia,Lecco,LC,Lecco,Piadine,EUR 1-10,4.1,465,45.85520580,9.39207800,Transport Hub,Lecco Via Cavour Lecco (LC) Via Camillo Benso Conte di Cavou 73,https://lapiadineria.com/i-nostri-ristoranti-ricerca,
1765,La Piadineria,Friuli-Venezia Giulia,Udine,UD,Martignacco,Piadine,EUR 10-20,4,408,46.08599550,13.17957580,Shopping Mall,Udine - C.C. Città Fiera Torreano Di Martignacco (UD) Via Antonio Bardell 4,https://lapiadineria.com/i-nostri-ristoranti-ricerca,
1766,La Piadineria,Lombardia,Milano,MI,Peschiera Borromeo,Piadine,EUR 1-10,4.3,441,45.42317910,9.29277770,Shopping Mall,Peschiera Borromeo Peschiera Borromeo (MI) Via Della Liberazion 8,https://lapiadineria.com/i-nostri-ristoranti-ricerca,
1767,La Piadineria,Friuli-Venezia Giulia,Gorizia,GO,Villesse,Piadine,EUR 1-10,3.9,241,45.86488070,13.43067950,Shopping Mall,Villesse - Tiare Shopping Villesse (GO) Località Maranu 2,https://lapiadineria.com/i-nostri-ristoranti-ricerca,
1768,La Piadineria,Piemonte,Verbano-Cusio-Ossola,VB,Gravellona Toce,Piadine,EUR 10-20,4.1,221,45.93214970,8.43841310,Shopping Mall,Gravellona Toce C.C. Le Isole Gravellona Toce (VB) Corso Guglielmo Marcon 42,https://lapiadineria.com/i-nostri-ristoranti-ricerca,
1769,La Piadineria,Lombardia,Monza e della Brianza,MB,Monza,Piadine,EUR 1-10,3.9,276,45.57950070,9.27287800,Transport Hub,Monza Auchan Monza (MB) Via Lari 17,https://lapiadineria.com/i-nostri-ristoranti-ricerca,
1770,La Piadineria,Lombardia,Milano,MI,Paderno Dugnano,Piadine,EUR 1-20,4.1,263,45.57462970,9.17977350,Shopping Mall,Paderno Dugnano C.C. Brianza Paderno Dugnano (MI) Via Strada Statale Dei Giov 35,https://lapiadineria.com/i-nostri-ristoranti-ricerca,
1771,La Piadineria,Lombardia,Milano,MI,Bellinzago Lombardo,Piadine,EUR 1-10,4,482,45.54572150,9.45407010,Shopping Mall,Bellinzago Lombardo C.C. La Corte Bellinzago Lombardo (MI) Via Padana Superior 154,https://lapiadineria.com/i-nostri-ristoranti-ricerca,
1772,La Piadineria,Friuli-Venezia Giulia,Trieste,TS,Trieste,Piadine,EUR 1-10,3.6,384,45.65072210,13.77222880,City Center,Trieste Via San Nicoló Trieste (TS) Via S. Nicol 22,https://lapiadineria.com/i-nostri-ristoranti-ricerca,
1773,La Piadineria,Lombardia,Monza e della Brianza,MB,Busnago,Piadine,EUR 1-10,3.6,305,45.62117930,9.47345260,Shopping Mall,Busnago C.C. Il Globo Busnago (MB) Via Itali 197,https://lapiadineria.com/i-nostri-ristoranti-ricerca,
1774,La Piadineria,Lombardia,Bergamo,BG,Curno,Piadine,EUR 10-20,4.1,327,45.68303000,9.60998960,Shopping Mall,Le Cucine di Curno - Centro Commerciale Curno (BG) Via Enrico Ferm 1,https://lapiadineria.com/i-nostri-ristoranti-ricerca,
1775,La Piadineria,Lombardia,Bergamo,BG,Stezzano,Piadine,EUR 1-10,4.2,373,45.64800020,9.62996440,Shopping Mall,Stezzano - Le Due Torri Stezzano (BG) Via Guzzanic 62-64,https://lapiadineria.com/i-nostri-ristoranti-ricerca,
1776,La Piadineria,Lombardia,Monza e della Brianza,MB,Carate Brianza,Piadine,EUR 1-10,4.3,126,45.66804330,9.22328890,Shopping Mall,Carate Brianza C.C. Iperal Carate Brianza (MB) Via Milan 29,https://lapiadineria.com/i-nostri-ristoranti-ricerca,
1777,La Piadineria,Friuli-Venezia Giulia,Gorizia,GO,Monfalcone,Piadine,EUR 1-10,4.1,152,45.81792500,13.51234940,Shopping Mall,Monfalcone C.C. Belforte Monfalcone (GO) Via F.Poca 1,https://lapiadineria.com/i-nostri-ristoranti-ricerca,
1778,La Piadineria,Lombardia,Monza e della Brianza,MB,Villasanta,Piadine,EUR 1-10,3.8,136,45.61875130,9.30909350,Shopping Mall,Villasanta Il Gigante Villasanta (MB) Via Tiziano Vecellio S.N.C.,https://lapiadineria.com/i-nostri-ristoranti-ricerca,
1779,La Piadineria,Veneto,Vicenza,VI,Thiene,Piadine,EUR 1-10,4.1,161,45.69458620,11.48064900,Shopping Mall,Thiene C.C. Carrefour Thiene (VI) Via Del Terziari 2,https://lapiadineria.com/i-nostri-ristoranti-ricerca,
1780,La Piadineria,Lombardia,Bergamo,BG,Antegnate,Piadine,EUR 10-20,4.3,258,45.48155180,9.78290810,Shopping Mall,Antegnate Antegnate (BG) Via Del Commerci 3,https://lapiadineria.com/i-nostri-ristoranti-ricerca,
1781,La Piadineria,Lombardia,Mantova,MN,Bagnolo San Vito,Piadine,EUR 10-20,3.8,504,45.08786680,10.85613500,Shopping Mall,Mantova Outlet Bagnolo San Vito (MN) Via Marco Biagi,https://lapiadineria.com/i-nostri-ristoranti-ricerca,
1782,La Piadineria,Friuli-Venezia Giulia,Udine,UD,Località Produttiva,Piadine,EUR 1-10,4.3,164,46.02205980,13.27432810,Shopping Mall,C.C. Bennet Pradamano Pradamano (UD) Via Nazional 108,https://lapiadineria.com/i-nostri-ristoranti-ricerca,
1783,La Piadineria,Veneto,Verona,VR,San Martino Buon Albergo,Piadine,EUR 1-10,3.7,93,45.41309860,11.09468130,Shopping Mall,San Martino Buon Albergo - Le Corti Venete San Martino Buon Albergo (VR) Viale Del Commerci 1,https://lapiadineria.com/i-nostri-ristoranti-ricerca,
1784,La Piadineria,Lombardia,Sondrio,SO,Artigianale-commerciale,Piadine,EUR 1-10,4.2,243,46.16256250,9.80721580,Shopping Mall,Castione Andevenno C.C. Torri Castione Andevenno (SO) Via Nazionale Oves 29,https://lapiadineria.com/i-nostri-ristoranti-ricerca,
1785,La Piadineria,Veneto,Vicenza,VI,Vicenza,Piadine,EUR 10-20,3.5,181,45.52922640,11.59557150,Shopping Mall,Vicenza C.C. Palladio Vicenza (VI) Strada Padana Verso Padov 60,https://lapiadineria.com/i-nostri-ristoranti-ricerca,
1786,La Piadineria,Lombardia,Cremona,CR,Crema,Piadine,EUR 1-10,4.2,252,45.35881370,9.66588910,Shopping Mall,Crema Gran Rondò Crema (CR) Via Giorgio La Pir 12,https://lapiadineria.com/i-nostri-ristoranti-ricerca,
1787,La Piadineria,Lazio,Roma,RM,Roma,Piadine,EUR 1-10,4,324,41.80764470,12.48521470,Shopping Mall,Roma - Maximo Laurentino Roma (RM) Via Laurentin 865,https://lapiadineria.com/i-nostri-ristoranti-ricerca,
1788,La Piadineria,Piemonte,Torino,TO,Grugliasco,Piadine,EUR 1-10,3.9,398,45.05478170,7.61314680,Shopping Mall,Grugliasco C.C. Le Gru Grugliasco (TO) Via Cre 10,https://lapiadineria.com/i-nostri-ristoranti-ricerca,
1789,La Piadineria,Lombardia,Cremona,CR,Cremona,Piadine,EUR 10-20,3.7,472,45.15060880,9.99822610,Shopping Mall,Cremona C.C. Cremona Pò Cremona (CR) Via Castelleon 108,https://lapiadineria.com/i-nostri-ristoranti-ricerca,
1790,La Piadineria,Piemonte,Novara,NO,Bellinzago Novarese,Piadine,EUR 10-20,4.1,251,45.55387730,8.64083490,Shopping Mall,Bellinzago Novarese C.C. Airone Bellinzago Novarese (NO) Via Della Libert 231,https://lapiadineria.com/i-nostri-ristoranti-ricerca,
1791,La Piadineria,Lombardia,Lecco,LC,Merate,Piadine,EUR 10-20,4.5,283,45.68959080,9.41787650,Shopping Mall,Merate - Centro Commerciale Adda Center Merate (LC) Via Bergam 19,https://lapiadineria.com/i-nostri-ristoranti-ricerca,
1792,La Piadineria,Lombardia,Lodi,LO,San Grato,Piadine,EUR 1-10,4.2,69,45.32530440,9.45923840,Shopping Mall,Sangrato Lombardo Il Gigante Montanaso Lombardo (LO) Via Emili 2,https://lapiadineria.com/i-nostri-ristoranti-ricerca,
1793,La Piadineria,Lombardia,Brescia,BS,Lonato del Garda,Piadine,EUR 1-10,3.6,352,45.43108900,10.51407660,Shopping Mall,Leone di Lonato Lonato (BS) Via Mantov 36,https://lapiadineria.com/i-nostri-ristoranti-ricerca,
1794,La Piadineria,Lombardia,Milano,MI,Milano,Piadine,EUR 10-20,3.8,232,45.46817270,9.17316110,Transport Hub,Milano Piazza Virgilio Milano (MI) Piazza Virgili 4,https://lapiadineria.com/i-nostri-ristoranti-ricerca,
1795,La Piadineria,Emilia-Romagna,Bologna,BO,Castenaso,Piadine,EUR 1-10,3.6,276,44.49035040,11.42148790,Shopping Mall,Castenaso C.C. Centronova Castenaso (BO) Via Villanov 29,https://lapiadineria.com/i-nostri-ristoranti-ricerca,
1796,La Piadineria,Lombardia,Mantova,MN,Case Ghisiolo,Piadine,EUR 10-20,4.1,222,45.16829510,10.82329100,Shopping Mall,Mantova La Favorita Mantova (MN) Piazzale Cesare Beccari 1,https://lapiadineria.com/i-nostri-ristoranti-ricerca,
1797,La Piadineria,Lombardia,Monza e della Brianza,MB,Giussano,Piadine,EUR 1-10,4.2,147,45.69011220,9.21196600,Shopping Mall,Giussano C.C. Gran Giussano Giussano (MB) Via Prealp 41,https://lapiadineria.com/i-nostri-ristoranti-ricerca,
1798,La Piadineria,Lombardia,Bergamo,BG,Mapello,Piadine,EUR 10-20,4.5,187,45.71354740,9.56258440,Shopping Mall,Mapello C.C. Il Continente Mapello (BG) Via Str. Regi 4,https://lapiadineria.com/i-nostri-ristoranti-ricerca,
1799,La Piadineria,Lombardia,Pavia,PV,Pavia,Piadine,EUR 10-20,4,210,45.20482880,9.17289630,Shopping Mall,Carrefour Pavia Pavia (PV) Via Vigentina,https://lapiadineria.com/i-nostri-ristoranti-ricerca,
1800,La Piadineria,Lombardia,Brescia,BS,Mazzano,Piadine,EUR 1-10,4.3,582,45.50077220,10.34967790,Shopping Mall,Auchan Mazzano Mazzano (BS) Via Alcide De Gasper 6,https://lapiadineria.com/i-nostri-ristoranti-ricerca,
1801,La Piadineria,Emilia-Romagna,Bologna,BO,Bologna,Piadine,EUR 1-10,3.9,300,44.51390790,11.32888380,Shopping Mall,Bologna Centro Lame Bologna (BO) Via Marcopol 3,https://lapiadineria.com/i-nostri-ristoranti-ricerca,
1802,La Piadineria,Lombardia,Sondrio,SO,Piantedo,Piadine,EUR 1-10,4.2,148,46.14052790,9.41778270,Shopping Mall,Piantedo Fuentes Piantedo (SO) Via La Ros 354,https://lapiadineria.com/i-nostri-ristoranti-ricerca,
1803,La Piadineria,Abruzzo,Pescara,PE,San Martino Bassa,Piadine,EUR 1-10,4.1,168,42.51970490,14.12855740,Shopping Mall,C.C. Pescara Nord Citta' Sant'angelo (PE) Via L. Petruzz 140,https://lapiadineria.com/i-nostri-ristoranti-ricerca,
1804,La Piadineria,Lombardia,Milano,MI,Locate di Triulzi,Piadine,EUR 10-20,3.7,334,45.36127560,9.21766460,Shopping Mall,Scalo Milano Outlet & More Locate Triulzi (MI) Via Milan 5,https://lapiadineria.com/i-nostri-ristoranti-ricerca,
1805,La Piadineria,Lombardia,Brescia,BS,Roncadelle,Piadine,EUR 1-10,4.1,620,45.53428020,10.15094220,Shopping Mall,Roncadelle C.C. Rondinelle Roncadelle (BS) Via Enrico Matte 37,https://lapiadineria.com/i-nostri-ristoranti-ricerca,
1806,La Piadineria,Lombardia,Milano,MI,Segrate,Piadine,EUR 10-20,3.8,316,45.49105050,9.27119060,Residential Area,Segrate Segrate (MI) Via Redecesi 2,https://lapiadineria.com/i-nostri-ristoranti-ricerca,
1807,La Piadineria,Lombardia,Bergamo,BG,Medolago,Piadine,EUR 1-10,4.3,353,45.67166570,9.49721070,Commercial Area,Medolago Medolago (BG) Via Rom 27,https://lapiadineria.com/i-nostri-ristoranti-ricerca,
1808,La Piadineria,Veneto,Verona,VR,Verona,Piadine,EUR 1-10,3.6,507,45.40447980,10.97494280,Shopping Mall,Verona Adigeo Verona (VR) Viale Delle Nazion 1,https://lapiadineria.com/i-nostri-ristoranti-ricerca,
1809,La Piadineria,Veneto,Verona,VR,San Pietro,Piadine,EUR 10-20,4,471,45.18532840,11.25643610,Commercial Area,Legnago San Pietro Di Legnago (VR) Via Le Europ 37 C,https://lapiadineria.com/i-nostri-ristoranti-ricerca,
1810,La Piadineria,Veneto,Venezia,VE,Venezia,Piadine,EUR 10-20,4.2,700,45.50993220,12.22658490,Shopping Mall,Mestre Auchan Mestre (VE) Via Don Federico Tosatt 22,https://lapiadineria.com/i-nostri-ristoranti-ricerca,
1811,La Piadineria,Lombardia,Como,CO,Lipomo,Piadine,EUR 1-10,4.1,601,45.79486920,9.12617270,Commercial Area,Lipomo Lipomo (CO) Via Provinciale per Lecco 976,https://lapiadineria.com/i-nostri-ristoranti-ricerca,
1812,La Piadineria,Veneto,Venezia,VE,Marghera,Piadine,EUR 10-20,3.9,434,45.45971040,12.21283320,Shopping Mall,Nave De Vero Marghera (VE) Via Pietro Arduin 20,https://lapiadineria.com/i-nostri-ristoranti-ricerca,
1813,La Piadineria,Lombardia,Milano,MI,Vanzaghello,Piadine,EUR 1-10,3.6,387,45.59825190,8.79798450,Shopping Mall,Vanzaghello Retail Park Vanzaghello (MI) Via delle Querc 1,https://lapiadineria.com/i-nostri-ristoranti-ricerca,
1814,La Piadineria,Veneto,Verona,VR,Affi,Piadine,EUR 1-10,3.9,272,45.55188100,10.78408420,Shopping Mall,Grand'Affi Shopping Center Affi (VR) Località Canov 1,https://lapiadineria.com/i-nostri-ristoranti-ricerca,
1815,La Piadineria,Lombardia,Milano,MI,Milano,Piadine,EUR 1-10,4,274,45.45876410,9.19143590,City Center,Milano - Corso di Porta Romana Milano (MI) Porta Roman 40,https://lapiadineria.com/i-nostri-ristoranti-ricerca,
1816,La Piadineria,Veneto,Verona,VR,Bussolengo,Piadine,EUR 1-10,4,272,45.44806390,10.87974270,Shopping Mall,Bussolengo Auchan Bussolengo (VR) Località Ferlin 11,https://lapiadineria.com/i-nostri-ristoranti-ricerca,
1817,La Piadineria,Lombardia,Como,CO,Erba,Piadine,EUR 10-20,4.2,53,45.80459240,9.22139250,Shopping Mall,Erba C.C. Bennet I Laghi Erba (CO) Via Prealp 3,https://lapiadineria.com/i-nostri-ristoranti-ricerca,
1818,La Piadineria,Friuli-Venezia Giulia,Pordenone,PN,Fiume Veneto,Piadine,EUR 1-10,4.2,258,45.94498140,12.72517840,Shopping Mall,Fiume Veneto Fiume Veneto (PN) Via Maestri Del Lavor 42,https://lapiadineria.com/i-nostri-ristoranti-ricerca,
1819,La Piadineria,Lazio,Roma,RM,Roma,Piadine,EUR 1-10,4.1,269,41.90932690,12.49828550,Commercial Area,Roma Piave Roma (RM) Via Piav 46-50,https://lapiadineria.com/i-nostri-ristoranti-ricerca,
1820,La Piadineria,Umbria,Perugia,PG,Corciano,Piadine,EUR 10-20,4.2,93,43.09886120,12.30882110,Shopping Mall,Corciano Quasar Village Corciano (PG) Via Aldo Capitin 8,https://lapiadineria.com/i-nostri-ristoranti-ricerca,
1821,La Piadineria,Veneto,Verona,VR,Lugagnano,Piadine,EUR 10-20,4,540,45.43937760,10.86438990,Shopping Mall,Lugagnano di Sona Grande Mela Lugagnano (VR) Via Trentin 1,https://lapiadineria.com/i-nostri-ristoranti-ricerca,
1822,La Piadineria,Trentino-Alto Adige,Bolzano,BZ,Merano,Piadine,EUR 1-10,3.7,79,46.67927150,11.13401220,Shopping Mall,Merano C.C. Lagundo Merano (BZ) Via Weingartner,https://lapiadineria.com/i-nostri-ristoranti-ricerca,
1823,La Piadineria,Veneto,Venezia,VE,Venezia,Piadine,EUR 10-20,3.9,344,45.54551670,12.30537880,Shopping Mall,Marcon C.C. Valecenter Venezia (VE) Via Enrico Matte 1 C,https://lapiadineria.com/i-nostri-ristoranti-ricerca,
1824,La Piadineria,Lazio,Roma,RM,Roma,Piadine,EUR 1-10,3.9,189,41.93115770,12.51887210,Commercial Area,Roma Libia Roma (RM) Viale Libi 126,https://lapiadineria.com/i-nostri-ristoranti-ricerca,
1825,La Piadineria,Veneto,Vicenza,VI,Vicenza,Piadine,EUR 10-20,4.2,602,45.51018060,11.62569700,Shopping Mall,Vicenza C.C. Le Piramidi Vicenza (VI) Via Pol 20,https://lapiadineria.com/i-nostri-ristoranti-ricerca,
1826,La Piadineria,Lombardia,Milano,MI,Sesto San Giovanni,Piadine,EUR 10-20,3.7,248,45.55030610,9.25646200,Shopping Mall,Sesto San Giovanni Vulcano Sesto San Giovanni (MI) Viale Itali 555,https://lapiadineria.com/i-nostri-ristoranti-ricerca,
1827,La Piadineria,Lombardia,Milano,MI,Milano,Piadine,EUR 1-10,3.4,364,45.49127550,9.24244050,Transport Hub,Milano Feltre Milano (MI) Via Feltr 1,https://lapiadineria.com/i-nostri-ristoranti-ricerca,
1828,La Piadineria,Lombardia,Milano,MI,Sesto San Giovanni,Piadine,EUR 1-10,3.8,294,45.52898780,9.21745080,Shopping Mall,Sesto San Giovanni Centro Sarca Sesto San Giovanni (MI) Via Milanes 10,https://lapiadineria.com/i-nostri-ristoranti-ricerca,
1829,La Piadineria,Veneto,Verona,VR,Villabella,Piadine,EUR 10-20,3.7,622,45.40663740,11.24761830,Shopping Mall,San Bonifacio San Bonifacio (VR) Viale Della Vittori Snc,https://lapiadineria.com/i-nostri-ristoranti-ricerca,
1830,La Piadineria,Lombardia,Milano,MI,Milano,Piadine,EUR 10-20,4,405,45.49666250,9.11299000,Shopping Mall,Milano C.C. Bonola Milano (MI) Via Giacomo Quarengh 23,https://lapiadineria.com/i-nostri-ristoranti-ricerca,
1831,La Piadineria,Lombardia,Milano,MI,Milano,Piadine,EUR 10-20,3.9,196,45.46248240,9.20818800,Commercial Area,Milano - Corso XXII Marzo Milano (MI) Corso Xxii Marz 5,https://lapiadineria.com/i-nostri-ristoranti-ricerca,
1832,La Piadineria,Piemonte,Torino,TO,Torino,Piadine,EUR 1-10,3.8,233,45.06762210,7.69396570,City Center,Torino Aldo Moro Torino (TO) Piazzale Aldo Moro,https://lapiadineria.com/i-nostri-ristoranti-ricerca,
1833,La Piadineria,Lombardia,Lecco,LC,Lecco,Piadine,EUR 1-10,3.6,133,45.85364260,9.40036180,Shopping Mall,Lecco C.C. La Meridiana Lecco (LC) Largo Caleott 10,https://lapiadineria.com/i-nostri-ristoranti-ricerca,
1834,La Piadineria,Friuli-Venezia Giulia,Udine,UD,Aiello del Friuli,Piadine,EUR 1-10,3.9,283,45.88575770,13.34278550,Shopping Mall,Palmanova Outlet Village Aiello Del Friuli (UD) Strada Sp126 Km 1.6,https://lapiadineria.com/i-nostri-ristoranti-ricerca,
1835,La Piadineria,Lombardia,Milano,MI,Settimo Milanese,Piadine,EUR 1-10,4.1,140,45.47898230,9.06547020,Commercial Area,Settimo Milanese C.C. Settimo Settimo Milanese (MI) Via Reiss Romol 16,https://lapiadineria.com/i-nostri-ristoranti-ricerca,
1836,La Piadineria,Lazio,Roma,RM,Roma,Piadine,EUR 1-10,4.3,201,41.92473440,12.51565270,Transport Hub,Roma - Piazza Annibaliano Roma (RM) Piazza Annibalian 21,https://lapiadineria.com/i-nostri-ristoranti-ricerca,
1837,La Piadineria,Veneto,Padova,PD,Sarmeola,Piadine,EUR 1-10,3.7,281,45.41744780,11.82463960,Shopping Mall,Rubano Le Brentelle Rubano (PD) Via Della Provvidenz 1,https://lapiadineria.com/i-nostri-ristoranti-ricerca,
1838,La Piadineria,Lombardia,Como,CO,Como,Piadine,EUR 1-10,4,186,45.83711790,9.06397850,Shopping Mall,Como Lario Center Como (CO) Via Asiag 2,https://lapiadineria.com/i-nostri-ristoranti-ricerca,
1839,La Piadineria,Lombardia,Milano,MI,Rescaldina,Piadine,EUR 1-10,3.7,320,45.60916410,8.96328740,Shopping Mall,Rescaldina Auchan Rescaldina (MI) Via Palmiro Togliatt 1,https://lapiadineria.com/i-nostri-ristoranti-ricerca,
1840,La Piadineria,Piemonte,Torino,TO,Torino,Piadine,EUR 1-10,3.9,307,45.03434220,7.66744680,Shopping Mall,Torino - Centro Commerciale Lingotto Torino (TO) Via Nizz 230,https://lapiadineria.com/i-nostri-ristoranti-ricerca,
1841,La Piadineria,Lombardia,Milano,MI,Milano,Piadine,EUR 1-10,4.2,107,45.45862250,9.18467230,City Center,Milano via Disciplini Milano (MI) Via Disciplin 17,https://lapiadineria.com/i-nostri-ristoranti-ricerca,
1842,La Piadineria,Lazio,Roma,RM,Roma,Piadine,NaN,4.1,207,41.90918370,12.45540110,City Center,Roma Leone IV Roma (RM) Via Leone I 91-93,https://lapiadineria.com/i-nostri-ristoranti-ricerca,
1843,La Piadineria,Lombardia,Milano,MI,Rho,Piadine,EUR 10-20,3.9,908,45.53565110,9.02251320,Commercial Area,Rho Center Rho (MI) Via Luigi Capuan 1,https://lapiadineria.com/i-nostri-ristoranti-ricerca,
1844,La Piadineria,Lombardia,Milano,MI,Milano,Piadine,EUR 1-10,3.8,305,45.46602430,9.18872010,City Center,Milano via Santa Margherita Milano (MI) Via Santa Margherit 14/16,https://lapiadineria.com/i-nostri-ristoranti-ricerca,
1845,La Piadineria,Lombardia,Monza e della Brianza,MB,Muggiò,Piadine,EUR 1-10,3.7,421,45.57376920,9.22687850,Commercial Area,Muggió via Fratelli Bandiera Muggio' (MB) Via Fratelli Bandiera Snc,https://lapiadineria.com/i-nostri-ristoranti-ricerca,
1846,La Piadineria,Lombardia,Pavia,PV,Stradella,Piadine,EUR 10-20,4.2,369,45.07882850,9.28540370,Commercial Area,Stradella via Nazionale Stradella (PV) Via Nazionale 63,https://lapiadineria.com/i-nostri-ristoranti-ricerca,
1847,La Piadineria,Lombardia,Milano,MI,Milano,Piadine,EUR 1-10,3.6,198,45.50150160,9.18257510,Commercial Area,Milano via Carlo Imbonati Milano (MI) Via Carlo Imbonat 22,https://lapiadineria.com/i-nostri-ristoranti-ricerca,
1848,La Piadineria,Lombardia,Milano,MI,San Giuliano Milanese,Piadine,EUR 1-10,3.6,226,45.37888960,9.30610080,Shopping Mall,San Giuliano Milanese Centro Commerciale Le Cupole San Giuliano Milanese (MI) Via Della Pac 26,https://lapiadineria.com/i-nostri-ristoranti-ricerca,
1849,La Piadineria,Sardegna,Sassari,SS,Olbia,Piadine,EUR 10-20,4,226,40.90992650,9.52288020,Shopping Mall,Olbia Olbia (SS) Via Cesare Paves 2,https://lapiadineria.com/i-nostri-ristoranti-ricerca,
1850,La Piadineria,Veneto,Padova,PD,Padova,Piadine,EUR 10-20,3.9,543,45.40602970,11.87879900,City Center,Padova via San Francesco Padova (PD) Via San Francesc 19,https://lapiadineria.com/i-nostri-ristoranti-ricerca,
1851,La Piadineria,Lombardia,Pavia,PV,San Martino Siccomario,Piadine,EUR 1-10,4.2,367,45.15967400,9.12996230,Commercial Area,San Martino Siccomario San Martino Siccomario (PV) Via F .Turat 34,https://lapiadineria.com/i-nostri-ristoranti-ricerca,
1852,La Piadineria,Veneto,Rovigo,RO,Rovigo,Piadine,EUR 10-20,4.1,626,45.03361670,11.77986830,Shopping Mall,Rovigo - Parco Borsea Rovigo (RO) Viale Porta P 185/1,https://lapiadineria.com/i-nostri-ristoranti-ricerca,
1853,La Piadineria,Lombardia,Milano,MI,Milano,Piadine,EUR 1-10,3.9,193,45.48392060,9.18966650,Transport Hub,Milano - Gae Aulenti Milano (MI) Piazza Gae Aulenti,https://lapiadineria.com/i-nostri-ristoranti-ricerca,
1854,La Piadineria,Lombardia,Monza e della Brianza,MB,Limbiate,Piadine,EUR 1-10,4.1,268,45.60845720,9.13030930,Shopping Mall,Limbiate C.C. Carrefour Limbiate (MB) Via Isonz 5,https://lapiadineria.com/i-nostri-ristoranti-ricerca,
1855,La Piadineria,Lazio,Viterbo,VT,Viterbo,Piadine,EUR 10-20,4.2,268,42.42036990,12.09564440,Highway / Service Area,Viterbo - C.C. Tuscia Viterbo (VT) Tangenziale Ovest,https://lapiadineria.com/i-nostri-ristoranti-ricerca,
1856,La Piadineria,Lombardia,Milano,MI,Milano,Piadine,EUR 1-10,3,173,45.44299410,9.16263090,Commercial Area,Milano - The Sign Milano (MI) Via Ernesto Calindri,https://lapiadineria.com/i-nostri-ristoranti-ricerca,
1857,La Piadineria,Campania,Caserta,CE,Marcianise,Piadine,EUR 10-20,4.6,80,41.00634870,14.32034210,Shopping Mall,La Reggia Designer Outlet Marcianise (CE) S. SS Sannitic 336,https://lapiadineria.com/i-nostri-ristoranti-ricerca,
1858,La Piadineria,Piemonte,Torino,TO,Beinasco,Piadine,EUR 1-10,4.1,331,45.02346300,7.59316530,Shopping Mall,Beinasco - C.C. Le Fornaci Beinasco (TO) Str. Torin 34-36,https://lapiadineria.com/i-nostri-ristoranti-ricerca,
1859,La Piadineria,Lombardia,Brescia,BS,Rovato,Piadine,EUR 10-20,4.2,260,45.56186200,9.98862770,Shopping Mall,Rovato via XXV Aprile Rovato (BS) Via Lucin 1,https://lapiadineria.com/i-nostri-ristoranti-ricerca,
1860,La Piadineria,Lazio,Roma,RM,Roma,Piadine,EUR 10-20,4.2,170,41.84083920,12.62147720,Shopping Mall,Roma C.C. Torvergata Roma (RM) Viale Luigi Schiavonett 426,https://lapiadineria.com/i-nostri-ristoranti-ricerca,
1861,La Piadineria,Piemonte,Torino,TO,Torino,Piadine,EUR 1-10,3.9,147,45.04197370,7.67070340,Transport Hub,Torino Piazza Carducci Torino (TO) Piazza Carducci,https://lapiadineria.com/i-nostri-ristoranti-ricerca,
1862,La Piadineria,Lazio,Roma,RM,Roma,Piadine,EUR 1-10,4.3,325,41.90470710,12.49262420,City Center,Roma via Barberini Roma (RM) Via Barberin 78/80,https://lapiadineria.com/i-nostri-ristoranti-ricerca,
1863,La Piadineria,Lazio,Roma,RM,Roma,Piadine,EUR 1-10,4,243,41.85995070,12.55751480,Residential Area,Roma - Ponzio Comino Roma (RM) Via Ponzio Comini 4 a,https://lapiadineria.com/i-nostri-ristoranti-ricerca,
1864,La Piadineria,Trentino-Alto Adige,Trento,TN,Rovereto,Piadine,EUR 1-10,4.1,181,45.86957030,11.01494940,Shopping Mall,Rovereto - C.C. Millenium Rovereto (TN) Via Del Gard 175,https://lapiadineria.com/i-nostri-ristoranti-ricerca,
1865,La Piadineria,Lombardia,Milano,MI,Milano,Piadine,EUR 1-10,3.7,182,45.43371200,9.24066250,Transport Hub,Milano - Santa Giulia Milano (MI) Via Luigi Russol 6,https://lapiadineria.com/i-nostri-ristoranti-ricerca,
1866,La Piadineria,Lombardia,Como,CO,Appiano Gentile,Piadine,EUR 10-20,3.6,857,45.73509530,8.99020570,Commercial Area,Appiano Gentile Appiano Gentile (CO) Via Salvo D'Acquisto,https://lapiadineria.com/i-nostri-ristoranti-ricerca,
1867,La Piadineria,Piemonte,Torino,TO,Torino,Piadine,EUR 1-10,4.3,647,45.06773040,7.69007770,City Center,Torino - Accademia Albertina Torino (TO) Via Accademia Albertin 1 bis,https://lapiadineria.com/i-nostri-ristoranti-ricerca,
1868,La Piadineria,Lombardia,Monza e della Brianza,MB,Agrate Brianza,Piadine,EUR 10-20,3.9,414,45.56781050,9.36077170,Commercial Area,Agrate Agrate Brianza (MB) Viale Delle Industri 3,https://lapiadineria.com/i-nostri-ristoranti-ricerca,
1869,La Piadineria,Puglia,Bari,BA,Centri Commerc. Baricentro-Auchan,Piadine,EUR 1-10,4.3,522,40.96721560,16.92500910,Shopping Mall,Casamassima - Via Noicattaro Casamassima (BA) Via Noicattar 2,https://lapiadineria.com/i-nostri-ristoranti-ricerca,
1870,La Piadineria,Toscana,Livorno,LI,Livorno,Piadine,EUR 1-10,4.1,231,43.55110590,10.34050580,Shopping Mall,Livorno - Le Fonti del Corallo Livorno (LI) Via Gino Grazian 6,https://lapiadineria.com/i-nostri-ristoranti-ricerca,
1871,La Piadineria,Toscana,Lucca,LU,Lucca,Piadine,EUR 1-10,4.3,421,43.84365630,10.50245100,City Center,Lucca - Via Calderia Lucca (LU) Via Calderi 10,https://lapiadineria.com/i-nostri-ristoranti-ricerca,
1872,La Piadineria,Emilia-Romagna,Modena,MO,Modena,Piadine,EUR 1-10,4.2,624,44.64679460,10.92806500,City Center,Modena - Via Farini Modena (MO) Via Luigi Carlo Farin 32-34,https://lapiadineria.com/i-nostri-ristoranti-ricerca,
1873,La Piadineria,Lombardia,Varese,VA,Varese,Piadine,EUR 10-20,4.2,343,45.82298720,8.83721230,Commercial Area,Varese - Via Belforte Varese (VA) Viale Belfort 5,https://lapiadineria.com/i-nostri-ristoranti-ricerca,
1874,La Piadineria,Emilia-Romagna,Bologna,BO,Castel Maggiore,Piadine,EUR 10-20,3.7,148,44.56822380,11.35753040,Shopping Mall,Le Piazze Castel Maggiore Castel Maggiore (BO) Via Pio La Torr 5/D,https://lapiadineria.com/i-nostri-ristoranti-ricerca,
1875,La Piadineria,Lombardia,Milano,MI,Abbiategrasso,Piadine,EUR 10-20,4.2,476,45.38698640,8.92066340,City Center,Abbiategrasso Abbiategrasso (MI) Via Dante Alighier 63,https://lapiadineria.com/i-nostri-ristoranti-ricerca,
1876,La Piadineria,Lombardia,Varese,VA,Venegono Inferiore,Piadine,EUR 10-20,3.7,375,45.73723830,8.88181800,Shopping Mall,Venegono Venegono Inferiore (VA) Via F. Lli Kenned 34,https://lapiadineria.com/i-nostri-ristoranti-ricerca,
1877,La Piadineria,Lombardia,Como,CO,Como,Piadine,EUR 1-10,3.9,430,45.81124110,9.07883890,City Center,Como Garibaldi Como (CO) Via Giuseppe Garibald 14,https://lapiadineria.com/i-nostri-ristoranti-ricerca,
1878,La Piadineria,Liguria,Genova,GE,Genova,Piadine,EUR 1-10,4,115,44.40921240,8.95444500,Shopping Mall,Genova mercato sardegna Genova (GE) Via Varese,https://lapiadineria.com/i-nostri-ristoranti-ricerca,
1879,La Piadineria,Veneto,Venezia,VE,San Donà di Piave,Piadine,EUR 1-10,3.4,97,45.63968970,12.59735970,Shopping Mall,CC Centro Piave San Dona' Di Piave (VE) Via Ise 1,https://lapiadineria.com/i-nostri-ristoranti-ricerca,
1880,La Piadineria,Lombardia,Milano,MI,Milano,Piadine,EUR 1-10,3.9,142,45.45687130,9.16897420,Commercial Area,Milano via Solari Milano (MI) Via Andrea Solar 1,https://lapiadineria.com/i-nostri-ristoranti-ricerca,
1881,La Piadineria,Piemonte,Torino,TO,Torino,Piadine,EUR 1-10,3.9,208,45.06521890,7.68007880,Transport Hub,Torino - via Amendola Torino (TO) Via Giovanni Amendol 9,https://lapiadineria.com/i-nostri-ristoranti-ricerca,
1882,La Piadineria,Emilia-Romagna,Parma,PR,Parma,Piadine,EUR 1-10,3.9,232,44.79891290,10.34140530,Shopping Mall,Parma - Barilla Center Parma (PR) Largo Fausto Bocch 35 A,https://lapiadineria.com/i-nostri-ristoranti-ricerca,
1883,La Piadineria,Emilia-Romagna,Parma,PR,Parma,Piadine,EUR 1-10,4.3,650,44.80506860,10.31176150,Commercial Area,Parma - Via Gramsci Parma (PR) Via Gramsc 7,https://lapiadineria.com/i-nostri-ristoranti-ricerca,
1884,La Piadineria,Emilia-Romagna,Parma,PR,Parma,Piadine,EUR 1-10,3.9,257,44.80048000,10.32754130,City Center,Parma - Borgo Palmia Parma (PR) Borgo Palmi 3 A,https://lapiadineria.com/i-nostri-ristoranti-ricerca,
1885,La Piadineria,Emilia-Romagna,Piacenza,PC,Piacenza,Piadine,EUR 1-10,4.4,889,45.05024110,9.69599830,City Center,Piacenza - Via Chiapponi Piacenza (PC) Via Chiappon 17,https://lapiadineria.com/i-nostri-ristoranti-ricerca,
1886,La Piadineria,Emilia-Romagna,Piacenza,PC,Piacenza,Piadine,EUR 1-10,4.3,243,45.04506540,9.70963230,Commercial Area,Piacenza - Via Cristoforo Piacenza (PC) Via Cristoforo Colomb 88/a,https://lapiadineria.com/i-nostri-ristoranti-ricerca,
1887,La Piadineria,Emilia-Romagna,Piacenza,PC,Piacenza,Piadine,EUR 1-10,4.4,"1,197",45.03506370,9.68840900,Commercial Area,Piacenza - Via Martiri della Resistenza Piacenza (PC) Via Martiri della Resistenz 17,https://lapiadineria.com/i-nostri-ristoranti-ricerca,
1888,La Piadineria,Emilia-Romagna,Piacenza,PC,Piacenza,Piadine,EUR 1-10,3.8,86,45.02765540,9.73769200,Shopping Mall,Piacenza - Il Gotico Piacenza (PC) Via Emilia Parmens 151,https://lapiadineria.com/i-nostri-ristoranti-ricerca,
1889,La Piadineria,Abruzzo,Teramo,TE,Riomoro,Piadine,EUR 1-10,4.1,49,42.83715800,13.89092140,Shopping Mall,Colonnella Colonnella (TE) Contrada Rio Moro,https://lapiadineria.com/i-nostri-ristoranti-ricerca,
1890,La Piadineria,Abruzzo,Teramo,TE,Teramo,Piadine,EUR 1-10,4.3,102,42.68179700,13.76036560,Shopping Mall,Teramo - Centro Commerciale Gran Sasso Teramo (TE) Località Piano D'Accio Teramo,https://lapiadineria.com/i-nostri-ristoranti-ricerca,
1891,La Piadineria,Lazio,Roma,RM,Roma,Piadine,EUR 1-10,3.5,131,41.81502740,12.41220950,Shopping Mall,Joy Village Roma Roma (RM) Via Salvatore Rebecchin 5C,https://lapiadineria.com/i-nostri-ristoranti-ricerca,
1892,La Piadineria,Lazio,Roma,RM,Roma,Piadine,EUR 1-10,4.4,413,41.89578780,12.49106710,City Center,Roma - Via Boschetto Roma (RM) Via Del Boschett 98,https://lapiadineria.com/i-nostri-ristoranti-ricerca,
1893,La Piadineria,Lombardia,Bergamo,BG,Bergamo,Piadine,EUR 1-10,4.3,545,45.69188960,9.67294390,Transport Hub,Bergamo - Pzza. Papa Giovanni Bergamo (BG) Viale Papa Giovanni XXII 106,https://lapiadineria.com/i-nostri-ristoranti-ricerca,
1894,La Piadineria,Lombardia,Bergamo,BG,Bergamo,Piadine,EUR 1-10,4.2,596,45.69511230,9.68788500,Commercial Area,Bergamo - Borgo Palazzo Bergamo (BG) Via Borgo Palazz 100 G,https://lapiadineria.com/i-nostri-ristoranti-ricerca,
1895,La Piadineria,Lombardia,Bergamo,BG,Sarnico,Piadine,EUR 1-10,4.4,640,45.67052220,9.95621190,Commercial Area,Sarnico Sarnico (BG) Corso Europ 4,https://lapiadineria.com/i-nostri-ristoranti-ricerca,
1896,La Piadineria,Lombardia,Bergamo,BG,Treviglio,Piadine,EUR 1-10,4.6,389,45.51995820,9.59239610,City Center,Treviglio Era Treviglio (BG) Via Giovanni Battista Dell'Er 1 A,https://lapiadineria.com/i-nostri-ristoranti-ricerca,
1897,La Piadineria,Lombardia,Bergamo,BG,Treviglio,Piadine,EUR 1-10,4.5,342,45.51705630,9.58872790,Transport Hub,Treviglio - Via Setti Treviglio (BG) Via Maestro Giulio Sett 7 D,https://lapiadineria.com/i-nostri-ristoranti-ricerca,
1898,La Piadineria,Lombardia,Brescia,BS,Brescia,Piadine,EUR 1-10,4.5,136,45.52623790,10.22366570,Commercial Area,Brescia Via Cremona Brescia (BS) Via Cremon 83,https://lapiadineria.com/i-nostri-ristoranti-ricerca,
1899,La Piadineria,Lombardia,Brescia,BS,Brescia,Piadine,EUR 1-10,4.4,644,45.53183660,10.22220980,City Center,Brescia Via Solferino Brescia (BS) Via Solferin 57 B,https://lapiadineria.com/i-nostri-ristoranti-ricerca,
1900,La Piadineria,Lombardia,Brescia,BS,Brescia,Piadine,EUR 1-10,4.2,304,45.55422700,10.23180770,Transport Hub,Brescia Via S. Rocchino Brescia (BS) Via San Rocchin 195,https://lapiadineria.com/i-nostri-ristoranti-ricerca,
1901,La Piadineria,Lombardia,Brescia,BS,Chiari,Piadine,EUR 1-10,4.3,143,45.53820660,9.92529720,Transport Hub,Chiari Chiari (BS) Via Consorzio Agrari 9,https://lapiadineria.com/i-nostri-ristoranti-ricerca,
1902,La Piadineria,Lombardia,Brescia,BS,Desenzano del Garda,Piadine,EUR 1-10,4,223,45.47057800,10.54064960,City Center,Desenzano - centro storico Desenzano Del Garda (BS) Piazza Ulisse Pap 5,https://lapiadineria.com/i-nostri-ristoranti-ricerca,
1903,La Piadineria,Lombardia,Brescia,BS,Zerbino,Piadine,EUR 1-10,4.5,472,45.48825680,10.15317970,Commercial Area,Flero - Via Quinzano Flero (BS) Via Quinzan 23 A,https://lapiadineria.com/i-nostri-ristoranti-ricerca,
1904,La Piadineria,Lombardia,Brescia,BS,Gardone Val Trompia,Piadine,EUR 1-10,4.4,238,45.68710370,10.18568780,Commercial Area,Gardone Val Trompia Gardone Val Trompia (BS) Via Matteott 272,https://lapiadineria.com/i-nostri-ristoranti-ricerca,
1905,La Piadineria,Lombardia,Brescia,BS,Iseo,Piadine,EUR 1-10,4.5,377,45.65380950,10.04723380,Commercial Area,Iseo Iseo (BS) Via Ninfe 68,https://lapiadineria.com/i-nostri-ristoranti-ricerca,
1906,La Piadineria,Lombardia,Brescia,BS,Lumezzane,Piadine,EUR 1-10,4.2,239,45.64938150,10.25631370,Commercial Area,Lumezzane Lumezzane (BS) Via Monsuell 223,https://lapiadineria.com/i-nostri-ristoranti-ricerca,
1907,La Piadineria,Lombardia,Brescia,BS,Manerbio,Piadine,EUR 1-10,4.5,518,45.34631710,10.13487440,Shopping Mall,Manerbio - Via Cremona Manerbio (BS) Via Cremon 10,https://lapiadineria.com/i-nostri-ristoranti-ricerca,
1908,La Piadineria,Lombardia,Brescia,BS,Montichiari,Piadine,EUR 1-10,4.4,614,45.40926550,10.40629210,Commercial Area,Montichiari - Via Romanino Montichiari (BS) Via Romanin 22,https://lapiadineria.com/i-nostri-ristoranti-ricerca,
1909,La Piadineria,Lombardia,Brescia,BS,Villa Carcina,Piadine,EUR 1-10,4.4,878,45.63459890,10.19488290,Commercial Area,Villa Carcina Villa Carcina (BS) Via Marcon 52,https://lapiadineria.com/i-nostri-ristoranti-ricerca,
1910,La Piadineria,Lombardia,Como,CO,Vertemate Con Minoprio,Piadine,EUR 10-20,3.9,663,45.72313380,9.06956440,Shopping Mall,Vertemate Vertemate Con Minoprio (CO) Via Nazional 3,https://lapiadineria.com/i-nostri-ristoranti-ricerca,
1911,La Piadineria,Lombardia,Cremona,CR,Crema,Piadine,EUR 1-10,4.1,601,45.36308030,9.69167860,City Center,Crema - Piazza Garibaldi Crema (CR) Piazza Garibald 74,https://lapiadineria.com/i-nostri-ristoranti-ricerca,
1912,La Piadineria,Lombardia,Cremona,CR,Crema,Piadine,EUR 1-10,4.3,335,45.36008550,9.68232840,City Center,Crema - Via Crispi Crema (CR) Via Crisp 2,https://lapiadineria.com/i-nostri-ristoranti-ricerca,
1913,La Piadineria,Lombardia,Cremona,CR,Cremona,Piadine,EUR 1-10,4.5,678,45.13288690,10.02631350,City Center,Cremona - Via Platina Cremona (CR) Via Giovanni Maria Platin 20,https://lapiadineria.com/i-nostri-ristoranti-ricerca,
1914,La Piadineria,Lombardia,Cremona,CR,Cremona,Piadine,EUR 1-10,4.5,276,45.14240880,10.01441380,Residential Area,Cremona Via Ghinaglia Cremona (CR) Via Ghinagli 9,https://lapiadineria.com/i-nostri-ristoranti-ricerca,
1915,La Piadineria,Lombardia,Lodi,LO,Lodi,Piadine,EUR 1-10,4.2,321,45.31193650,9.49652770,City Center,Lodi Lodi (LO) Via S. Bassian 19,https://lapiadineria.com/i-nostri-ristoranti-ricerca,
1916,La Piadineria,Lombardia,Monza e della Brianza,MB,Santa Margherita,Piadine,EUR 1-10,3.6,104,45.63416370,9.22403900,Shopping Mall,Lissone Joy Village Lissone (MB) Via Madre Teres 4 / B,https://lapiadineria.com/i-nostri-ristoranti-ricerca,
1917,La Piadineria,Lombardia,Milano,MI,Milano,Piadine,EUR 1-10,4.4,231,45.49470440,9.18612960,Commercial Area,Milano Viale Stelvio Milano (MI) Viale Stelvi 52-54,https://lapiadineria.com/i-nostri-ristoranti-ricerca,
1918,La Piadineria,Lombardia,Monza e della Brianza,MB,Monza,Piadine,EUR 1-10,3.9,276,45.57950070,9.27287800,Transport Hub,Monza Corso Italia Monza (MB) Corso Milan 12 D,https://lapiadineria.com/i-nostri-ristoranti-ricerca,
1919,La Piadineria,Lombardia,Milano,MI,Sesto San Giovanni,Piadine,EUR 10-20,4,299,45.53582830,9.23208390,Transport Hub,Sesto San Giovanni Pzza Sesto San Giovanni (MI) Viale Fratelli Casiragh 42,https://lapiadineria.com/i-nostri-ristoranti-ricerca,
1920,La Piadineria,Lombardia,Milano,MI,Vimodrone,Piadine,EUR 1-10,4.1,392,45.51117650,9.30310450,Shopping Mall,Vimodrone Vimodrone (MI) Via Padania Superior 11,https://lapiadineria.com/i-nostri-ristoranti-ricerca,
1921,La Piadineria,Lombardia,Pavia,PV,Vigevano,Piadine,EUR 1-10,4.5,178,45.32106630,8.85981360,Commercial Area,Vigevano Via Negrone Vigevano (PV) Via Manara Negron 4,https://lapiadineria.com/i-nostri-ristoranti-ricerca,
1922,La Piadineria,Lombardia,Varese,VA,Gallarate,Piadine,EUR 1-10,3.9,308,45.66141520,8.78786780,City Center,Gallarate Gallarate (VA) Via Marsal 2,https://lapiadineria.com/i-nostri-ristoranti-ricerca,
1923,La Piadineria,Lombardia,Varese,VA,Gavirate,Piadine,EUR 1-10,4.2,357,45.83897990,8.70442440,Shopping Mall,Gavirate - Viale Ticino Gavirate (VA) Viale Ticin 82,https://lapiadineria.com/i-nostri-ristoranti-ricerca,
1924,La Piadineria,Lombardia,Varese,VA,Saronno,Piadine,EUR 1-10,3.9,449,45.62842870,9.03531780,Transport Hub,Saronno - Piazza Aviatori Saronno (VA) Via Piazza Aviatori D'Italia,https://lapiadineria.com/i-nostri-ristoranti-ricerca,
1925,La Piadineria,Marche,Ancona,AN,Ancona,Piadine,EUR 1-10,4.3,812,43.61680610,13.51515230,City Center,Ancona - Piazza Stamira Ancona (AN) Piazza Stamir 4,https://lapiadineria.com/i-nostri-ristoranti-ricerca,
1926,La Piadineria,Marche,Ancona,AN,Ancona,Piadine,EUR 10-20,4.3,"1,358",43.55791820,13.50983500,Commercial Area,Ancona Baraccola Ancona (AN) Via 1° Maggi 70,https://lapiadineria.com/i-nostri-ristoranti-ricerca,
1927,La Piadineria,Marche,Ancona,AN,Ancona,Piadine,EUR 10-20,3.6,46,43.55252280,13.51485450,Shopping Mall,Conero Ancona (AN) Via Franco Scataglin 6,https://lapiadineria.com/i-nostri-ristoranti-ricerca,
1928,La Piadineria,Marche,Ascoli Piceno,AP,Ascoli Piceno,Piadine,EUR 1-10,4.7,139,42.84436900,13.62965600,Commercial Area,Ascoli Piceno - Centro Commerciale Battente Ascoli Piceno (AP) Via del Commerci 52,https://lapiadineria.com/i-nostri-ristoranti-ricerca,
1929,La Piadineria,Piemonte,Novara,NO,Borgomanero,Piadine,EUR 10-20,3.9,612,45.71998140,8.48831890,Shopping Mall,Iper Borgomanero Borgomanero (NO) Via Santa Cristinett 119,https://lapiadineria.com/i-nostri-ristoranti-ricerca,
1930,La Piadineria,Piemonte,Torino,TO,Torino,Piadine,EUR 1-10,4.2,685,45.06760580,7.71121490,Commercial Area,Torino - Cso. Casale Torino (TO) Corso Casal 86,https://lapiadineria.com/i-nostri-ristoranti-ricerca,
1931,La Piadineria,Piemonte,Torino,TO,Torino,Piadine,EUR 1-10,4.3,679,45.06055740,7.68585270,Commercial Area,Torino - Cso. Vittorio Emanuele Torino (TO) Corso Vittorio Emanuele I 30,https://lapiadineria.com/i-nostri-ristoranti-ricerca,
1932,La Piadineria,Piemonte,Torino,TO,Torino,Piadine,EUR 1-10,4.2,425,45.07325080,7.66995470,Transport Hub,Torino Via Cernaia Torino (TO) Via Cernai 40 G,https://lapiadineria.com/i-nostri-ristoranti-ricerca,
1933,La Piadineria,Piemonte,Torino,TO,Torino,Piadine,EUR 1-10,4.3,656,45.07416230,7.66308240,Residential Area,Torino Via Acaja Torino (TO) Via Principi D'Acaj 35,https://lapiadineria.com/i-nostri-ristoranti-ricerca,
1934,La Piadineria,Piemonte,Torino,TO,Torino,Piadine,EUR 1-10,4.2,374,45.07231800,7.68051990,City Center,Torino Via Assisi Torino (TO) Via San Francesco D'Assis 2 BIS/D,https://lapiadineria.com/i-nostri-ristoranti-ricerca,
1935,La Piadineria,Sicilia,Palermo,PA,Palermo,Piadine,EUR 1-10,4.2,154,38.09390740,13.40248540,Shopping Mall,Palermo - Centro Commerciale Forum Palermo (PA) Via Filippo Pecorain SNC,https://lapiadineria.com/i-nostri-ristoranti-ricerca,
1936,La Piadineria,Trentino-Alto Adige,Trento,TN,Riva del Garda,Piadine,EUR 1-10,4.4,"1,594",45.88628940,10.84186800,City Center,Riva del Garda Riva Del Garda (TN) Viale Rom 3,https://lapiadineria.com/i-nostri-ristoranti-ricerca,
1937,La Piadineria,Veneto,Verona,VR,Verona,Piadine,EUR 1-10,4.2,595,45.45105430,10.98575990,Commercial Area,Verona - Piazza Stefani Verona (VR) Piazzale Aristide Stefan 10 A,https://lapiadineria.com/i-nostri-ristoranti-ricerca,
1938,La Piadineria,Lombardia,Brescia,BS,Salò,Piadine,EUR 1-10,4.3,752,45.60498550,10.51981340,Commercial Area,Salò - Via Pietro da Salò Salo' (BS) Via Pietro Da Sal 10,https://lapiadineria.com/i-nostri-ristoranti-ricerca,
1939,La Piadineria,Lombardia,Brescia,BS,Bessimo Superiore I,Piadine,EUR 1-10,4.4,310,45.87248700,10.15476300,Shopping Mall,Adamello Darfo (BS) Via Nazional 43,https://lapiadineria.com/i-nostri-ristoranti-ricerca,
1940,La Piadineria,Abruzzo,Chieti,CH,Chieti,Piadine,EUR 10-20,4.2,402,42.34278650,14.12857680,Shopping Mall,Chieti - Centro Commerciale Megalò Chieti (CH) Via Tirino,https://lapiadineria.com/i-nostri-ristoranti-ricerca,
1941,La Piadineria,Lazio,Roma,RM,Lido di Ostia,Piadine,EUR 1-10,4.2,333,41.73044320,12.27796210,Transport Hub,Ostia Lido Ostia (RM) (AG) Via Lucio Coili 8,https://lapiadineria.com/i-nostri-ristoranti-ricerca,
1942,La Piadineria,Campania,Salerno,SA,Pontecagnano Faiano,Piadine,EUR 10-20,4.1,118,40.63486060,14.90355190,Shopping Mall,Pontecagnano Faiano - Via Antonio Pacinotti Pontecagnano (SA) Via Antonio Pacinott snc,https://lapiadineria.com/i-nostri-ristoranti-ricerca,
1943,La Piadineria,Lombardia,Milano,MI,Milano,Piadine,EUR 1-10,3.6,244,45.39249570,9.17603020,Shopping Mall,Fiordaliso Rozzano Rozzano (MI) Via Eugenio Curie 25,https://lapiadineria.com/i-nostri-ristoranti-ricerca,
1944,La Piadineria,Emilia-Romagna,Bologna,BO,Zona Industriale Via del Lavoro,Piadine,EUR 10-20,3.9,276,44.48875670,11.24838920,Shopping Mall,Gran Reno Casalecchio Di Reno (BO) Via Marilyn Monro 2,https://lapiadineria.com/i-nostri-ristoranti-ricerca,
1945,La Piadineria,Lombardia,Monza e della Brianza,MB,Lissone,Piadine,EUR 1-20,3.7,291,45.60284730,9.25132520,Commercial Area,Lissone Lissone (MB) Via Triest 37,https://lapiadineria.com/i-nostri-ristoranti-ricerca,
1946,La Piadineria,Lombardia,Milano,MI,Milano,Piadine,EUR 1-10,3.7,279,45.46618670,9.18574700,City Center,Milano San Prospero Milano (MI) Via S. Prosper 4,https://lapiadineria.com/i-nostri-ristoranti-ricerca,
1947,La Piadineria,Piemonte,Torino,TO,Torino,Piadine,EUR 1-10,4,431,45.09088430,7.67088780,Commercial Area,Torino Corso Mortara Torino (TO) Corso Mortar 46h,https://lapiadineria.com/i-nostri-ristoranti-ricerca,
1948,La Piadineria,Liguria,Genova,GE,Genova,Piadine,EUR 1-10,4.1,98,44.40764260,8.93633600,City Center,Genova XII Ottobre Genova (GE) Largo XII Ottobr 45,https://lapiadineria.com/i-nostri-ristoranti-ricerca,
1949,La Piadineria,Lazio,Latina,LT,Latina,Piadine,EUR 1-10,4.4,197,41.46588900,12.89055550,Shopping Mall,Latinafiori Latina (LT) Viale Pier Luigi Nervi,https://lapiadineria.com/i-nostri-ristoranti-ricerca,
1950,La Piadineria,Veneto,Verona,VR,San Giovanni Lupatoto,Piadine,EUR 10-20,4.1,345,45.39659920,11.02332390,Commercial Area,San Giovanni Lupatoto San Giovanni Lupatoto (VR) Via Cà Nova Zampier 4G,https://lapiadineria.com/i-nostri-ristoranti-ricerca,
1951,La Piadineria,Lombardia,Milano,MI,Milano,Piadine,EUR 10-20,3.1,116,45.40952900,9.15096490,Commercial Area,Assago Business Park - Area Uffici Assago (MI) Via del Bosco Rinnovat 8,https://lapiadineria.com/i-nostri-ristoranti-ricerca,
1952,La Piadineria,Lombardia,Como,CO,Olgiate Comasco,Piadine,EUR 10-20,3.7,303,45.78514250,8.96002490,Shopping Mall,Olgiate Comasco Olgiate Comasco (CO) Via dei Salic 1,https://lapiadineria.com/i-nostri-ristoranti-ricerca,
1953,La Piadineria,Piemonte,Novara,NO,Novara,Piadine,EUR 1-10,4.1,179,45.44784680,8.62222830,City Center,Novara - Corso Cavour Novara (NO) Corso Cavou 6c,https://lapiadineria.com/i-nostri-ristoranti-ricerca,
1954,La Piadineria,Lombardia,Milano,MI,Milano,Piadine,EUR 10-20,3.9,98,45.43794860,9.16717830,Transport Hub,Milano - VIale Famagosta Milano (MI) Viale Famagost 75,https://lapiadineria.com/i-nostri-ristoranti-ricerca,
1955,La Piadineria,Toscana,Firenze,FI,Firenze,Piadine,EUR 1-10,4.2,264,43.80373550,11.24574980,Transport Hub,Firenze Ospedale Careggi Firenze (FI) Largo Giovanni Alessandro Brambill 3,https://lapiadineria.com/i-nostri-ristoranti-ricerca,
1956,La Piadineria,Veneto,Padova,PD,Sant'Agostino,Piadine,EUR 1-10,4.1,140,45.37843630,11.85460040,Shopping Mall,Albignasego C.C. Ipercity Albignasego (PD) Via Giovanni Verg 1,https://lapiadineria.com/i-nostri-ristoranti-ricerca,
1957,La Piadineria,Lombardia,Milano,MI,Buccinasco,Piadine,EUR 10-20,3.7,188,45.41608480,9.11598430,Shopping Mall,Buccinasco Buccinasco (MI) Via della Resistenz 121,https://lapiadineria.com/i-nostri-ristoranti-ricerca,
1958,La Piadineria,Veneto,Vicenza,VI,Bassano del Grappa,Piadine,EUR 10-20,3.9,445,45.75407010,11.74586660,Commercial Area,Bassano Del Grappa Bassano Del Grappa (VI) Via Capitelvecchi 3,https://lapiadineria.com/i-nostri-ristoranti-ricerca,
1959,La Piadineria,Lombardia,Varese,VA,Albizzate,Piadine,EUR 10-20,3.9,540,45.71991630,8.80719300,Shopping Mall,Albizzate Unes Albizzate (VA) Via Alberto da Giussano,https://lapiadineria.com/i-nostri-ristoranti-ricerca,
1960,La Piadineria,Lombardia,Bergamo,BG,Osio Sotto,Piadine,EUR 10-20,4.2,449,45.60558130,9.58692650,Commercial Area,Osio Sotto Osio Sotto (BG) Corso Europa snc,https://lapiadineria.com/i-nostri-ristoranti-ricerca,
1961,La Piadineria,Lombardia,Varese,VA,Uboldo,Piadine,EUR 1-10,4.4,205,45.61344380,8.99936240,Commercial Area,Uboldo Uboldo (VA) Via Iv Novembr 107,https://lapiadineria.com/i-nostri-ristoranti-ricerca,
1962,La Piadineria,Trentino-Alto Adige,Trento,TN,Trento,Piadine,EUR 1-10,4,237,46.06180470,11.11458410,Commercial Area,Trento Le Albere Trento (TN) Viale della Costituzion 5,https://lapiadineria.com/i-nostri-ristoranti-ricerca,
1963,La Piadineria,Friuli-Venezia Giulia,Udine,UD,Udine,Piadine,EUR 10-20,3.7,171,46.06341440,13.23398510,City Center,Udine Piazza Matteotti Udine (UD) Piazza Giacomo Matteott 21,https://lapiadineria.com/i-nostri-ristoranti-ricerca,
1964,La Piadineria,Veneto,Verona,VR,Verona,Piadine,EUR 1-10,3.9,183,45.43376790,10.98887740,Commercial Area,Verona Corso Porta Nuova Verona (VR) Corso Porta Nuov 56,https://lapiadineria.com/i-nostri-ristoranti-ricerca,
1965,La Piadineria,Sardegna,Cagliari,CA,Cagliari,Piadine,EUR 1-10,4.3,148,39.23216730,9.09157960,Shopping Mall,I Fenicotteri Cagliari (CA) Via S. Simon 60,https://lapiadineria.com/i-nostri-ristoranti-ricerca,
1966,La Piadineria,Lombardia,Milano,MI,Milano,Piadine,EUR 10-20,3.7,112,45.45975580,9.20686350,Commercial Area,Milano Via Montenero Milano (MI) Via Fratelli Camp 2,https://lapiadineria.com/i-nostri-ristoranti-ricerca,
1967,La Piadineria,Lombardia,Milano,MI,Milano,Piadine,EUR 1-10,3.6,115,45.44280660,9.20385940,Commercial Area,Symbiosis Milano (MI) Piazza Adriano Olivett 1,https://lapiadineria.com/i-nostri-ristoranti-ricerca,
1968,La Piadineria,Toscana,Pisa,PI,Area Produttiva,Piadine,EUR 10-20,4.1,327,43.66710060,10.61642070,Commercial Area,Pontedera Pontedera (PI) Via dell'Olmo snc,https://lapiadineria.com/i-nostri-ristoranti-ricerca,
1969,La Piadineria,Piemonte,Novara,NO,Dormelletto,Piadine,EUR 10-20,3.9,99,45.74142260,8.56794730,Commercial Area,Dormelletto Dormelletto (NO) Corso Cavou 50,https://lapiadineria.com/i-nostri-ristoranti-ricerca,
1970,La Piadineria,Lombardia,Lecco,LC,Civate,Piadine,EUR 10-20,4.4,59,45.83660610,9.34832350,Shopping Mall,Civate Iperal Civate (LC) Via Papa Giovanni XXII 15,https://lapiadineria.com/i-nostri-ristoranti-ricerca,
1971,La Piadineria,Piemonte,Biella,BI,Quaregna,Piadine,EUR 10-20,4.4,201,45.56458020,8.15277440,Commercial Area,Cerreto Castello Quaregna (BI) Via Quintino Sell 28,https://lapiadineria.com/i-nostri-ristoranti-ricerca,
1972,La Piadineria,Lombardia,Monza e della Brianza,MB,Meda,Piadine,EUR 10-20,4,338,45.65878000,9.15845440,Commercial Area,Meda Meda (MB) Via L. Cadorn 47,https://lapiadineria.com/i-nostri-ristoranti-ricerca,
1973,La Piadineria,Lombardia,Monza e della Brianza,MB,Bovisio Masciago,Piadine,EUR 10-20,3.9,434,45.61366980,9.16256070,Commercial Area,Bovisio Masciago Bovisio Masciago (MB) Via Desi 53,https://lapiadineria.com/i-nostri-ristoranti-ricerca,
1974,La Piadineria,Emilia-Romagna,Modena,MO,Sicem,Piadine,EUR 10-20,4.1,160,44.72418820,10.90316200,Shopping Mall,Le Gallerie Soliera Soliera (MO) Via Modena - Carp 290,https://lapiadineria.com/i-nostri-ristoranti-ricerca,
1975,La Piadineria,Veneto,Treviso,TV,Treviso,Piadine,EUR 10-20,3.7,366,45.68044650,12.24031570,Commercial Area,Treviso Via della Repubblica Treviso (TV) Viale della Repubblic 195,https://lapiadineria.com/i-nostri-ristoranti-ricerca,
1976,La Piadineria,Veneto,Verona,VR,Peschiera del Garda,Piadine,EUR 10-20,4.2,474,45.43304610,10.70992320,Shopping Mall,Peschiera del Garda Peschiera Del Garda (VR) Via Tangenzial 3,https://lapiadineria.com/i-nostri-ristoranti-ricerca,
1977,La Piadineria,Sardegna,Cagliari,CA,Cagliari,Piadine,EUR 10-20,4,209,39.21644650,9.11893530,City Center,Cagliari - Via Garibaldi 93/95 Cagliari (CA) Via Garibald 93/95,https://lapiadineria.com/i-nostri-ristoranti-ricerca,
1978,La Piadineria,Piemonte,Torino,TO,Torino,Piadine,EUR 1-10,3.8,245,45.11861480,7.71703340,Shopping Mall,Torino To Dream Torino (TO) Corso Romania,https://lapiadineria.com/i-nostri-ristoranti-ricerca,
1979,La Piadineria,Sicilia,Catania,CT,Catania,Piadine,EUR 10-20,4.6,290,37.47772200,15.00946240,Shopping Mall,Catania - Centro Sicilia Misterbianco (CT) SP 54,https://lapiadineria.com/i-nostri-ristoranti-ricerca,
1980,La Piadineria,Toscana,Lucca,LU,Lucca,Piadine,EUR 10-20,4.2,332,43.83943140,10.49504340,Commercial Area,LUCCA - Europa Lucca (LU) Viale Europ 7,https://lapiadineria.com/i-nostri-ristoranti-ricerca,
1981,La Piadineria,Piemonte,Torino,TO,Torino,Piadine,EUR 1-10,3.8,498,45.06167040,7.64125070,Residential Area,Torino - Via Caraglio Torino (TO) Via Caragli 84,https://lapiadineria.com/i-nostri-ristoranti-ricerca,
1982,La Piadineria,Lazio,Roma,RM,Roma,Piadine,EUR 1-10,4.2,78,41.91227390,12.52058700,Transport Hub,Roma - Provincie Roma (RM) Viale delle Provinci 16,https://lapiadineria.com/i-nostri-ristoranti-ricerca,
1983,La Piadineria,Lombardia,Milano,MI,Milano,Piadine,EUR 1-10,4.1,140,45.46300120,9.19875570,City Center,Milano - Sforza Milano (MI) Via Francesco Sforz 1,https://lapiadineria.com/i-nostri-ristoranti-ricerca,
1984,La Piadineria,Lazio,Roma,RM,Roma,Piadine,EUR 10-20,4.1,126,41.90886370,12.54157010,Commercial Area,Roma - via Tiburtina Roma (RM) Via Tiburtin 531,https://lapiadineria.com/i-nostri-ristoranti-ricerca,
1985,La Piadineria,Lazio,Roma,RM,Rocca di Papa,Piadine,EUR 1-10,4.7,70,41.75908240,12.70701280,City Center,Pomezia - via Roma Pomezia (RM) Via Rom 73,https://lapiadineria.com/i-nostri-ristoranti-ricerca,
1986,La Piadineria,Abruzzo,Chieti,CH,Zona Industriale Val Pescara,Piadine,EUR 1-20,4.2,66,42.41541810,14.16846890,Shopping Mall,Centro d'Abruzzo San Giovanni Teatino (CH) Via Po,https://lapiadineria.com/i-nostri-ristoranti-ricerca,
1987,La Piadineria,Lombardia,Milano,MI,Milano,Piadine,EUR 1-10,4,105,45.45085460,9.20485480,Transport Hub,Milano - Corso Lodi Milano (MI) Corso Lod 11,https://lapiadineria.com/i-nostri-ristoranti-ricerca,
1988,La Piadineria,Lombardia,Milano,MI,Milano,Piadine,EUR 1-10,3.5,110,45.46025940,9.18131770,City Center,Milano - Largo Carrobbio Milano (MI) Largo Carrobbio 1,https://lapiadineria.com/i-nostri-ristoranti-ricerca,
1989,La Piadineria,Lazio,Frosinone,FR,Le Lame-area Industriale,Piadine,EUR 1-10,4.3,62,41.62028310,13.28465050,Shopping Mall,Frosinone - Le Sorgenti Frosinone (FR) Via Armando Von 20,https://lapiadineria.com/i-nostri-ristoranti-ricerca,
1990,La Piadineria,Lombardia,Brescia,BS,Castegnato,Piadine,EUR 10-20,3.8,249,45.55273380,10.11622920,Commercial Area,Castegnato Castegnato (BS) Via Rita Levi Montalcin 99,https://lapiadineria.com/i-nostri-ristoranti-ricerca,
1991,La Piadineria,Lazio,Roma,RM,Pomezia,Piadine,EUR 10-20,4.4,200,41.67298550,12.49663680,Shopping Mall,Pomezia - via del Mare Pomezia (RM) Via del Mar 65,https://lapiadineria.com/i-nostri-ristoranti-ricerca,
1992,La Piadineria,Lazio,Frosinone,FR,Frosinone,Piadine,EUR 10-20,4.1,152,41.64467680,13.34753740,Commercial Area,Frosinone - Via Aldo Moro Frosinone (FR) Via Aldo Mor 131,https://lapiadineria.com/i-nostri-ristoranti-ricerca,
1993,La Piadineria,Lombardia,Varese,VA,Somma Lombardo,Piadine,EUR 10-20,3.3,155,45.67891660,8.72455460,Shopping Mall,Somma Lombardo Somma Lombardo (VA) Via del Ben 1,https://lapiadineria.com/i-nostri-ristoranti-ricerca,
1994,La Piadineria,Liguria,Imperia,IM,Ventimiglia,Piadine,EUR 10-20,4.1,36,43.79134260,7.61023910,City Center,Ventimiglia - Via Hanbury Ventimiglia (IM) Via Sir Thomas Hanbur 2A,https://lapiadineria.com/i-nostri-ristoranti-ricerca,
1995,La Piadineria,Lombardia,Varese,VA,Tradate,Piadine,EUR 10-20,3.6,184,45.70331940,8.90515800,Commercial Area,Tradate - Via Europa Tradate (VA) Via Europ 4/a,https://lapiadineria.com/i-nostri-ristoranti-ricerca,
1996,La Piadineria,Lombardia,Milano,MI,Milano,Piadine,EUR 10-20,3.5,71,45.44334580,9.17859660,Commercial Area,Milano Tibaldi Milano (MI) Viale Tibald 20,https://lapiadineria.com/i-nostri-ristoranti-ricerca,
1997,La Piadineria,Lombardia,Brescia,BS,Castel Mella,Piadine,EUR 10-20,4,153,45.51545550,10.13721350,Shopping Mall,Castel Mella Castelmella (BS) Via Renold 1,https://lapiadineria.com/i-nostri-ristoranti-ricerca,
1998,La Piadineria,Piemonte,Novara,NO,Romagnano Sesia,Piadine,EUR 10-20,4,331,45.62166340,8.39983070,Shopping Mall,Romagnano Sesia - Via Novara Romagnano Sesia (NO) Via Novara 292,https://lapiadineria.com/i-nostri-ristoranti-ricerca,
1999,La Piadineria,Lazio,Roma,RM,Roma,Piadine,EUR 1-10,4.2,80,41.83780790,12.59441090,Shopping Mall,Anagnina Shopping Center Roma (RM) Via Torre di Mezzavi 35,https://lapiadineria.com/i-nostri-ristoranti-ricerca,
2000,La Piadineria,Lazio,Roma,RM,Roma,Piadine,EUR 1-20,4,137,41.81694400,12.45964760,Shopping Mall,Roma C.C. Euroma - fronte Ipercoop Roma (RM) Viale dell'Oceano Pacifico,https://lapiadineria.com/i-nostri-ristoranti-ricerca,
2001,La Piadineria,Toscana,Firenze,FI,Centro,Piadine,EUR 10-20,4,97,43.71368980,10.92350500,Shopping Mall,Coop Empoli Empoli (FI) Via Raffaello Sanzi 199,https://lapiadineria.com/i-nostri-ristoranti-ricerca,
2002,La Piadineria,Lazio,Roma,RM,Roma,Piadine,EUR 10-20,4.1,125,41.86751110,12.49415760,Commercial Area,Roma Ostiense Roma (RM) Circonvallazione Ostiens 345,https://lapiadineria.com/i-nostri-ristoranti-ricerca,
2003,La Piadineria,Toscana,Livorno,LI,Livorno,Piadine,EUR 10-20,4.3,130,43.54420420,10.30229640,Shopping Mall,Livorno - Porta a Mare Livorno (LI) Via Gaetano D'Alesi 2,https://lapiadineria.com/i-nostri-ristoranti-ricerca,
2004,La Piadineria,Lazio,Roma,RM,Roma,Piadine,EUR 10-20,4.3,134,41.97047080,12.43471830,Commercial Area,Roma Cassia Roma (RM) Via Cassi 905,https://lapiadineria.com/i-nostri-ristoranti-ricerca,
2005,La Piadineria,Lombardia,Milano,MI,Milano,Piadine,EUR 10-20,3.4,84,45.45098650,9.18010670,Commercial Area,Milano San Gottardo Milano (MI) Corso S. Gottard 7,https://lapiadineria.com/i-nostri-ristoranti-ricerca,
2006,La Piadineria,Lombardia,Monza e della Brianza,MB,Monza,Piadine,EUR 1-10,4.3,309,45.58408810,9.27711990,City Center,Monza Corso Emanuele Monza (MB) Via Vittorio Emanuele I 16,https://lapiadineria.com/i-nostri-ristoranti-ricerca,
2007,La Piadineria,Sicilia,Catania,CT,Belpasso,Piadine,EUR 1-10,4.6,171,37.54400460,14.95265320,Shopping Mall,Etnapolis Belpasso Belpasso (CT) Località Valcorrent 23,https://lapiadineria.com/i-nostri-ristoranti-ricerca,
2008,La Piadineria,Lombardia,Brescia,BS,Desenzano del Garda,Piadine,EUR 10-20,4.2,59,45.46389540,10.52698480,Shopping Mall,Desenzano Le vele Desenzano Del Garda (BS) Via G. Marcon 1,https://lapiadineria.com/i-nostri-ristoranti-ricerca,
2009,La Piadineria,Lombardia,Monza e della Brianza,MB,Varedo,Piadine,EUR 10-20,4,148,45.59564690,9.17505730,Commercial Area,Varedo Varedo (MB) Via Genov 1,https://lapiadineria.com/i-nostri-ristoranti-ricerca,
2010,La Piadineria,Lombardia,Mantova,MN,Curtatone,Piadine,EUR 10-20,3.9,93,45.15359950,10.72510130,Shopping Mall,Curtatone Centro Commerciale Quattroventi Curtatone (MN) Strada Statale 10,https://lapiadineria.com/i-nostri-ristoranti-ricerca,
2011,La Piadineria,Veneto,Verona,VR,Verona,Piadine,EUR 1-10,4.6,344,45.43498480,10.98440020,City Center,Verona P.zza Santo Spirito Verona (VR) Piazza Santo Spirit 4,https://lapiadineria.com/i-nostri-ristoranti-ricerca,
2012,La Piadineria,Lombardia,Milano,MI,Cinisello Balsamo,Piadine,EUR 10-20,4.2,54,45.56131680,9.22821590,Shopping Mall,Centro Commerciale La Fontana Cinisello Balsamo (MI) Via E. de Amici 2,https://lapiadineria.com/i-nostri-ristoranti-ricerca,
2013,La Piadineria,Sardegna,Sassari,SS,Sassari,Piadine,EUR 10-20,4.1,138,40.73718580,8.53677600,Shopping Mall,Porte di sassari Sassari (SS) Viale Porto Torres,https://lapiadineria.com/i-nostri-ristoranti-ricerca,
2014,La Piadineria,Lombardia,Milano,MI,Milano,Piadine,EUR 10-20,3,115,45.51371160,9.10006530,Shopping Mall,Centro Commerciale Merlata Bloom Milano (MI) Via Triboniano,https://lapiadineria.com/i-nostri-ristoranti-ricerca,
2016,La Piadineria,Lombardia,Bergamo,BG,Madone,Piadine,EUR 1-10,4.6,116,45.65550520,9.55385110,Shopping Mall,Madone Madone (BG) Via Papa giovanni XXII 1,https://lapiadineria.com/i-nostri-ristoranti-ricerca,
2017,La Piadineria,Sardegna,Cagliari,CA,Sestu,Piadine,EUR 10-20,4.4,129,39.30377830,9.06527020,Shopping Mall,La Corte del Sole Sestu (CA) SS 131 ex,https://lapiadineria.com/i-nostri-ristoranti-ricerca,
2018,La Piadineria,Piemonte,Torino,TO,Collegno,Piadine,EUR 10-20,3.7,239,45.07582700,7.59402110,Shopping Mall,Collegno - De Amicis Collegno (TO) Via De Amicis 70,https://lapiadineria.com/i-nostri-ristoranti-ricerca,
2019,La Piadineria,Lombardia,Bergamo,BG,Seriate,Piadine,EUR 1-10,4.7,67,45.67946860,9.74524840,Shopping Mall,Seriate Centro Commerciale Alle Valli Seriate (BG) Via Brusaport 41,https://lapiadineria.com/i-nostri-ristoranti-ricerca,
2020,La Piadineria,Puglia,Bari,BA,Triggiano,Piadine,EUR 10-20,4.5,90,41.08342740,16.94668480,Shopping Mall,BariBlu Triggiano (BA) Contrada Giannavello,https://lapiadineria.com/i-nostri-ristoranti-ricerca,
2021,La Piadineria,Liguria,Genova,GE,Genova,Piadine,EUR 1-10,3.9,59,44.40636550,8.93397370,City Center,Genova - Petrarca Genova (GE) Via Petrarca 10R 12 R,https://lapiadineria.com/i-nostri-ristoranti-ricerca,
2022,La Piadineria,Veneto,Padova,PD,Cittadella,Piadine,EUR 10-20,3.7,191,45.64315620,11.77272260,Commercial Area,Cittadella Cittadella (PD) Via Antonio Pigafett 12 D,https://lapiadineria.com/i-nostri-ristoranti-ricerca,
2023,La Piadineria,Piemonte,Torino,TO,Moncalieri,Piadine,EUR 1-10,3.8,124,44.97672850,7.70683220,Shopping Mall,Moncalieri Centro Commerciale 45 Nord Moncalieri (TO) Via Fortunato Postiglion 1,https://lapiadineria.com/i-nostri-ristoranti-ricerca,
2024,La Piadineria,Lombardia,Brescia,BS,Brescia,Piadine,EUR 1-10,4.2,388,45.55709830,10.21875270,Commercial Area,Brescia - Via Gamba Brescia (BS) Via Gamba Faust 20,https://lapiadineria.com/i-nostri-ristoranti-ricerca,
2025,La Piadineria,Lombardia,Milano,MI,Milano,Piadine,EUR 10-20,3.7,146,45.51435940,9.22493160,Transport Hub,MIlano - Viale Monza Milano (MI) Viale Monz 285,https://lapiadineria.com/i-nostri-ristoranti-ricerca,
2026,La Piadineria,Veneto,Treviso,TV,Treviso,Piadine,EUR 10-20,3.9,117,45.66296120,12.24436110,City Center,Treviso - Viale Cadorna Treviso (TV) Viale Cadorn 3,https://lapiadineria.com/i-nostri-ristoranti-ricerca,
2027,La Piadineria,Lombardia,Milano,MI,San Giuliano Milanese,Piadine,EUR 1-10,3.4,102,45.38869460,9.25851240,Shopping Mall,San Giuliano Factory Outlet San Giuliano Milanese (MI) Via P 12,https://lapiadineria.com/i-nostri-ristoranti-ricerca,
2028,La Piadineria,Lombardia,Cremona,CR,Gadesco-Pieve Delmona,Piadine,EUR 1-10,3.9,59,45.15364820,10.09867080,Shopping Mall,Cremona - Centro Commerciale Cremona Due Gadesco Pieve Delmona (CR) Via E. Berlingue 39,https://lapiadineria.com/i-nostri-ristoranti-ricerca,
2029,La Piadineria,Lazio,Roma,RM,Roma,Piadine,EUR 10-20,4.5,161,41.82586410,12.47620420,Commercial Area,Roma Aeronautica Roma (RM) Via Aeronautic 38/40,https://lapiadineria.com/i-nostri-ristoranti-ricerca,
2030,La Piadineria,Lombardia,Milano,MI,Vignate,Piadine,EUR 1-10,3.8,64,45.50339980,9.36904630,Shopping Mall,CC Vignate Vignate (MI) Via Nuova Cassanes 10,https://lapiadineria.com/i-nostri-ristoranti-ricerca,
2031,La Piadineria,Piemonte,Vercelli,VC,Vercelli,Piadine,EUR 10-20,3.8,94,45.32299770,8.39229630,Commercial Area,Vercelli Vercelli (VC) Via Tangenziale Oves snc,https://lapiadineria.com/i-nostri-ristoranti-ricerca,
2032,La Piadineria,Piemonte,Biella,BI,Biella,Piadine,EUR 10-20,3.8,94,45.56533550,8.05566010,City Center,Biella - C.so Italia Biella (BI) Via Italia 20,https://lapiadineria.com/i-nostri-ristoranti-ricerca,
2033,La Piadineria,Lazio,Roma,RM,Roma,Piadine,EUR 1-10,4.6,51,41.84924460,12.60655630,Shopping Mall,Roma Centro Commerciale Domus Roma (RM) Via V. Ragus 120,https://lapiadineria.com/i-nostri-ristoranti-ricerca,
2034,La Piadineria,Piemonte,Verbano-Cusio-Ossola,VB,Area Produttiva Stazione Fs,Piadine,EUR 10-20,3.9,90,45.94027780,8.46584330,Commercial Area,Verbania Verbania (VB) Via 42 Martir 189,https://lapiadineria.com/i-nostri-ristoranti-ricerca,
2035,La Piadineria,Lazio,Roma,RM,Bracciano,Piadine,EUR 10-20,4.5,95,42.09608590,12.15372580,Shopping Mall,Bracciano Bracciano (RM) Via Sandro Pertin 1,https://lapiadineria.com/i-nostri-ristoranti-ricerca,
2036,La Piadineria,Lazio,Roma,RM,Roma,Piadine,EUR 1-10,4.1,60,41.90882360,12.47075050,Commercial Area,Roma - P.zza Libertà Roma (RM) P.zza Libert 12,https://lapiadineria.com/i-nostri-ristoranti-ricerca,
2037,La Piadineria,Lazio,Roma,RM,Roma,Piadine,EUR 1-20,3.8,68,41.88158630,12.56647240,Commercial Area,Roma - P.zza Dei Mirti Roma (RM) Piazza dei Mirt 12-13,https://lapiadineria.com/i-nostri-ristoranti-ricerca,
2038,La Piadineria,Lazio,Roma,RM,Roma,Piadine,EUR 1-20,3.3,25,41.93352240,12.51255490,Residential Area,Roma P.zza Vescovio Roma (RM) P.zza Vescovio,https://lapiadineria.com/i-nostri-ristoranti-ricerca,
2039,La Piadineria,Calabria,Cosenza,CS,Roges,Piadine,EUR 1-10,4.1,66,39.32818840,16.24267240,Shopping Mall,Metropolis Cosenza Rende (CS) Via Kenned 4,https://lapiadineria.com/i-nostri-ristoranti-ricerca,
2040,La Piadineria,Lombardia,Milano,MI,Turbigo,Piadine,EUR 10-20,4.2,99,45.53419680,8.73234620,Commercial Area,Turbigo Turbigo (MI) Via Milano snc,https://lapiadineria.com/i-nostri-ristoranti-ricerca,
2041,La Piadineria,Toscana,Firenze,FI,N/D,Piadine,EUR 10-20,4.1,120,43.82208420,11.20792080,Shopping Mall,Sesto Fiorentino - Centro Commerciale Sesto Sesto Fiorentino (FI) Via Petrosa 19,https://lapiadineria.com/i-nostri-ristoranti-ricerca,
2042,La Piadineria,Lazio,Roma,RM,Roma,Piadine,EUR 10-20,4.4,143,41.85128440,12.49346050,Commercial Area,Roma Mantegna Roma (RM) Via Mantegna 2/4,https://lapiadineria.com/i-nostri-ristoranti-ricerca,
2043,La Piadineria,Piemonte,Asti,AT,Asti,Piadine,EUR 10-20,4.2,53,44.89949470,8.20428190,City Center,Asti San Secondo Asti (AT) Via Pietro Gobett 23,https://lapiadineria.com/i-nostri-ristoranti-ricerca,
2044,La Piadineria,Lombardia,Pavia,PV,Pavia,Piadine,EUR 1-10,3.8,91,45.18717060,9.14811740,City Center,Pavia Corso Cavour Pavia (PV) Corso Cavour 42,https://lapiadineria.com/i-nostri-ristoranti-ricerca,
2045,La Piadineria,Piemonte,Alessandria,AL,Alessandria,Piadine,EUR 10-20,3.8,47,44.91376370,8.61403370,Shopping Mall,ALESSANDRIA - P.TTA LEGA Alessandria (AL) p.zzetta Lega Lombard 2,https://lapiadineria.com/i-nostri-ristoranti-ricerca,
2046,La Piadineria,Emilia-Romagna,Modena,MO,Modena,Piadine,EUR 1-10,4.3,54,44.64466010,10.95623140,Shopping Mall,Modena - Centro Commerciale I Portali Modena (MO) Viale dello Spor 50,https://lapiadineria.com/i-nostri-ristoranti-ricerca,
2047,La Piadineria,Lombardia,Milano,MI,Grezzago,Piadine,EUR 10-20,4.4,97,45.58871410,9.50042280,Commercial Area,Grezzago Grezzago (MI) Via Lazio snc,https://lapiadineria.com/i-nostri-ristoranti-ricerca,
2048,La Piadineria,Lombardia,Milano,MI,Cernusco sul Naviglio,Piadine,EUR 1-10,3.7,109,45.51516900,9.32891430,Commercial Area,Cernusco sul naviglio Cernusco Sul Naviglio (MI) Str. Padana Superior 19D,https://lapiadineria.com/i-nostri-ristoranti-ricerca,
2049,La Piadineria,Lazio,Latina,LT,Mamurrano,Piadine,EUR 10-20,4.4,47,41.26789860,13.66338260,Shopping Mall,Formia - Centro Commerciale Itaca Formia (LT) Via Mamurrano,https://lapiadineria.com/i-nostri-ristoranti-ricerca,
2050,La Piadineria,Lombardia,Como,CO,Lucino,Piadine,EUR 10-20,4.5,67,45.78644760,9.04754350,Shopping Mall,Centro Commerciale La Porta D'Europa Montano Lucino (CO) Via Enzo Ratt 2,https://lapiadineria.com/i-nostri-ristoranti-ricerca,
2051,La Piadineria,Lazio,Roma,RM,Roma,Piadine,EUR 10-20,4.2,50,41.83692670,12.50363370,Shopping Mall,Centro Commerciale I Granai Roma (RM) Via M. Rigamont 100,https://lapiadineria.com/i-nostri-ristoranti-ricerca,
2052,La Piadineria,Lazio,Roma,RM,Fiumicino,Piadine,EUR 10-20,4.2,72,41.79807460,12.29841320,Shopping Mall,Centro Commerciale The Wow Fiumicino (RM) Viale Donato Bramant 31/65,https://lapiadineria.com/i-nostri-ristoranti-ricerca,
2053,La Piadineria,Veneto,Vicenza,VI,Creazzo,Piadine,EUR 10-20,4,205,45.52258320,11.48380910,Commercial Area,Altavilla Vicentina Creazzo (VI) Via Pigafett 1,https://lapiadineria.com/i-nostri-ristoranti-ricerca,
2054,La Piadineria,Umbria,Terni,TR,Terni,Piadine,EUR 10-20,4.2,113,42.56355580,12.64750490,City Center,Terni - Largo di Villa Glori Terni (TR) Largo di Villa Glori 5/7,https://lapiadineria.com/i-nostri-ristoranti-ricerca,
2055,La Piadineria,Sicilia,Agrigento,AG,Agrigento,Piadine,EUR 1-10,4.2,76,37.29577330,13.54785080,Shopping Mall,Agrigento - Centro Commerciale Citta dei Templi Agrigento (AG) Via Fosse Ardeatine,https://lapiadineria.com/i-nostri-ristoranti-ricerca,
2056,La Piadineria,Lombardia,Milano,MI,Novate Milanese,Piadine,EUR 1-10,4.4,94,45.53793450,9.13117030,Commercial Area,Novate Milanese - Via Stelvio Novate Milanese (MI) Via Stelvi 7,https://lapiadineria.com/i-nostri-ristoranti-ricerca,
2057,La Piadineria,Lombardia,Varese,VA,Samarate,Piadine,EUR 10-20,4,61,45.63506120,8.78847310,Commercial Area,SAMARATE Samarate (VA) Via Nino Locarno 1/B,https://lapiadineria.com/i-nostri-ristoranti-ricerca,
2058,La Piadineria,Lombardia,Varese,VA,Cislago,Piadine,EUR 10-20,4.3,76,45.65716770,8.97895280,Commercial Area,Cislago Cislago (VA) Viale Cesare Battisti 1428,https://lapiadineria.com/i-nostri-ristoranti-ricerca,
2059,La Piadineria,Puglia,Brindisi,BR,Brindisi,Piadine,EUR 10-20,4.6,111,40.61887820,17.90328750,Shopping Mall,CC Colonne Brindisi (BR) Via S.S Appia Km 712,https://lapiadineria.com/i-nostri-ristoranti-ricerca,
2060,La Piadineria,Veneto,Treviso,TV,Conegliano,Piadine,EUR 10-20,3.7,232,45.87201960,12.28005020,Commercial Area,Conegliano Veneto - Viale Venezia Conegliano (TV) Viale Venezia 85,https://lapiadineria.com/i-nostri-ristoranti-ricerca,
2061,La Piadineria,Toscana,Firenze,FI,Calenzano,Piadine,EUR 10-20,4.1,71,43.84813770,11.17095520,Shopping Mall,Calenzano - Centro Commerciale Le Palme Blu Calenzano (FI) Via Vittorio Emanuele 14/16,https://lapiadineria.com/i-nostri-ristoranti-ricerca,
2062,La Piadineria,Toscana,Grosseto,GR,Grosseto,Piadine,EUR 10-20,4.4,42,42.74318940,11.10719550,Shopping Mall,CC AURELIA ANTICA Grosseto (GR) Via Aurelia Antic 46,https://lapiadineria.com/i-nostri-ristoranti-ricerca,
2063,La Piadineria,Valle d'Aosta,Aosta,AO,Villair-Amerique,Piadine,EUR 10-20,4,111,45.74104700,7.37785750,Shopping Mall,Aosta Road Quart (AO) Località Amerique 11,https://lapiadineria.com/i-nostri-ristoranti-ricerca,
2064,La Piadineria,Emilia-Romagna,Parma,PR,Fidenza,Piadine,EUR 10-20,3.6,156,44.85963620,10.08414220,Commercial Area,Fidenza Fidenza (PR) via XXIV Maggi 52,https://lapiadineria.com/i-nostri-ristoranti-ricerca,
2065,La Piadineria,Veneto,Vicenza,VI,Montecchio Maggiore,Piadine,EUR 1-10,3.9,121,45.49606150,11.43188430,Commercial Area,Montecchio Montecchio Maggiore (VI) Via Trieste 11,https://lapiadineria.com/i-nostri-ristoranti-ricerca,
2066,La Piadineria,Lombardia,Varese,VA,Olgiate Olona,Piadine,EUR 10-20,4.2,78,45.61865520,8.87295600,Commercial Area,Olgiate Olona Olgiate Olona (VA) Via Mantova 1,https://lapiadineria.com/i-nostri-ristoranti-ricerca,
2067,La Piadineria,Toscana,Firenze,FI,Firenze,Piadine,EUR 10-20,4,107,43.77118470,11.27127110,Commercial Area,Firenze - Piazza Beccaria Firenze (FI) Piazza Beccari 18r,https://lapiadineria.com/i-nostri-ristoranti-ricerca,
2068,La Piadineria,Campania,Napoli,NA,Torre Annunziata,Piadine,EUR 10-20,4.2,60,40.75427920,14.46960050,Shopping Mall,Torre Annunziata - Maximall Pompeii Torre Annunziata (NA) Via Plinio,https://lapiadineria.com/i-nostri-ristoranti-ricerca,
2069,La Piadineria,Lombardia,Bergamo,BG,Bergamo,Piadine,EUR 10-20,4.3,117,45.69375950,9.66406180,City Center,Bergamo - Via Sant'Alessandro Bergamo (BG) Via Sant'Alessandro 6,https://lapiadineria.com/i-nostri-ristoranti-ricerca,
2070,La Piadineria,Toscana,Siena,SI,Siena,Piadine,EUR 10-20,4.3,81,43.30549780,11.31861680,Commercial Area,Siena - Strada Massetana Siena (SI) Strada Massettana Roman 20,https://lapiadineria.com/i-nostri-ristoranti-ricerca,
2071,La Piadineria,Emilia-Romagna,Reggio Emilia,RE,Reggio Emilia,Piadine,EUR 10-20,4,109,44.71151290,10.61817620,Commercial Area,Reggio Emilia - Via Copernico Reggio Emilia (RE) Via Copernico 26/C,https://lapiadineria.com/i-nostri-ristoranti-ricerca,
2072,La Piadineria,Marche,Macerata,MC,Civitanova Marche,Piadine,EUR 10-20,4.4,162,43.29336320,13.70104400,Shopping Mall,Civitanova Marche - Centro Commerciale Cuore Adriatico Civitanova Marche (MC) Via S. Costantin,https://lapiadineria.com/i-nostri-ristoranti-ricerca,
2073,La Piadineria,Veneto,Vicenza,VI,Schio,Piadine,NaN,3.9,103,45.72029260,11.39918980,Commercial Area,Schio - Viale dell'Industria Schio (VI) Viale dell'Industria angol Via Molis 5b,https://lapiadineria.com/i-nostri-ristoranti-ricerca,
2074,La Piadineria,Veneto,Rovigo,RO,Rovigo,Piadine,EUR 10-20,3.6,48,45.06976070,11.79063330,Shopping Mall,Rovigo - Corso del Popolo Rovigo (RO) Corso del Popolo 219,https://lapiadineria.com/i-nostri-ristoranti-ricerca,
2075,La Piadineria,Piemonte,Torino,TO,Settimo Torinese,Piadine,EUR 10-20,4.1,73,45.12767280,7.73692780,Shopping Mall,Settimo Torinese - Torino Outlet Village Settimo Torinese (TO) Via Torin 160,https://lapiadineria.com/i-nostri-ristoranti-ricerca,
2076,La Piadineria,Toscana,Livorno,LI,Livorno,Piadine,EUR 1-10,4.4,88,43.55030830,10.30748470,City Center,Livorno - Via Grande Livorno (LI) Via Grande 132,https://lapiadineria.com/i-nostri-ristoranti-ricerca,
2077,La Piadineria,Lazio,Latina,LT,Cisterna di Latina,Piadine,EUR 10-20,4.1,80,41.57875370,12.83499370,Commercial Area,Cisterna di Latina - Via Latina 2 Latina (LT) V.le Provincie- Via Latina 2,https://lapiadineria.com/i-nostri-ristoranti-ricerca,
2078,La Piadineria,Campania,Napoli,NA,Nola,Piadine,EUR 10-20,4.4,49,40.95026200,14.48733420,Shopping Mall,Nola - Centro Commerciale Vulcano Buono Nola (NA) Via Boscofangone,https://lapiadineria.com/i-nostri-ristoranti-ricerca,
2079,La Piadineria,Toscana,Firenze,FI,Firenze,Piadine,EUR 10-20,4,126,43.77614060,11.25059500,Transport Hub,Firenze - Largo Alinari Firenze (FI) Largo Alinar 20,https://lapiadineria.com/i-nostri-ristoranti-ricerca,
2080,La Piadineria,Veneto,Padova,PD,Piove di Sacco,Piadine,EUR 10-20,3.6,55,45.30422670,12.02167190,Shopping Mall,Centro Commerciale Piove di Sacco Piove Di Sacco (PD) Via Fratelli Sanguinazz 1,https://lapiadineria.com/i-nostri-ristoranti-ricerca,
2081,La Piadineria,Lazio,Viterbo,VT,Viterbo,Piadine,EUR 10-20,4.3,106,42.43416500,12.09932100,Commercial Area,Viterbo - Via Garbini Viterbo (VT) Via Garbin 83 D,https://lapiadineria.com/i-nostri-ristoranti-ricerca,
2082,La Piadineria,Lombardia,Varese,VA,Ispra,Piadine,EUR 1-10,3.6,124,45.81542060,8.62266360,Commercial Area,Ispra - Via Fermi Ispra (VA) Via E. Ferm 429,https://lapiadineria.com/i-nostri-ristoranti-ricerca,
2083,La Piadineria,Sardegna,Cagliari,CA,Cagliari,Piadine,EUR 10-20,4.4,91,39.22247970,9.12529860,Commercial Area,Cagliari - Via Cino da Pistoia Cagliari (CA) Via Cino da Pistoia 2,https://lapiadineria.com/i-nostri-ristoranti-ricerca,
2084,La Piadineria,Piemonte,Torino,TO,Torino,Piadine,EUR 10-20,4.3,215,45.03678340,7.65239440,Commercial Area,Torino - Via Arnaldo da Brescia Torino (TO) Via Arnaldo da Brescia 25/E,https://lapiadineria.com/i-nostri-ristoranti-ricerca,
2085,La Piadineria,Lazio,Roma,RM,Castel Romano,Piadine,EUR 10-20,4,66,41.71548840,12.44545470,Shopping Mall,Castel Romano - Via del Ponte di Piscina Cupa Castel Romano (RM) Via del Ponte di Piscina Cup 64,https://lapiadineria.com/i-nostri-ristoranti-ricerca,
2086,La Piadineria,Veneto,Treviso,TV,Olmi,Piadine,EUR 10-20,4.6,53,45.67721450,12.33739900,Shopping Mall,San Biagio di Callalta - Centro Commerciale Tiziano San Biagio Di Callalta (TV) Via Postumia Ovest 76,https://lapiadineria.com/i-nostri-ristoranti-ricerca,
2087,La Piadineria,Abruzzo,Pescara,PE,Pescara,Piadine,EUR 1-10,4.2,89,42.45242570,14.22752300,Commercial Area,Pescara - Viale Marconi Pescara (PE) Viale Marconi 371,https://lapiadineria.com/i-nostri-ristoranti-ricerca,
2088,La Piadineria,Lombardia,Lecco,LC,Cernusco Lombardone,Piadine,EUR 10-20,4.4,116,45.69538460,9.40383150,Commercial Area,Cernusco Lombardone - Via Spluga Cernusco Lombardone (LC) Via Splug 43,https://lapiadineria.com/i-nostri-ristoranti-ricerca,
2089,La Piadineria,Puglia,Taranto,TA,Taranto,Piadine,EUR 1-10,4.3,125,40.47198380,17.23859810,City Center,Taranto - Via Tommaso d'Aquino Taranto (TA) Via Tommaso d'Aquino 68,https://lapiadineria.com/i-nostri-ristoranti-ricerca,
2090,La Piadineria,Emilia-Romagna,Bologna,BO,Bologna,Piadine,EUR 10-20,3.2,38,44.53023270,11.33691330,Shopping Mall,Bologna CC Navile Bologna (BO) Via Colomb 7,https://lapiadineria.com/i-nostri-ristoranti-ricerca,
2091,La Piadineria,Veneto,Padova,PD,Padova,Piadine,EUR 10-20,4.3,39,45.40778430,11.87454120,City Center,Padova - Via San Clemente Padova (PD) Via San Clement 8,https://lapiadineria.com/i-nostri-ristoranti-ricerca,
2092,La Piadineria,Veneto,Padova,PD,Ponte San Nicolò,Piadine,EUR 1-10,3.6,156,45.36691290,11.92860400,Commercial Area,Ponte San Nicolò - Via Marconi Ponte San Nicolo' (PD) Via Marconi 35,https://lapiadineria.com/i-nostri-ristoranti-ricerca,
2093,La Piadineria,Lombardia,Varese,VA,Saronno,Piadine,EUR 1-10,4.2,78,45.62313340,9.01776050,Shopping Mall,Saronno - Via Luigi Lazzaroni Saronno (VA) Via Luigi Lazzaroni 25,https://lapiadineria.com/i-nostri-ristoranti-ricerca,
2094,La Piadineria,Lombardia,Bergamo,BG,Grumello del Monte,Piadine,EUR 10-20,4,103,45.63256580,9.86042990,Commercial Area,Grumello del Monte - Via Lega Lombarda Grumello Del Monte (BG) Via Lega Lombarda,https://lapiadineria.com/i-nostri-ristoranti-ricerca,
2095,La Piadineria,Lombardia,Varese,VA,Varese,Piadine,EUR 1-10,4.1,81,45.81729660,8.83266620,Transport Hub,Varese - Piazzale Trieste Varese (VA) Piazzale Trieste 6,https://lapiadineria.com/i-nostri-ristoranti-ricerca,
2096,La Piadineria,Lombardia,Brescia,BS,Sonico,Piadine,EUR 10-20,4.2,70,46.16937530,10.34545910,Shopping Mall,Sonico - Via Camiasco Sonico (BS) Via Camiasco 1/E,https://lapiadineria.com/i-nostri-ristoranti-ricerca,
2097,La Piadineria,Lazio,Roma,RM,Roma,Piadine,EUR 10-20,4.1,64,41.80793380,12.43387200,Residential Area,Roma - Via della Seta Roma (RM) Via della Seta 13,https://lapiadineria.com/i-nostri-ristoranti-ricerca,
2098,La Piadineria,Toscana,Prato,PO,Prato,Piadine,EUR 10-20,4,109,43.88149430,11.09832770,City Center,Prato - Via Garibaldi Prato (PO) Via Garibaldi 10,https://lapiadineria.com/i-nostri-ristoranti-ricerca,
2099,La Piadineria,Lombardia,Bergamo,BG,Curno,Piadine,EUR 10-20,4.7,54,45.69303940,9.61644270,Commercial Area,Curno - Via Bergamo Curno (BG) Via Bergamo 5,https://lapiadineria.com/i-nostri-ristoranti-ricerca,
2100,La Piadineria,Toscana,Pistoia,PT,Pistoia,Piadine,EUR 10-20,4.5,57,43.93831940,10.93920190,Shopping Mall,Pistoia - Via Bure Vecchia Nord Pistoia (PT) Via Bure Vecchia Nord 95,https://lapiadineria.com/i-nostri-ristoranti-ricerca,
2101,La Piadineria,Veneto,Venezia,VE,Lido di Jesolo,Piadine,EUR 10-20,4.7,73,45.50584230,12.64387260,Commercial Area,Jesolo - Via Bafile Lido Di Jesolo (VE) Via Bafile 40,https://lapiadineria.com/i-nostri-ristoranti-ricerca,
2102,La Piadineria,Toscana,Pisa,PI,Pontedera,Piadine,EUR 10-20,4.9,80,43.66390150,10.63615800,City Center,Pontedera - Corso Matteotti Pontedera (PI) Corso Matteotti 55,https://lapiadineria.com/i-nostri-ristoranti-ricerca,
2103,La Piadineria,Lombardia,Mantova,MN,Suzzara,Piadine,EUR 10-20,4,118,44.99757640,10.73427960,Commercial Area,Suzzara - Strada Pasine Suzzara (MN) Strada Pasine 29,https://lapiadineria.com/i-nostri-ristoranti-ricerca,
2104,La Piadineria,Lazio,Rieti,RI,Fara in Sabina,Piadine,EUR 10-20,4.3,109,42.15158630,12.65567830,Shopping Mall,Passo Corese - Via Salaria Fara Sabina (RI) Via Salaria Km 36,https://lapiadineria.com/i-nostri-ristoranti-ricerca,
2105,La Piadineria,Veneto,Padova,PD,Padova,Piadine,EUR 1-10,3.5,101,45.41180410,11.89409190,Commercial Area,Padova - Via Venezia Padova (PD) Via Venezia 9,https://lapiadineria.com/i-nostri-ristoranti-ricerca,
2106,La Piadineria,Puglia,Bari,BA,Bari,Piadine,EUR 10-20,4.5,85,41.12637260,16.86909160,City Center,Bari - Corso Vittorio Emanuele II Bari (BA) Corso Vittorio Emanuele II 91-93,https://lapiadineria.com/i-nostri-ristoranti-ricerca,
2107,La Piadineria,Toscana,Lucca,LU,Viareggio,Piadine,EUR 10-20,4.1,79,43.86933660,10.24781980,Shopping Mall,Viareggio - Via Cesare Battisti Viareggio (LU) Via Cesare Battisti 153,https://lapiadineria.com/i-nostri-ristoranti-ricerca,
2108,La Piadineria,Toscana,Firenze,FI,Osmannoro,Piadine,EUR 10-20,4.2,89,43.80383700,11.18551700,Commercial Area,Osmannoro - Via Lucchese 18-20 Sesto Fiorentino (FI) Via Lucchese 18 -20,https://lapiadineria.com/i-nostri-ristoranti-ricerca,
2109,La Piadineria,Sardegna,Nuoro,NU,Nuoro,Piadine,EUR 10-20,4.4,58,40.32300170,9.30624970,Shopping Mall,Nuoro - Via Don Bosco Nuoro (NU) Via Don Bosco snc,https://lapiadineria.com/i-nostri-ristoranti-ricerca,
2110,La Piadineria,Trentino-Alto Adige,Trento,TN,Trento,Piadine,EUR 10-20,3.9,50,46.06707290,11.12099320,City Center,Trento - Piazza Duomo Trento (TN) Piazza Duomo 22,https://lapiadineria.com/i-nostri-ristoranti-ricerca,
2111,La Piadineria,Toscana,Lucca,LU,Altopascio,Piadine,EUR 10-20,4.2,94,43.81605690,10.68059360,Service Area,Altopascio - Via delle Cerbaie Altopascio (LU) Via delle Cerbai 14,https://lapiadineria.com/i-nostri-ristoranti-ricerca,
2112,La Piadineria,Sardegna,Sassari,SS,Sassari,Piadine,EUR 10-20,4.2,45,40.72462540,8.56425390,Shopping Mall,Sassari - Piazza d'Italia Sassari (SS) Piazza d'Itali 1/B -1/C,https://lapiadineria.com/i-nostri-ristoranti-ricerca,
2113,La Piadineria,Friuli-Venezia Giulia,Udine,UD,Udine,Piadine,EUR 10-20,3.2,92,46.09351920,13.23441820,Shopping Mall,Udine - Terminal Nord Udine (UD) Via Tricesimo 149,https://lapiadineria.com/i-nostri-ristoranti-ricerca,
2114,La Piadineria,Sicilia,Palermo,PA,Carini,Piadine,EUR 1-10,4.7,79,38.17412470,13.21861100,Shopping Mall,Carini - Centro Commerciale Poseidon Carini (PA) Via Ciachea SNC,https://lapiadineria.com/i-nostri-ristoranti-ricerca,
2115,La Piadineria,Lombardia,Varese,VA,Daverio,Piadine,EUR 10-20,4.9,122,45.76611570,8.76844910,Shopping Mall,Daverio - Centro Commerciale Il Gigante Daverio (VA) Viale dell'Industria 1,https://lapiadineria.com/i-nostri-ristoranti-ricerca,
2116,La Piadineria,Veneto,Treviso,TV,Conegliano,Piadine,EUR 1-20,4.1,61,45.87855390,12.31510210,Shopping Mall,Conegliano - Centro Commerciale Conè Conegliano (TV) Via San Giuseppe 25,https://lapiadineria.com/i-nostri-ristoranti-ricerca,
2117,La Piadineria,Toscana,Prato,PO,Prato,Piadine,EUR 10-20,4.4,55,43.86708690,11.11293540,Commercial Area,Prato - Viale della Repubblica Prato (PO) Viale della Repubblica 59/61,https://lapiadineria.com/i-nostri-ristoranti-ricerca,
2118,La Piadineria,Marche,Ascoli Piceno,AP,San Benedetto del Tronto,Piadine,EUR 1-20,4.5,36,42.89911710,13.89284210,Shopping Mall,San Benedetto Del Tronto - Centro Commerciale Porto Grande San Benedetto Del Tronto (AP) Via Pasubio 144,https://lapiadineria.com/i-nostri-ristoranti-ricerca,
2119,La Piadineria,Calabria,Catanzaro,CZ,Maida,Piadine,EUR 10-20,4.7,311,38.89896840,16.35025730,Shopping Mall,Maida - Centro Commerciale Due Mari Maida (CZ) Località Comuni Condomini,https://lapiadineria.com/i-nostri-ristoranti-ricerca,
2120,La Piadineria,Piemonte,Torino,TO,Torino,Piadine,EUR 10-20,4.2,42,45.02345080,7.66404680,Commercial Area,Torino - Via Nizza 343 Torino (TO) Via Nizza 343,https://lapiadineria.com/i-nostri-ristoranti-ricerca,
2121,La Piadineria,Puglia,Brindisi,BR,Mesagne,Piadine,EUR 1-10,4.6,34,40.58017980,17.83813060,Shopping Mall,Mesagne - Centro Commerciale Appia Antica Mesagne (BR) SS 7 km 10 Viale Europa snc,https://lapiadineria.com/i-nostri-ristoranti-ricerca,
2122,La Piadineria,Emilia-Romagna,Bologna,BO,Bologna,Piadine,EUR 10-20,4.1,70,44.51496440,11.40068670,Shopping Mall,Bologna - Meraville Shopping Park Bologna (BO) Viale Tito Carnacini 63,https://lapiadineria.com/i-nostri-ristoranti-ricerca,
2123,La Piadineria,Toscana,Firenze,FI,Firenze,Piadine,EUR 1-10,4.3,118,43.77269730,11.25350130,City Center,Firenze - Via dei Brunelleschi Firenze (FI) Via Dei Brunelleschi 11,https://lapiadineria.com/i-nostri-ristoranti-ricerca,
2124,La Piadineria,Emilia-Romagna,Forlì-Cesena,FC,Forlì,Piadine,EUR 1-20,4,73,44.24316370,12.08227240,Shopping Mall,Forlì - Centro Commerciale Punta di Ferro Forli' (FC) P.zzale della Cooperazione 2,https://lapiadineria.com/i-nostri-ristoranti-ricerca,
2125,La Piadineria,Puglia,Barletta-Andria-Trani,BT,Andria,Piadine,EUR 1-10,4.4,92,41.22681300,16.29840790,City Center,Andria - Corso Cavour Andria (BT) Corso Cavour 9,https://lapiadineria.com/i-nostri-ristoranti-ricerca,
2126,La Piadineria,Campania,Napoli,NA,Ipercoop,Piadine,EUR 1-10,4.7,32,40.93417970,14.35873410,Shopping Mall,Afragola - Centro Commerciale Le Porte di Napoli Afragola (NA) Via Santa Maria La Nova 1,https://lapiadineria.com/i-nostri-ristoranti-ricerca,
2127,La Piadineria,Veneto,Venezia,VE,Mirano,Piadine,EUR 10-20,3.9,176,45.49438490,12.09219990,Commercial Area,Mirano - Via Matteotti Mirano (VE) Via Matteotti 80,https://lapiadineria.com/i-nostri-ristoranti-ricerca,
2128,La Piadineria,Toscana,Livorno,LI,Piombino,Piadine,EUR 10-20,4.5,59,42.92510720,10.52845860,Commercial Area,Piombino - Corso Italia Piombino (LI) Corso Italia 67,https://lapiadineria.com/i-nostri-ristoranti-ricerca,
2129,La Piadineria,Toscana,Pistoia,PT,Margine Coperta-Traversagna,Piadine,EUR 10-20,4.1,97,43.86086680,10.76362530,Shopping Mall,Montecatini - Via Biscolla Massa E Cozzile (PT) Via Biscoll 48,https://lapiadineria.com/i-nostri-ristoranti-ricerca,
2130,La Piadineria,Veneto,Belluno,BL,Belluno,Piadine,EUR 10-20,3.7,152,46.15350800,12.23195540,Commercial Area,Belluno - Via Vittorio Veneto Belluno (BL) Via Vittorio Veneto 278,https://lapiadineria.com/i-nostri-ristoranti-ricerca,
2131,La Piadineria,Emilia-Romagna,Ravenna,RA,Faenza,Piadine,EUR 10-20,4.3,32,44.32725670,11.90357330,Shopping Mall,Faenza - Centro Commerciale Le Maioliche Faenza (RA) Via Bisaura 1/3,https://lapiadineria.com/i-nostri-ristoranti-ricerca,
2132,La Piadineria,Marche,Pesaro e Urbino,PU,Urbino,Piadine,EUR 1-10,4.4,34,43.72979740,12.63529730,Shopping Mall,Urbino - Centro Commerciale Porta Santa Lucia Urbino Viale Antonio Gramsci,https://lapiadineria.com/i-nostri-ristoranti-ricerca,
2133,La Piadineria,Abruzzo,L'Aquila,AQ,Avezzano,Piadine,EUR 1-10,4.5,73,42.04552790,13.40772140,Shopping Mall,Avezzano - I Marsi Avezzano (AQ) Via Tiburtina Valeri km 112/215,https://lapiadineria.com/i-nostri-ristoranti-ricerca,
2134,La Piadineria,Lombardia,Milano,MI,Milano,Piadine,EUR 10-20,4.2,47,45.51584440,9.21169450,Commercial Area,Milano - Viale Piero e Alberto Pirelli Milano (MI) Viale Piero e Alberto Pirelli 16,https://lapiadineria.com/i-nostri-ristoranti-ricerca,
2135,La Piadineria,Toscana,Firenze,FI,Firenze,Piadine,EUR 1-10,4.3,23,43.78733340,11.22229020,Commercial Area,Firenze - Manifattura Tabacchi Firenze (FI) Via Tartini 13,https://lapiadineria.com/i-nostri-ristoranti-ricerca,
2136,La Piadineria,Campania,Avellino,AV,Avellino,Piadine,EUR 1-10,4.8,47,40.91628440,14.78064960,Shopping Mall,Avellino terminal Avellino (AV) Via Francesco Fariello,https://lapiadineria.com/i-nostri-ristoranti-ricerca,
2137,La Piadineria,Veneto,Treviso,TV,Vittorio Veneto,Piadine,EUR 10-20,4.4,91,45.96946150,12.31357940,Commercial Area,Vittorio Veneto - Via Sant'Antonio da Padova Vittorio Veneto (TV) Via Sant'Antonio da Padova 301,https://lapiadineria.com/i-nostri-ristoranti-ricerca,
2138,La Piadineria,Lombardia,Milano,MI,Milano,Piadine,EUR 10-20,3.5,248,45.47867260,9.24735290,Commercial Area,Lambrate Via Rubattino Lambrate (MI) P.zza Vigili del Fuoco 12,https://lapiadineria.com/i-nostri-ristoranti-ricerca,
2139,La Piadineria,Emilia-Romagna,Reggio Emilia,RE,Rubiera,Piadine,EUR 10-20,4.4,40,44.65450030,10.76735790,Commercial Area,Rubiera - Via Rocco Chinnici Rubiera (RE) Via Rocco Chinnici 1,https://lapiadineria.com/i-nostri-ristoranti-ricerca,
2140,La Piadineria,Calabria,Vibo Valentia,VV,Vibo Valentia,Piadine,EUR 1-10,4.8,25,38.67611220,16.09192010,Shopping Mall,Vibo Valentia - Centro Commerciale Vibocenter Vibo Valentia (VV) SS 18 Tirrena Inferiore,https://lapiadineria.com/i-nostri-ristoranti-ricerca,
2141,La Piadineria,Abruzzo,Pescara,PE,Pescara,Piadine,EUR 1-10,4.6,40,42.46726250,14.20966160,Commercial Area,Pescara Vittorio Emanuele II Pescara (PE) Corso Vittorio Emanuele II 122,https://lapiadineria.com/i-nostri-ristoranti-ricerca,
2142,La Piadineria,Emilia-Romagna,Ravenna,RA,Ravenna,Piadine,EUR 1-10,4.9,28,44.39468190,12.17760180,Shopping Mall,Ravenna - Centro Commerciale Esp Ravenna (RA) Via M. Bussato 74,https://lapiadineria.com/i-nostri-ristoranti-ricerca,
2143,La Piadineria,Toscana,Arezzo,AR,Arezzo,Piadine,EUR 1-10,4.5,33,43.46459190,11.88275860,City Center,Arezzo - Corso Italia Arezzo (AR) Corso Italia 27,https://lapiadineria.com/i-nostri-ristoranti-ricerca,
2144,La Piadineria,Sicilia,Catania,CT,Catania,Piadine,EUR 1-10,4.7,39,37.51173430,15.08992430,City Center,Catania - Piazza Vittorio Emanuele II Catania (CT) Piazza Vittorio Emanuele II 6-7,https://lapiadineria.com/i-nostri-ristoranti-ricerca,
2145,La Piadineria,Lombardia,Milano,MI,Legnano,Piadine,EUR 1-10,3.8,601,45.59645910,8.91679560,City Center,Legnano Legnano (MI) Corso Itali 11,https://lapiadineria.com/i-nostri-ristoranti-ricerca,
2146,La Piadineria,Lombardia,Monza e della Brianza,MB,Nova Milanese,Piadine,EUR 1-10,4.1,108,45.59674370,9.19897010,Commercial Area,Nova Milanese Nova Milanese (MB) Via Venezi 1,https://lapiadineria.com/i-nostri-ristoranti-ricerca,
2147,La Piadineria,Toscana,Livorno,LI,San Pietro In Palazzi,Piadine,EUR 10-20,4,43,43.33011300,10.52323080,Shopping Mall,Cecina Rp San Pietro In Palazzi (LI) Via di Val di Cecina snc,https://lapiadineria.com/i-nostri-ristoranti-ricerca,
2148,La Piadineria,Lombardia,Milano,MI,Milano,Piadine,EUR 1-10,3.9,210,45.48843630,9.19484160,Commercial Area,Milano - Melchiorre Gioia Milano (MI) Via Alessandro Paoli 2,https://lapiadineria.com/i-nostri-ristoranti-ricerca,
2149,La Piadineria,Puglia,Foggia,FG,Borgo Incoronata,Piadine,EUR 1-10,4.6,60,41.41564620,15.65147360,Shopping Mall,Foggia - Centro Commerciale GrandApulia Borgo Incoronata (FG) km 2 SP76,https://lapiadineria.com/i-nostri-ristoranti-ricerca,
2150,La Piadineria,Lombardia,Sondrio,SO,Villa di Tirano,Piadine,EUR 10-20,4.4,53,46.21061110,10.14717320,Commercial Area,Villa di Tirano - Via Nazionale Villa Di Tirano (SO) Via Nazionale 126,https://lapiadineria.com/i-nostri-ristoranti-ricerca,
2151,La Piadineria,Campania,Napoli,NA,Napoli,Piadine,NaN,5,7,40.83625070,14.19145720,Shopping Mall,Napoli - Centro Commerciale Azzurro Napoli (NA) Via Vicinale Cupa Cintia n. 249/251,https://lapiadineria.com/i-nostri-ristoranti-ricerca,
2152,La Piadineria,Sicilia,Catania,CT,Catania,Piadine,EUR 10-20,4.5,25,37.47207550,15.04813620,Shopping Mall,Catania - Centro Commerciale Porte di Catania Catania (CT) Via Gelso Bianco,https://lapiadineria.com/i-nostri-ristoranti-ricerca,
2153,La Piadineria,Veneto,Padova,PD,Sarmeola,Piadine,EUR 1-10,3.7,281,45.41744780,11.82463960,Shopping Mall,Rubano - Via della Provvidenza Sarmeola (PD) Via della Provvidenza 210,https://lapiadineria.com/i-nostri-ristoranti-ricerca,
2154,La Piadineria,Calabria,Catanzaro,CZ,Catanzaro,Piadine,NaN,4.8,59,38.84392050,16.64607790,Shopping Mall,Catanzaro - Centro Commerciale Le Fontane Catanzaro (CZ) Via Emilia 61,https://lapiadineria.com/i-nostri-ristoranti-ricerca,
2155,La Piadineria,Veneto,Belluno,BL,Feltre,Piadine,EUR 10-20,4.2,105,46.02359370,11.92067660,Commercial Area,Feltre - Via Adda Feltre (BL) Via Adda 3/A,https://lapiadineria.com/i-nostri-ristoranti-ricerca,
2156,La Piadineria,Trentino-Alto Adige,Trento,TN,Trento,Piadine,EUR 1-10,3.4,50,46.08274120,11.12095230,Commercial Area,Trento - Via del Brennero Trento (TN) Via Del Brennero 190,https://lapiadineria.com/i-nostri-ristoranti-ricerca,
2157,La Piadineria,Campania,Napoli,NA,Napoli,Piadine,EUR 1-20,4.5,35,40.84258150,14.23347640,Transport Hub,Napoli - Piazza Fuga Napoli (NA) Piazza fuga 10-11-12,https://lapiadineria.com/i-nostri-ristoranti-ricerca,
2158,La Piadineria,Toscana,Siena,SI,Siena,Piadine,EUR 10-20,4.4,21,43.33050160,11.32296430,Transport Hub,Siena - Centro Commerciale Porta Siena Siena (SI) Piazzale Rossell 25,https://lapiadineria.com/i-nostri-ristoranti-ricerca,
2159,La Piadineria,Lazio,Roma,RM,Roma,Piadine,EUR 10-20,4.6,18,41.91264590,12.47570180,Transport Hub,Roma - Via Flaminia Roma (RM) Via Flaminia 28,https://lapiadineria.com/i-nostri-ristoranti-ricerca,
2160,La Piadineria,Veneto,Treviso,TV,Castelfranco Veneto,Piadine,EUR 10-20,4.4,48,45.67926380,11.94109700,Shopping Mall,Castelfranco Veneto - Viale Europa Castelfranco Veneto (TV) Viale Europa 24,https://lapiadineria.com/i-nostri-ristoranti-ricerca,
2161,La Piadineria,Piemonte,Cuneo,CN,Borgo San Dalmazzo,Piadine,EUR 10-20,4,26,44.34678280,7.50444760,Shopping Mall,Borgo San Dalmazzo Borgo San Dalmazzo (CN) Via Cuneo 74,https://lapiadineria.com/i-nostri-ristoranti-ricerca,
2162,La Piadineria,Liguria,La Spezia,SP,Brugnato,Piadine,EUR 10-20,4.8,19,44.23094810,9.72488400,Shopping Mall,5 Terre Outlet Brugnato (SP) Via Antica Romana,https://lapiadineria.com/i-nostri-ristoranti-ricerca,
2163,La Piadineria,Sicilia,Catania,CT,Catania,Piadine,EUR 1-20,4.6,25,37.50489810,15.08647660,City Center,Catania San Giuliano Catania (CT) Via Sangiuliano 285,https://lapiadineria.com/i-nostri-ristoranti-ricerca,
2164,La Piadineria,Lombardia,Bergamo,BG,Orio al Serio,Piadine,EUR 1-10,3,376,45.66176730,9.69619400,Shopping Mall,"Via Portico, 71, 24050 Orio al Serio BG",https://lapiadineria.com/i-nostri-ristoranti-ricerca,
2165,La Piadineria,Piemonte,Torino,TO,Borgaro Torinese,Piadine,EUR 1-10,3.8,15,45.14686720,7.65566590,Shopping Mall,Borgaro Torinese - Via Lanzo Borgaro Torinese (TO) Via Lanzo 78-80,https://lapiadineria.com/i-nostri-ristoranti-ricerca,
2166,La Piadineria,Marche,Fermo,FM,Campiglione,Piadine,NaN,4.2,"3,169",43.17805560,13.67222220,Shopping Mall,"CC Il Girasole, Via Giacomo Filippo Maria Prosperi, 42, 63900 Campiglione FM",https://lapiadineria.com/i-nostri-ristoranti-ricerca,
2167,La Piadineria,Marche,Pesaro e Urbino,PU,Pesaro,Piadine,EUR 1-10,4.1,25,43.90552960,12.86443250,Commercial Area,Pesaro - Via degli Abeti Pesaro via degli Abeti 16,https://lapiadineria.com/i-nostri-ristoranti-ricerca,
2168,La Piadineria,Puglia,Lecce,LE,Lecce,Piadine,NaN,5,2,40.35366250,18.17253210,City Center,Lecce - Piazza Sant'Oronzo Lecce (LE) Piazza Sant'Oronzo 45,https://lapiadineria.com/i-nostri-ristoranti-ricerca,
2169,La Piadineria,Liguria,Genova,GE,Genova,Piadine,EUR 1-10,4.1,805,44.41245340,8.88327500,Shopping Mall,Genova - Centro Commerciale Waterfront Genova (GE) Piazzale J.F. Kennedy 1,https://lapiadineria.com/i-nostri-ristoranti-ricerca,
2170,La Piadineria,Marche,Ancona,AN,Ancona,Piadine,EUR 10-20,3.6,46,43.55252280,13.51485450,Shopping Mall,TEST STAZIONI 9998(308) - Store TEST PREPROD melo (AG) Via delle mel 1,https://lapiadineria.com/i-nostri-ristoranti-ricerca,
2171,La Piadineria,Lazio,Roma,RM,Ariccia,Piadine,NaN,5,2,41.71329590,12.63220330,Commercial Area,Ariccia Ariccia (RM) Via Nettunense km 6/500,https://lapiadineria.com/i-nostri-ristoranti-ricerca,
2172,La Piadineria,Emilia-Romagna,Reggio Emilia,RE,Reggio Emilia,Piadine,EUR 10-20,4,109,44.71151290,10.61817620,Commercial Area,Reggio Emilia RP Reggio Emilia (RE) Via dei Gonzaga 55,https://lapiadineria.com/i-nostri-ristoranti-ricerca,
2173,La Piadineria,Abruzzo,L'Aquila,AQ,L'Aquila,Piadine,NaN,5,2,42.34675660,13.39771940,City Center,L'Aquila C.so Federico II L'aquila (AQ) C.so Federico II 47,https://lapiadineria.com/i-nostri-ristoranti-ricerca,
2174,La Piadineria,Marche,Ancona,AN,Ancona,Piadine,EUR 10-20,3.6,46,43.55252280,13.51485450,Shopping Mall,"CC Conero, Via Franco Scataglini, 6, 60131 Ancona AN, Italy",https://lapiadineria.com/i-nostri-ristoranti-ricerca,
2175,La Piadineria,Emilia-Romagna,Parma,PR,Parma,Piadine,EUR 1-10,3.9,257,44.80048000,10.32754130,City Center,Parma CC Centro Torri Parma (PR) Via San Leonard 69/A,https://lapiadineria.com/i-nostri-ristoranti-ricerca,
2176,Billy Tacos,Lombardia,Bergamo,BG,Antegnate,Mexican,EUR 1-10,3.7,55,45.48069340,9.78146680,Shopping Mall,"Via del Commercio, 3, 24051 Antegnate BG, Italy",https://www.billytacos.it/trova-uno-store,
2177,Billy Tacos,Valle d'Aosta,Aosta,AO,Saint-Christophe,Mexican,EUR 10-20,3.3,46,45.73951750,7.35297940,Commercial Area,"Località Grand Chemin, 156, 11020 Saint-Christophe AO, Italy",https://www.billytacos.it/trova-uno-store,
2178,Billy Tacos,Lazio,Latina,LT,Aprilia,Mexican,EUR 10-20,3.3,63,41.59334030,12.62785070,Shopping Mall,"Via Riserva Nuova, 04011 Aprilia LT, Italy",https://www.billytacos.it/trova-uno-store,
2179,Billy Tacos,Lombardia,Milano,MI,Arese,Mexican,EUR 10-20,3.4,49,45.56316460,9.05272830,Shopping Mall,"Via Giuseppe Eugenio Luraghi, 11, 20020 Arese MI, Italy",https://www.billytacos.it/trova-uno-store,
2180,Billy Tacos,Lombardia,Milano,MI,Assago,Mexican,EUR 10-20,4.3,61,45.40606770,9.15176910,Shopping Mall,"Viale della Fonte Lunga, 20057 Assago MI, Italy",https://www.billytacos.it/trova-uno-store,
2181,Billy Tacos,Puglia,Bari,BA,Triggiano,Mexican,EUR 10-20,3.4,164,41.08297190,16.94687670,Shopping Mall,"Contrada Giannavello, Bariblu, 70019 Triggiano BA, Italy",https://www.billytacos.it/trova-uno-store,
2182,Billy Tacos,Piemonte,Novara,NO,Bellinzago Novarese,Mexican,EUR 10-20,3.7,92,45.55412200,8.64073670,Shopping Mall,"Via della Libertà, 23, 28043 Bellinzago Novarese NO, Italy",https://www.billytacos.it/trova-uno-store,
2183,Billy Tacos,Veneto,Belluno,BL,Belluno,Mexican,EUR 10-20,2.6,85,46.15824090,12.23588350,Commercial Area,"Via Tiziano Vecellio, 32100 Belluno BL, Italy",https://www.billytacos.it/trova-uno-store,
2184,Billy Tacos,Lombardia,Bergamo,BG,Bergamo,Mexican,EUR 10-20,3.3,222,45.69315300,9.67156600,City Center,"Viale Papa Giovanni XXIII, 50, 24121 Bergamo BG, Italy",https://www.billytacos.it/trova-uno-store,
2185,Billy Tacos,Emilia-Romagna,Bologna,BO,Zona Industriale Via del Lavoro,Mexican,EUR 10-20,3.4,131,44.48710450,11.24672840,Shopping Mall,"Via Antonio de Curtis, 40033 Casalecchio di Reno BO, Italy",https://www.billytacos.it/trova-uno-store,
2186,Billy Tacos,Emilia-Romagna,Bologna,BO,Bologna,Mexican,EUR 10-20,2.9,166,44.51297420,11.35772180,Commercial Area,"V. Stalingrado, 40, 40128 Bologna BO, Italy",https://www.billytacos.it/trova-uno-store,
2187,Billy Tacos,Puglia,Brindisi,BR,Brindisi,Mexican,EUR 10-20,3.2,105,40.61868310,17.90229820,Shopping Mall,"SS7, 712, 72100 Brindisi BR, Italy",https://www.billytacos.it/trova-uno-store,
2188,Billy Tacos,Lombardia,Monza e della Brianza,MB,Colnago,Mexican,EUR 10-20,3.3,121,45.62286780,9.47390450,Shopping Mall,"Via Enrico Berlinguer, 48 Centro Commerciale Globo, 20872 Cornate d'Adda MB, Italy",https://www.billytacos.it/trova-uno-store,
2189,Billy Tacos,Sardegna,Cagliari,CA,Cagliari,Mexican,EUR 10-20,4.4,309,39.23150050,9.09231230,Shopping Mall,"Via S. Simone, 60, 09122 Cagliari CA, Italy",https://www.billytacos.it/trova-uno-store,
2190,Billy Tacos,Emilia-Romagna,Modena,MO,Carpi,Mexican,EUR 10-20,3.4,71,44.77569000,10.86125200,Commercial Area,"Via delle Magliaie, 5, 41012 Carpi MO, Italy",https://www.billytacos.it/trova-uno-store,
2191,Billy Tacos,Sicilia,Catania,CT,Misterbianco,Mexican,EUR 10-20,3.5,303,37.47672960,15.01153560,Shopping Mall,"Centro Commerciale Centro Sicilia, SP54, 95045 Misterbianco CT, Italy",https://www.billytacos.it/trova-uno-store,
2192,Billy Tacos,Sicilia,Catania,CT,Belpasso,Mexican,EUR 10-20,3.6,44,37.54445080,14.95190190,Shopping Mall,"Centro Sicilia, 23, 95032 Belpasso CT, Italy",https://www.billytacos.it/trova-uno-store,
2193,Billy Tacos,Piemonte,Torino,TO,Chivasso,Mexican,EUR 1-10,2.5,35,45.20153150,7.89253550,Shopping Mall,"Via Peppino Impastato, 10034 Chivasso TO, Italy",https://www.billytacos.it/trova-uno-store,
2194,Billy Tacos,Abruzzo,Pescara,PE,Città Sant'Angelo,Mexican,EUR 10-20,2.6,89,42.51406260,14.11861990,Shopping Mall,"Via Moscarola, 94, 65013 Città Sant'Angelo PE, Italy",https://www.billytacos.it/trova-uno-store,
2195,Billy Tacos,Marche,Macerata,MC,Civitanova Marche,Mexican,EUR 10-20,2.8,264,43.29336320,13.70104400,Shopping Mall,"Via S. Costantino, 98, 62012 Civitanova Marche MC, Italy",https://www.billytacos.it/trova-uno-store,
2196,Billy Tacos,Lombardia,Milano,MI,Corbetta,Mexican,EUR 10-20,3.4,116,45.47350080,8.91711510,Commercial Area,"Via Simone da Corbetta, 51, 20011 Corbetta MI, Italy",https://www.billytacos.it/trova-uno-store,
2197,Billy Tacos,Piemonte,Cuneo,CN,Cuneo,Mexican,EUR 10-20,3.6,140,44.39237740,7.58220290,Shopping Mall,"CC Gran Cuneo, Via Margarita, 8, 12100 Cuneo CN, Italy",https://www.billytacos.it/trova-uno-store,
2198,Billy Tacos,Lombardia,Brescia,BS,Desenzano del Garda,Mexican,EUR 10-20,3,287,45.46879420,10.52825820,Commercial Area,"Via E. Andreis, 25015 Desenzano del Garda BS, Italy",https://www.billytacos.it/trova-uno-store,
2199,Billy Tacos,Toscana,Firenze,FI,Empoli,Mexican,EUR 1-10,2.9,82,43.71409360,10.92180460,Shopping Mall,"Via Raffaello Sanzio, 199, 50053 Empoli FI, Italy",https://www.billytacos.it/trova-uno-store,
2200,Billy Tacos,Lombardia,Brescia,BS,Villa Pedergnano,Mexican,EUR 10-20,3.4,175,45.57961530,10.00077370,Shopping Mall,"Centro Commerciale Le Porte Franche, Via Rovato, 44, 25030 Erbusco BS, Italy",https://www.billytacos.it/trova-uno-store,
2201,Billy Tacos,Emilia-Romagna,Parma,PR,Fidenza,Mexican,EUR 10-20,3.4,225,44.88534180,10.08815250,Shopping Mall,"Via Federico Fellini, 43036 Fidenza PR, Italy",https://www.billytacos.it/trova-uno-store,
2202,Billy Tacos,Emilia-Romagna,Forlì-Cesena,FC,Forlì,Mexican,EUR 10-20,3.3,190,44.24823620,12.08836300,Shopping Mall,"Via Liliana Vasumini, 47122 Forlì FC, Italy",https://www.billytacos.it/trova-uno-store,
2203,Billy Tacos,Lombardia,Milano,MI,Garbagnate Milanese,Mexican,EUR 10-20,3.7,87,45.57648370,9.06582220,Shopping Mall,"Via Peloritana, SP233, 20024 Garbagnate Milanese MI, Italy",https://www.billytacos.it/trova-uno-store,
2204,Billy Tacos,Liguria,Genova,GE,Genova,Mexican,EUR 10-20,3.5,364,44.40921240,8.95444500,Commercial Area,"Corso Sardegna, 165, 16142 Genova GE, Italy",https://www.billytacos.it/trova-uno-store,
2205,Billy Tacos,Piemonte,Verbano-Cusio-Ossola,VB,Gravellona Toce,Mexican,NaN,3.9,104,45.93138330,8.43915500,Shopping Mall,"Toce C.C Le Isole, Corso Guglielmo Marconi, 42-44, 28883 Gravellona Toce VB, Italy",https://www.billytacos.it/trova-uno-store,
2206,Billy Tacos,Toscana,Grosseto,GR,Grosseto,Mexican,EUR 10-20,3.1,92,42.77733810,11.10517010,Commercial Area,"Viale Europa, 10, 58100 Grosseto GR, Italy",https://www.billytacos.it/trova-uno-store,
2207,Billy Tacos,Emilia-Romagna,Bologna,BO,Imola,Mexican,NaN,3.5,76,44.36296840,11.69065620,Shopping Mall,"Viale Giovanni Amendola, 129, 40026 Imola BO, Italy",https://www.billytacos.it/trova-uno-store,
2208,Billy Tacos,Piemonte,Torino,TO,Ivrea,Mexican,EUR 10-20,2.8,55,45.46940850,7.90904950,Commercial Area,"c/o Ivrea retail park, Corso Vercelli, 10015 Ivrea TO, Italy",https://www.billytacos.it/trova-uno-store,
2209,Billy Tacos,Liguria,La Spezia,SP,La Spezia,Mexican,EUR 1-10,2.4,39,44.11792810,9.83329560,Shopping Mall,"CC Le Terrazze, Via Fontevivo, 17, 19125 La Spezia SP, Italy",https://www.billytacos.it/trova-uno-store,
2210,Billy Tacos,Toscana,Livorno,LI,Livorno,Mexican,EUR 1-10,2.9,76,43.54486080,10.30225330,Shopping Mall,"c\o cc Porta a mare, Via Edda Fagni, 57126 Livorno LI, Italy",https://www.billytacos.it/trova-uno-store,
2211,Billy Tacos,Marche,Macerata,MC,Corridonia,Mexican,EUR 10-20,2.8,54,43.27009170,13.48171600,Shopping Mall,"Via Enrico Mattei, 177, 62014 Corridonia MC, Italy",https://www.billytacos.it/trova-uno-store,
2212,Billy Tacos,Lombardia,Mantova,MN,Case Ghisiolo,Mexican,EUR 10-20,3,93,45.16528900,10.82548450,Commercial Area,"Via Aldo Levoni, 11, 46100 Mantova MN, Italy",https://www.billytacos.it/trova-uno-store,
2213,Billy Tacos,Lombardia,Milano,MI,Milano,Mexican,EUR 10-20,3.7,135,45.51419060,9.10196130,Shopping Mall,"Via Gottlieb Wilhelm Daimler, 61, 20151 Milano MI, Italy",https://www.billytacos.it/trova-uno-store,
2214,Billy Tacos,Lombardia,Milano,MI,Milano,Mexican,EUR 10-20,3,222,45.52210720,9.21561680,Shopping Mall,"V.le Sarca ang. Via Chiese, c/o Bicocca Village, 20126 Milano MI, Italy",https://www.billytacos.it/trova-uno-store,
2215,Billy Tacos,Lombardia,Milano,MI,Milano,Mexican,EUR 10-20,2.4,405,45.47824770,9.15599880,Shopping Mall,"Piazza Tre Torri, 143, 20145 Milano MI, Italy",https://www.billytacos.it/trova-uno-store,
2216,Billy Tacos,Lombardia,Milano,MI,Carla Betulla,Mexican,EUR 10-20,3.2,344,45.36103510,9.21615520,Shopping Mall,"Via Milano, 5, 20085 Locate di Triulzi MI, Italy",https://www.billytacos.it/trova-uno-store,
2217,Billy Tacos,Lombardia,Milano,MI,Carla Betulla,Mexican,EUR 10-20,3.2,344,45.36103510,9.21615520,Shopping Mall,"Via Milano, 5, 20085 Locate di Triulzi MI, Italy",https://www.billytacos.it/trova-uno-store,
2218,Billy Tacos,Lombardia,Milano,MI,Sesto San Giovanni,Mexican,EUR 10-20,3.1,84,45.55029110,9.25647810,Shopping Mall,"Viale Italia, C.C Vulcano, 555, 20099 Sesto San Giovanni MI, Italy",https://www.billytacos.it/trova-uno-store,
2219,Billy Tacos,Sardegna,Sassari,SS,Olbia,Mexican,EUR 10-20,4,235,40.90981610,9.52238520,Shopping Mall,"Via Cesare Pavese, 2, 07026 Olbia OT, Italy",https://www.billytacos.it/trova-uno-store,
2220,Billy Tacos,Lombardia,Bergamo,BG,Orio al Serio,Mexican,EUR 10-20,3.5,230,45.66525270,9.69082810,Shopping Mall,"Via Portico, 71, 24050 Orio al Serio BG, Italy",https://www.billytacos.it/trova-uno-store,
2221,Billy Tacos,Veneto,Padova,PD,Padova,Mexican,EUR 10-20,2.8,122,45.40988290,11.90751440,Shopping Mall,"Via Pietro Donà, 2, 35100 Padova PD, Italy",https://www.billytacos.it/trova-uno-store,
2222,Billy Tacos,Emilia-Romagna,Parma,PR,Parma,Mexican,EUR 10-20,2.6,101,44.79897280,10.34093150,Shopping Mall,"Via Emilia Est, 7B/c/o C.C. La Galleria, 43121 Parma PR, Italy",https://www.billytacos.it/trova-uno-store,
2223,Billy Tacos,Emilia-Romagna,Piacenza,PC,Piacenza,Mexican,EUR 10-20,3.2,105,45.05498380,9.66009470,Shopping Mall,"Via Emilia Pavese, 65, 29121 Piacenza PC, Italy",https://www.billytacos.it/trova-uno-store,
2224,Billy Tacos,Campania,Napoli,NA,Pompei,Mexican,EUR 10-20,3.2,82,40.74136150,14.50272200,Shopping Mall,"CC La Cartiera, Via Macello, 22, 80045 Pompei NA, Italy",https://www.billytacos.it/trova-uno-store,
2225,Billy Tacos,Toscana,Prato,PO,Prato,Mexican,EUR 10-20,2.9,132,43.85961340,11.10565650,Commercial Area,"Via E. Berlinguer, 195, 59100 Prato PO, Italy",https://www.billytacos.it/trova-uno-store,
2226,Billy Tacos,Emilia-Romagna,Reggio Emilia,RE,Reggio Emilia,Mexican,EUR 10-20,3.4,115,44.71488610,10.65113860,Shopping Mall,"Piazzale Atleti Azzuri D'Italia, 42122 Reggio nell'Emilia RE, Italy",https://www.billytacos.it/trova-uno-store,
2227,Billy Tacos,Piemonte,Torino,TO,Rivoli,Mexican,EUR 10-20,3.5,221,45.06735550,7.53529810,Commercial Area,"Corso L. Einaudi, 80, 10098 Rivoli TO, Italy",https://www.billytacos.it/trova-uno-store,
2228,Billy Tacos,Lazio,Roma,RM,Roma,Mexican,EUR 10-20,2.8,231,41.92740670,12.51596210,Shopping Mall,"Via Aristide Merloni, 141, 00155 Roma RM, Italy",https://www.billytacos.it/trova-uno-store,
2229,Billy Tacos,Lazio,Roma,RM,Roma,Mexican,EUR 10-20,2.8,129,41.80773210,12.48588480,Shopping Mall,"CC Maximo, Via Laurentina, 865, 00143 Roma RM, Italy",https://www.billytacos.it/trova-uno-store,
2230,Billy Tacos,Lazio,Roma,RM,Roma,Mexican,EUR 1-10,2.7,28,41.87949410,12.46659400,Commercial Area,"Piazza Ippolito Nievo, 33, 00153 Roma RM, Italy",https://www.billytacos.it/trova-uno-store,
2231,Billy Tacos,Veneto,Verona,VR,San Giovanni Lupatoto,Mexican,EUR 10-20,2.8,92,45.39334750,11.03016150,Commercial Area,"Via Dott. F. Garofoli, 205, 37057 San Giovanni Lupatoto VR, Italy",https://www.billytacos.it/trova-uno-store,
2232,Billy Tacos,Sardegna,Sassari,SS,Sassari,Mexican,EUR 10-20,3.5,118,40.73711900,8.54005470,Shopping Mall,"Viale Porto Torres, 07100 Sassari SS, Italy",https://www.billytacos.it/trova-uno-store,
2233,Billy Tacos,Lombardia,Milano,MI,Novegro-Tregarezzo,Mexican,EUR 10-20,4.5,199,45.47445540,9.28574680,Commercial Area,"Via Rivoltana, 64, 20090 Novegro-Tregarezzo MI, Italy",https://www.billytacos.it/trova-uno-store,
2234,Billy Tacos,Toscana,Firenze,FI,Osmannoro,Mexican,EUR 10-20,3.1,106,43.80607130,11.17824660,Shopping Mall,"Via del Cantone, 49, 50019 Sesto Fiorentino FI, Italy",https://www.billytacos.it/trova-uno-store,
2235,Billy Tacos,Umbria,Terni,TR,Terni,Mexican,EUR 10-20,2.6,96,42.55949510,12.63507260,Commercial Area,"Str. di S. Martino, 122, 05100 Terni TR, Italy",https://www.billytacos.it/trova-uno-store,
2236,Billy Tacos,Piemonte,Torino,TO,Moncalieri,Mexican,EUR 10-20,3.3,217,44.97599000,7.70979800,Shopping Mall,"Via Fortunato Postiglione, 1, 10024 Moncalieri TO, Italy",https://www.billytacos.it/trova-uno-store,
2237,Billy Tacos,Piemonte,Torino,TO,Nichelino,Mexican,EUR 10-20,2.9,48,44.98436420,7.62211350,Shopping Mall,"c/o CC Mondojuve, Via Scarrone, 22, 10042 Nichelino TO, Italy",https://www.billytacos.it/trova-uno-store,
2238,Billy Tacos,Veneto,Treviso,TV,Treviso,Mexican,EUR 10-20,2.7,255,45.66853890,12.22395810,Commercial Area,"Viale della Repubblica, 31100 Treviso TV, Italy",https://www.billytacos.it/trova-uno-store,
2239,Billy Tacos,Veneto,Treviso,TV,Silea,Mexican,EUR 10-20,3.2,99,45.65052240,12.31043550,Shopping Mall,"Via Giovanni Sartorelli, 4, 31057 Silea TV, Italy",https://www.billytacos.it/trova-uno-store,
2240,Billy Tacos,Friuli-Venezia Giulia,Trieste,TS,Trieste,Mexican,EUR 10-20,2.8,86,45.61696280,13.81898020,Commercial Area,"Via Flavia, 104c, 34147 Trieste TS, Italy",https://www.billytacos.it/trova-uno-store,
2241,Billy Tacos,Veneto,Verona,VR,Festara,Mexican,EUR 10-20,3,179,45.43934560,10.86440060,Shopping Mall,"Via Trentino, 1, 37060 Sona VR, Italy",https://www.billytacos.it/trova-uno-store,
2242,Billy Tacos,Veneto,Vicenza,VI,Vicenza,Mexican,EUR 10-20,2.7,59,45.53342860,11.50648130,Commercial Area,"Str. Padana Verso Verona, 11, 36100 Vicenza VI, Italy",https://www.billytacos.it/trova-uno-store,
2243,Billy Tacos,Veneto,Vicenza,VI,Vicenza,Mexican,EUR 10-20,2.5,162,45.52910480,11.59547230,Shopping Mall,"Centro Commerciale Palladio, Str. Padana verso Padova, 60, 36100 Vicenza VI, Italy",https://www.billytacos.it/trova-uno-store,
2244,Billy Tacos,Piemonte,Novara,NO,Vicolungo,Mexican,EUR 10-20,3.6,271,45.46764380,8.46115540,Shopping Mall,"Piazza Santa Caterina, 1, 28060 Vicolungo NO, Italy",https://www.billytacos.it/trova-uno-store,
2245,Billy Tacos,Lombardia,Monza e della Brianza,MB,Torri Bianche,Mexican,EUR 10-20,3.2,145,45.60072050,9.36154190,Shopping Mall,"Via Torri Bianche, 1, 20871 Vimercate MB, Italy",https://www.billytacos.it/trova-uno-store,
2246,Burgez,Lombardia,Milano,MI,Milano,Burgers,EUR 10-20,4.2,737,45.45526960,9.16787400,Commercial Area,"Via Savona, 15, 20144 Milano MI, Italy",https://burgez.com/location,
2247,Burgez,Lombardia,Milano,MI,Milano,Burgers,EUR 10-20,4,688,45.47421470,9.21501470,City Center,"Via Bartolomeo Eustachi, 8, 20129 Milano MI, Italy",https://burgez.com/location,
2248,Burgez,Lombardia,Milano,MI,Milano,Burgers,EUR 10-20,4.2,470,45.46731360,9.15300850,Commercial Area,"Via Marghera, 18, 20149 Milano MI, Italy",https://burgez.com/location,
2249,Burgez,Lombardia,Milano,MI,Milano,Burgers,EUR 10-20,4.2,603,45.48641970,9.18696470,City Center,"Via Carmagnola, 8, 20159 Milano MI, Italy",https://burgez.com/location,
2250,Burgez,Lombardia,Milano,MI,Milano,Burgers,EUR 10-20,4,134,45.45161190,9.18734370,Commercial Area,"V.le Bligny, 2, 20136 Milano MI, Italy",https://burgez.com/location,
2251,Burgez,Lombardia,Milano,MI,Milano,Burgers,EUR 10-20,4,218,45.45765600,9.20646420,Commercial Area,"Via Bergamo, 1, 20135 Milano MI, Italy",https://burgez.com/location,
2252,Burgez,Piemonte,Torino,TO,Torino,Burgers,EUR 10-20,3.8,525,45.06599640,7.68484810,City Center,"Via Giovanni Giolitti, 16, 10123 Torino TO, Italy",https://burgez.com/location,
2253,Burgez,Lazio,Roma,RM,Roma,Burgers,EUR 10-20,3.9,411,41.90871850,12.45488550,City Center,"Via Candia, 6, 00192 Roma RM, Italy",https://burgez.com/location,
2254,Burgez,Emilia-Romagna,Bologna,BO,Bologna,Burgers,EUR 10-20,3.2,173,44.49618230,11.33740040,City Center,"Via Guglielmo Marconi, 3, 40121 Bologna BO, Italy",https://burgez.com/location,
2255,Burgez,Veneto,Verona,VR,Verona,Burgers,EUR 10-20,3,455,45.43479330,10.98774250,City Center,"Via della Valverde, 27, 37122 Verona VR, Italy",https://burgez.com/location,
2256,Roadhouse Restaurant,Lombardia,Monza e della Brianza,MB,Agrate Brianza,Steakhouse,EUR 10-20,3.6,"1,289",45.56870550,9.36339280,Highway / Service Area,"Via G. Matteotti, 20864 Agrate Brianza MB, Italy",https://www.roadhouse.it/store-locator/#!,
2257,Roadhouse Restaurant,Sicilia,Catania,CT,Misterbianco,Steakhouse,EUR 10-20,4.2,763,37.47654420,15.01155640,Shopping Mall,"SP54, 95045 Misterbianco CT, Italy",https://www.roadhouse.it/store-locator/#!,
2258,Roadhouse Restaurant,Piemonte,Novara,NO,Vicolungo,Steakhouse,EUR 10-20,4,"2,423",45.46740800,8.46170590,Shopping Mall,"The Style Outlets, Piazza Santa Caterina, 1, 28060 Vicolungo NO, Italy",https://www.roadhouse.it/store-locator/#!,
2260,Roadhouse Restaurant,Emilia-Romagna,Reggio Emilia,RE,Reggio Emilia,Steakhouse,EUR 10-20,3.8,485,44.71479350,10.65068830,Shopping Mall,"Piazzale Atleti Azzuri D'Italia, 5, 42122 Reggio nell'Emilia RE, Italy",https://www.roadhouse.it/store-locator/#!,
2261,Roadhouse Restaurant,Lombardia,Monza e della Brianza,MB,Vimercate,Steakhouse,EUR 20-30,4.7,83,45.60041440,9.35740270,Shopping Mall,"Via Torri Bianche, 1, 20871 Vimercate MB, Italy",https://www.roadhouse.it/store-locator/#!,
2262,Roadhouse Restaurant,Piemonte,Torino,TO,Ivrea,Steakhouse,EUR 20-30,4,113,45.46940280,7.90852300,Commercial Area,"Corso Vercelli, 342, 10015 Ivrea TO, Italy",https://www.roadhouse.it/store-locator/#!,
2263,Roadhouse Restaurant,Lombardia,Monza e della Brianza,MB,Copreno,Steakhouse,EUR 20-30,3.8,"1,584",45.69212610,9.10408780,Shopping Mall,"frazione di, Via Nazionale dei Giovi, 272, 20823 Copreno MB, Italy",https://www.roadhouse.it/store-locator/#!,
2264,Roadhouse Restaurant,Campania,Napoli,NA,Pompei,Steakhouse,EUR 10-20,4.7,312,40.74136150,14.50272200,Shopping Mall,"o CC La Cartiera, Via Macello, 22 c, 80045 Pompei NA, Italy",https://www.roadhouse.it/store-locator/#!,
2265,Roadhouse Restaurant,Piemonte,Torino,TO,Torino,Steakhouse,EUR 20-30,3.7,54,45.10791370,7.64417810,Commercial Area,"Str. Altessano, 12, 10151 Torino TO, Italy",https://www.roadhouse.it/store-locator/#!,
2266,Roadhouse Restaurant,Veneto,Verona,VR,Affi,Steakhouse,EUR 20-30,3.8,"2,754",45.55222870,10.78556660,Shopping Mall,"Via S. Pieretto, 23, 37010 Affi VR, Italy",https://www.roadhouse.it/store-locator/#!,
2267,Roadhouse Restaurant,Piemonte,Alessandria,AL,Alessandria,Steakhouse,EUR 20-30,3.7,"1,558",44.90752990,8.63694030,Commercial Area,"Via Marengo, 15121 Alessandria AL, Italy",https://www.roadhouse.it/store-locator/#!,
2268,Roadhouse Restaurant,Marche,Ancona,AN,Ancona,Steakhouse,EUR 20-30,3.9,"2,168",43.56011010,13.51080190,Commercial Area,"Via 1º Maggio, 60131 Ancona AN, Italy",https://www.roadhouse.it/store-locator/#!,
2269,Roadhouse Restaurant,Lombardia,Bergamo,BG,Antegnate,Steakhouse,EUR 10-20,3.7,757,45.48072270,9.78152090,Shopping Mall,"Via del Commercio 3 C/o Antegnate Shopping Center, 24051 Antegnate BG, Italy",https://www.roadhouse.it/store-locator/#!,
2270,Roadhouse Restaurant,Valle d'Aosta,Aosta,AO,Saint-Christophe,Steakhouse,EUR 20-30,3.9,"1,241",45.73955680,7.35297940,Commercial Area,"Località Grand Chemin, 156, 11020 Saint-Christophe AO, Italy",https://www.roadhouse.it/store-locator/#!,
2271,Roadhouse Restaurant,Lombardia,Milano,MI,Arese,Steakhouse,EUR 10-30,3.6,"1,685",45.56393040,9.05474500,Shopping Mall,"Via Giuseppe Eugenio Luraghi, 11, 20044 Arese MI, Italy",https://www.roadhouse.it/store-locator/#!,
2272,Roadhouse Restaurant,Toscana,Arezzo,AR,Arezzo,Steakhouse,EUR 20-30,4.3,"1,687",43.45277360,11.86540200,Commercial Area,"Via Giuseppe Giusti, 52100 Arezzo AR, Italy",https://www.roadhouse.it/store-locator/#!,
2273,Roadhouse Restaurant,Lombardia,Milano,MI,Assago,Steakhouse,EUR 20-30,3.7,"1,703",45.40374600,9.15259400,Shopping Mall,"c/o CC, V.le Milanofiori, 20090 Assago MI, Italy",https://www.roadhouse.it/store-locator/#!,
2274,Roadhouse Restaurant,Piemonte,Asti,AT,Asti,Steakhouse,EUR 20-30,3.8,"1,878",44.90617000,8.23402520,Commercial Area,"Corso Alessandria, 348, 14100 Asti AT, Italy",https://www.roadhouse.it/store-locator/#!,
2275,Roadhouse Restaurant,Lombardia,Milano,MI,Baranzate,Steakhouse,EUR 20-30,3.9,"1,477",45.52225750,9.11647280,Commercial Area,"Via Milano, 265, 20021 Baranzate MI, Italy",https://www.roadhouse.it/store-locator/#!,
2276,Roadhouse Restaurant,Puglia,Bari,BA,Bari,Steakhouse,EUR 20-30,3.7,"1,076",41.09868820,16.83133300,Shopping Mall,"c/o Parco Commerciale Santa Caterina, Str. Santa Caterina, 16, 70124 Bari BA, Italy",https://www.roadhouse.it/store-locator/#!,
2277,Roadhouse Restaurant,Piemonte,Torino,TO,Beinasco,Steakhouse,EUR 20-30,3.9,"1,151",45.02571240,7.58944620,Shopping Mall,"Viale del Risorgimento, 10092 Beinasco TO, Italy",https://www.roadhouse.it/store-locator/#!,
2278,Roadhouse Restaurant,Lombardia,Milano,MI,Bellinzago Lombardo,Steakhouse,EUR 10-20,3.7,"1,403",45.54605700,9.45175700,Shopping Mall,"Via I Maggio, 2, 20060 Bellinzago Lombardo MI, Italy",https://www.roadhouse.it/store-locator/#!,
2279,Roadhouse Restaurant,Piemonte,Novara,NO,Bellinzago Novarese,Steakhouse,EUR 10-20,3.7,663,45.55396710,8.64094810,Shopping Mall,"Via della Libertà, 231, 28043 Bellinzago Novarese NO, Italy",https://www.roadhouse.it/store-locator/#!,
2280,Roadhouse Restaurant,Veneto,Belluno,BL,Belluno,Steakhouse,EUR 10-20,3.9,871,46.15821140,12.23591870,Commercial Area,"Angolo, Via Masi Simonetti, 32100 Belluno BL, Italy",https://www.roadhouse.it/store-locator/#!,
2281,Roadhouse Restaurant,Lombardia,Bergamo,BG,Bergamo,Steakhouse,EUR 20-30,3.9,"2,249",45.68010180,9.67401510,Commercial Area,"Via Roggia Guidana, 1, 24126 Bergamo BG, Italy",https://www.roadhouse.it/store-locator/#!,
2282,Roadhouse Restaurant,Emilia-Romagna,Bologna,BO,San Lazzaro di Savena,Steakhouse,EUR 20-30,3.8,"3,135",44.48072200,11.41930220,Commercial Area,"Via Caselle, 103, 40068 San Lazzaro di Savena BO, Italy",https://www.roadhouse.it/store-locator/#!,
2283,Roadhouse Restaurant,Emilia-Romagna,Bologna,BO,Bologna,Steakhouse,EUR 20-30,3.8,"5,129",44.51305770,11.35775900,Commercial Area,"V. Stalingrado, 40, 40128 Bologna BO, Italy",https://www.roadhouse.it/store-locator/#!,
2284,Roadhouse Restaurant,Trentino-Alto Adige,Bolzano,BZ,Bolzano,Steakhouse,EUR 20-30,3.8,"1,163",46.46823520,11.32678390,Commercial Area,"Via Albert Einstein, 39100 Bolzano BZ, Italy",https://www.roadhouse.it/store-locator/#!,
2285,Roadhouse Restaurant,Piemonte,Novara,NO,Cascina Piola,Steakhouse,EUR 20-30,3.8,824,45.71910970,8.48871410,Service Area,"Via Piola, 30, 28013 Cascina Piola NO, Italy",https://www.roadhouse.it/store-locator/#!,
2286,Roadhouse Restaurant,Lombardia,Brescia,BS,Brescia,Steakhouse,EUR 20-30,3.8,"3,057",45.51396010,10.22770150,Commercial Area,"Via Borgosatollo, 1, 25124 Brescia BS, Italy",https://www.roadhouse.it/store-locator/#!,
2287,Roadhouse Restaurant,Lombardia,Pavia,PV,Broni,Steakhouse,EUR 20-30,3.8,"1,078",45.07412390,9.27330560,Commercial Area,"Via Luigi Einaudi, 2, 27043 Broni PV, Italy",https://www.roadhouse.it/store-locator/#!,
2288,Roadhouse Restaurant,Lombardia,Monza e della Brianza,MB,Cornate d'Adda,Steakhouse,EUR 20-30,3.7,903,45.62280030,9.47392600,Shopping Mall,"Via Enrico Berlinguer, 48, 20872 Cornate d'Adda MB, Italy",https://www.roadhouse.it/store-locator/#!,
2289,Roadhouse Restaurant,Veneto,Verona,VR,Bussolengo,Steakhouse,EUR 10-20,4,"1,335",45.44658220,10.86213300,Commercial Area,"SR11, 37012 Bussolengo VR, Italy",https://www.roadhouse.it/store-locator/#!,
2290,Roadhouse Restaurant,Sardegna,Cagliari,CA,Cagliari,Steakhouse,EUR 10-20,4.6,131,39.22889820,9.13269110,Commercial Area,"Viale Marconi, 41, 09129 Cagliari CA, Italy",https://www.roadhouse.it/store-locator/#!,
2291,Roadhouse Restaurant,Lombardia,Bergamo,BG,Capriate San Gervasio,Steakhouse,EUR 20-30,3.7,"2,395",45.61093540,9.53832120,Service Area,"Via Papa Pio X, 5, 24042 Capriate San Gervasio BG, Italy",https://www.roadhouse.it/store-locator/#!,
2292,Roadhouse Restaurant,Emilia-Romagna,Modena,MO,Carpi,Steakhouse,EUR 20-30,3.8,"2,111",44.77562150,10.86132170,Commercial Area,"Via delle Magliaie, 5, 41012 Carpi MO, Italy",https://www.roadhouse.it/store-locator/#!,
2293,Roadhouse Restaurant,Emilia-Romagna,Bologna,BO,Zona Industriale Via del Lavoro,Steakhouse,EUR 20-30,3.7,"1,695",44.48722440,11.24586240,Shopping Mall,"Via Antonio de Curtis, 40033 Casalecchio di Reno BO, Italy",https://www.roadhouse.it/store-locator/#!,
2294,Roadhouse Restaurant,Lombardia,Milano,MI,Milano,Steakhouse,EUR 20-30,3.9,554,45.51411950,9.10209080,Shopping Mall,"Merlata Bloom, Via Triboniano, 20156 Milano MI, Italy",https://www.roadhouse.it/store-locator/#!,
2295,Roadhouse Restaurant,Lazio,Roma,RM,Castel Romano,Steakhouse,EUR 20-30,3.9,"2,680",41.71624870,12.44594280,Shopping Mall,"Via del Ponte di Piscina Cupa, 00128 Castel Romano RM, Italy",https://www.roadhouse.it/store-locator/#!,
2296,Roadhouse Restaurant,Piemonte,Novara,NO,Castelletto sopra Ticino,Steakhouse,EUR 20-30,3.8,"2,184",45.72033360,8.60565170,Shopping Mall,"Via Sempione, 33, 28053 Castelletto sopra Ticino NO, Italy",https://www.roadhouse.it/store-locator/#!,
2297,Roadhouse Restaurant,Sicilia,Catania,CT,Catania,Steakhouse,EUR 10-20,3.9,"1,996",37.47354640,15.04883980,Shopping Mall,"Via Gelso Bianco, 92/Piano Terra, 95121 Catania CT, Italy",https://www.roadhouse.it/store-locator/#!,
2298,Roadhouse Restaurant,Lombardia,Lecco,LC,Cernusco Lombardone,Steakhouse,EUR 20-30,3.9,"1,544",45.69065760,9.40056680,Shopping Mall,"Via Spluga, 54, 23870 Cernusco Lombardone LC, Italy",https://www.roadhouse.it/store-locator/#!,
2299,Roadhouse Restaurant,Piemonte,Torino,TO,Chivasso,Steakhouse,EUR 20-30,3.8,"1,570",45.20145830,7.89262880,Shopping Mall,"Via Peppino Impastato, 230, 10034 Chivasso TO, Italy",https://www.roadhouse.it/store-locator/#!,
2300,Roadhouse Restaurant,Lombardia,Milano,MI,Cinisello Balsamo,Steakhouse,EUR 20-30,3.8,"3,267",45.55851390,9.24022170,Shopping Mall,"Via Padre Antonio Ronchi, 2, 20092 Cinisello Balsamo MI, Italy",https://www.roadhouse.it/store-locator/#!,
2301,Roadhouse Restaurant,Lombardia,Milano,MI,Milano,Steakhouse,EUR 20-30,3.8,"1,970",45.47835100,9.15465470,Shopping Mall,"Piazza Tre Torri c/o, Shopping District, 20122 Milano MI, Italy",https://www.roadhouse.it/store-locator/#!,
2302,Roadhouse Restaurant,Marche,Macerata,MC,Civitanova Marche,Steakhouse,EUR 10-20,3.8,694,43.29338660,13.70109230,Shopping Mall,"Via S. Costantino, 98, 62012 Civitanova Marche MC, Italy",https://www.roadhouse.it/store-locator/#!,
2303,Roadhouse Restaurant,Piemonte,Torino,TO,Collegno,Steakhouse,EUR 20-30,3.8,"4,377",45.09633950,7.57491670,Commercial Area,"Via Rocciamelone, 1, 10093 Collegno TO, Italy",https://www.roadhouse.it/store-locator/#!,
2304,Roadhouse Restaurant,Lombardia,Como,CO,Como,Steakhouse,EUR 10-20,3.9,"1,534",45.79723470,9.11412610,Commercial Area,"Via Oltrecolle angolo, V. Statale per Lecco, 22100 Como CO, Italy",https://www.roadhouse.it/store-locator/#!,
2305,Roadhouse Restaurant,Veneto,Treviso,TV,San Martino,Steakhouse,EUR 20-30,3.7,"1,837",45.90736470,12.33845820,Commercial Area,"Via Villa Liccer, 1, 31020 San Fior TV, Italy",https://www.roadhouse.it/store-locator/#!,
2306,Roadhouse Restaurant,Lombardia,Milano,MI,Corbetta,Steakhouse,EUR 20-30,3.7,"2,222",45.47349330,8.91711510,Commercial Area,"Via Simone da Corbetta, 51, 20011 Corbetta MI, Italy",https://www.roadhouse.it/store-locator/#!,
2307,Roadhouse Restaurant,Lombardia,Milano,MI,Cornaredo,Steakhouse,EUR 20-30,3.8,"2,108",45.48905740,9.03144910,Commercial Area,"Via Milano, 19, 20010 Cornaredo MI, Italy",https://www.roadhouse.it/store-locator/#!,
2308,Roadhouse Restaurant,Lombardia,Milano,MI,Corsico,Steakhouse,EUR 20-30,3.7,"3,515",45.43418090,9.09366920,Commercial Area,"Viale Italia, 53, 20094 Corsico MI, Italy",https://www.roadhouse.it/store-locator/#!,
2309,Roadhouse Restaurant,Lombardia,Cremona,CR,Cremona,Steakhouse,EUR 20-30,4,"1,352",45.14473470,10.06764780,Commercial Area,"Via Santa Cristina, 2, 26100 Cremona CR, Italy",https://www.roadhouse.it/store-locator/#!,
2310,Roadhouse Restaurant,Lombardia,Bergamo,BG,Curno,Steakhouse,EUR 20-30,3.8,"1,939",45.69198800,9.62486580,Shopping Mall,"Via Antonio Meucci, 1, 24035 Curno BG, Italy",https://www.roadhouse.it/store-locator/#!,
2311,Roadhouse Restaurant,Lombardia,Mantova,MN,Curtatone,Steakhouse,EUR 20-30,3.8,"1,836",45.15379970,10.72719640,Shopping Mall,"Via Giovanni Campia, 46010 Curtatone MN, Italy",https://www.roadhouse.it/store-locator/#!,
2312,Roadhouse Restaurant,Lombardia,Bergamo,BG,Dalmine,Steakhouse,EUR 20-30,3.9,"2,688",45.65373990,9.62275670,Commercial Area,"Via Vailetta, 24044 Dalmine BG, Italy",https://www.roadhouse.it/store-locator/#!,
2313,Roadhouse Restaurant,Lombardia,Brescia,BS,Desenzano del Garda,Steakhouse,EUR 20-30,3.9,"2,089",45.46896390,10.52833880,Commercial Area,"Via Guglielmo Marconi, Via E. Andreis, 85, 25015 Desenzano del Garda BS, Italy",https://www.roadhouse.it/store-locator/#!,
2314,Roadhouse Restaurant,Lombardia,Como,CO,Erba,Steakhouse,EUR 20-30,3.8,643,45.80285380,9.22442040,Commercial Area,"Via Comana Lunga, Via delle Grigne, 2, 22036 Erba CO, Italy",https://www.roadhouse.it/store-locator/#!,
2315,Roadhouse Restaurant,Emilia-Romagna,Ferrara,FE,Ferrara,Steakhouse,EUR 20-30,3.9,"2,151",44.84891180,11.59107960,Commercial Area,"Via Eridano, 2d, 44100 Ferrara FE, Italy",https://www.roadhouse.it/store-locator/#!,
2316,Roadhouse Restaurant,Emilia-Romagna,Ferrara,FE,Ferrara,Steakhouse,EUR 20-30,3.8,"1,869",44.81523340,11.60010090,Commercial Area,"Via Bologna, 391, 44124 Ferrara FE, Italy",https://www.roadhouse.it/store-locator/#!,
2317,Roadhouse Restaurant,Emilia-Romagna,Parma,PR,Fidenza,Steakhouse,EUR 20-30,3.9,"3,467",44.88537690,10.08799010,Shopping Mall,"Via Federico Fellini, 43036 Fidenza PR, Italy",https://www.roadhouse.it/store-locator/#!,
2318,Roadhouse Restaurant,Emilia-Romagna,Modena,MO,Fiorano Modenese,Steakhouse,EUR 20-30,3.9,788,44.54735360,10.85840230,Commercial Area,"Via Giardini, 41042 Fiorano Modenese MO, Italy",https://www.roadhouse.it/store-locator/#!,
2319,Roadhouse Restaurant,Toscana,Firenze,FI,Campi Bisenzio,Steakhouse,EUR 20-30,3.8,"3,368",43.84596660,11.14011830,Shopping Mall,"28, Via Fratelli Cervi, 24/26, 50013 Campi Bisenzio FI, Italy",https://www.roadhouse.it/store-locator/#!,
2320,Roadhouse Restaurant,Emilia-Romagna,Forlì-Cesena,FC,Forlì,Steakhouse,EUR 20-30,4.2,681,44.24799730,12.08846680,Shopping Mall,"Via Liliana Vasumini, 47122 Forlì FC, Italy",https://www.roadhouse.it/store-locator/#!,
2321,Roadhouse Restaurant,Lombardia,Varese,VA,Gallarate,Steakhouse,EUR 20-30,3.7,"3,171",45.64977160,8.80817430,Commercial Area,"Via Padre Angelo Ambrosoli, 16, 21013 Gallarate VA, Italy",https://www.roadhouse.it/store-locator/#!,
2322,Roadhouse Restaurant,Lombardia,Milano,MI,Garbagnate Milanese,Steakhouse,EUR 20-30,3.9,"2,153",45.57647650,9.06582860,Commercial Area,"SP233, 20024 Garbagnate Milanese MI, Italy",https://www.roadhouse.it/store-locator/#!,
2323,Roadhouse Restaurant,Liguria,Genova,GE,Genova,Steakhouse,EUR 20-30,3.6,"1,831",44.40841370,8.92248930,Shopping Mall,"Via Magazzini del Cotone, 19, 16128 Genova GE, Italy",https://www.roadhouse.it/store-locator/#!,
2324,Roadhouse Restaurant,Lombardia,Monza e della Brianza,MB,Paìna,Steakhouse,EUR 10-20,3.8,"1,743",45.68007340,9.19582940,Commercial Area,"Viale Como, 45, 20833 Giussano MB, Italy",https://www.roadhouse.it/store-locator/#!,
2325,Roadhouse Restaurant,Lazio,Roma,RM,Roma,Steakhouse,EUR 10-30,3.8,990,41.88433560,12.60667130,Shopping Mall,"V.le Marisa Bellisario, 00155 Roma RM, Italy",https://www.roadhouse.it/store-locator/#!,
2326,Roadhouse Restaurant,Piemonte,Verbano-Cusio-Ossola,VB,Gravellona Toce,Steakhouse,EUR 20-30,3.9,"2,391",45.93078080,8.43606570,Shopping Mall,"Corso Guglielmo Marconi, 32e, 28883 Gravellona Toce VB, Italy",https://www.roadhouse.it/store-locator/#!,
2327,Roadhouse Restaurant,Toscana,Grosseto,GR,Grosseto,Steakhouse,EUR 20-30,3.7,"1,551",42.77769770,11.10440040,Commercial Area,"Viale Europa, 10, 58100 Grosseto GR, Italy",https://www.roadhouse.it/store-locator/#!,
2328,Roadhouse Restaurant,Emilia-Romagna,Bologna,BO,Imola,Steakhouse,EUR 20-30,3.8,"1,788",44.37545650,11.73359790,Commercial Area,"Via Ugo la Malfa, 16, 40026 Imola BO, Italy",https://www.roadhouse.it/store-locator/#!,
2329,Roadhouse Restaurant,Liguria,La Spezia,SP,La Spezia,Steakhouse,EUR 20-30,3.8,"1,174",44.11930490,9.83255510,Shopping Mall,"Via Fontevivo, 17, 19125 La Spezia SP, Italy",https://www.roadhouse.it/store-locator/#!,
2330,Roadhouse Restaurant,Lombardia,Milano,MI,Lainate,Steakhouse,EUR 20-30,3.8,"2,689",45.56145880,9.02914040,Service Area,"Via Rho, 5, 20020 Lainate MI, Italy",https://www.roadhouse.it/store-locator/#!,
2331,Roadhouse Restaurant,Lombardia,Milano,MI,Lainate,Steakhouse,EUR 20-30,3.8,"2,689",45.56145880,9.02914040,Service Area,"Via Rho, 5, 20020 Lainate MI, Italy",https://www.roadhouse.it/store-locator/#!,
2332,Roadhouse Restaurant,Lombardia,Milano,MI,Legnano,Steakhouse,EUR 20-30,3.8,"3,057",45.60845580,8.91849850,Commercial Area,"Via Saronnese, 16, 20025 Legnano MI, Italy",https://www.roadhouse.it/store-locator/#!,
2333,Roadhouse Restaurant,Lombardia,Monza e della Brianza,MB,Copreno,Steakhouse,EUR 20-30,3.8,"1,584",45.69212610,9.10408780,Shopping Mall,"frazione di, Via Nazionale dei Giovi, 272, 20823 Copreno MB, Italy",https://www.roadhouse.it/store-locator/#!,
2334,Roadhouse Restaurant,Toscana,Lucca,LU,Lido di Camaiore,Steakhouse,EUR 20-30,3.9,"2,318",43.89789340,10.23397930,Commercial Area,"Via Don Minzoni, 55041 Lido di Camaiore LU, Italy",https://www.roadhouse.it/store-locator/#!,
2335,Roadhouse Restaurant,Lombardia,Monza e della Brianza,MB,Lissone,Steakhouse,EUR 20-30,3.8,"3,115",45.60805350,9.22836760,Commercial Area,"Via Francesco Cilea, 2, 20851 Lissone MB, Italy",https://www.roadhouse.it/store-locator/#!,
2336,Roadhouse Restaurant,Toscana,Livorno,LI,Livorno,Steakhouse,EUR 20-30,3.8,"1,043",43.53012840,10.32825720,Shopping Mall,"Via Giovanni Gelati, 10, 57124 Livorno LI, Italy",https://www.roadhouse.it/store-locator/#!,
2337,Roadhouse Restaurant,Lombardia,Lodi,LO,Casale Sant'Antonio-Europa,Steakhouse,EUR 20-30,3.7,"1,673",45.27602740,9.45593740,Shopping Mall,"Via delle Nazioni Unite, 1 c/o C.C, 26854 Pieve Fissiraga LO, Italy",https://www.roadhouse.it/store-locator/#!,
2338,Roadhouse Restaurant,Marche,Macerata,MC,Corridonia,Steakhouse,EUR 20-30,3.8,"1,139",43.27023840,13.48366350,Shopping Mall,"Via Enrico Mattei, 177, 62014 Corridonia MC, Italy",https://www.roadhouse.it/store-locator/#!,
2339,Roadhouse Restaurant,Lombardia,Mantova,MN,Case Ghisiolo,Steakhouse,EUR 20-30,4,"2,149",45.16533810,10.82538860,Commercial Area,"Via Aldo Levoni, 11, 46100 Mantova MN, Italy",https://www.roadhouse.it/store-locator/#!,
2340,Roadhouse Restaurant,Lombardia,Milano,MI,Francolino,Steakhouse,EUR 20-30,3.7,"1,539",45.34860080,9.28346770,Service Area,"Via Don Giuseppe Dossetti, 2/D, 20074 Francolino MI, Italy",https://www.roadhouse.it/store-locator/#!,
2341,Roadhouse Restaurant,Veneto,Venezia,VE,Venezia,Steakhouse,EUR 20-30,3.8,"3,296",45.50416460,12.23479290,Commercial Area,"Via Alfredo Ceccherini, 20, 30174 Venezia VE, Italy",https://www.roadhouse.it/store-locator/#!,
2342,Roadhouse Restaurant,Lombardia,Milano,MI,Milano,Steakhouse,EUR 20-30,3.6,"1,448",45.52142710,9.21578420,Shopping Mall,"Viale Sarca, c/o CC, Bicocca Village, 20122 Milano MI, Italy",https://www.roadhouse.it/store-locator/#!,
2343,Roadhouse Restaurant,Lombardia,Milano,MI,Milano,Steakhouse,EUR 20-30,3.6,"1,842",45.48552390,9.20385970,Transport Hub,"Piazza Duca d'Aosta, 20124 Milano MI, Italy",https://www.roadhouse.it/store-locator/#!,
2344,Roadhouse Restaurant,Lombardia,Milano,MI,Milano,Steakhouse,EUR 10-20,3.7,118,45.48468500,9.18760260,Transport Hub,"Piazza Sigmund Freud, c/o Stazione, 1, 20124 Milano MI, Italy",https://www.roadhouse.it/store-locator/#!,
2345,Roadhouse Restaurant,Lombardia,Milano,MI,Milano,Steakhouse,EUR 10-20,3.7,118,45.48468500,9.18760260,Transport Hub,"Piazza Sigmund Freud, c/o Stazione, 1, 20124 Milano MI, Italy",https://www.roadhouse.it/store-locator/#!,
2346,Roadhouse Restaurant,Lombardia,Milano,MI,Locate di Triulzi,Steakhouse,EUR 10-20,3.8,"1,451",45.36125960,9.21793280,Shopping Mall,"c/o CC Scalo Milano, Via Milano, 20085 Locate di Triulzi MI, Italy",https://www.roadhouse.it/store-locator/#!,
2347,Roadhouse Restaurant,Lombardia,Milano,MI,Milano,Steakhouse,EUR 10-20,3.8,"1,138",45.46287210,9.19602110,City Center,"Via Carlo Giuseppe Merlo, 1, 20122 Milano MI, Italy",https://www.roadhouse.it/store-locator/#!,
2348,Roadhouse Restaurant,Sicilia,Messina,ME,Milazzo,Steakhouse,EUR 10-20,3.8,517,38.18711940,15.26845800,Shopping Mall,"via Firenze CC Parco Corolla, 98057 Milazzo ME, Italy",https://www.roadhouse.it/store-locator/#!,
2349,Roadhouse Restaurant,Emilia-Romagna,Ravenna,RA,Ravenna,Steakhouse,EUR 20-30,3.9,"2,299",44.33436280,12.27045680,Commercial Area,"Via Standiana, 54, 48125 Ravenna RA, Italy",https://www.roadhouse.it/store-locator/#!,
2350,Roadhouse Restaurant,Emilia-Romagna,Modena,MO,Modena,Steakhouse,EUR 20-30,4,"4,033",44.57360370,10.98426390,Service Area,"Str. Vignolese, 1653/A, 41126 Modena MO, Italy",https://www.roadhouse.it/store-locator/#!,
2351,Roadhouse Restaurant,Emilia-Romagna,Modena,MO,Modena,Steakhouse,EUR 20-30,3.9,"2,880",44.65992370,10.92058790,Commercial Area,"Via Sergio Ramelli, 101, 41122 Modena MO, Italy",https://www.roadhouse.it/store-locator/#!,
2352,Roadhouse Restaurant,Lombardia,Como,CO,Montano Lucino,Steakhouse,EUR 20-30,3.9,"2,122",45.77896620,9.04067490,Shopping Mall,"Via Adda, 22070 Montano Lucino CO, Italy",https://www.roadhouse.it/store-locator/#!,
2353,Roadhouse Restaurant,Veneto,Vicenza,VI,Montecchio Maggiore,Steakhouse,EUR 20-30,3.9,"1,185",45.50095800,11.43593350,Commercial Area,"Viale Trieste, 36075 Montecchio Maggiore VI, Italy",https://www.roadhouse.it/store-locator/#!,
2354,Roadhouse Restaurant,Lombardia,Monza e della Brianza,MB,Monza,Steakhouse,EUR 20-30,3.8,"1,424",45.57500710,9.30899680,Commercial Area,"Viale Gian Battista Stucchi, 20, 20900 Monza MB, Italy",https://www.roadhouse.it/store-locator/#!,
2355,Roadhouse Restaurant,Piemonte,Novara,NO,Novara,Steakhouse,EUR 20-30,3.8,"2,210",45.46803900,8.62790030,Shopping Mall,"Parco Commerciale Nov'aria, Via Carlo Schleifer, n. 8, 28100 Novara NO, Italy",https://www.roadhouse.it/store-locator/#!,
2356,Roadhouse Restaurant,Veneto,Venezia,VE,Noventa di Piave,Steakhouse,EUR 10-20,3.9,"1,379",45.66726760,12.53518700,Commercial Area,"Via Calnova, 136, 30020 Noventa di Piave VE, Italy",https://www.roadhouse.it/store-locator/#!,
2357,Roadhouse Restaurant,Lombardia,Como,CO,Olgiate Comasco,Steakhouse,EUR 20-30,3.8,"1,599",45.78807880,8.95359110,Commercial Area,"Via Roma, 116, 22077 Olgiate Comasco CO, Italy",https://www.roadhouse.it/store-locator/#!,
2358,Roadhouse Restaurant,Lombardia,Bergamo,BG,Azzano San Paolo,Steakhouse,EUR 20-30,3.8,"2,987",45.66184640,9.69646120,Transport Hub,"Via Toscana, 12 c/o C, 24052 Azzano San Paolo BG, Italy",https://www.roadhouse.it/store-locator/#!,
2359,Roadhouse Restaurant,Veneto,Padova,PD,Padova,Steakhouse,EUR 20-30,3.7,"4,584",45.40988480,11.90749560,Commercial Area,"Via Pietro Donà, 2, 35100 Padova PD, Italy",https://www.roadhouse.it/store-locator/#!,
2360,Roadhouse Restaurant,Veneto,Padova,PD,Padova,Steakhouse,EUR 20-30,3.9,"1,266",45.41204050,11.84312510,Commercial Area,"Via Chiesanuova, 56, 35136 Padova PD, Italy",https://www.roadhouse.it/store-locator/#!,
2361,Roadhouse Restaurant,Emilia-Romagna,Parma,PR,Parma,Steakhouse,EUR 20-30,4,"5,749",44.83699850,10.33859090,Commercial Area,"Viale delle Esposizioni, 3a, 43122 Parma PR, Italy",https://www.roadhouse.it/store-locator/#!,
2362,Roadhouse Restaurant,Emilia-Romagna,Parma,PR,Parma,Steakhouse,EUR 20-30,4,971,44.80538960,10.30489000,Commercial Area,"Via Alexander Fleming, 2, 43126 Parma PR, Italy",https://www.roadhouse.it/store-locator/#!,
2363,Roadhouse Restaurant,Lombardia,Pavia,PV,San Martino Siccomario,Steakhouse,EUR 20-30,3.8,"1,707",45.15885300,9.12919510,Commercial Area,"Via Filippo Turati, 5, SPexSS35, 38, 27028 San Martino Siccomario PV, Italy",https://www.roadhouse.it/store-locator/#!,
2364,Roadhouse Restaurant,Umbria,Perugia,PG,Perugia,Steakhouse,EUR 20-30,4,"1,247",43.10986150,12.36205300,Commercial Area,"Viale Giovanni Perari, 06125 Perugia PG, Italy",https://www.roadhouse.it/store-locator/#!,
2365,Roadhouse Restaurant,Abruzzo,Pescara,PE,Montesilvano,Steakhouse,EUR 20-30,3.6,265,42.49916260,14.17142220,Commercial Area,"SS16, C.so Umberto I, 447, 65015 Montesilvano PE, Italy",https://www.roadhouse.it/store-locator/#!,
2366,Roadhouse Restaurant,Abruzzo,Pescara,PE,Montesilvano,Steakhouse,EUR 20-30,3.6,265,42.49916260,14.17142220,Commercial Area,"SS16, C.so Umberto I, 447, 65015 Montesilvano PE, Italy",https://www.roadhouse.it/store-locator/#!,
2367,Roadhouse Restaurant,Abruzzo,Pescara,PE,Montesilvano,Steakhouse,EUR 20-30,3.6,265,42.49916260,14.17142220,Commercial Area,"SS16, C.so Umberto I, 447, 65015 Montesilvano PE, Italy",https://www.roadhouse.it/store-locator/#!,
2368,Roadhouse Restaurant,Veneto,Verona,VR,Peschiera del Garda,Steakhouse,EUR 10-20,4,"1,388",45.43288640,10.70568730,Commercial Area,"Località Mandella, 12, 37019 Peschiera del Garda VR, Italy",https://www.roadhouse.it/store-locator/#!,
2369,Roadhouse Restaurant,Emilia-Romagna,Piacenza,PC,Piacenza,Steakhouse,EUR 20-30,3.8,"2,412",45.05498480,9.65999320,Commercial Area,"Via Emilia Pavese, 65, 29100 Piacenza PC, Italy",https://www.roadhouse.it/store-locator/#!,
2370,Roadhouse Restaurant,Lombardia,Milano,MI,Pioltello,Steakhouse,EUR 20-30,3.7,"2,216",45.50284070,9.33981450,Commercial Area,"Via Madre Teresa di Calcutta, Strada Provinciale Cassanese, 20096 Pioltello MI, Italy",https://www.roadhouse.it/store-locator/#!,
2371,Roadhouse Restaurant,Toscana,Pisa,PI,Pisa,Steakhouse,EUR 20-30,4,"1,736",43.69830990,10.38827620,Service Area,"Via Aurelia Sud, 2, 56121 Pisa PI, Italy",https://www.roadhouse.it/store-locator/#!,
2372,Roadhouse Restaurant,Toscana,Pistoia,PT,Pistoia,Steakhouse,EUR 20-30,3.7,"1,801",43.92191370,10.92198600,Commercial Area,"Via Francesco Guicciardini, 4, 51100 Pistoia PT, Italy",https://www.roadhouse.it/store-locator/#!,
2373,Roadhouse Restaurant,Lazio,Roma,RM,Area Produttiva,Steakhouse,EUR 20-30,4,"1,464",41.67706830,12.49913100,Commercial Area,"Largo Goffredo Mameli, 20, 00071 Pomezia RM, Italy",https://www.roadhouse.it/store-locator/#!,
2374,Roadhouse Restaurant,Toscana,Prato,PO,Prato,Steakhouse,EUR 20-30,3.9,"1,773",43.85957470,11.10564580,Commercial Area,"Via E. Berlinguer, 195, 59100 Prato PO, Italy",https://www.roadhouse.it/store-locator/#!,
2375,Roadhouse Restaurant,Piemonte,Torino,TO,Rivoli,Steakhouse,EUR 20-30,3.7,645,45.06722780,7.53362310,Commercial Area,"Corso L. Einaudi, 80, 10098 Rivoli TO, Italy",https://www.roadhouse.it/store-locator/#!,
2376,Roadhouse Restaurant,Lazio,Roma,RM,Roma,Steakhouse,EUR 20-30,4,"1,603",41.79625790,12.53414860,Service Area,"Via Ardeatina, 950, 00154 Roma RM, Italy",https://www.roadhouse.it/store-locator/#!,
2377,Roadhouse Restaurant,Lazio,Roma,RM,Roma,Steakhouse,EUR 20-30,4.1,"2,649",41.90496970,12.40999110,Transport Hub,"Via Mattia Battistini, 7, 00168 Roma RM, Italy",https://www.roadhouse.it/store-locator/#!,
2378,Roadhouse Restaurant,Lazio,Roma,RM,Roma,Steakhouse,EUR 20-30,4,"2,229",41.91470210,12.38715560,Commercial Area,"Via del Quartaccio, 1/9, 00166 Roma RM, Italy",https://www.roadhouse.it/store-locator/#!,
2379,Roadhouse Restaurant,Lazio,Roma,RM,Fiumicino,Steakhouse,EUR 20-30,3.9,"3,044",41.80915200,12.30085280,Shopping Mall,"Piazza Antonio Meucci, 5, 00053 Fiumicino RM, Italy",https://www.roadhouse.it/store-locator/#!,
2380,Roadhouse Restaurant,Lazio,Roma,RM,Roma,Steakhouse,EUR 20-30,3.9,"2,971",41.85360600,12.49026830,Commercial Area,"Via dei Georgofili, 00147 Roma RM, Italy",https://www.roadhouse.it/store-locator/#!,
2381,Roadhouse Restaurant,Lazio,Roma,RM,Roma,Steakhouse,EUR 20-30,3.9,"2,329",41.85096980,12.59919780,Shopping Mall,"Via Enrico Ferri, 8, 00173 Roma RM, Italy",https://www.roadhouse.it/store-locator/#!,
2382,Roadhouse Restaurant,Lazio,Roma,RM,Roma,Steakhouse,EUR 20-30,3.9,"2,668",41.99907560,12.51881800,Commercial Area,"Via Salaria, 1350, 00138 Roma RM, Italy",https://www.roadhouse.it/store-locator/#!,
2383,Roadhouse Restaurant,Lazio,Roma,RM,Roma,Steakhouse,EUR 10-20,3.8,375,41.93989120,12.50645710,Shopping Mall,"Salario Center, Via Salaria, 665, 00138 Roma RM, Italy",https://www.roadhouse.it/store-locator/#!,
2384,Roadhouse Restaurant,Lazio,Roma,RM,Roma,Steakhouse,EUR 10-20,3.9,"3,983",41.90164920,12.50291550,Transport Hub,"Via Marsala, 27, 00185 Roma RM, Italy",https://www.roadhouse.it/store-locator/#!,
2385,Roadhouse Restaurant,Lazio,Roma,RM,Roma,Steakhouse,EUR 20-30,4,"2,893",41.93423160,12.60363060,Commercial Area,"Via Tiburtina, 1227, 00131 Roma RM, Italy",https://www.roadhouse.it/store-locator/#!,
2386,Roadhouse Restaurant,Lazio,Roma,RM,Roma,Steakhouse,EUR 10-20,4,"1,437",41.85805100,12.58758040,Shopping Mall,"Via di Torre Spaccata, 110, 00173 Roma RM, Italy",https://www.roadhouse.it/store-locator/#!,
2387,Roadhouse Restaurant,Lazio,Roma,RM,Roma,Steakhouse,EUR 20-30,3.7,"1,679",41.87944500,12.46656420,Commercial Area,"Piazza Ippolito Nievo, 33, 00153 Roma RM, Italy",https://www.roadhouse.it/store-locator/#!,
2388,Roadhouse Restaurant,Lombardia,Brescia,BS,Villa Pedergnano,Steakhouse,EUR 20-30,4,"1,924",45.57838170,10.00320070,Commercial Area,"Via Iseo, 1/E, 25030 Erbusco BS, Italy",https://www.roadhouse.it/store-locator/#!,
2389,Roadhouse Restaurant,Trentino-Alto Adige,Trento,TN,Rovereto,Steakhouse,EUR 10-30,3.8,"1,138",45.87313070,11.03096000,Commercial Area,"Via dell'Abetone, 53, 38068 Rovereto TN, Italy",https://www.roadhouse.it/store-locator/#!,
2390,Roadhouse Restaurant,Veneto,Rovigo,RO,Rovigo,Steakhouse,EUR 20-30,4,"2,059",45.03291580,11.77926260,Commercial Area,"V.le Porta Po, 191a, 45100 Rovigo RO, Italy",https://www.roadhouse.it/store-locator/#!,
2391,Roadhouse Restaurant,Lombardia,Milano,MI,Rozzano,Steakhouse,EUR 20-30,3.7,"3,420",45.39310070,9.15010410,Commercial Area,"Via Valleambrosia, 100, 20089 Rozzano MI, Italy",https://www.roadhouse.it/store-locator/#!,
2392,Roadhouse Restaurant,Emilia-Romagna,Reggio Emilia,RE,Rubiera,Steakhouse,EUR 20-30,3.9,"1,648",44.65467830,10.76748280,Commercial Area,"Via Rocco Chinnici, 1/A, 42048 Rubiera RE, Italy",https://www.roadhouse.it/store-locator/#!,
2393,Roadhouse Restaurant,Lombardia,Milano,MI,San Giuliano Milanese,Steakhouse,EUR 20-30,4,"1,181",45.37964990,9.30550780,Shopping Mall,"Centro Commerciale Le Cupole, Via della Pace, 26c, 20098 San Giuliano Milanese MI, Italy",https://www.roadhouse.it/store-locator/#!,
2394,Roadhouse Restaurant,Veneto,Verona,VR,San Giovanni Lupatoto,Steakhouse,EUR 20-30,3.7,"1,374",45.39332080,11.03017020,Commercial Area,"Via Dott. F. Garofoli, 205, 37057 San Giovanni Lupatoto VR, Italy",https://www.roadhouse.it/store-locator/#!,
2395,Roadhouse Restaurant,Lombardia,Milano,MI,Sesto San Giovanni,Steakhouse,EUR 20-30,3.7,"1,134",45.53002730,9.21793190,Shopping Mall,"Via Milanese c/o CC Centro Sarca, 20099 Sesto San Giovanni MI, Italy",https://www.roadhouse.it/store-locator/#!,
2396,Roadhouse Restaurant,Lombardia,Varese,VA,Saronno,Steakhouse,EUR 20-30,3.8,"1,474",45.61681850,9.05060630,Commercial Area,"Viale Lombardia, 21047 Saronno VA, Italy",https://www.roadhouse.it/store-locator/#!,
2397,Roadhouse Restaurant,Liguria,La Spezia,SP,Sarzana,Steakhouse,EUR 20-30,3.9,"1,834",44.10665860,9.95658470,Commercial Area,"Via Variante Aurelia, 63, 19038 Sarzana SP, Italy",https://www.roadhouse.it/store-locator/#!,
2398,Roadhouse Restaurant,Sardegna,Sassari,SS,Sassari,Steakhouse,EUR 20-30,4.3,315,40.73712930,8.54020820,Shopping Mall,"Viale Porto Torres, snc, 07100 Sassari SS, Italy",https://www.roadhouse.it/store-locator/#!,
2399,Roadhouse Restaurant,Lombardia,Milano,MI,Novegro,Steakhouse,EUR 20-30,3.8,"3,269",45.47441880,9.28573940,Commercial Area,"frazione di, Via Rivoltana, 64, 20090 Novegro MI, Italy",https://www.roadhouse.it/store-locator/#!,
2400,Roadhouse Restaurant,Marche,Ancona,AN,Senigallia,Steakhouse,EUR 20-30,3.9,"1,713",43.70286170,13.20589410,Commercial Area,"Via Arceviese, 4, 60019 Senigallia AN, Italy",https://www.roadhouse.it/store-locator/#!,
2401,Roadhouse Restaurant,Piemonte,Alessandria,AL,Serravalle Scrivia,Steakhouse,EUR 20-30,3.8,"2,315",44.73325660,8.83199630,Shopping Mall,"Via Novi, 39, 15069 Serravalle Scrivia AL, Italy",https://www.roadhouse.it/store-locator/#!,
2402,Roadhouse Restaurant,Toscana,Firenze,FI,Osmannoro,Steakhouse,EUR 20-30,4,"2,414",43.80607900,11.17830020,Commercial Area,"Via del Cantone, 49, 50019 Sesto Fiorentino FI, Italy",https://www.roadhouse.it/store-locator/#!,
2403,Roadhouse Restaurant,Piemonte,Torino,TO,Settimo Torinese,Steakhouse,EUR 20-30,3.6,"3,479",45.13648390,7.73575030,Commercial Area,"Settimo Cielo Retail Park, Via Pietro Mascagni, 11, 10036 Settimo Torinese TO, Italy",https://www.roadhouse.it/store-locator/#!,
2404,Roadhouse Restaurant,Toscana,Siena,SI,Siena,Steakhouse,EUR 20-30,3.9,"1,681",43.31107580,11.31647750,Commercial Area,"Str. di Montalbuccio, 2, 53100 Siena SI, Italy",https://www.roadhouse.it/store-locator/#!,
2405,Roadhouse Restaurant,Lombardia,Sondrio,SO,Artigianale-commerciale,Steakhouse,EUR 20-30,3.7,"1,872",46.16206780,9.80433800,Commercial Area,"Via Ezio Vanoni, 74, 23012 Castione Andevenno SO, Italy",https://www.roadhouse.it/store-locator/#!,
2406,Roadhouse Restaurant,Umbria,Terni,TR,Terni,Steakhouse,EUR 20-30,4,334,42.55964900,12.63514850,Commercial Area,"Str. di S. Martino, 122, 05100 Terni TR, Italy",https://www.roadhouse.it/store-locator/#!,
2407,Roadhouse Restaurant,Umbria,Terni,TR,Terni,Steakhouse,EUR 20-30,4,334,42.55964900,12.63514850,Commercial Area,"Str. di S. Martino, 122, 05100 Terni TR, Italy",https://www.roadhouse.it/store-locator/#!,
2408,Roadhouse Restaurant,Umbria,Terni,TR,Terni,Steakhouse,EUR 20-30,4,334,42.55964900,12.63514850,Commercial Area,"Str. di S. Martino, 122, 05100 Terni TR, Italy",https://www.roadhouse.it/store-locator/#!,
2409,Roadhouse Restaurant,Piemonte,Torino,TO,Torino,Steakhouse,EUR 10-20,3.8,"2,019",45.03448120,7.66693320,Shopping Mall,"presso C. C. 8 Gallery, Via Nizza, 10126 Torino TO, Italy",https://www.roadhouse.it/store-locator/#!,
2410,Roadhouse Restaurant,Piemonte,Torino,TO,Moncalieri,Steakhouse,EUR 20-30,3.6,"1,850",44.97608550,7.70987360,Shopping Mall,"Via Fortunato Postiglione, 1, 10024 Moncalieri TO, Italy",https://www.roadhouse.it/store-locator/#!,
2411,Roadhouse Restaurant,Piemonte,Torino,TO,Nichelino,Steakhouse,EUR 20-30,3.9,"1,914",44.98435620,7.62224620,Shopping Mall,"C.C. Mondojuve, Via Scarrone, 10042 Nichelino TO, Italy",https://www.roadhouse.it/store-locator/#!,
2412,Roadhouse Restaurant,Veneto,Vicenza,VI,Torri di Quartesolo,Steakhouse,EUR 10-20,3.8,"1,591",45.51042520,11.62248540,Shopping Mall,"Via Brescia, 11, 36040 Torri di Quartesolo VI, Italy",https://www.roadhouse.it/store-locator/#!,
2413,Roadhouse Restaurant,Piemonte,Alessandria,AL,Tortona,Steakhouse,EUR 20-30,3.9,"1,108",44.90698050,8.88159680,Commercial Area,"Strada Provinciale per Viguzzolo, 2, 15058 Tortona AL, Italy",https://www.roadhouse.it/store-locator/#!,
2414,Roadhouse Restaurant,Lombardia,Varese,VA,Tradate,Steakhouse,EUR 20-30,3.8,"1,784",45.69871360,8.91352180,Shopping Mall,"Via Monte S. Michele, 52, 21049 Tradate VA, Italy",https://www.roadhouse.it/store-locator/#!,
2415,Roadhouse Restaurant,Trentino-Alto Adige,Trento,TN,Trento,Steakhouse,EUR 10-20,4,"2,686",46.09099440,11.11531420,Commercial Area,"Via del Brennero, 145, 38122 Trento TN, Italy",https://www.roadhouse.it/store-locator/#!,
2416,Roadhouse Restaurant,Lombardia,Bergamo,BG,Treviglio,Steakhouse,EUR 20-30,3.9,"1,047",45.53519920,9.59862430,Commercial Area,"Via Bergamo, 42, 24047 Treviglio BG, Italy",https://www.roadhouse.it/store-locator/#!,
2417,Roadhouse Restaurant,Veneto,Treviso,TV,Treviso,Steakhouse,EUR 10-20,3.8,"1,905",45.66848790,12.22377460,Commercial Area,"Viale della Repubblica, 1, 31100 Treviso TV, Italy",https://www.roadhouse.it/store-locator/#!,
2418,Roadhouse Restaurant,Veneto,Treviso,TV,Silea,Steakhouse,EUR 20-30,3.9,"3,128",45.65052240,12.31043550,Shopping Mall,"Via Giovanni Sartorelli, 4, 31057 Silea TV, Italy",https://www.roadhouse.it/store-locator/#!,
2419,Roadhouse Restaurant,Lombardia,Milano,MI,Trezzano sul Naviglio,Steakhouse,EUR 20-30,3.7,"2,133",45.42492500,9.06736240,Commercial Area,"Viale Cristoforo Colombo 13 angolo Via Claudio Monteverdi, 20090 Trezzano sul Naviglio MI, Italy",https://www.roadhouse.it/store-locator/#!,
2420,Roadhouse Restaurant,Friuli-Venezia Giulia,Trieste,TS,Trieste,Steakhouse,EUR 20-30,3.8,"1,054",45.61712170,13.81906140,Commercial Area,"Via Flavia, 104b, 34147 Trieste TS, Italy",https://www.roadhouse.it/store-locator/#!,
2421,Roadhouse Restaurant,Friuli-Venezia Giulia,Udine,UD,Tavagnacco,Steakhouse,EUR 20-30,3.7,"2,043",46.09843120,13.23116120,Commercial Area,"Via Nazionale, 3, 33010 Tavagnacco UD, Italy",https://www.roadhouse.it/store-locator/#!,
2422,Roadhouse Restaurant,Lombardia,Varese,VA,Buguggiate,Steakhouse,EUR 20-30,3.7,"2,941",45.79310690,8.80155980,Commercial Area,"Via Giuseppe Verdi, 26, 21020 Buguggiate VA, Italy",https://www.roadhouse.it/store-locator/#!,
2423,Roadhouse Restaurant,Veneto,Verona,VR,Verona,Steakhouse,EUR 10-20,3.9,"2,899",45.41220130,10.97918190,Commercial Area,"Viale del Lavoro, 23, 37135 Verona VR, Italy",https://www.roadhouse.it/store-locator/#!,
2424,Roadhouse Restaurant,Veneto,Vicenza,VI,Vicenza,Steakhouse,EUR 10-20,3.9,295,45.52907350,11.59509300,Shopping Mall,"Str. Padana verso Padova, 36100 Vicenza VI, Italy",https://www.roadhouse.it/store-locator/#!,
2425,Roadhouse Restaurant,Veneto,Vicenza,VI,Vicenza,Steakhouse,EUR 10-20,3.9,295,45.52907350,11.59509300,Shopping Mall,"Str. Padana verso Padova, 36100 Vicenza VI, Italy",https://www.roadhouse.it/store-locator/#!,
2426,Roadhouse Restaurant,Lombardia,Pavia,PV,Vigevano,Steakhouse,EUR 20-30,4,"1,324",45.32292390,8.88144080,Commercial Area,"Viale Artigianato, 27029 Vigevano PV, Italy",https://www.roadhouse.it/store-locator/#!,
2427,Roadhouse Restaurant,Friuli-Venezia Giulia,Gorizia,GO,Villesse,Steakhouse,EUR 20-30,3.6,"1,647",45.86474090,13.42999230,Shopping Mall,"Via Cividale, Località Maranuz, 34070 Villesse GO, Italy",https://www.roadhouse.it/store-locator/#!,
2428,Roadhouse Restaurant,Lombardia,Milano,MI,Vimodrone,Steakhouse,EUR 20-30,4.3,"1,554",45.51216070,9.28056690,Commercial Area,"Via Padana Superiore ang, Via XXV Aprile, 20090 Vimodrone MI, Italy",https://www.roadhouse.it/store-locator/#!,
2429,Roadhouse Restaurant,Lazio,Viterbo,VT,Viterbo,Steakhouse,EUR 20-30,3.9,621,42.43574920,12.09345030,Commercial Area,"Via Cassia Nord angolo, Str. S. Lazzaro, 01100 Viterbo VT, Italy",https://www.roadhouse.it/store-locator/#!,
2430,Roadhouse Restaurant,Lombardia,Pavia,PV,Voghera,Steakhouse,EUR 20-30,3.9,"1,142",44.99768110,9.06404200,Commercial Area,"SS10 Via per Piacenza angolo Via delle Fontane, 27058 Voghera PV, Italy",https://www.roadhouse.it/store-locator/#!,
2431,Roadhouse Restaurant,Lombardia,Milano,MI,Sesto San Giovanni,Steakhouse,EUR 10-20,3.5,922,45.55029110,9.25647810,Shopping Mall,"c/o C.C. Vulcano, Viale Italia, 555, 20099 Sesto San Giovanni MI, Italy",https://www.roadhouse.it/store-locator/#!,
2432,Roadhouse Restaurant,Lombardia,Milano,MI,Milano,Steakhouse,EUR 10-20,3.1,252,45.39223810,9.17583370,Shopping Mall,"Via Eugenio Curiel, 25 C, 20089 Rozzano MI, Italy",https://www.roadhouse.it/store-locator/#!,
2433,Spontini,Lombardia,Milano,MI,Milano,Pizza,EUR 10-20,4,"5,829",45.48195150,9.21330880,Commercial Area,"Via Gaspare Spontini, 4, 20129 Milano MI, Italy",https://spontinimilano.com/pizzerie/,
2434,Spontini,Lombardia,Milano,MI,Milano,Pizza,EUR 10-20,4.1,"2,382",45.45800100,9.17055290,Commercial Area,"Viale Papiniano, 43, 20123 Milano MI, Italy",https://spontinimilano.com/pizzerie/,
2435,Spontini,Lombardia,Milano,MI,Milano,Pizza,EUR 10-20,4,"2,283",45.46748930,9.15440370,Commercial Area,"Via Marghera, 3, 20149 Milano MI, Italy",https://spontinimilano.com/pizzerie/,
2436,Spontini,Lombardia,Milano,MI,Milano,Pizza,EUR 10-20,3.9,"2,300",45.48730420,9.16692880,Commercial Area,"Via Cenisio, 37, 20154 Milano MI, Italy",https://spontinimilano.com/pizzerie/,
2437,Spontini,Lombardia,Milano,MI,Milano,Pizza,EUR 10-20,4,"2,201",45.46159950,9.20717230,Commercial Area,"Piazza Cinque Giornate, 6, 20129 Milano MI, Italy",https://spontinimilano.com/pizzerie/,
2438,Spontini,Lombardia,Milano,MI,Milano,Pizza,EUR 10-20,3.7,510,45.48619260,9.20339870,Transport Hub,"Piazza Duca d'Aosta, 1, 20124 Milano MI, Italy",https://spontinimilano.com/pizzerie/,
2439,Spontini,Lombardia,Milano,MI,Milano,Pizza,EUR 1-10,4.2,"10,751",45.46574510,9.19120580,City Center,"Via Santa Radegonda, 11, 20121 Milano MI, Italy",https://spontinimilano.com/pizzerie/,
2440,Spontini,Lombardia,Milano,MI,Milano,Pizza,EUR 1-10,4.2,"3,326",45.46324650,9.18865670,City Center,"Via Dogana, 3, 20123 Milano MI, Italy",https://spontinimilano.com/pizzerie/,
2441,Spontini,Lombardia,Milano,MI,Milano,Pizza,EUR 10-20,3.7,510,45.48619260,9.20339870,Transport Hub,"Piazza Duca d'Aosta, 1, 20124 Milano MI, Italy",https://spontinimilano.com/pizzerie/,
2442,Spontini,Lombardia,Milano,MI,Milano,Pizza,EUR 10-20,3.6,"1,420",45.52235620,9.21458260,Shopping Mall,"c/o Bicocca Village, Via Friedrich Von Hayek, 20126 Milano MI, Italy",https://spontinimilano.com/pizzerie/,
2443,Spontini,Lombardia,Milano,MI,Milano,Pizza,EUR 10-20,3,120,45.44802070,9.21209740,Shopping Mall,"PIAZZALE LODI, Viale Umbria, 16, 20137 Milano MI, Italy",https://spontinimilano.com/pizzerie/,
2444,Spontini,Lombardia,Milano,MI,Milano,Pizza,EUR 10-20,3.7,428,45.48277480,9.15908230,Commercial Area,"Via Arona, 15, 20149 Milano MI, Italy",https://spontinimilano.com/pizzerie/,
2445,Spontini,Lombardia,Milano,MI,Milano,Pizza,EUR 10-20,3.6,320,45.47313390,9.22962250,Residential Area,"Piazzale Paolo Gorini, 11, 20133 Milano MI, Italy",https://spontinimilano.com/pizzerie/,
2446,Spontini,Lombardia,Milano,MI,Milano,Pizza,EUR 10-20,4.1,399,45.45640670,9.21919590,Commercial Area,"Piazzale Ferdinando Martini, 10, 20137 Milano MI, Italy",https://spontinimilano.com/pizzerie/,
2447,Spontini,Lombardia,Milano,MI,Milano,Pizza,EUR 10-20,3.7,234,45.44878690,9.19781880,Commercial Area,"Via Giulio Romano, 1, 20135 Milano MI, Italy",https://spontinimilano.com/pizzerie/,
2448,Spontini,Lombardia,Milano,MI,Milano,Pizza,EUR 10-20,3,43,45.45298420,9.16652910,Commercial Area,"Via Tortona, 26, 20144 Milano MI, Italy",https://spontinimilano.com/pizzerie/,
2449,Spontini,Lombardia,Milano,MI,Milano,Pizza,EUR 10-20,3.4,100,45.48392570,9.18912440,Transport Hub,"Piazza Gae Aulenti, 1, 20124 Milano MI, Italy",https://spontinimilano.com/pizzerie/,
2450,Spontini,Lombardia,Milano,MI,Milano,Pizza,EUR 10-20,2.8,199,45.51391250,9.10328430,Shopping Mall,"Via Gottlieb Wilhelm Daimler, 61, 20151 Milano MI, Italy",https://spontinimilano.com/pizzerie/,
2451,Spontini,Lombardia,Milano,MI,Milano,Pizza,EUR 10-20,3.5,143,45.46645170,9.19564120,City Center,"Via S. Pietro All'Orto, 10, 20122 Milano MI, Italy",https://spontinimilano.com/pizzerie/,
2452,Spontini,Lombardia,Brescia,BS,Rodengo Saiano,Pizza,NaN,3,2,45.57697610,10.11926740,Shopping Mall,"Piazza Cascina Moie, 1/2, 25050 Rodengo Saiano BS, Italy",https://spontinimilano.com/pizzerie/,
2453,Spontini,Lombardia,Monza e della Brianza,MB,Monza,Pizza,EUR 10-20,3.7,"1,812",45.58306360,9.27362770,Commercial Area,"V. Italia, 28, 20900 Monza MB, Italy",https://spontinimilano.com/pizzerie/,
2454,Spontini,Lombardia,Milano,MI,Carla Betulla,Pizza,EUR 10-20,3.7,"1,388",45.36088070,9.21586700,Shopping Mall,"Via Milano, 5, 20085 Locate di Triulzi MI, Italy",https://spontinimilano.com/pizzerie/,
2455,Spontini,Lombardia,Milano,MI,Sesto San Giovanni,Pizza,EUR 10-20,3.6,423,45.52992350,9.21831690,Shopping Mall,"Centro Sarca, Via Milanese, 20099 Sesto San Giovanni MI, Italy",https://spontinimilano.com/pizzerie/,
2456,Spontini,Lombardia,Milano,MI,Assago,Pizza,EUR 10-20,3.6,"1,172",45.40364740,9.15278780,Shopping Mall,"V.le Milanofiori, 1, 20057 Assago MI, Italy",https://spontinimilano.com/pizzerie/,
2457,Spontini,Lombardia,Milano,MI,Cesano Boscone,Pizza,EUR 10-20,3.4,416,45.43553510,9.08710570,Shopping Mall,"Via Don Luigi Sturzo, 1, 20090 Cesano Boscone MI, Italy",https://spontinimilano.com/pizzerie/,
2458,Spontini,Lombardia,Monza e della Brianza,MB,Limbiate,Pizza,EUR 10-20,3.3,157,45.60762290,9.13091100,Shopping Mall,"Via Isonzo, 5, 20812 Limbiate MB, Italy",https://spontinimilano.com/pizzerie/,
2459,Spontini,Lombardia,Brescia,BS,Rodengo Saiano,Pizza,NaN,3,2,45.57697610,10.11926740,Shopping Mall,"Piazza Cascina Moie, 1/2, 25050 Rodengo Saiano BS, Italy",https://spontinimilano.com/pizzerie/,
2460,Spizzico,Lombardia,Milano,MI,Milano,Pizza,EUR 10-20,2.4,36,45.48552300,9.20430450,Transport Hub,"Piazza Duca d'Aosta, 1, 20125 Milano MI, Italy",Google Maps,
2461,Spizzico,Trentino-Alto Adige,Bolzano,BZ,Bolzano,Pizza,EUR 1-10,4.1,438,46.50010040,11.34962680,City Center,"Via Museo, 54, 39100 Bolzano BZ, Italy",Google Maps,
2462,Spizzico,Veneto,Verona,VR,Verona,Pizza,EUR 1-10,3,234,45.42917060,10.98275970,Transport Hub,"Piazzale XXV Aprile, 1, 37138 Verona VR, Italy",Google Maps,
2463,Spizzico,Piemonte,Torino,TO,Torino,Pizza,NaN,5,2,45.02953970,7.66433360,Commercial Area,"Via Nizza, 294, 10126 Torino TO, Italy",Google Maps,
2464,Spizzico,Emilia-Romagna,Modena,MO,Modena,Pizza,NaN,3.8,4,44.66257270,10.85762570,Service Area,"A1, AdS Secchia Est, 41123 Modena MO, Italy",Google Maps,
2465,Spizzico,Lombardia,Varese,VA,Gallarate,Pizza,NaN,3.5,53,45.64342510,8.81864660,Shopping Mall,"Viale Milano, 165, 21013 Gallarate VA, Italy",Google Maps,
2466,Spizzico,Lombardia,Milano,MI,Assago,Pizza,NaN,3.6,5,45.40164400,9.14205110,Commercial Area,"Via Giuseppe di Vittorio, 6, 20057 Assago MI, Italy",Google Maps,
2467,Spizzico,Lombardia,Sondrio,SO,Sondrio,Pizza,EUR 10-20,4.5,375,46.16910030,9.87890690,Residential Area,"Via Enrico Toti, 18, 23100 Sondrio SO, Italy",Google Maps,
2468,Spizzico,Piemonte,Torino,TO,Pinerolo,Pizza,EUR 1-10,4.3,141,44.88751350,7.34736740,Commercial Area,"Corso Torino, 91, 10064 Pinerolo TO, Italy",Google Maps,
2469,Spizzico,Veneto,Treviso,TV,Castelfranco Veneto,Pizza,EUR 10-20,3,44,45.68183060,11.94199610,Shopping Mall,"V. dei Carpani, 21/B, 31033 Castelfranco Veneto TV, Italy",Google Maps,
2470,Spizzico,Veneto,Verona,VR,Sommacampagna,Pizza,EUR 1-10,4.6,71,45.40811800,10.84227400,Residential Area,"Via Pigno, 1, 37066 Sommacampagna VR, Italy",Google Maps,
2471,Spizzico,Piemonte,Torino,TO,Beinasco,Pizza,NaN,0,0,45.02159570,7.58383000,Shopping Mall,"Via Torino, 34, 10092 Beinasco TO, Italy",Google Maps,
2472,Spizzico,Piemonte,Alessandria,AL,Casale Monferrato,Pizza,EUR 10-20,4.5,320,45.13671500,8.44845200,City Center,"Via Trevigi, 49/A, 15033 Casale Monferrato AL, Italy",Google Maps,
2473,Spizzico,Toscana,Arezzo,AR,Terranuova Bracciolini,Pizza,EUR 10-20,4.5,374,43.54853230,11.58006140,Commercial Area,"Via Don Milani, 6, 52028 Terranuova Bracciolini AR, Italy",Google Maps,
2474,Spizzico,Sicilia,Trapani,TP,Salemi,Pizza,NaN,4.8,8,37.82702820,12.80584340,Residential Area,"Via S. Leonardo, 89, 91018 Salemi TP, Italy",Google Maps,
2475,Spizzico,Lazio,Roma,RM,Fiumicino,Pizza,NaN,4.2,"58,155",41.80346320,12.25192110,Transport Hub,"Via Pierpaolo Racchetti, 1, 00054 Fiumicino RM, Italy",Google Maps,
2476,Chef Express,Campania,Napoli,NA,Napoli,Bar/Café,EUR 1-10,2.6,21,40.85171670,14.27235690,Transport Hub,"Chef Express Buffet Staz. L'Aquila Mokà Cafè - L'Aquila Stazione, Presso Stazione de, Piazzale della Stazione, L'Aquila, AQ, Italia",https://www.cremonini.com/en/activities/catering/chef-express/,
2477,Chef Express,Lazio,Roma,RM,Ciampino,Bar/Café,EUR 10-20,3,99,41.79896870,12.59137640,Transport Hub,"Chef Express Ciampino Aeroporto Juice Bar - Ciampino Aeroporto, Via Appia Nuova, Ciampino, RM, Italia",https://www.cremonini.com/en/activities/catering/chef-express/,
2478,Chef Express,Lazio,Roma,RM,Fiumicino,Bar/Café,EUR 1-10,2.8,95,41.79578710,12.25062590,Transport Hub,"Chef Express Fiumicino Aeroporto Panella, Area A61-83, Fiumicino RM, Italia",https://www.cremonini.com/en/activities/catering/chef-express/,
2479,Chef Express,Puglia,Foggia,FG,Foggia,Bar/Café,NaN,3,2,41.43401340,15.54405970,Transport Hub,"Chef Express Foggia Aeroporto Mokà Cafè - Foggia Aeroporto, Viale degli Aviatori, Foggia, FG, Italia",https://www.cremonini.com/en/activities/catering/chef-express/,
2480,Chef Express,Puglia,Bari,BA,Bari,Bar/Café,NaN,2.7,44,41.13502220,16.76478930,Transport Hub,"Chef Express Bari Aeroporto Juice Bar - Bari Aeroporto, Viale Enzo Ferrari, Bari, BA, Italia",https://www.cremonini.com/en/activities/catering/chef-express/,
2481,Chef Express,Sicilia,Catania,CT,Catania,Bar/Café,EUR 10-20,3.4,"2,881",37.47017420,15.06874240,Transport Hub,"Chef Express Catania Aeroporto Antica Focacceria San Francesco - Catania Aeroporto Partenze, Catania, CT, Italia",https://www.cremonini.com/en/activities/catering/chef-express/,
2482,Chef Express,Sicilia,Palermo,PA,Palermo,Bar/Café,EUR 1-10,3.4,65,38.10977130,13.36724060,Transport Hub,"Chef Express Palermo Aeroporto Aeroporto Palermo - Punta Raisi (PMO), Cinisi, PA, Italia",https://www.cremonini.com/en/activities/catering/chef-express/,
2483,Chef Express,Sardegna,Cagliari,CA,Elmas,Bar/Café,NaN,2.3,105,39.25377230,9.06021940,Transport Hub,"Chef Express Cagliari Aeroporto Elmas Mokà Cafè - Cagliari Aeroporto, Via dei Trasvolatori, Elmas, CA, Italia",https://www.cremonini.com/en/activities/catering/chef-express/,
2484,Chef Express,Piemonte,Torino,TO,Caselle Torinese,Bar/Café,NaN,2.6,7,45.19263690,7.64276940,Transport Hub,"Chef Express - Buffet Staz. FS Torino P. Nuova Via Nizza, Torino, TO, Italia",https://www.cremonini.com/en/activities/catering/chef-express/,
2485,Chef Express,Piemonte,Torino,TO,Torino,Bar/Café,NaN,2.1,8,45.07156220,7.66581810,Transport Hub,"Chef Express - Buffet Staz. FS Torino P. Susa Piazza XVIII Dicembre, Torino, TO, Italia",https://www.cremonini.com/en/activities/catering/chef-express/,
2486,Chef Express,Liguria,Savona,SV,Vezzi Portio,Bar/Café,EUR 1-10,4,"3,028",44.22505490,8.35980140,Transport Hub,"Chef Express - Buffet Staz. FS Savona Piazza Aldo Moro, Savona, SV, Italia",https://www.cremonini.com/en/activities/catering/chef-express/,
2487,Chef Express,Piemonte,Novara,NO,Novara,Bar/Café,EUR 1-10,3.8,"12,006",45.46880600,8.65704200,Transport Hub,"Chef Express - Buffet Staz. FS Alessandria Piazzale Curiel, Alessandria, AL, Italia",https://www.cremonini.com/en/activities/catering/chef-express/,
2488,Chef Express,Piemonte,Vercelli,VC,Vercelli,Bar/Café,NaN,3.8,78,45.32989390,8.41690880,Transport Hub,"Chef Express - Buffet Staz. FS Vercelli Piazza Roma, Vercelli, VC, Italia",https://www.cremonini.com/en/activities/catering/chef-express/,
2489,Chef Express,Liguria,Genova,GE,Genova,Bar/Café,NaN,3,6,44.41488430,8.85079210,Transport Hub,"Chef Express - Buffet Staz. FS Genova Brignole Genova Brignole, Piazza Giuseppe Verdi, Genova, GE, Italia",https://www.cremonini.com/en/activities/catering/chef-express/,
2490,Chef Express,Emilia-Romagna,Piacenza,PC,Piacenza,Bar/Café,EUR 10-20,3.6,"2,863",45.06057890,9.65275840,Transport Hub,"Chef Express - Buffet Staz. FS Voghera Piazzale Guglielmo Marconi, Voghera, Pavia, Italia",https://www.cremonini.com/en/activities/catering/chef-express/,
2491,Chef Express,Lombardia,Pavia,PV,Pavia,Bar/Café,NaN,3.4,89,45.18859900,9.14463300,Transport Hub,"Chef Express - Buffet Staz. FS Pavia Piazzale della Stazione, Pavia, PV, Italia",https://www.cremonini.com/en/activities/catering/chef-express/,
2492,Chef Express,Lombardia,Milano,MI,Milano,Bar/Café,EUR 1-10,2.4,101,45.43368910,9.23866400,Transport Hub,"Chef Express Buffet Staz. Milano Rogoredo Juice Bar - Milano Rogoredo, Via Giovanni Battista Morgagni, Milano, MI, Italia",https://www.cremonini.com/en/activities/catering/chef-express/,
2493,Chef Express,Lombardia,Milano,MI,Milano,Bar/Café,NaN,2,4,45.46814160,9.17563030,Transport Hub,"Chef Express Buffet Staz. Milano Cadorna Juice Bar - Milano Cadorna, Presso Stazione di Milano Cadorna, Piazzale Cadorna, Milano, MI, Italia",https://www.cremonini.com/en/activities/catering/chef-express/,
2494,Chef Express,Lombardia,Milano,MI,Milano,Bar/Café,EUR 1-10,2.9,131,45.48412790,9.18752071,Transport Hub,"Chef Express Buffet Staz. Milano Porta Garibaldi Panella - Milano Porta Garibaldi, Stazione, Piazza Sigmund Freud, Milano, MI, Italia",https://www.cremonini.com/en/activities/catering/chef-express/,
2495,Chef Express,Lombardia,Milano,MI,Milano,Bar/Café,EUR 1-10,4.1,99,45.48657200,9.20356507,Transport Hub,"Chef Express Buffet Staz. Milano Centrale Juice Bar - Milano Centrale, Piazza Duca d'Aosta, Milano, MI, Italia",https://www.cremonini.com/en/activities/catering/chef-express/,
2496,Chef Express,Lombardia,Milano,MI,Milano,Bar/Café,EUR 1-10,3.8,"3,736",45.50933477,9.03892646,Transport Hub,"Chef Express - Buffet Staz. FS Milano Lambrate Piazza Enrico Bottini, Milano, MI, Italia",https://www.cremonini.com/en/activities/catering/chef-express/,
2497,Chef Express,Lombardia,Milano,MI,Milano,Bar/Café,NaN,4.5,685,45.45012306,9.17012844,Transport Hub,"Chef Express - Buffet Staz. FS Milano Greco Pirelli Piazzale Egeo, Milano, MI, Italia",https://www.cremonini.com/en/activities/catering/chef-express/,
2498,Chef Express,Lombardia,Varese,VA,Saronno,Bar/Café,EUR 1-10,2.8,64,45.62526650,9.03089930,Transport Hub,"Chef Express - Buffet Staz. FS Saronno Via Generale Cantore, Saronno, VA, Italia",https://www.cremonini.com/en/activities/catering/chef-express/,
2499,Chef Express,Lombardia,Lecco,LC,Lecco,Bar/Café,EUR 1-10,3.6,8,45.85636470,9.39336010,Transport Hub,"Chef Express - Buffet Staz. FS Varese Stazione FS di Varese, Piazzale Trieste, Varese, VA, Italia",https://www.cremonini.com/en/activities/catering/chef-express/,
2500,Chef Express,Emilia-Romagna,Parma,PR,Varano de' Melegari,Bar/Café,EUR 1-10,3.6,14,44.68008530,10.01937840,Transport Hub,"Chef Express - Buffet Staz. FS Rapallo Stazione ferroviaria di Rapallo, Piazza Molfino, Rapallo, GE, Italia",https://www.cremonini.com/en/activities/catering/chef-express/,
2501,Chef Express,Campania,Napoli,NA,Napoli,Bar/Café,EUR 1-10,2.6,21,40.85171670,14.27235690,Transport Hub,"Chef Express - Buffet Staz. FS Chiavari Chiavari FS, Chiavari, GE, Italia",https://www.cremonini.com/en/activities/catering/chef-express/,
2502,Chef Express,Emilia-Romagna,Piacenza,PC,Piacenza,Bar/Café,EUR 10-20,3.6,"2,863",45.06057890,9.65275840,Transport Hub,"Chef Express - Buffet Staz. FS Piacenza Piazzale Guglielmo Marconi, Piacenza, PC, Italia",https://www.cremonini.com/en/activities/catering/chef-express/,
2503,Chef Express,Veneto,Venezia,VE,Venezia,Bar/Café,EUR 10-20,3.7,"1,332",44.31266305,9.92754871,Transport Hub,"Chef Express - Buffet Staz. FS La Spezia Piazzale della Stazione, La Spezia, SP, Italia",https://www.cremonini.com/en/activities/catering/chef-express/,
2504,Chef Express,Trentino-Alto Adige,Bolzano,BZ,Bolzano,Bar/Café,NaN,1,1,46.49690180,11.35914080,Transport Hub,"Chef Express - Buffet Staz. FS Bolzano Piazza della Stazione, 12, Bolzano, BZ, Italia",https://www.cremonini.com/en/activities/catering/chef-express/,
2505,Chef Express,Veneto,Belluno,BL,Santa Giustina,Bar/Café,EUR 1-10,4.5,197,46.07815600,12.04293740,Transport Hub,"Chef Express - Buffet Staz. FS Belluno Piazza Stazione, 1, Santa Giustina, Belluno, Italia",https://www.cremonini.com/en/activities/catering/chef-express/,
2506,Chef Express,Veneto,Venezia,VE,Venezia,Bar/Café,NaN,3.3,111,45.48234330,12.23218950,Transport Hub,"Chef Express - Buffet Staz. FS Mestre Piazzale Pietro Favretti, Venezia, VE, Italia",https://www.cremonini.com/en/activities/catering/chef-express/,
2507,Chef Express,Emilia-Romagna,Ferrara,FE,Ferrara,Bar/Café,EUR 1-10,4.1,67,44.84300220,11.60412500,Transport Hub,"Chef Express - Buffet Staz. FS Ferrara Piazzale della Stazione, 8, Ferrara, FE, Italia",https://www.cremonini.com/en/activities/catering/chef-express/,
2508,Chef Express,Emilia-Romagna,Reggio Emilia,RE,Reggio Emilia,Bar/Café,EUR 1-10,3.3,215,44.69767400,10.64257400,Transport Hub,"Chef Express - Buffet Staz. FS Reggio Emilia Piazzale Guglielmo Marconi, 6a, Reggio Emilia, RE, Italia",https://www.cremonini.com/en/activities/catering/chef-express/,
2509,Chef Express,Emilia-Romagna,Modena,MO,Modena,Bar/Café,NaN,2.9,27,44.65424600,10.93084800,Transport Hub,"Chef Express - Buffet Staz. FS Modena Piazza Dante Alighieri, 19, Modena, MO, Italia",https://www.cremonini.com/en/activities/catering/chef-express/,
2510,Chef Express,Emilia-Romagna,Bologna,BO,Bologna,Bar/Café,EUR 1-10,3.3,248,44.50687380,11.34310320,Transport Hub,"Chef Express - Buffet Staz. FS Bologna Piazza delle Medaglie d'Oro, Bologna, BO, Italia",https://www.cremonini.com/en/activities/catering/chef-express/,
2511,Chef Express,Emilia-Romagna,Ravenna,RA,Faenza,Bar/Café,EUR 1-10,2.3,24,44.29297180,11.88254480,Transport Hub,"Chef Express - Buffet Staz. FS Faenza Piazza Cesare Battisti, Faenza, RA, Italia",https://www.cremonini.com/en/activities/catering/chef-express/,
2512,Chef Express,Emilia-Romagna,Ravenna,RA,Faenza,Bar/Café,EUR 1-10,2.3,24,44.29297180,11.88254480,Transport Hub,"Chef Express - Buffet Staz. FS Ravenna Piazza Farini D. A., Russi, Ravenna, Italia",https://www.cremonini.com/en/activities/catering/chef-express/,
2513,Chef Express,Emilia-Romagna,Forlì-Cesena,FC,Cesena,Bar/Café,EUR 1-10,3.9,26,44.14519480,12.25001170,Transport Hub,"Chef Express - Buffet Staz. FS Cesena Piazza Sanguinetti, Cesena, FC, Italia",https://www.cremonini.com/en/activities/catering/chef-express/,
2514,Chef Express,Marche,Fermo,FM,Fermo,Bar/Café,EUR 1-10,3.8,846,43.28559740,13.72199180,Transport Hub,"Chef Express - Buffet Staz. FS Macerata Piazza XXV Aprile, 11, Macerata, MC, Italia",https://www.cremonini.com/en/activities/catering/chef-express/,
2515,Chef Express,Campania,Napoli,NA,Napoli,Bar/Café,EUR 1-10,2.6,21,40.85171670,14.27235690,Transport Hub,"Chef Express - Buffet Staz. FS Pisa Pisa Centrale, Piazza della Stazione, Pisa, PI, Italia",https://www.cremonini.com/en/activities/catering/chef-express/,
2516,Chef Express,Toscana,Firenze,FI,Empoli,Bar/Café,EUR 10-20,4.4,201,43.71599410,10.94836700,Transport Hub,"Chef Express - Buffet Staz. FS Empoli Piazza Don Minzoni, Empoli, FI, Italia",https://www.cremonini.com/en/activities/catering/chef-express/,
2517,Chef Express,Campania,Napoli,NA,Napoli,Bar/Café,EUR 1-10,2.6,21,40.85171670,14.27235690,Transport Hub,"Chef Express - Buffet Staz. FS Prato Prato Centrale, Piazza Stazione Centrale, Prato, PO, Italia",https://www.cremonini.com/en/activities/catering/chef-express/,
2518,Chef Express,Toscana,Firenze,FI,Sesto Fiorentino,Bar/Café,EUR 1-10,3.9,"1,381",43.81917660,11.17407810,Transport Hub,"Chef Express - Buffet Staz. FS Firenze Campo Marte Via Mannelli, Firenze, FI, Italia",https://www.cremonini.com/en/activities/catering/chef-express/,
2519,Chef Express,Toscana,Firenze,FI,Sesto Fiorentino,Bar/Café,EUR 1-10,3.9,"1,381",43.81917660,11.17407810,Transport Hub,"Chef Express - Buffet Staz. FS Firenze S.M.N. Stazione Firenze Santa Maria Novella, Piazza della Stazione, Firenze, FI, Italia",https://www.cremonini.com/en/activities/catering/chef-express/,
2520,Chef Express,Toscana,Arezzo,AR,Arezzo,Bar/Café,EUR 1-10,4.7,839,43.46171940,11.87673120,Transport Hub,"Chef Express - Buffet Staz. FS Arezzo Piazzale della Repubblica, 18, Arezzo, Italia",https://www.cremonini.com/en/activities/catering/chef-express/,
2521,Chef Express,Toscana,Grosseto,GR,Grosseto,Bar/Café,EUR 1-10,3.7,31,42.76765500,11.10655600,Transport Hub,"Chef Express - Buffet Staz. FS Grosset Piazza Guglielmo Marconi, 7/A, Grosseto, GR, Italia",https://www.cremonini.com/en/activities/catering/chef-express/,
2522,Chef Express,Lazio,Roma,RM,Roma,Bar/Café,EUR 1-10,2.5,41,41.90937080,12.52810010,Transport Hub,"Chef Express - Buffet Staz. FS Roma Tiburtina Stazione Tiburtina, Piazzale della Stazione Tiburtina, Roma, RM, Italia",https://www.cremonini.com/en/activities/catering/chef-express/,
2523,Chef Express,Lazio,Roma,RM,Roma,Bar/Café,EUR 1-10,2.5,41,41.90937080,12.52810010,Transport Hub,"Chef Express - Buffet Tibus Stazione Autolinee Largo Guido Mazzoni, Roma, RM, Italia",https://www.cremonini.com/en/activities/catering/chef-express/,
2524,Chef Express,Lazio,Roma,RM,Roma,Bar/Café,EUR 1-10,2.5,41,41.90937080,12.52810010,Transport Hub,"Chef Express - Buffet Staz. FS Roma Termini Via Marsala, Roma, RM, Italia",https://www.cremonini.com/en/activities/catering/chef-express/,
2525,Chef Express,Emilia-Romagna,Modena,MO,Modena,Bar/Café,EUR 1-10,3.9,300,44.63545030,10.94274000,Transport Hub,"Chef Express - Buffet Staz. FS Foggia Piazza Vittorio Veneto, Foggia, FG, Italia",https://www.cremonini.com/en/activities/catering/chef-express/,
2526,Chef Express,Campania,Napoli,NA,Afragola,Bar/Café,EUR 1-10,3.3,35,40.92726980,14.31579980,Transport Hub,"Chef Express Buffet Staz. Napoli Afragola Stazione Napoli Afragola AV, Via Arena, Afragola, NA, Italia",https://www.cremonini.com/en/activities/catering/chef-express/,
2527,Chef Express,Campania,Napoli,NA,Napoli,Bar/Café,EUR 1-10,2.6,21,40.85171670,14.27235690,Transport Hub,"Chef Express - Buffet Staz. FS Napoli Centrale Piazza Garibaldi, Napoli, NA, Italia",https://www.cremonini.com/en/activities/catering/chef-express/,
2528,Chef Express,Campania,Salerno,SA,Salerno,Bar/Café,EUR 1-10,3.1,29,40.67507300,14.77252100,Transport Hub,"Chef Express - Buffet Staz. FS Salerno Piazza Vittorio Veneto, Salerno, SA, Italia",https://www.cremonini.com/en/activities/catering/chef-express/,
2529,Chef Express,Sicilia,Messina,ME,Messina,Bar/Café,EUR 1-10,2.9,31,38.18529600,15.56071700,Transport Hub,"Chef Express - Buffet Staz. FS Messina Piazza della Repubblica, Messina, ME, Italia",https://www.cremonini.com/en/activities/catering/chef-express/,
2530,Chef Express,Sicilia,Palermo,PA,Palermo,Bar/Café,EUR 1-10,3.4,65,38.10977130,13.36724060,Transport Hub,"Chef Express - Buffet Staz. FS Palermo Piazza Giulio Cesare, Palermo, PA, Italia",https://www.cremonini.com/en/activities/catering/chef-express/,
2531,Chef Express,Liguria,Savona,SV,Vezzi Portio,Bar/Café,EUR 1-10,4,"3,028",44.22505490,8.35980140,Service Area,"Chef Express - Borsana Sud Borsana Sud, Km, A10, Vezzi Portio, SV, Italia",https://www.cremonini.com/en/activities/catering/chef-express/,
2532,Chef Express,Piemonte,Asti,AT,Villanova,Bar/Café,EUR 1-10,3.7,"1,693",44.95064210,7.95102240,Service Area,"Chef Express - Villanova Nord Chef Express - Villanova Nord 48, A21, Villanova, AT, Italia",https://www.cremonini.com/en/activities/catering/chef-express/,
2533,Chef Express,Piemonte,Alessandria,AL,Castelnuovo Scrivia,Bar/Café,EUR 1-10,3.6,460,44.93343270,8.85331950,Service Area,"Chef Express - Castelnuovo Scrivia Est Chef Express - Castelnuovo Scrivia Est 52, Autostrada dei Giovi, Castelnuovo Scrivia, AL, Italia",https://www.cremonini.com/en/activities/catering/chef-express/,
2534,Chef Express,Piemonte,Alessandria,AL,Castelnuovo Scrivia,Bar/Café,EUR 1-10,3.6,460,44.93343270,8.85331950,Service Area,"Chef Express Castenuovo Scrivia Ovest Chef Express - Castelnuovo Scrivia Ovest 35, Castelnuovo Scrivia, AL, Italia",https://www.cremonini.com/en/activities/catering/chef-express/,
2535,Chef Express,Piemonte,Alessandria,AL,Occimiano,Bar/Café,EUR 1-10,3.7,"1,778",45.07391360,8.50932990,Service Area,"Chef Express - Monferrato Ovest Chef Express - Monferrato Ovest 47, Occimiano, AL, Italia",https://www.cremonini.com/en/activities/catering/chef-express/,
2536,Chef Express,Piemonte,Vercelli,VC,Villarboit,Bar/Café,EUR 1-10,3.8,"4,327",45.45525650,8.34705590,Service Area,"Chef Express Villarboit Sud Chef Express - Villarboit Sud 30, AdS Villarboit Sud, Villarboit, VC, Italia",https://www.cremonini.com/en/activities/catering/chef-express/,
2537,Chef Express,Piemonte,Novara,NO,Novara,Bar/Café,EUR 1-10,3.8,"12,006",45.46880600,8.65704200,Service Area,"Chef Express - Novara Ponte Chef Express - Novara Ponte 1, Novara, NO, Italia",https://www.cremonini.com/en/activities/catering/chef-express/,
2538,Chef Express,Piemonte,Novara,NO,Cressa,Bar/Café,EUR 1-10,3.8,"3,029",45.66010410,8.50090940,Service Area,"Chef Express Agogna Ovest Chef Express - Agogna Ovest 7, Cressa, NO, Italia",https://www.cremonini.com/en/activities/catering/chef-express/,
2539,Chef Express,Piemonte,Novara,NO,Cressa,Bar/Café,EUR 1-10,3.8,"3,029",45.66010410,8.50090940,Service Area,"Chef Express Agogna Est Chef Express - Agogna Est 6, Cressa, NO, Italia",https://www.cremonini.com/en/activities/catering/chef-express/,
2540,Chef Express,Lombardia,Milano,MI,Rozzano,Bar/Café,EUR 1-10,3.9,163,45.39149500,9.18935090,Service Area,"Chef Express Rozzano Est Chef Express - Rozzano Est 38, A50 Tangenziale Ovest di Milano, Rozzano, MI, Italia",https://www.cremonini.com/en/activities/catering/chef-express/,
2541,Chef Express,Lombardia,Milano,MI,Milano,Bar/Café,EUR 10-20,3,76,45.44573890,9.07505520,Service Area,"Chef Express Muggiano Chef Express - Muggiano Est 37, Milano, MI, Italia",https://www.cremonini.com/en/activities/catering/chef-express/,
2542,Chef Express,Lombardia,Milano,MI,Rho,Bar/Café,EUR 1-10,3.8,"3,735",45.50933510,9.03892640,Service Area,"Chef Express Rho Chef Express - Rho Sud 40, Rho, MI, Italia",https://www.cremonini.com/en/activities/catering/chef-express/,
2543,Chef Express,Lombardia,Milano,MI,Cinisello Balsamo,Bar/Café,EUR 1-10,3.5,261,45.57086360,9.19859990,Service Area,"Chef Express Cinisello Nord Chef Express - Cinisello Nord 33, Cinisello Balsamo, MI, Italia",https://www.cremonini.com/en/activities/catering/chef-express/,
2544,Chef Express,Lombardia,Milano,MI,Paderno Dugnano,Bar/Café,EUR 1-10,3.6,96,45.58905190,9.17321390,Service Area,"Chef Express Paderno Panella - Paderno Dugnano, Paderno Dugnano, MI, Italia",https://www.cremonini.com/en/activities/catering/chef-express/,
2545,Chef Express,Lombardia,Bergamo,BG,Caravaggio,Bar/Café,EUR 1-10,3.8,"2,326",45.51174120,9.63495310,Service Area,"Chef Express Adda Nord Chef Express - Adda Nord 69, Caravaggio, BG, Italia",https://www.cremonini.com/en/activities/catering/chef-express/,
2546,Chef Express,Lombardia,Brescia,BS,Rezzato,Bar/Café,EUR 1-10,3.6,"1,731",45.48504930,10.30852650,Service Area,"Chef Express San Giacomo Nord Chef Express - San Giacomo Nord 12, Rezzato, BS, Italia",https://www.cremonini.com/en/activities/catering/chef-express/,
2547,Chef Express,Lombardia,Brescia,BS,Rezzato,Bar/Café,EUR 1-10,3.6,"1,731",45.48504930,10.30852650,Service Area,"Chef Express San Giacomo Sud Chef Express - San Giacomo Sud 4, A4, AdS San Giacomo Sud, Rezzato, BS, Italia",https://www.cremonini.com/en/activities/catering/chef-express/,
2548,Chef Express,Lombardia,Brescia,BS,Calcinato,Bar/Café,EUR 1-10,3.6,"3,390",45.47083880,10.37511470,Service Area,"Chef Express Campagnola Ovest Chef Express - Campagnola Ovest 11, A4 Torino - Trieste, Calcinato, BS, Italia",https://www.cremonini.com/en/activities/catering/chef-express/,
2549,Chef Express,Veneto,Verona,VR,Sommacampagna,Bar/Café,EUR 1-10,3.9,"1,870",45.41762390,10.82658280,Service Area,"Chef Express - Val di Sona Ovest Chef Express - Val di Sona Ovest 28, A4 Torino - Trieste, Sommacampagna, VR, Italia",https://www.cremonini.com/en/activities/catering/chef-express/,
2550,Chef Express,Veneto,Verona,VR,San Bonifacio,Bar/Café,EUR 1-10,3.9,"1,151",45.40817960,11.26721140,Service Area,"Chef Express San Lorenzo Est Chef Express - San Lorenzo Est 45, A4 Torino - Trieste, San Bonifacio, VR, Italia",https://www.cremonini.com/en/activities/catering/chef-express/,
2551,Chef Express,Veneto,Treviso,TV,Casale sul Sile,Bar/Café,EUR 1-10,3.9,946,45.60817620,12.29890680,Service Area,"Chef Express Sile Est Chef Express - Sile Est 51, A27, Casale sul Sile, TV, Italia",https://www.cremonini.com/en/activities/catering/chef-express/,
2552,Chef Express,Veneto,Treviso,TV,Cessalto,Bar/Café,EUR 10-20,3.9,"2,291",45.70324040,12.60424670,Service Area,"Chef Express - Calstorta Sud Chef Express - Calstorta Sud 49, Cessalto, TV, Italia",https://www.cremonini.com/en/activities/catering/chef-express/,
2553,Chef Express,Veneto,Venezia,VE,Fossalta di Portogruaro,Bar/Café,EUR 1-10,3.9,219,45.80400766,12.88733077,Service Area,"Chef Express Fratta Sud Chef Express - Fratta Sud 19, A4 Torino - Trieste, Fossalta di Portogruaro, VE, Italia",https://www.cremonini.com/en/activities/catering/chef-express/,
2554,Chef Express,Veneto,Venezia,VE,Fossalta di Portogruaro,Bar/Café,EUR 10-20,4,"11,508",45.80513300,12.88136550,Service Area,"Chef Express Fratta Nord Chef Express - Fratta Nord 20, Fratta, VE, Italia",https://www.cremonini.com/en/activities/catering/chef-express/,
2555,Chef Express,Friuli-Venezia Giulia,Udine,UD,Gonars,Bar/Café,EUR 1-10,4,"3,716",45.88365470,13.25999850,Service Area,"Chef Express Gonars Nord Chef Express - Gonars Nord 21, A4 Torino - Trieste, Gonars, UD, Italia",https://www.cremonini.com/en/activities/catering/chef-express/,
2556,Chef Express,Emilia-Romagna,Piacenza,PC,Piacenza,Bar/Café,EUR 10-20,3.6,"2,863",45.06057890,9.65275840,Service Area,"Chef Express - Trebbia Sud Chef Express - Trebbia Sud 50, A21, AdS Trebbia Sud, Piacenza, PC, Italia",https://www.cremonini.com/en/activities/catering/chef-express/,
2557,Chef Express,Emilia-Romagna,Parma,PR,San Martino Ovest,Bar/Café,EUR 1-10,3.5,"12,475",44.82626940,10.37800330,Service Area,"Chef Express - San Martino Ovest Chef Express - San Martino Ovest 36, San Martino, PR, Italia",https://www.cremonini.com/en/activities/catering/chef-express/,
2558,Chef Express,Emilia-Romagna,Modena,MO,Campogalliano,Bar/Café,EUR 1-10,3.7,"6,049",44.70333650,10.84747130,Service Area,"Chef Express Campogalliano Chef Express - Campogalliano Ovest 32, A22, Campogalliano, MO, Italia",https://www.cremonini.com/en/activities/catering/chef-express/,
2559,Chef Express,Emilia-Romagna,Bologna,BO,Bologna,Bar/Café,EUR 1-10,3.6,"2,519",44.51961450,11.21438520,Service Area,"Chef Express - La Pioppa Est Chef Express - La Pioppa Est 10, Bologna, BO, Italia",https://www.cremonini.com/en/activities/catering/chef-express/,
2560,Chef Express,Emilia-Romagna,Ravenna,RA,Solarolo,Bar/Café,EUR 1-10,3.6,"7,308",44.34197900,11.84676200,Service Area,"Chef Express - Santerno Ovest Chef Express - Santerno Ovest 15, Autostrada Adriatica, Solarolo, RA, Italia",https://www.cremonini.com/en/activities/catering/chef-express/,
2561,Chef Express,Emilia-Romagna,Rimini,RN,Riccione,Bar/Café,EUR 1-10,3.7,"4,118",43.99514540,12.61952220,Service Area,"Chef Express - Montefeltro Est Montefeltro Est, Autostrada Adriatica, Riccione, RN, Italia",https://www.cremonini.com/en/activities/catering/chef-express/,
2562,Chef Express,Marche,Pesaro e Urbino,PU,Pesaro,Bar/Café,EUR 1-10,3.7,"2,709",43.89376560,12.87965880,Service Area,"Chef Express Foglia Est Chef Express - Foglia Est 44, Autostrada Adriatica, Pesaro, PU, Italia",https://www.cremonini.com/en/activities/catering/chef-express/,
2563,Chef Express,Marche,Bologna,BO,Sant'Elpidio a Mare,Bar/Café,EUR 1-10,3.7,"3,533",43.28629710,13.72339010,Service Area,"Chef Express - Chienti Est Contrada Morica, Macerata, MC, Italia",https://www.cremonini.com/en/activities/catering/chef-express/,
2564,Chef Express,Marche,Bologna,BO,Sant'Elpidio a Mare,Bar/Café,EUR 1-10,3.7,"3,533",43.28629710,13.72339010,Service Area,"Chef Express - Chienti Ovest Chef Express - Chienti Est 29, Autostrada Adriatica, Sant'Elpidio a Mare, FM, Italia",https://www.cremonini.com/en/activities/catering/chef-express/,
2565,Chef Express,Abruzzo,Teramo,TE,Morro D'oro,Bar/Café,EUR 1-10,3.8,"1,953",42.67029240,13.94018390,Service Area,"Chef Express Vomano Ovest Chef Express - Vomano Ovest 30, Autostrada Adriatica, Morro D'oro, TE, Italia",https://www.cremonini.com/en/activities/catering/chef-express/,
2566,Chef Express,Toscana,La Spezia,SP,Mulazzo,Bar/Café,EUR 10-20,3.7,"1,331",44.31266500,9.92754810,Service Area,"Chef Express - San Benedetto Est Chef Express - San Benedetto Est 26, Mulazzo, SP, Italia",https://www.cremonini.com/en/activities/catering/chef-express/,
2567,Chef Express,Toscana,Lucca,LU,Marina di Pietrasanta,Bar/Café,EUR 1-10,3.6,"3,097",43.92889170,10.22433030,Service Area,"Chef Express Versilia Est Chef Express - Versilia Est 31, A12 Autostrada Azzurra, Marina di Pietrasanta, LU, Italia",https://www.cremonini.com/en/activities/catering/chef-express/,
2568,Chef Express,Toscana,Firenze,FI,Limite,Bar/Café,EUR 1-10,3.6,"4,127",43.83536290,11.16008800,Service Area,"Chef Express - Bisenzio Est Chef Express - Bisenzio Est 9, A1, Campi Bisenzio, FI, Italia",https://www.cremonini.com/en/activities/catering/chef-express/,
2569,Chef Express,Toscana,Firenze,FI,Sesto Fiorentino,Bar/Café,EUR 1-10,3.9,"1,381",43.81917660,11.17407810,Service Area,"Chef Express - Peretola Nord Chef Express - Peretola Nord 25, Autostrada Firenze-Mare, Sesto Fiorentino, FI, Italia",https://www.cremonini.com/en/activities/catering/chef-express/,
2570,Chef Express,Toscana,Pisa,PI,Pontedera,Bar/Café,EUR 1-10,3.5,"2,185",43.64226950,10.61702060,Service Area,"Chef Express - Valdera Via Valdera, Firenze, FI, Italia",https://www.cremonini.com/en/activities/catering/chef-express/,
2571,Chef Express,Toscana,Firenze,FI,Lastra a Signa,Bar/Café,EUR 1-10,3.3,"1,065",43.73550460,11.10550410,Service Area,"Chef Express - Lastra a Signa Lastra a Signa, FI, Italia",https://www.cremonini.com/en/activities/catering/chef-express/,
2572,Chef Express,Toscana,Firenze,FI,Prulli di Sotto,Bar/Café,EUR 10-20,3.8,"16,593",43.65051670,11.46358550,Service Area,"Chef Express - Arno Ovest Chef Express - Arno Ovest 2, A1, Reggello, FI, Italia",https://www.cremonini.com/en/activities/catering/chef-express/,
2573,Chef Express,Toscana,Arezzo,AR,Lucignano,Bar/Café,NaN,3.7,"8,604",43.24574150,11.77421290,Service Area,"Chef Express - Lucignano Ovest Chef Express - Lucignano Ovest 13, Lucignano, AR, Italia",https://www.cremonini.com/en/activities/catering/chef-express/,
2574,Chef Express,Toscana,Arezzo,AR,Lucignano,Bar/Café,EUR 1-10,3.8,315,43.24678940,11.77494850,Service Area,"Chef Express - Lucignano Est Lucignano Est, Lucignano, AR, Italia",https://www.cremonini.com/en/activities/catering/chef-express/,
2575,Chef Express,Umbria,Terni,TR,Fabro,Bar/Café,EUR 10-20,3.9,"12,759",42.87626500,12.01907600,Service Area,"Chef Express - Fabro Est Chef Express - Fabro Est 22, A1, Fabro, TR, Italia",https://www.cremonini.com/en/activities/catering/chef-express/,
2576,Chef Express,Lazio,Viterbo,VT,Civitella d'Agliano,Bar/Café,EUR 1-10,3.7,"5,511",42.62388230,12.23231920,Service Area,"Chef Express - Tevere Est Chef Express - Tevere Est 17, Civitella D'agliano, VT, Italia",https://www.cremonini.com/en/activities/catering/chef-express/,
2577,Chef Express,Lazio,Roma,RM,Fiano Romano,Bar/Café,EUR 1-10,3.7,"2,869",42.13519160,12.60301320,Service Area,"Chef Express Feronia Ponte Chef Express - Feronia Ponte 5, A1 Diramazione Roma Nord, Fiano Romano, RM, Italia",https://www.cremonini.com/en/activities/catering/chef-express/,
2578,Chef Express,Lazio,Roma,RM,Tolfa,Bar/Café,EUR 1-10,3.8,"1,066",42.02932350,11.96273740,Service Area,"Chef Express Tirreno Ovest Chef Express - Tirreno Ovest 41, Tolfa, RM, Italia",https://www.cremonini.com/en/activities/catering/chef-express/,
2579,Chef Express,Lazio,Roma,RM,Roma,Bar/Café,EUR 1-10,3.7,488,41.84920610,12.60712230,Service Area,"Chef Express - Tuscolana Ovest Area di Servizio Tuscolana Ovest, A1 Diramazione Roma Sud, Roma, RM, Italia",https://www.cremonini.com/en/activities/catering/chef-express/,
2580,Chef Express,Lazio,Roma,RM,Roma,Bar/Café,EUR 1-10,3.8,959,41.79383140,12.51778270,Service Area,"Chef Express - Ardeatina Esterna Eni Ardeatina Esterna, Roma, RM, Italia",https://www.cremonini.com/en/activities/catering/chef-express/,
2581,Autogrill,Umbria,Terni,TR,Acquasparta,Bar/Café,EUR 1-10,3.9,"1,281",42.67599580,12.55290530,Service Area,"Acquasparta (TR), SS E45, Km 13+250, 05021 Acquasparta TR, Italy",https://www.autogrill.it/wp-content/uploads/2023/08/LOCALI-AUTOGRILL-6.pdf,
2582,Autogrill,Sicilia,Messina,ME,Messina,Bar/Café,EUR 1-10,4,"2,574",38.05344800,14.60238500,Service Area,"Acquedolci Sud, A18 Messina - Catania, 98035 Messina ME, Italy",https://www.autogrill.it/wp-content/uploads/2023/08/LOCALI-AUTOGRILL-6.pdf,
2583,Autogrill,Lombardia,Bergamo,BG,Caravaggio,Bar/Café,EUR 1-10,3.6,"2,290",45.51056290,9.63582790,Service Area,"Adda Sud, A35, 24043 Caravaggio BG, Italy",https://www.autogrill.it/wp-content/uploads/2023/08/LOCALI-AUTOGRILL-6.pdf,
2584,Autogrill,Veneto,Verona,VR,Brentino Belluno,Bar/Café,EUR 1-10,3.9,"2,064",45.69514211,10.91672087,Service Area,"Adige Brennero Est, Adige Brennero Est A22, A22 km 187, 080, 37020 Brentino VR, Italy",https://www.autogrill.it/wp-content/uploads/2023/08/LOCALI-AUTOGRILL-6.pdf,
2585,Autogrill,Veneto,Verona,VR,Brentino Belluno,Bar/Café,EUR 1-10,4,"4,178",45.69303233,10.91207796,Service Area,"Adige Brennero Ovest, Adige Brennero Ovest A22 Brennero - Verona Km 187, 37020 Brentino Belluno VR, Italy",https://www.autogrill.it/wp-content/uploads/2023/08/LOCALI-AUTOGRILL-6.pdf,
2586,Autogrill,Veneto,Rovigo,RO,Costa di Rovigo,Bar/Café,EUR 1-10,3.9,"3,975",45.04135180,11.71094670,Service Area,"Adige Est, A13 Bologna - Padova, 45023 Costa di Rovigo RO, Italy",https://www.autogrill.it/wp-content/uploads/2023/08/LOCALI-AUTOGRILL-6.pdf,
2587,Autogrill,Emilia-Romagna,Ferrara,FE,Ferrara,Bar/Café,EUR 1-10,3.8,"10,196",45.04135180,11.71094670,Service Area,"Adige Ovest Oil, A13 Bologna - Padova, 44124 Ferrara FE, Italy",https://www.autogrill.it/wp-content/uploads/2023/08/LOCALI-AUTOGRILL-6.pdf,
2588,Autogrill,Lombardia,Bergamo,BG,Orio al Serio,Bar/Café,EUR 1-10,3.3,62,45.66433380,9.69648710,Transport Hub,"Aeroporto Bergamo Orioal Serio, Via Portico, 60, 24050 Orio al Serio BG, Italy",https://www.autogrill.it/wp-content/uploads/2023/08/LOCALI-AUTOGRILL-6.pdf,
2589,Autogrill,Emilia-Romagna,Bologna,BO,Bologna,Bar/Café,NaN,4.2,791,44.52862040,11.29405710,Transport Hub,"Aeroporto Bologna - Marconi, Via del Triumvirato, 26, 40132 Bologna BO, Italy",https://www.autogrill.it/wp-content/uploads/2023/08/LOCALI-AUTOGRILL-6.pdf,
2590,Autogrill,Puglia,Brindisi,BR,Brindisi,Bar/Café,EUR 10-20,3.6,168,40.65774510,17.93848250,Transport Hub,"Aeroporto Brindisi Casale, Contrada Baroncino, 72100 Brindisi BR, Italy",https://www.autogrill.it/wp-content/uploads/2023/08/LOCALI-AUTOGRILL-6.pdf,
2591,Autogrill,Lombardia,Milano,MI,Novegro-Tregarezzo,Bar/Café,NaN,2,4,45.55930440,9.04166360,Transport Hub,"Aeroporto Milano - Linate, Viale Enrico Forlanini, 20134 Milano MI, Italy",https://www.autogrill.it/wp-content/uploads/2023/08/LOCALI-AUTOGRILL-6.pdf,
2592,Autogrill,Lombardia,Varese,VA,Ferno,Bar/Café,EUR 1-10,3.1,77,45.62721380,8.71322270,Transport Hub,"Aeroporto Milano Malpensa T1, Milano Malpensa Airport, Terminal 1 - Stazione, 21010 Ferno VA, Italy",https://www.autogrill.it/wp-content/uploads/2023/08/LOCALI-AUTOGRILL-6.pdf,
2593,Autogrill,Sicilia,Palermo,PA,Punta Raisi,Bar/Café,EUR 1-10,2,238,38.18676690,13.10600450,Transport Hub,"Aeroporto Palermo Punta Raisi, Aereoporto Falcone E Borsellino LocalitÃ , 90045 Punta Raisi PA, Italy",https://www.autogrill.it/wp-content/uploads/2023/08/LOCALI-AUTOGRILL-6.pdf,
2594,Autogrill,Piemonte,Torino,TO,Caselle Torinese,Bar/Café,EUR 1-10,3.6,18,45.19143860,7.64313750,Transport Hub,"Aeroporto Torino Caselle, Str. S. Maurizio, 9-12, 10072 Caselle Torinese TO, Italy",https://www.autogrill.it/wp-content/uploads/2023/08/LOCALI-AUTOGRILL-6.pdf,
2595,Autogrill,Veneto,Verona,VR,Nogarole Rocca,Bar/Café,EUR 1-10,3.8,"1,165",45.55232786,10.78562586,Service Area,"Affi, Autostrada A22 Brennero, 37060 Nogarole Rocca VR, Italy",https://www.autogrill.it/wp-content/uploads/2023/08/LOCALI-AUTOGRILL-6.pdf,
2596,Autogrill,Emilia-Romagna,Bologna,BO,Ancona,Bar/Café,EUR 1-10,3.6,"21,605",44.42785110,11.59869960,Service Area,"Alento Est Oil, Autostrada A14 Bologna, 40024 Ancona BO, Italy",https://www.autogrill.it/wp-content/uploads/2023/08/LOCALI-AUTOGRILL-6.pdf,
2597,Autogrill,Campania,Salerno,SA,San Mango Piemonte,Bar/Café,EUR 1-10,3.5,"6,133",40.73331750,14.67924410,Service Area,"Alfaterna Est, A2, A2, 84090 San Mango Piemonte SA, Italy",https://www.autogrill.it/wp-content/uploads/2023/08/LOCALI-AUTOGRILL-6.pdf,
2598,Autogrill,Campania,Napoli,NA,Torre Annunziata,Bar/Café,EUR 1-10,3.2,729,40.73276290,14.67887040,Service Area,"Alfaterna Ovest, A3 Napoli - Salerno Dir. Salerno Km 20, 80058 Torre Annunziata NA, Italy",https://www.autogrill.it/wp-content/uploads/2023/08/LOCALI-AUTOGRILL-6.pdf,
2599,Autogrill,Emilia-Romagna,Modena,MO,Modena,Bar/Café,EUR 1-10,3.8,"26,422",44.96262660,9.90807440,Service Area,"Arda, A1, Milano - Bologna, 41123 Modena MO, Italy",https://www.autogrill.it/wp-content/uploads/2023/08/LOCALI-AUTOGRILL-6.pdf,
2600,Autogrill,Toscana,Firenze,FI,Firenze,Bar/Café,EUR 1-10,3.9,"9,433",43.58294190,11.52213870,Service Area,"Arno Est, A1, 50012 Firenze FI, Italy",https://www.autogrill.it/wp-content/uploads/2023/08/LOCALI-AUTOGRILL-6.pdf,
2601,Autogrill,Lazio,Roma,RM,Tolfa,Bar/Café,EUR 1-10,3.9,"2,468",41.87326800,12.25213650,Service Area,"Arrone Ovest Oil, Autostrada Civitavecchia, 00059 Tolfa RM, Italy",https://www.autogrill.it/wp-content/uploads/2023/08/LOCALI-AUTOGRILL-6.pdf,
2602,Autogrill,Lombardia,Milano,MI,Assago,Bar/Café,EUR 10-20,3.8,81,45.40377041,9.15170129,Shopping Mall,"Assago Carrefour Cioccolatitaliani, V.le Milanofiori, 1, 20057 Assago MI, Italy",https://www.autogrill.it/wp-content/uploads/2023/08/LOCALI-AUTOGRILL-6.pdf,
2603,Autogrill,Lombardia,Milano,MI,Rozzano,Bar/Café,EUR 1-10,3.7,"2,044",45.40098000,9.12196150,Service Area,"Assago Ovest, A50 Tangenziale Ovest di Milano, 20089 Rozzano MI, Italy",https://www.autogrill.it/wp-content/uploads/2023/08/LOCALI-AUTOGRILL-6.pdf,
2604,Autogrill,Piemonte,Asti,AT,Asti,Bar/Café,EUR 1-10,3.7,276,44.90712050,8.26150650,Service Area,"Asti Est, Corso Alessandria, 562, 14100 Asti AT, Italy",https://www.autogrill.it/wp-content/uploads/2023/08/LOCALI-AUTOGRILL-6.pdf,
2605,Autogrill,Liguria,Savona,SV,Varazze,Bar/Café,EUR 1-10,3.7,"8,007",44.28735065,8.44088539,Service Area,"Aurelia Sud, A10 Genova-Ventimiglia, km 26, 17019 Varazze SV, Italy",https://www.autogrill.it/wp-content/uploads/2023/08/LOCALI-AUTOGRILL-6.pdf,
2606,Autogrill,Toscana,Firenze,FI,Firenze,Bar/Café,EUR 1-10,3.7,"8,387",43.40520962,11.76353771,Service Area,"Badia al Pino Est, A1 km. 362, 52040 Civitella in Val di Chiana AR, Italy",https://www.autogrill.it/wp-content/uploads/2023/08/LOCALI-AUTOGRILL-6.pdf,
2607,Autogrill,Toscana,Firenze,FI,Firenze,Bar/Café,EUR 1-10,4,"4,242",43.40778662,11.76240535,Service Area,"Badia al Pino Ovest, A1 km 362, 52041 Civitella in Val di Chiana AR, Italy",https://www.autogrill.it/wp-content/uploads/2023/08/LOCALI-AUTOGRILL-6.pdf,
2608,Autogrill,Sicilia,Siracusa,SR,Priolo Gargallo,Bar/Café,EUR 1-10,3.7,891,37.17159550,15.15922200,Service Area,"Bagali Est, SS114 kM 139+400, Autostrada Catania - Siracusa, 114, 96010 Priolo Gargallo SR, Italy",https://www.autogrill.it/wp-content/uploads/2023/08/LOCALI-AUTOGRILL-6.pdf,
2609,Autogrill,Campania,Salerno,SA,Baronissi,Bar/Café,NaN,4,"2,911",40.74797590,14.78697310,Service Area,"Baronissi Ovest, Racccordo autostradale SA-AV E841 - KM 6+048, 84081 Baronissi SA, Italy",https://www.autogrill.it/wp-content/uploads/2023/08/LOCALI-AUTOGRILL-6.pdf,
2610,Autogrill,Veneto,Venezia,VE,Venezia,Bar/Café,EUR 1-20,2.7,33,45.52577280,12.26285790,Service Area,"Bazzera Sud, A4 Torino - Trieste, 30174 Verona, VE, Italy",https://www.autogrill.it/wp-content/uploads/2023/08/LOCALI-AUTOGRILL-6.pdf,
2611,Autogrill,Emilia-Romagna,Ferrara,FE,Ferrara,Bar/Café,EUR 1-10,3.8,"10,196",44.62228290,11.41904150,Service Area,"Bentivoglio Ovest Oil, A13 Bologna - Padova, 44124 Ferrara FE, Italy",https://www.autogrill.it/wp-content/uploads/2023/08/LOCALI-AUTOGRILL-6.pdf,
2612,Autogrill,Piemonte,Alessandria,AL,Serravalle Scrivia,Bar/Café,EUR 1-10,3.5,"4,615",44.76055919,8.83840929,Service Area,"Bettole di Novi Est, A7, 15067 Serravalle Scrivia AL, Italy",https://www.autogrill.it/wp-content/uploads/2023/08/LOCALI-AUTOGRILL-6.pdf,
2613,Autogrill,Piemonte,Alessandria,AL,Serravalle Scrivia,Bar/Café,EUR 1-10,3.5,"3,384",44.76064555,8.83693305,Service Area,"Bettole di Novi Ligure Ovest, A7 Milano, 15067 Serravalle Scrivia AL, Italy",https://www.autogrill.it/wp-content/uploads/2023/08/LOCALI-AUTOGRILL-6.pdf,
2614,Autogrill,Emilia-Romagna,Bologna,BO,Ancona,Bar/Café,EUR 1-10,3.8,"7,626",44.21792071,12.17778830,Service Area,"Bevano Est, Bevano Est Autostrada A14 Bologna, 40024 Ancona BO, Italy",https://www.autogrill.it/wp-content/uploads/2023/08/LOCALI-AUTOGRILL-6.pdf,
2615,Autogrill,Emilia-Romagna,Bologna,BO,Ancona,Bar/Café,EUR 1-10,3.9,"10,707",44.21703136,12.17554274,Service Area,"Bevano Ovest, Bevano Ovest Autostrada A14 Bologna, 40024 Ancona BO, Italy",https://www.autogrill.it/wp-content/uploads/2023/08/LOCALI-AUTOGRILL-6.pdf,
2616,Autogrill,Lombardia,Milano,MI,Milano,Bar/Café,EUR 1-10,3.7,"2,752",45.48548269,9.20455491,Transport Hub,"Bistrot Milano Centrale, Piazza Duca d'Aosta, 20124 Milano MI, Italy",https://www.autogrill.it/wp-content/uploads/2023/08/LOCALI-AUTOGRILL-6.pdf,
2617,Autogrill,Trentino-Alto Adige,Bolzano,BZ,Vadena,Bar/Café,EUR 1-10,3.8,"7,633",46.38609100,11.29437490,Service Area,"Bolzano ""Subito 54"" (Franchising), Autostrada del Brennero, 39051 Vadena BZ, Italy",https://www.autogrill.it/wp-content/uploads/2023/08/LOCALI-AUTOGRILL-6.pdf,
2618,Autogrill,Liguria,Savona,SV,Varazze,Bar/Café,EUR 1-10,3.8,243,43.79913721,7.69102822,Service Area,"Bordighera Nord Oil, Autostrada dei Fiori, direzione Francia, A10, 18012 Bordighera IM, Italy",https://www.autogrill.it/wp-content/uploads/2023/08/LOCALI-AUTOGRILL-6.pdf,
2619,Autogrill,Liguria,Savona,SV,Varazze,Bar/Café,EUR 1-10,3.9,"2,756",43.79785461,7.69103358,Service Area,"Bordighera Sud, A10 Genova-Ventimiglia, km 26, 17019 Varazze SV, Italy",https://www.autogrill.it/wp-content/uploads/2023/08/LOCALI-AUTOGRILL-6.pdf,
2620,Autogrill,Piemonte,Alessandria,AL,Belforte Monferrato,Bar/Café,EUR 1-10,3.8,"7,345",44.81911790,8.59528630,Service Area,"Bormida Est, A26, 15070 Belforte Monferrato AL, Italy",https://www.autogrill.it/wp-content/uploads/2023/08/LOCALI-AUTOGRILL-6.pdf,
2621,Autogrill,Lombardia,Bergamo,BG,Osio Sopra,Bar/Café,EUR 1-10,3.9,"19,880",45.63241892,9.59868743,Service Area,"Brembo Nord, Brembo Nord A4 Torino - Trieste, 24040 Osio Sopra BG, Italy",https://www.autogrill.it/wp-content/uploads/2023/08/LOCALI-AUTOGRILL-6.pdf,
2622,Autogrill,Lombardia,Bergamo,BG,Osio Sopra,Bar/Café,EUR 1-10,4,"1,510",45.63178401,9.59937899,Service Area,"Brembo Sud, Brembo Sud A4 Torino - Trieste, 24040 Osio Sopra BG, Italy",https://www.autogrill.it/wp-content/uploads/2023/08/LOCALI-AUTOGRILL-6.pdf,
2623,Autogrill,Lombardia,Brescia,BS,Erbusco,Bar/Café,EUR 1-10,3.9,"10,968",45.57531359,9.39298770,Service Area,"Brianza Nord, Brianza Nord A4 Torino - Trieste dir. Milano km 197, 25030 Erbusco BS, Italy",https://www.autogrill.it/wp-content/uploads/2023/08/LOCALI-AUTOGRILL-6.pdf,
2624,Autogrill,Lombardia,Bergamo,BG,Osio Sopra,Bar/Café,EUR 1-10,3.8,"12,713",45.57393531,9.39258679,Service Area,"Brianza Sud, Brianza Sud A4 Torino - Trieste, 24040 Osio Sopra BG, Italy",https://www.autogrill.it/wp-content/uploads/2023/08/LOCALI-AUTOGRILL-6.pdf,
2625,Autogrill,Lombardia,Varese,VA,Varese,Bar/Café,EUR 1-10,3.9,764,45.76243863,8.81148925,Service Area,"Brughiera Est Oil, Brughiera Est Oil A8, 21040 Varese VA, Italy",https://www.autogrill.it/wp-content/uploads/2023/08/LOCALI-AUTOGRILL-6.pdf,
2626,Autogrill,Lombardia,Varese,VA,Varese,Bar/Café,EUR 1-10,3.8,"4,241",45.76263900,8.80928733,Service Area,"Brughiera Ovest, Brughiera Ovest A8, 21040 Varese VA, Italy",https://www.autogrill.it/wp-content/uploads/2023/08/LOCALI-AUTOGRILL-6.pdf,
2627,Autogrill,Liguria,La Spezia,SP,Livorno,Bar/Café,EUR 1-10,3.6,951,44.22699241,9.73080719,Service Area,"Brugnato Est, Brugnato Est A12 19020 Vezzano Ligure, 19020 Livorno SP, Italy",https://www.autogrill.it/wp-content/uploads/2023/08/LOCALI-AUTOGRILL-6.pdf,
2628,Autogrill,Liguria,La Spezia,SP,Livorno,Bar/Café,EUR 1-10,3.6,"3,913",44.22618799,9.72987695,Service Area,"Brugnato Ovest Oil, Brugnato Ovest Oil A12 19020 Vezzano Ligure, 19020 Livorno SP, Italy",https://www.autogrill.it/wp-content/uploads/2023/08/LOCALI-AUTOGRILL-6.pdf,
2629,Autogrill,Lombardia,Milano,MI,Milano,Bar/Café,EUR 1-10,4.9,29,45.50009820,9.13088385,Service Area,"Burger King Milano Certosa, Viale Certosa, 228, 20156 Milano MI, Italy",https://www.autogrill.it/wp-content/uploads/2023/08/LOCALI-AUTOGRILL-6.pdf,
2630,Autogrill,Puglia,Foggia,FG,Cerignola,Bar/Café,EUR 1-10,3.6,"2,357",41.06681630,15.31613700,Service Area,"Calaggio Nord Oil, Autostrada Canosa-Napoli, 16, 71042 Cerignola FG, Italy",https://www.autogrill.it/wp-content/uploads/2023/08/LOCALI-AUTOGRILL-6.pdf,
2631,Autogrill,Sicilia,Messina,ME,Messina,Bar/Café,EUR 1-10,4.5,17,37.82457815,15.24528260,Service Area,"Calatabiano Ovest Oil, A18 Messina - Catania, 98100 Messina ME, Italy",https://www.autogrill.it/wp-content/uploads/2023/08/LOCALI-AUTOGRILL-6.pdf,
2632,Autogrill,Campania,Salerno,SA,San Mango Piemonte,Bar/Café,EUR 1-10,3.5,"6,133",40.61826810,15.16531380,Service Area,"Campagna Nord, A2, A2, 84090 San Mango Piemonte SA, Italy",https://www.autogrill.it/wp-content/uploads/2023/08/LOCALI-AUTOGRILL-6.pdf,
2633,Autogrill,Toscana,Livorno,LI,Campiglia Marittima,Bar/Café,EUR 1-10,3.6,"1,079",43.01745735,10.59031121,Service Area,"Campiglia Marittima Ovest, Variante Aurelia, 242 km, 57021 Campiglia Marittima LI, Italy",https://www.autogrill.it/wp-content/uploads/2023/08/LOCALI-AUTOGRILL-6.pdf,
2634,Autogrill,Friuli-Venezia Giulia,Udine,UD,Moggio Udinese,Bar/Café,EUR 1-10,4.2,"4,805",46.39866320,13.16792551,Service Area,"Campiolo Ovest, Campiolo Ovest Autostrada A 23 Tarvisio, 33015 Moggio Udinese UD, Italy",https://www.autogrill.it/wp-content/uploads/2023/08/LOCALI-AUTOGRILL-6.pdf,
2635,Autogrill,Piemonte,Alessandria,AL,Serravalle Scrivia,Bar/Café,EUR 1-10,3.5,"3,384",44.52941510,8.94076060,Service Area,"Campora Est, A7 Milano, 15067 Serravalle Scrivia AL, Italy",https://www.autogrill.it/wp-content/uploads/2023/08/LOCALI-AUTOGRILL-6.pdf,
2636,Autogrill,Toscana,Firenze,FI,Firenze,Bar/Café,EUR 1-10,3.9,"9,433",44.45595290,11.28009200,Service Area,"Cantagallo, A1, 50012 Firenze FI, Italy",https://www.autogrill.it/wp-content/uploads/2023/08/LOCALI-AUTOGRILL-6.pdf,
2637,Autogrill,Emilia-Romagna,Bologna,BO,Casalecchio di Reno,Bar/Café,EUR 1-10,3.8,"23,077",44.45606870,11.28084520,Service Area,"Cantagallo Est Oil, km 198 dir, A1, 40033 Casalecchio di Reno BO, Italy",https://www.autogrill.it/wp-content/uploads/2023/08/LOCALI-AUTOGRILL-6.pdf,
2638,Autogrill,Toscana,Grosseto,GR,Capalbio,Bar/Café,EUR 1-10,3.7,421,42.41463420,11.36501080,Service Area,"Capalbio, Strada Statale 1 Aurelia Km. 132+150 Dir Roma, 58011 Capalbio GR, Italy",https://www.autogrill.it/wp-content/uploads/2023/08/LOCALI-AUTOGRILL-6.pdf,
2639,Autogrill,Sicilia,Catania,CT,Catania,Bar/Café,EUR 1-10,3.5,"3,663",37.96708408,13.72556608,Service Area,"Caracoli Nord, Caracoli Nord A19, 95045 Catania CT, Italy",https://www.autogrill.it/wp-content/uploads/2023/08/LOCALI-AUTOGRILL-6.pdf,
2640,Autogrill,Lombardia,Milano,MI,Cinisello Balsamo,Bar/Café,EUR 1-10,3.9,"4,659",45.67200120,9.21987540,Service Area,"Carate Brianza Ovest, A4, Lambro Sud, Km 9, 20092 Cinisello Balsamo MI, Italy",https://www.autogrill.it/wp-content/uploads/2023/08/LOCALI-AUTOGRILL-6.pdf,
2641,Autogrill,Liguria,Savona,SV,Carcare,Bar/Café,EUR 1-10,4.2,"1,848",44.34645405,8.30167544,Service Area,"Carcare Est, Carcare Est Autostrada, A6 Torino - Savona, KM 18, 17043 Carcare SV, Italy",https://www.autogrill.it/wp-content/uploads/2023/08/LOCALI-AUTOGRILL-6.pdf,
2642,Autogrill,Lombardia,Milano,MI,Assago,Bar/Café,EUR 1-10,3.6,"3,699",45.40097882,9.12196036,Shopping Mall,"Carrefour Assago, V.le Milanofiori, 1, 20057 Assago MI, Italy",https://www.autogrill.it/wp-content/uploads/2023/08/LOCALI-AUTOGRILL-6.pdf,
2643,Autogrill,Lazio,Roma,RM,Roma,Bar/Café,EUR 1-10,3.7,"1,523",41.87408187,12.60709917,Service Area,"Casilina Esterna Oil, Grande Raccordo Anulare, Km 37, 00133 Roma RM, Italy",https://www.autogrill.it/wp-content/uploads/2023/08/LOCALI-AUTOGRILL-6.pdf,
2644,Autogrill,Lazio,Frosinone,FR,Castrocielo,Bar/Café,EUR 1-10,3.9,"4,237",41.49729999,13.68412097,Service Area,"Casilina Est, Casilina Est A1 Milano Napoli Dir, 03030 Napoli, NA, Italy",https://www.autogrill.it/wp-content/uploads/2023/08/LOCALI-AUTOGRILL-6.pdf,
2645,Autogrill,Lazio,Frosinone,FR,Castrocielo,Bar/Café,EUR 1-10,3.8,"5,483",41.49665818,13.68321775,Service Area,"Casilina Ovest, Casilina Ovest A1 Milano Napoli Dir, 03030 Napoli, NA, Italy",https://www.autogrill.it/wp-content/uploads/2023/08/LOCALI-AUTOGRILL-6.pdf,
2646,Autogrill,Toscana,Pisa,PI,Castagnolo,Bar/Café,EUR 1-10,3.6,"1,621",43.66790264,10.35913296,Service Area,"Castagnolo Ovest Oil, Castagnolo Ovest Oil A12 Sestri - Livorno, KM 163+659, 56122 Castagnolo PI, Italy",https://www.autogrill.it/wp-content/uploads/2023/08/LOCALI-AUTOGRILL-6.pdf,
2647,Autogrill,Piemonte,Novara,NO,Novara,Bar/Café,EUR 1-10,3,14,44.42784961,11.59869908,Commercial Area,"Castel Guelfo Outlet, Via Mario Greppi, 2, 28100 Novara NO, Italy",https://www.autogrill.it/wp-content/uploads/2023/08/LOCALI-AUTOGRILL-6.pdf,
2648,Autogrill,Emilia-Romagna,Ferrara,FE,Ferrara,Bar/Café,EUR 1-10,3.7,"7,720",44.62151434,11.42017349,Service Area,"Castelbentivoglio Est, Castelbentivoglio Est A13 Bologna - Padova, 44124 Ferrara FE, Italy",https://www.autogrill.it/wp-content/uploads/2023/08/LOCALI-AUTOGRILL-6.pdf,
2649,Autogrill,Emilia-Romagna,Ferrara,FE,Ferrara,Bar/Café,EUR 1-10,3.9,"3,919",44.62234604,11.41890677,Service Area,"Castelbentivoglio Ovest, Castelbentivoglio Ovest A13 Bologna - Padova, 44124 Ferrara FE, Italy",https://www.autogrill.it/wp-content/uploads/2023/08/LOCALI-AUTOGRILL-6.pdf,
2650,Autogrill,Veneto,Treviso,TV,Castelfranco Veneto,Bar/Café,EUR 1-10,4.1,526,45.75218626,11.89619836,Service Area,"Castelfranco (TV) - Gransole, V. dei Carpani, 21/B, 31033 Castelfranco Veneto TV, Italy",https://www.autogrill.it/wp-content/uploads/2023/08/LOCALI-AUTOGRILL-6.pdf,
2651,Autogrill,Liguria,Savona,SV,Varazze,Bar/Café,EUR 1-10,3.7,"8,007",43.86016860,7.87685730,Service Area,"Castellaro Nord OIl, A10 Genova-Ventimiglia, km 26, 17019 Varazze SV, Italy",https://www.autogrill.it/wp-content/uploads/2023/08/LOCALI-AUTOGRILL-6.pdf,
2652,Autogrill,Toscana,Livorno,LI,Campiglia Marittima,Bar/Café,EUR 1-10,3.6,"1,079",43.29012250,10.54313570,Service Area,"Cecina Ovest, Variante Aurelia, 242 km, 57021 Campiglia Marittima LI, Italy",https://www.autogrill.it/wp-content/uploads/2023/08/LOCALI-AUTOGRILL-6.pdf,
2653,Autogrill,Liguria,Savona,SV,Luen,Bar/Café,EUR 1-10,3.8,"1,698",44.08881662,8.20617833,Service Area,"Ceriale Nord, A10 Savona - Ponte S. Luigi, 17023 Ceriale SV, Italy",https://www.autogrill.it/wp-content/uploads/2023/08/LOCALI-AUTOGRILL-6.pdf,
2654,Autogrill,Liguria,Savona,SV,Varazze,Bar/Café,EUR 1-10,3.9,"6,041",44.08813708,8.20678779,Service Area,"Ceriale Sud, Ceriale Sud A10, 17019 Varazze SV, Italy",https://www.autogrill.it/wp-content/uploads/2023/08/LOCALI-AUTOGRILL-6.pdf,
2655,Autogrill,Toscana,Firenze,FI,Firenze,Bar/Café,EUR 1-10,3.9,"9,433",43.72935890,11.33293710,Service Area,"Chianti, A1, 50012 Firenze FI, Italy",https://www.autogrill.it/wp-content/uploads/2023/08/LOCALI-AUTOGRILL-6.pdf,
2656,Autogrill,Lombardia,Milano,MI,Pero,Bar/Café,EUR 1-10,3.7,"3,160",45.28752070,8.03368380,Service Area,"Cigliano Nord Oil, A4 Torino - Trieste, 20016 Pero MI, Italy",https://www.autogrill.it/wp-content/uploads/2023/08/LOCALI-AUTOGRILL-6.pdf,
2657,Autogrill,Abruzzo,L'Aquila,AQ,L'Aquila,Bar/Café,EUR 1-10,3.7,"6,876",42.06731965,13.03796308,Service Area,"Civita Nord, Civita Nord A24 km. 99, 67100 L'Aquila AQ, Italy",https://www.autogrill.it/wp-content/uploads/2023/08/LOCALI-AUTOGRILL-6.pdf,
2658,Autogrill,Abruzzo,L'Aquila,AQ,L'Aquila,Bar/Café,EUR 1-10,3.8,967,42.06577845,13.03656185,Service Area,"Civita Sud, Civita Sud A24 km. 99, 67100 L'Aquila AQ, Italy",https://www.autogrill.it/wp-content/uploads/2023/08/LOCALI-AUTOGRILL-6.pdf,
2659,Autogrill,Marche,Macerata,MC,Piane Chienti,Bar/Café,EUR 1-10,3.9,"1,188",43.27935556,13.66593494,Service Area,"Civitanova Nord oil, Civitanova Nord oil S.S. 77 Km. 104+200, 62012 Piane Chienti MC, Italy",https://www.autogrill.it/wp-content/uploads/2023/08/LOCALI-AUTOGRILL-6.pdf,
2660,Autogrill,Marche,Macerata,MC,Piane Chienti,Bar/Café,EUR 1-10,3.8,"1,177",43.27803535,13.66419243,Service Area,"Civitanova Sud, Civitanova Sud S.S. 77 Km. 104+200, 62012 Piane Chienti MC, Italy",https://www.autogrill.it/wp-content/uploads/2023/08/LOCALI-AUTOGRILL-6.pdf,
2661,Autogrill,Lazio,Roma,RM,Roma,Bar/Café,EUR 1-10,3.5,"1,441",41.92667460,12.73880730,Service Area,"Colle Tasso Sud, Autostrada Roma L'Aquila Teramo, 24, 00132 Roma RM, Italy",https://www.autogrill.it/wp-content/uploads/2023/08/LOCALI-AUTOGRILL-6.pdf,
2662,Autogrill,Lombardia,Milano,MI,Rozzano,Bar/Café,EUR 1-10,3.7,"2,044",45.53707590,9.29947680,Service Area,"Cologno Monzese Est, A50 Tangenziale Ovest di Milano, 20089 Rozzano MI, Italy",https://www.autogrill.it/wp-content/uploads/2023/08/LOCALI-AUTOGRILL-6.pdf,
2663,Autogrill,Marche,Ancona,AN,Chiaravalle,Bar/Café,EUR 1-10,3.8,"2,573",43.48223830,13.59626058,Service Area,"Conero Est, A14, 60033 Chiaravalle AN, Italy",https://www.autogrill.it/wp-content/uploads/2023/08/LOCALI-AUTOGRILL-6.pdf,
2664,Autogrill,Marche,Pesaro e Urbino,PU,Pesaro,Bar/Café,EUR 1-10,3.7,"4,559",43.48071120,13.59556410,Service Area,"Conero Ovest, A14 Bologna, 61122 Pesaro PU, Italy",https://www.autogrill.it/wp-content/uploads/2023/08/LOCALI-AUTOGRILL-6.pdf,
2665,Autogrill,Marche,Ancona,AN,Jesi,Bar/Café,EUR 1-10,4,432,43.57656770,13.32527100,Service Area,"Coppetella Est (AN) (Ristorante - F.A.), SS76, 60035 Jesi AN, Italy",https://www.autogrill.it/wp-content/uploads/2023/08/LOCALI-AUTOGRILL-6.pdf,
2666,Autogrill,Emilia-Romagna,Piacenza,PC,Piacenza,Bar/Café,EUR 1-10,3.2,"2,586",45.13993032,10.06985098,Service Area,"Cremona Nord, Cremona Nord A21, 29121 Piacenza PC, Italy",https://www.autogrill.it/wp-content/uploads/2023/08/LOCALI-AUTOGRILL-6.pdf,
2667,Autogrill,Emilia-Romagna,Piacenza,PC,Piacenza,Bar/Café,EUR 1-10,3.7,"6,994",45.11410493,10.05704297,Service Area,"Cremona Sud, Cremona Sud A21, 29121 Piacenza PC, Italy",https://www.autogrill.it/wp-content/uploads/2023/08/LOCALI-AUTOGRILL-6.pdf,
2668,Autogrill,Emilia-Romagna,Piacenza,PC,Piacenza,Bar/Café,EUR 1-10,3.7,"10,557",44.90370940,8.36369990,Service Area,"Crocetta Sud, A21, 29121 Piacenza PC, Italy",https://www.autogrill.it/wp-content/uploads/2023/08/LOCALI-AUTOGRILL-6.pdf,
2669,Autogrill,Piemonte,Alessandria,AL,Serravalle Scrivia,Bar/Café,EUR 1-10,3.6,"8,831",45.14783033,8.99183438,Service Area,"Dorno, A7 Milano, 15067 Serravalle Scrivia AL, Italy",https://www.autogrill.it/wp-content/uploads/2023/08/LOCALI-AUTOGRILL-6.pdf,
2670,Autogrill,Piemonte,Alessandria,AL,Serravalle Scrivia,Bar/Café,EUR 1-10,3.5,654,45.14819241,8.99107186,Service Area,"Dorno Ovest, Dorno Ovest A7, 27020 Dorno PV, Italy",https://www.autogrill.it/wp-content/uploads/2023/08/LOCALI-AUTOGRILL-6.pdf,
2671,Autogrill,Toscana,Siena,SI,Poggibonsi,Bar/Café,EUR 1-10,3.7,537,43.48852613,11.16975401,Service Area,"Drove Est, Drove Est Raccordo Autostradale Firenze - Siena, 53036 Poggibonsi SI, Italy",https://www.autogrill.it/wp-content/uploads/2023/08/LOCALI-AUTOGRILL-6.pdf,
2672,Autogrill,Toscana,Siena,SI,Poggibonsi,Bar/Café,EUR 1-10,3.4,506,43.48842573,11.16529394,Service Area,"Drove Ovest, Drove Ovest Raccordo Autostradale Firenze - Siena, 53036 Poggibonsi SI, Italy",https://www.autogrill.it/wp-content/uploads/2023/08/LOCALI-AUTOGRILL-6.pdf,
2673,Autogrill,Veneto,Venezia,VE,Venezia,Bar/Café,EUR 1-10,3.7,"1,874",45.77652700,13.60818340,Service Area,"Duino Sud, Tangenziale di Mestre, 30174 Venezia VE, Italy",https://www.autogrill.it/wp-content/uploads/2023/08/LOCALI-AUTOGRILL-6.pdf,
2674,Autogrill,Emilia-Romagna,Bologna,BO,Ancona,Bar/Café,EUR 1-10,3.8,"2,576",43.62695024,13.33376222,Service Area,"Esino Ovest, Esino Ovest Autostrada A14 Bologna, 40024 Ancona BO, Italy",https://www.autogrill.it/wp-content/uploads/2023/08/LOCALI-AUTOGRILL-6.pdf,
2675,Autogrill,Marche,Ancona,AN,Jesi,Bar/Café,EUR 1-10,4,432,43.34425020,12.97997350,Service Area,"Fabriano Sud, SS76, 60035 Jesi AN, Italy",https://www.autogrill.it/wp-content/uploads/2023/08/LOCALI-AUTOGRILL-6.pdf,
2676,Autogrill,Friuli-Venezia Giulia,Udine,UD,Moggio Udinese,Bar/Café,EUR 1-10,4.2,"4,805",46.49857070,13.37566310,Service Area,"Fella Est Oil, Autostrada A 23 Tarvisio, 33015 Moggio Udinese UD, Italy",https://www.autogrill.it/wp-content/uploads/2023/08/LOCALI-AUTOGRILL-6.pdf,
2677,Autogrill,Lazio,Roma,RM,Fiano Romano,Bar/Café,NaN,3.5,"1,112",42.13525000,12.60225000,Service Area,"Feronia Est Oil, A1 Diramazione Roma Nord, 00065 Fiano Romano RM, Italy",https://www.autogrill.it/wp-content/uploads/2023/08/LOCALI-AUTOGRILL-6.pdf,
2678,Autogrill,Toscana,Livorno,LI,Cecina,Bar/Café,EUR 1-10,3.3,"1,042",43.42423100,10.49103580,Service Area,"Fine Est, SS 1, 690, 57023 Cecina LI, Italy",https://www.autogrill.it/wp-content/uploads/2023/08/LOCALI-AUTOGRILL-6.pdf,
2679,Autogrill,Lazio,Roma,RM,Fiumicino,Bar/Café,EUR 10-20,2.4,138,41.79507720,12.24906450,Transport Hub,"Fiumicino Avancorpo + Satellite, Via dell'Aeroporto di Fiumicino, 00054 Fiumicino RM, Italy",https://www.autogrill.it/wp-content/uploads/2023/08/LOCALI-AUTOGRILL-6.pdf,
2680,Autogrill,Toscana,Firenze,FI,Firenze,Bar/Café,EUR 1-10,3.6,"1,199",42.31659246,12.49317869,Service Area,"Flaminia Est, Flaminia Est A1, 50012 Firenze FI, Italy",https://www.autogrill.it/wp-content/uploads/2023/08/LOCALI-AUTOGRILL-6.pdf,
2681,Autogrill,Toscana,Firenze,FI,Firenze,Bar/Café,EUR 1-10,3.8,"10,696",42.31633690,12.49151631,Service Area,"Flaminia Ovest, Flaminia Ovest A1, 50012 Firenze FI, Italy",https://www.autogrill.it/wp-content/uploads/2023/08/LOCALI-AUTOGRILL-6.pdf,
2682,Autogrill,Emilia-Romagna,Bologna,BO,Ancona,Bar/Café,EUR 1-10,3.6,"21,605",43.89376160,12.87953770,Service Area,"Foglia Ovest, Autostrada A14 Bologna, 40024 Ancona BO, Italy",https://www.autogrill.it/wp-content/uploads/2023/08/LOCALI-AUTOGRILL-6.pdf,
2683,Autogrill,Toscana,Livorno,LI,Campiglia Marittima,Bar/Café,EUR 1-10,3.6,"1,079",43.01746080,10.59031300,Service Area,"Follonica Oil, Variante Aurelia, 242 km, 57021 Campiglia Marittima LI, Italy",https://www.autogrill.it/wp-content/uploads/2023/08/LOCALI-AUTOGRILL-6.pdf,
2684,Autogrill,Lazio,Frosinone,FR,Castrocielo,Bar/Café,EUR 1-10,3.8,"5,483",41.49666020,13.68321710,Service Area,"Frascati Oil, A1 Milano Napoli Dir, 03030 Napoli, NA, Italy",https://www.autogrill.it/wp-content/uploads/2023/08/LOCALI-AUTOGRILL-6.pdf,
2685,Autogrill,Campania,Salerno,SA,Campagna,Bar/Café,EUR 1-10,3.3,"4,402",39.84282230,16.24570010,Service Area,"Frascineto Est, A3 Reggio Calabria, 84022 Campagna SA, Italy",https://www.autogrill.it/wp-content/uploads/2023/08/LOCALI-AUTOGRILL-6.pdf,
2686,Autogrill,Liguria,Genova,GE,Serra Riccò,Bar/Café,EUR 1-10,3.6,"6,096",44.52941510,8.94076060,Service Area,"Genova Fiumara, Autostrada dei Giovi, A7, 16010 Serra RiccÃ² GE, Italy",https://www.autogrill.it/wp-content/uploads/2023/08/LOCALI-AUTOGRILL-6.pdf,
2687,Autogrill,Lombardia,Milano,MI,Lainate,Bar/Café,EUR 1-10,4.1,"5,634",44.40684420,8.94634620,Service Area,"Genova Stazione Brignole, A8, 20020 Lainate MI, Italy",https://www.autogrill.it/wp-content/uploads/2023/08/LOCALI-AUTOGRILL-6.pdf,
2688,Autogrill,Emilia-Romagna,Piacenza,PC,Piacenza,Bar/Café,EUR 1-10,3.6,"4,485",45.44637745,10.21124375,Service Area,"Ghedi Est, A21, 25021 Bagnolo Mella BS, Italy",https://www.autogrill.it/wp-content/uploads/2023/08/LOCALI-AUTOGRILL-6.pdf,
2689,Autogrill,Emilia-Romagna,Piacenza,PC,Piacenza,Bar/Café,EUR 1-10,3.7,"4,977",45.44631653,10.20941750,Service Area,"Ghedi Ovest, Autostrada 7, A21 Torino- Piacenza- Brescia, Ovest Km. 230, Snc, 25021 Bagnolo Mella BS, Italy",https://www.autogrill.it/wp-content/uploads/2023/08/LOCALI-AUTOGRILL-6.pdf,
2690,Autogrill,Lombardia,Pavia,PV,Dorno,Bar/Café,EUR 1-10,3.6,654,45.15000000,8.99000000,Service Area,"Giovi Est, A7, 27020 Dorno PV, Italy",https://www.autogrill.it/wp-content/uploads/2023/08/LOCALI-AUTOGRILL-6.pdf,
2691,Autogrill,Piemonte,Alessandria,AL,Serravalle Scrivia,Bar/Café,EUR 1-10,3.5,"3,384",44.60442244,8.95350286,Service Area,"Giovi Ovest, A7 Milano, 15067 Serravalle Scrivia AL, Italy",https://www.autogrill.it/wp-content/uploads/2023/08/LOCALI-AUTOGRILL-6.pdf,
2692,Autogrill,Sardegna,Sassari,SS,Olbia,Bar/Café,EUR 1-10,4.2,448,40.97245980,9.49125390,Service Area,"Golfo Aranci Oil, Strada Statale 125, Km 8, 07100 Olbia OT, Italy",https://www.autogrill.it/wp-content/uploads/2023/08/LOCALI-AUTOGRILL-6.pdf,
2693,Autogrill,Piemonte,Torino,TO,Bardonecchia,Bar/Café,EUR 1-10,3.8,"3,100",45.07131050,6.89271010,Service Area,"Gran Bosco Est Oil, Autostrada del Frejus, A32, 10050 Bardonecchia TO, Italy",https://www.autogrill.it/wp-content/uploads/2023/08/LOCALI-AUTOGRILL-6.pdf,
2694,Autogrill,Toscana,Livorno,LI,Campiglia Marittima,Bar/Café,EUR 1-10,3.9,"1,705",42.67499160,11.14173030,Service Area,"Grosseto Banditella, Grosseto Banditella SS 1, km. 242, 57021 Campiglia Marittima LI, Italy",https://www.autogrill.it/wp-content/uploads/2023/08/LOCALI-AUTOGRILL-6.pdf,
2695,Autogrill,Campania,Avellino,AV,Avellino,Bar/Café,EUR 1-10,3.7,"4,093",40.92561720,14.78348060,Service Area,"Irpinia Sud, Autostrada A16 Napoli-Canosa, KM 44, 83100 Avellino AV, Italy",https://www.autogrill.it/wp-content/uploads/2023/08/LOCALI-AUTOGRILL-6.pdf,
2696,Autogrill,Veneto,Verona,VR,Oppeano,Bar/Café,EUR 1-10,3.8,157,45.29039820,11.18210210,Service Area,"Isola Rizza (VR), SS434, 37050 Oppeano VR, Italy",https://www.autogrill.it/wp-content/uploads/2023/08/LOCALI-AUTOGRILL-6.pdf,
2697,Autogrill,Lazio,Frosinone,FR,Castrocielo,Bar/Café,EUR 1-10,3.8,"21,671",41.68669229,13.18910252,Service Area,"La Macchia Est, A1 Milano Napoli Dir, 03030 Napoli, NA, Italy",https://www.autogrill.it/wp-content/uploads/2023/08/LOCALI-AUTOGRILL-6.pdf,
2698,Autogrill,Lazio,Frosinone,FR,Castrocielo,Bar/Café,EUR 1-10,3.9,"11,615",41.68562915,13.18751164,Service Area,"La Macchia Ovest, A1 Milano Napoli Dir, 03030 Napoli, NA, Italy",https://www.autogrill.it/wp-content/uploads/2023/08/LOCALI-AUTOGRILL-6.pdf,
2699,Autogrill,Trentino-Alto Adige,Bolzano,BZ,Vadena,Bar/Café,EUR 1-10,3.8,"7,641",46.38608027,11.29425664,Service Area,"Laimburg Est, Autostrada del Brennero, 39051 Vadena BZ, Italy",https://www.autogrill.it/wp-content/uploads/2023/08/LOCALI-AUTOGRILL-6.pdf,
2700,Autogrill,Trentino-Alto Adige,Bolzano,BZ,Vadena,Bar/Café,EUR 1-10,3.9,"4,657",46.36052349,11.28819506,Service Area,"Laimburg Ovest, Autostrada del Brennero, 39051 Vadena BZ, Italy",https://www.autogrill.it/wp-content/uploads/2023/08/LOCALI-AUTOGRILL-6.pdf,
2701,Autogrill,Lombardia,Bergamo,BG,Osio Sopra,Bar/Café,EUR 1-10,3.9,"19,880",45.63200000,9.59800000,Service Area,"Lambro Sud, A4 Torino - Trieste, 24040 Osio Sopra BG, Italy",https://www.autogrill.it/wp-content/uploads/2023/08/LOCALI-AUTOGRILL-6.pdf,
2702,Autogrill,Lombardia,Bergamo,BG,Osio Sopra,Bar/Café,EUR 1-10,4.0,"1,509",45.63100000,9.59900000,Service Area,"Lambro Sud Oil, A4 Torino-Trieste dir. Trieste, km 165 dir, Via Trieste, 24040 Osio Sopra BG, Italy",https://www.autogrill.it/wp-content/uploads/2023/08/LOCALI-AUTOGRILL-6.pdf,
2703,Autogrill,Lombardia,Como,CO,Cadorago,Bar/Café,EUR 1-10,4.0,"4,437",45.72915970,9.02908680,Service Area,"Lario Est, A9, Lario Ovest, 22071 Cadorago CO, Italy",https://www.autogrill.it/wp-content/uploads/2023/08/LOCALI-AUTOGRILL-6.pdf,
2704,Autogrill,Lazio,Latina,LT,Latina,Bar/Café,EUR 1-10,4.0,75,41.46418670,12.87399040,Service Area,"Latina Pontina, Via sr 148 pontina, km 69.400, 04100 Latina LT, Italy",https://www.autogrill.it/wp-content/uploads/2023/08/LOCALI-AUTOGRILL-6.pdf,
2705,Autogrill,Friuli-Venezia Giulia,Udine,UD,Moggio Udinese,Bar/Café,EUR 1-10,4.2,"4,805",46.18810270,13.11654220,Service Area,"Ledra Est Oil, Autostrada A 23 Tarvisio, 33015 Moggio Udinese UD, Italy",https://www.autogrill.it/wp-content/uploads/2023/08/LOCALI-AUTOGRILL-6.pdf,
2706,Autogrill,Veneto,Padova,PD,Limena,Bar/Café,EUR 1-10,3.8,"14,618",45.44844422,11.84477452,Service Area,"Limenella Sud Oil, Limenella Sud Oil A4 Torino - Trieste, 35100 Limena",https://www.autogrill.it/wp-content/uploads/2023/08/LOCALI-AUTOGRILL-6.pdf,
2707,Autogrill,Liguria,Genova,GE,Sestri Levante,Bar/Café,EUR 1-10,3.8,"5,749",43.53167000,10.33967000,Service Area,"Livorno Oil, Autostrada Adriatica, 12/E80, 16039 Sestri Levante GE, Italy",https://www.autogrill.it/wp-content/uploads/2023/08/LOCALI-AUTOGRILL-6.pdf,
2708,Autogrill,Liguria,La Spezia,SP,Livorno,Bar/Café,EUR 1-10,3.7,"8,106",44.13775950,9.91734888,Service Area,"Magra Est, Magra Est A12 19020 Vezzano Ligure, 19020 Livorno SP, Italy",https://www.autogrill.it/wp-content/uploads/2023/08/LOCALI-AUTOGRILL-6.pdf,
2709,Autogrill,Liguria,La Spezia,SP,Livorno,Bar/Café,EUR 1-10,3.6,"4,742",44.13735908,9.91561770,Service Area,"Magra Ovest, Magra Ovest A12 19020 Vezzano Ligure, 19020 Livorno SP, Italy",https://www.autogrill.it/wp-content/uploads/2023/08/LOCALI-AUTOGRILL-6.pdf,
2710,Autogrill,Lombardia,Mantova,MN,Cerese,Bar/Café,EUR 1-10,3.7,"4,564",45.06615094,10.84425800,Service Area,"Mantova - Virgilio, Via del Commercio, 46034 Borgo Virgilio MN, Italy",https://www.autogrill.it/wp-content/uploads/2023/08/LOCALI-AUTOGRILL-6.pdf,
2711,Autogrill,Toscana,Arezzo,AR,San Giovanni Valdarno,Bar/Café,EUR 1-10,3.7,"9,661",42.12353760,12.61844340,Service Area,"Mascherone Est Oil, Mascherone Est Oil A1, 52027 San Giovanni Valdarno AR, Italy",https://www.autogrill.it/wp-content/uploads/2023/08/LOCALI-AUTOGRILL-6.pdf,
2712,Autogrill,Emilia-Romagna,Parma,PR,Medesano,Bar/Café,EUR 1-10,3.8,"4,538",44.74352940,10.16334820,Service Area,"Medesano Est, A15 La Spezia - Parma Dir, 43014 Medesano PR, Italy",https://www.autogrill.it/wp-content/uploads/2023/08/LOCALI-AUTOGRILL-6.pdf,
2713,Autogrill,Toscana,La Spezia,SP,Mulazzo,Bar/Café,EUR 10-20,3.7,"1,330",44.31000000,9.93000000,Service Area,"Medesano Est Oil, A15 Parma MS IT, 54027 Mulazzo SP, Italy",https://www.autogrill.it/wp-content/uploads/2023/08/LOCALI-AUTOGRILL-6.pdf,
2714,Autogrill,Emilia-Romagna,Parma,PR,Medesano,Bar/Café,EUR 1-10,3.8,"4,538",44.74493860,10.16238120,Service Area,"Medesano Ovest, A15 La Spezia - Parma Dir, 43014 Medesano PR, Italy",https://www.autogrill.it/wp-content/uploads/2023/08/LOCALI-AUTOGRILL-6.pdf,
2715,Autogrill,Lazio,Roma,RM,Roma,Bar/Café,EUR 1-10,3.7,"1,522",44.11566620,9.88038560,Service Area,"Melara Est, Grande Raccordo Anulare, Km 37, 00133 Roma RM, Italy",https://www.autogrill.it/wp-content/uploads/2023/08/LOCALI-AUTOGRILL-6.pdf,
2716,Autogrill,Emilia-Romagna,Forlì-Cesena,FC,Mercato Saraceno,Bar/Café,EUR 1-10,4.1,"1,199",43.95100897,12.19079009,Service Area,"Mercato Saraceno Ovest, km. 200, E45, 47025 Mercato Saraceno FC, Italy",https://www.autogrill.it/wp-content/uploads/2023/08/LOCALI-AUTOGRILL-6.pdf,
2717,Autogrill,Emilia-Romagna,Bologna,BO,Ancona,Bar/Café,EUR 1-10,3.6,"21,605",44.42785110,11.59869960,Service Area,"Metauro Est, Autostrada A14 Bologna, 40024 Ancona BO, Italy",https://www.autogrill.it/wp-content/uploads/2023/08/LOCALI-AUTOGRILL-6.pdf,
2718,Autogrill,Lombardia,Varese,VA,Arsago Seprio,Bar/Café,EUR 1-10,3.8,"4,960",45.55930440,9.04166360,Service Area,"Milano Fiera Polo Esterno, A8 Sesto Calende, 21010 Arsago Seprio VA, Italy",https://www.autogrill.it/wp-content/uploads/2023/08/LOCALI-AUTOGRILL-6.pdf,
2719,Autogrill,Lombardia,Milano,MI,Rozzano,Bar/Café,NaN,3.9,199,45.39473250,9.14644540,Commercial Area,"Milano Fiori Mensa Sede, Str. 5, 20089 Rozzano MI, Italy",https://www.autogrill.it/wp-content/uploads/2023/08/LOCALI-AUTOGRILL-6.pdf,
2720,Autogrill,Lombardia,Milano,MI,Milano,Bar/Café,EUR 1-10,2.5,58,45.46116220,9.18351550,Transport Hub,"Milano Via Torino, Piazzale Luigi Cadorna, 16, 20123 Milano MI, Italy",https://www.autogrill.it/wp-content/uploads/2023/08/LOCALI-AUTOGRILL-6.pdf,
2721,Autogrill,Lombardia,Milano,MI,Assago,Bar/Café,EUR 10-20,3.8,81,45.40377580,9.15170360,Shopping Mall,"Milanofiori Nord, V.le Milanofiori, 1, 20057 Assago MI, Italy",https://www.autogrill.it/wp-content/uploads/2023/08/LOCALI-AUTOGRILL-6.pdf,
2722,Autogrill,Lombardia,Lecco,LC,Luzzana,Bar/Café,EUR 1-10,4.2,24,45.78757680,9.29686100,Service Area,"Molteno Oil, SS. 36 KM. 38+500, SNC, 23847 Molteno LC, Italy",https://www.autogrill.it/wp-content/uploads/2023/08/LOCALI-AUTOGRILL-6.pdf,
2723,Autogrill,Piemonte,Alessandria,AL,Belforte Monferrato,Bar/Café,EUR 1-10,3.8,"10,038",44.81956040,8.59487660,Service Area,"Monferrato Est Oil, A26 - Autostrada dei Trafori, 15070 Belforte Monferrato AL, Italy",https://www.autogrill.it/wp-content/uploads/2023/08/LOCALI-AUTOGRILL-6.pdf,
2724,Autogrill,Veneto,Padova,PD,Limena,Bar/Café,NaN,5,2,45.44843627,11.84487473,Service Area,"Limena, A4 Brescia - Padova PD IT, 35100 Brescia dir, Italy",https://www.autogrill.it/wp-content/uploads/2023/08/LOCALI-AUTOGRILL-6.pdf,
2725,Autogrill,Veneto,Brescia,BS,Desenzano del Garda,Bar/Café,NaN,5,2,45.44760530,10.52815390,Service Area,"Montealto Sud, A4 Brescia - Padova PD IT, 35100 Brescia dir, Italy",https://www.autogrill.it/wp-content/uploads/2023/08/LOCALI-AUTOGRILL-6.pdf,
2726,Autogrill,Veneto,Verona,VR,Sommacampagna,Bar/Café,EUR 1-10,3.5,"3,315",45.41119000,10.90255830,Service Area,"Montebaldo Ovest, Autostrada Torino, Via Trieste, 4, 37066 Sommacampagna VR, Italy",https://www.autogrill.it/wp-content/uploads/2023/08/LOCALI-AUTOGRILL-6.pdf,
2727,Autogrill,Emilia-Romagna,Bologna,BO,Ancona,Bar/Café,EUR 1-10,3.6,"21,605",44.42785110,11.59869960,Service Area,"Montefeltro Ovest, Autostrada A14 Bologna, 40024 Ancona BO, Italy",https://www.autogrill.it/wp-content/uploads/2023/08/LOCALI-AUTOGRILL-6.pdf,
2728,Autogrill,Toscana,Lucca,LU,Maggiano,Bar/Café,EUR 1-10,3.7,"3,950",43.85416560,10.40830950,Service Area,"Montequiesa Nord, A11 Diramazione Lucca - Viareggio, Km 73, 55100 Maggiano LU, Italy",https://www.autogrill.it/wp-content/uploads/2023/08/LOCALI-AUTOGRILL-6.pdf,
2729,Autogrill,Toscana,Siena,SI,Monteriggioni,Bar/Café,EUR 1-10,1.8,17,43.31600000,11.30510000,Service Area,"Monteriggioni Est, Raccordo Stradale, SS674, 53035 Monteriggioni SI, Italy",https://www.autogrill.it/wp-content/uploads/2023/08/LOCALI-AUTOGRILL-6.pdf,
2731,Autogrill,Abruzzo,L'Aquila,AQ,Magliano de' Marsi,Bar/Café,EUR 1-10,3.8,178,42.09459780,13.34654190,Service Area,"Montevelino Nord, A25 Pescara - Roma, dir. Roma, km 81, 67062 Magliano de' Marsi AQ, Italy",https://www.autogrill.it/wp-content/uploads/2023/08/LOCALI-AUTOGRILL-6.pdf,
2732,Autogrill,Lazio,Roma,RM,Nettuno,Bar/Café,EUR 1-10,4.1,375,41.46107280,12.64042430,Service Area,"Nettuno, Incrocio fra Via Rinascimento e, Via Santa Barbara, 00048 Nettuno RM, Italy",https://www.autogrill.it/wp-content/uploads/2023/08/LOCALI-AUTOGRILL-6.pdf,
2733,Autogrill,Piemonte,Torino,TO,Moncalieri,Bar/Café,EUR 1-10,3.6,"2,951",44.97558191,7.65848994,Service Area,"Nichelino Nord, A55, km 10, 10024, 10042 Moncalieri TO, Italy",https://www.autogrill.it/wp-content/uploads/2023/08/LOCALI-AUTOGRILL-6.pdf,
2734,Autogrill,Piemonte,Torino,TO,Torino,Bar/Café,NaN,3.8,"2,013",44.98151645,7.64450664,Service Area,"Nichelino Sud, Tangenziale Nord di Torino KM 15+400, 10156 Torino TO, Italy",https://www.autogrill.it/wp-content/uploads/2023/08/LOCALI-AUTOGRILL-6.pdf,
2735,Autogrill,Trentino-Alto Adige,Bolzano,BZ,Vadena,Bar/Café,EUR 1-10,3.8,"7,633",45.90237400,11.02629300,Service Area,"Nogaredo Ovest Oil, Autostrada del Brennero, 39051 Vadena BZ, Italy",https://www.autogrill.it/wp-content/uploads/2023/08/LOCALI-AUTOGRILL-6.pdf,
2736,Autogrill,Emilia-Romagna,Piacenza,PC,Piacenza,Bar/Café,EUR 1-10,3.7,"10,557",45.05138890,9.76137290,Service Area,"Nure Nord, A21, 29121 Piacenza PC, Italy",https://www.autogrill.it/wp-content/uploads/2023/08/LOCALI-AUTOGRILL-6.pdf,
2737,Autogrill,Emilia-Romagna,Piacenza,PC,Piacenza,Bar/Café,EUR 1-10,3.7,"10,557",45.05020300,9.76127300,Service Area,"Nure Sud, A21, 29121 Piacenza PC, Italy",https://www.autogrill.it/wp-content/uploads/2023/08/LOCALI-AUTOGRILL-6.pdf,
2738,Autogrill,Sardegna,Sassari,SS,Olbia,Bar/Café,EUR 1-60,4,139,40.84438000,9.41070700,Service Area,"Olbia Monti, S.S LocalitÃ su canale-direttrice da Olbia Monti, 07020 Olbia OT, Italy",https://www.autogrill.it/wp-content/uploads/2023/08/LOCALI-AUTOGRILL-6.pdf,
2739,Autogrill,Sicilia,Messina,ME,Messina,Bar/Café,EUR 1-10,4,"2,574",38.18155700,15.25352200,Service Area,"Olivarella Sud, A18 Messina - Catania, 98035 Messina ME, Italy",https://www.autogrill.it/wp-content/uploads/2023/08/LOCALI-AUTOGRILL-6.pdf,
2740,Autogrill,Lombardia,Bergamo,BG,Orio al Serio,Bar/Café,EUR 1-10,3.3,62,45.66433380,9.69648710,Transport Hub,"Orio al Serio (BG), Via Portico, 60, 24050 Orio al Serio BG, Italy",https://www.autogrill.it/wp-content/uploads/2023/08/LOCALI-AUTOGRILL-6.pdf,
2741,Autogrill,Veneto,Padova,PD,Padova,Bar/Café,NaN,4.4,7,45.43131990,11.86337360,Service Area,"Padova Australia Oil (nuovo marchio), Corso Australia, 3, 35136 Padova PD, Italy",https://www.autogrill.it/wp-content/uploads/2023/08/LOCALI-AUTOGRILL-6.pdf,
2742,Autogrill,Emilia-Romagna,Parma,PR,Paradigna,Bar/Café,EUR 1-10,3.8,"1,198",44.84920240,10.34102920,Service Area,"Parma Colorno, Strada Provinciale Colorno, 480, 43122 Paradigna PR, Italy",https://www.autogrill.it/wp-content/uploads/2023/08/LOCALI-AUTOGRILL-6.pdf,
2743,Autogrill,Lombardia,Milano,MI,Rho,Bar/Café,NaN,3.8,728,45.50960872,9.04010727,Commercial Area,"Party Service, A4 Rho Sud, 20017 Rho (MI)",https://www.autogrill.it/wp-content/uploads/2023/08/LOCALI-AUTOGRILL-6.pdf,
2744,Autogrill,Toscana,Firenze,FI,Sesto Fiorentino,Bar/Café,EUR 1-10,4,"1,671",43.81850140,11.17218590,Service Area,"Peretola Sud, A11 Pisa Nord - Firenze km 79, 50019 Sesto Fiorentino FI, Italy",https://www.autogrill.it/wp-content/uploads/2023/08/LOCALI-AUTOGRILL-6.pdf,
2745,Autogrill,Lombardia,Milano,MI,Pero,Bar/Café,EUR 1-10,3.7,"3,160",45.51381270,9.06981410,Service Area,"Pero Nord, A4 Torino - Trieste, 20016 Pero MI, Italy",https://www.autogrill.it/wp-content/uploads/2023/08/LOCALI-AUTOGRILL-6.pdf,
2746,Autogrill,Liguria,Savona,SV,Varazze,Bar/Café,EUR 1-10,3.7,"8,008",44.37236654,8.61762074,Service Area,"Piani d' Invrea Nord, Piani d' Invrea Nord A10 Genova-Ventimiglia, km 26, 17019 Varazze SV, Italy",https://www.autogrill.it/wp-content/uploads/2023/08/LOCALI-AUTOGRILL-6.pdf,
2747,Autogrill,Liguria,Savona,SV,Varazze,Bar/Café,EUR 1-10,3.7,"4,764",44.36912333,8.61051427,Service Area,"Piani d' Invrea Sud, Piani d' Invrea Sud A10 Genova-Ventimiglia, km 26, 17019 Varazze SV, Italy",https://www.autogrill.it/wp-content/uploads/2023/08/LOCALI-AUTOGRILL-6.pdf,
2748,Autogrill,Marche,Ancona,AN,Chiaravalle,Bar/Café,EUR 1-10,3.8,"2,573",43.07553060,13.84410270,Service Area,"Piceno Est, A14, 60033 Chiaravalle AN, Italy",https://www.autogrill.it/wp-content/uploads/2023/08/LOCALI-AUTOGRILL-6.pdf,
2749,Autogrill,Toscana,Arezzo,AR,Pieve Santo Stefano,Bar/Café,EUR 1-10,4,333,43.65819330,12.05302916,Service Area,"Pieve S. Stefano Est, Pieve S. Stefano Est E45, Area di Servizio Tevere Ovest, 52036 Pieve Santo Stefano AR, Italy",https://www.autogrill.it/wp-content/uploads/2023/08/LOCALI-AUTOGRILL-6.pdf,
2750,Autogrill,Toscana,Arezzo,AR,Pieve Santo Stefano,Bar/Café,EUR 1-10,3.9,612,43.65761794,12.05155954,Service Area,"Pieve S. Stefano Ovest, Pieve S. Stefano Ovest E45, Area di Servizio Tevere Ovest, 52036 Pieve Santo Stefano AR, Italy",https://www.autogrill.it/wp-content/uploads/2023/08/LOCALI-AUTOGRILL-6.pdf,
2751,Autogrill,Lombardia,Milano,MI,Lainate,Bar/Café,EUR 1-10,4.1,"5,634",42.93438560,10.52800800,Service Area,"Piombino Oil, A8, 20020 Lainate MI, Italy",https://www.autogrill.it/wp-content/uploads/2023/08/LOCALI-AUTOGRILL-6.pdf,
2752,Autogrill,Campania,Caserta,CE,Santa Croce,Bar/Café,EUR 1-10,3.8,"13,379",43.72899620,10.38954380,Service Area,"Pisa Uberti, A1, 81057 Teano CE, Italy",https://www.autogrill.it/wp-content/uploads/2023/08/LOCALI-AUTOGRILL-6.pdf,
2753,Autogrill,Veneto,Verona,VR,Brentino,Bar/Café,EUR 1-10,3.9,"2,064",45.06614040,10.84428260,Service Area,"Po Brennero Est Oil, A22, A22 km 187, 080, 37020 Brentino VR, Italy",https://www.autogrill.it/wp-content/uploads/2023/08/LOCALI-AUTOGRILL-6.pdf,
2754,Autogrill,Emilia-Romagna,Ferrara,FE,Ferrara,Bar/Café,EUR 1-10,3.9,"10,787",44.87955238,11.57104927,Service Area,"Po Est, Po Est A13 Bologna - Padova, 44124 Ferrara FE, Italy",https://www.autogrill.it/wp-content/uploads/2023/08/LOCALI-AUTOGRILL-6.pdf,
2755,Autogrill,Emilia-Romagna,Ferrara,FE,Ferrara,Bar/Café,EUR 1-10,3.8,"10,202",44.87972224,11.56911138,Service Area,"Po Ovest, Po Ovest A13 Bologna - Padova, 44124 Ferrara FE, Italy",https://www.autogrill.it/wp-content/uploads/2023/08/LOCALI-AUTOGRILL-6.pdf,
2756,Autogrill,Lazio,Roma,RM,Castagnetta,Bar/Café,EUR 1-10,3.9,213,41.65177220,12.52816860,Service Area,"Pomezia Pontina (RM) (Ristorante - F.A.), Address: SS148 pontina, KM 33, 00040 Pomezia RM, Italy",https://www.autogrill.it/wp-content/uploads/2023/08/LOCALI-AUTOGRILL-6.pdf,
2757,Autogrill,Toscana,Pisa,PI,Gello,Bar/Café,EUR 1-10,3.8,"2,287",43.63257160,10.59474820,Service Area,"Pontedera Sud, Area di Servizio, SGC Firenze - Pisa - Livorno, 56025 Gello PI, Italy",https://www.autogrill.it/wp-content/uploads/2023/08/LOCALI-AUTOGRILL-6.pdf,
2758,Autogrill,Emilia-Romagna,Piacenza,PC,Piacenza,Bar/Café,EUR 1-10,3.6,"4,815",43.10914570,12.46656380,Service Area,"Pontevalleceppi (PG) (F.A.), Autostrada Torino - Brescia, km 167, 29100 Piacenza PC, Italy",https://www.autogrill.it/wp-content/uploads/2023/08/LOCALI-AUTOGRILL-6.pdf,
2759,Autogrill,Toscana,Livorno,LI,Campiglia Marittima,Bar/Café,EUR 1-10,3.9,"1,705",43.01746073,10.59031283,Service Area,"Porto Piombino, SS 1, km. 242, 57021 Campiglia Marittima LI, Italy",https://www.autogrill.it/wp-content/uploads/2023/08/LOCALI-AUTOGRILL-6.pdf,
2760,Autogrill,Sardegna,Sassari,SS,Porto Torres,Bar/Café,EUR 1-10,4.3,41,40.83919250,8.40278283,Transport Hub,"Porto Torres, Darsena Interna, 07046 Porto Torres SS, Italy",https://www.autogrill.it/wp-content/uploads/2023/08/LOCALI-AUTOGRILL-6.pdf,
2761,Autogrill,Veneto,Vicenza,VI,Bolzano Vicentino,Bar/Café,EUR 1-10,3.7,"2,520",45.59426827,11.60000836,Service Area,"Postumia Nord, Postumia Nord A31, km 63, 36050 Bolzano Vicentino VI, Italy",https://www.autogrill.it/wp-content/uploads/2023/08/LOCALI-AUTOGRILL-6.pdf,
2762,Autogrill,Veneto,Vicenza,VI,Bolzano Vicentino,Bar/Café,EUR 1-10,3.8,"1,671",45.59453707,11.59830296,Service Area,"Postumia Sud, Postumia Sud A31, km 10.150, 36050 Bolzano Vicentino VI, Italy",https://www.autogrill.it/wp-content/uploads/2023/08/LOCALI-AUTOGRILL-6.pdf,
2763,Autogrill,Basilicata,Potenza,PZ,Potenza,Bar/Café,EUR 1-10,3.8,"1,408",40.63623150,15.82968820,Service Area,"Potenza, SS407, 85100 Potenza PZ, Italy",https://www.autogrill.it/wp-content/uploads/2023/08/LOCALI-AUTOGRILL-6.pdf,
2764,Autogrill,Trentino-Alto Adige,Bolzano,BZ,Vadena,Bar/Café,EUR 1-10,3.8,"7,633",45.29751030,10.89645010,Service Area,"Povegliano Ovest, Autostrada del Brennero, 39051 Vadena BZ, Italy",https://www.autogrill.it/wp-content/uploads/2023/08/LOCALI-AUTOGRILL-6.pdf,
2765,Autogrill,Liguria,Savona,SV,Varazze,Bar/Café,EUR 1-10,3.7,"8,007",43.95942260,8.13471840,Service Area,"Rinovo Nord Oil, A10 Genova-Ventimiglia, km 26, 17019 Varazze SV, Italy",https://www.autogrill.it/wp-content/uploads/2023/08/LOCALI-AUTOGRILL-6.pdf,
2766,Autogrill,Liguria,Savona,SV,Carcare,Bar/Café,EUR 1-10,3.5,"1,672",44.54884665,7.78429090,Service Area,"Rio Ghidone Ovest Oil, Autostrada, A6 Torino - Savona, KM 18, 17043 Carcare SV, Italy",https://www.autogrill.it/wp-content/uploads/2023/08/LOCALI-AUTOGRILL-6.pdf,
2767,Autogrill,Umbria,Perugia,PG,Ripa,Bar/Café,EUR 1-10,4,700,43.12110170,12.51437900,Service Area,"Ripa Sud, km. 0+708, SS318, 06080 Ripa PG, Italy",https://www.autogrill.it/wp-content/uploads/2023/08/LOCALI-AUTOGRILL-6.pdf,
2768,Autogrill,Liguria,La Spezia,SP,Livorno,Bar/Café,EUR 1-10,3.7,"8,106",44.27513130,9.41977370,Service Area,"Riviera Sud, A12 19020 Vezzano Ligure, 19020 Livorno SP, Italy",https://www.autogrill.it/wp-content/uploads/2023/08/LOCALI-AUTOGRILL-6.pdf,
2769,Autogrill,Piemonte,Torino,TO,Rivoli,Bar/Café,EUR 1-10,3.8,"2,551",45.08476330,7.52762630,Service Area,"Rivoli Nord, Tangenziale Nord di Torino, A32, 10098 Rivoli TO, Italy",https://www.autogrill.it/wp-content/uploads/2023/08/LOCALI-AUTOGRILL-6.pdf,
2770,Autogrill,Campania,Salerno,SA,Campagna,Bar/Café,EUR 1-10,3.5,"7,549",39.18813093,16.30761124,Service Area,"Rogliano Est (Ristorante), A3 Reggio Calabria, 84022 Campagna SA, Italy",https://www.autogrill.it/wp-content/uploads/2023/08/LOCALI-AUTOGRILL-6.pdf,
2771,Autogrill,Lazio,Roma,RM,Roma,Bar/Café,NaN,4.4,"59,200",41.95838370,12.54904210,Shopping Mall,"Roma Porta di Roma, Via Alberto Lionello, 201, 00139 Roma RM, Italy",https://www.autogrill.it/wp-content/uploads/2023/08/LOCALI-AUTOGRILL-6.pdf,
2772,Autogrill,Campania,Salerno,SA,Campagna,Bar/Café,EUR 1-10,3.3,"4,402",38.44016900,15.94218290,Service Area,"Rosarno Ovest, A3 Reggio Calabria, 84022 Campagna SA, Italy",https://www.autogrill.it/wp-content/uploads/2023/08/LOCALI-AUTOGRILL-6.pdf,
2773,Autogrill,Lombardia,Milano,MI,Rozzano,Bar/Café,EUR 1-10,3.7,"2,044",45.39149455,9.18940076,Service Area,"Rozzano Oil, A50 Tangenziale Ovest di Milano, 20089 Rozzano MI, Italy",https://www.autogrill.it/wp-content/uploads/2023/08/LOCALI-AUTOGRILL-6.pdf,
2774,Autogrill,Marche,Ancona,AN,Numana,Bar/Café,EUR 1-10,3.8,"2,283",44.42785110,11.59869960,Service Area,"Rubicone Est, A14 E55, 60026 Numana, Italy",https://www.autogrill.it/wp-content/uploads/2023/08/LOCALI-AUTOGRILL-6.pdf,
2775,Autogrill,Emilia-Romagna,Bologna,BO,Ancona,Bar/Café,EUR 1-10,3.6,"21,605",44.42785110,11.59869960,Service Area,"Rubicone Ovest, Autostrada A14 Bologna, 40024 Ancona BO, Italy",https://www.autogrill.it/wp-content/uploads/2023/08/LOCALI-AUTOGRILL-6.pdf,
2776,Autogrill,Sicilia,Enna,EN,Enna,Bar/Café,EUR 1-10,3.7,"1,882",37.57707020,14.34122850,Service Area,"Sacchitello Sud, Sud, A19 Palermo - Catania, 118, 94100 Enna EN, Italy",https://www.autogrill.it/wp-content/uploads/2023/08/LOCALI-AUTOGRILL-6.pdf,
2777,Autogrill,Campania,Salerno,SA,Campagna,Bar/Café,EUR 1-10,3.4,"6,877",40.39844811,15.58151663,Service Area,"Sala Consilina Est, A3 Reggio Calabria, 84022 Campagna SA, Italy",https://www.autogrill.it/wp-content/uploads/2023/08/LOCALI-AUTOGRILL-6.pdf,
2778,Autogrill,Campania,Salerno,SA,Campagna,Bar/Café,EUR 1-10,3.3,"7,386",40.39819072,15.57979942,Service Area,"Sala Consilina Ovest, A3 Reggio Calabria, 84022 Campagna SA, Italy",https://www.autogrill.it/wp-content/uploads/2023/08/LOCALI-AUTOGRILL-6.pdf,
2779,Autogrill,Campania,Salerno,SA,Salerno,Bar/Café,EUR 1-10,4.1,474,40.65080390,14.82421240,Service Area,"Salerno S. Leonardo, dir. Sud, Tangenziale di Salerno, 84131 Salerno SA, Italy",https://www.autogrill.it/wp-content/uploads/2023/08/LOCALI-AUTOGRILL-6.pdf,
2780,Autogrill,Toscana,La Spezia,SP,Mulazzo,Bar/Café,EUR 10-20,3.7,"1,330",44.31137270,9.92651430,Service Area,"San Benedetto Ovest, A15 Parma MS IT, 54027 Mulazzo SP, Italy",https://www.autogrill.it/wp-content/uploads/2023/08/LOCALI-AUTOGRILL-6.pdf,
2781,Autogrill,Toscana,Firenze,FI,Bargino,Bar/Café,EUR 1-10,4,728,43.61888880,11.18784800,Service Area,"San Casciano Est Oil, RA A3 Siena-Firenze, Est LOC, 50026 Bargino FI, Italy",https://www.autogrill.it/wp-content/uploads/2023/08/LOCALI-AUTOGRILL-6.pdf,
2782,Autogrill,Toscana,Siena,SI,Poggibonsi,Bar/Café,EUR 1-10,3.4,506,43.60597770,11.19085180,Service Area,"San Casciano Ovest Oil, Raccordo Autostradale Firenze - Siena, 53036 Poggibonsi SI, Italy",https://www.autogrill.it/wp-content/uploads/2023/08/LOCALI-AUTOGRILL-6.pdf,
2783,Autogrill,Liguria,Savona,SV,Varazze,Bar/Café,EUR 1-10,3.7,"8,007",44.37240170,8.61751480,Service Area,"San Cristoforo Nord Oil, A10 Genova-Ventimiglia, km 26, 17019 Varazze SV, Italy",https://www.autogrill.it/wp-content/uploads/2023/08/LOCALI-AUTOGRILL-6.pdf,
2784,Autogrill,Lombardia,Milano,MI,Rozzano,Bar/Café,EUR 1-10,3.8,"3,230",45.38257026,9.25107950,Service Area,"San Giuliano Ovest, A50 Tangenziale Ovest di Milano, 20089 Rozzano MI, Italy",https://www.autogrill.it/wp-content/uploads/2023/08/LOCALI-AUTOGRILL-6.pdf,
2785,Autogrill,Lombardia,Milano,MI,Pero,Bar/Café,EUR 1-10,3.7,"3,160",45.42649300,11.33202800,Service Area,"San Lorenzo Ovest, A4 Torino - Trieste, 20016 Pero MI, Italy",https://www.autogrill.it/wp-content/uploads/2023/08/LOCALI-AUTOGRILL-6.pdf,
2786,Autogrill,Emilia-Romagna,Ferrara,FE,Ferrara,Bar/Café,EUR 1-10,3.8,"10,196",45.31607050,11.82563690,Service Area,"San Pelagio Ovest, A13 Bologna - Padova, 44124 Ferrara FE, Italy",https://www.autogrill.it/wp-content/uploads/2023/08/LOCALI-AUTOGRILL-6.pdf,
2787,Autogrill,Lombardia,Milano,MI,Pero,Bar/Café,EUR 1-10,3.7,"3,160",45.24173060,7.97317280,Service Area,"San Rocco, A4 Torino - Trieste, 20016 Pero MI, Italy",https://www.autogrill.it/wp-content/uploads/2023/08/LOCALI-AUTOGRILL-6.pdf,
2788,Autogrill,Emilia-Romagna,Modena,MO,Modena,Bar/Café,EUR 1-10,3.8,"26,422",45.32114600,9.37493070,Service Area,"San Zenone Ovest, A1, Milano - Bologna, 41123 Modena MO, Italy",https://www.autogrill.it/wp-content/uploads/2023/08/LOCALI-AUTOGRILL-6.pdf,
2789,Autogrill,Piemonte,Torino,TO,Aosta,Bar/Café,EUR 1-10,3.7,"1,761",45.74717000,7.62388000,Service Area,"Sant Vincent Ovest Oil, A5 dir, 10010 Aosta TO, Italy",https://www.autogrill.it/wp-content/uploads/2023/08/LOCALI-AUTOGRILL-6.pdf,
2790,Autogrill,Emilia-Romagna,Bologna,BO,Ancona,Bar/Café,EUR 1-10,3.6,"21,605",44.34311180,11.84724660,Service Area,"Santerno Est, Autostrada A14 Bologna, 40024 Ancona BO, Italy",https://www.autogrill.it/wp-content/uploads/2023/08/LOCALI-AUTOGRILL-6.pdf,
2791,Autogrill,Lombardia,Varese,VA,Saronno,Bar/Café,EUR 1-10,4.1,255,45.62313340,9.01776050,Shopping Mall,"Saronno (VA) - La Rotonda, Via Luigi Lazzaroni, 25, 21047 Saronno VA, Italy",https://www.autogrill.it/wp-content/uploads/2023/08/LOCALI-AUTOGRILL-6.pdf,
2792,Autogrill,Veneto,Padova,PD,Limena,Bar/Café,EUR 1-10,3.8,73,45.41089779,11.23304634,Service Area,"Scaligera Sud Oil, A4 Brescia - Padova PD IT, 35100 Brescia dir, Italy",https://www.autogrill.it/wp-content/uploads/2023/08/LOCALI-AUTOGRILL-6.pdf,
2793,Autogrill,Piemonte,Torino,TO,Aosta,Bar/Café,EUR 1-10,3.7,"1,761",45.40728573,7.84821582,Service Area,"Scarmagno Est, A5 dir, 10010 Aosta TO, Italy",https://www.autogrill.it/wp-content/uploads/2023/08/LOCALI-AUTOGRILL-6.pdf,
2794,Autogrill,Piemonte,Torino,TO,Aosta,Bar/Café,EUR 1-10,3.5,"1,791",45.40728707,7.84620377,Service Area,"Scarmagno Ovest Oil, A5 dir, 10010 Aosta TO, Italy",https://www.autogrill.it/wp-content/uploads/2023/08/LOCALI-AUTOGRILL-6.pdf,
2795,Autogrill,Sicilia,Enna,EN,Enna,Bar/Café,EUR 1-10,3.7,"1,882",37.85930110,13.89869830,Service Area,"Scillato Sud, Sud, A19 Palermo - Catania, 118, 94100 Enna EN, Italy",https://www.autogrill.it/wp-content/uploads/2023/08/LOCALI-AUTOGRILL-6.pdf,
2796,Autogrill,Lombardia,Bergamo,BG,Osio Sopra,Bar/Café,EUR 1-10,3.7,"16,887",45.59418791,9.96568325,Service Area,"Sebino, A4 Torino - Trieste, 24040 Osio Sopra BG, Italy",https://www.autogrill.it/wp-content/uploads/2023/08/LOCALI-AUTOGRILL-6.pdf,
2797,Autogrill,Lombardia,Bergamo,BG,Osio Sopra,Bar/Café,EUR 1-10,3.9,921,45.59386912,9.96505274,Service Area,"Sebino Sud Oil, A4 Torino - Trieste, 24040 Osio Sopra BG, Italy",https://www.autogrill.it/wp-content/uploads/2023/08/LOCALI-AUTOGRILL-6.pdf,
2798,Autogrill,Emilia-Romagna,Modena,MO,Modena,Bar/Café,EUR 1-10,3.8,"4,969",44.66242441,10.85769008,Service Area,"Secchia Est, A1, Milano - Bologna, 41123 Modena MO, Italy",https://www.autogrill.it/wp-content/uploads/2023/08/LOCALI-AUTOGRILL-6.pdf,
2799,Autogrill,Emilia-Romagna,Modena,MO,Modena,Bar/Café,EUR 1-10,3.8,"26,432",44.66181511,10.85544844,Service Area,"Secchia Ovest, A1, Milano - Bologna, 41123 Modena MO, Italy",https://www.autogrill.it/wp-content/uploads/2023/08/LOCALI-AUTOGRILL-6.pdf,
2800,Autogrill,Sardegna,Cagliari,CA,Monserrato,Bar/Café,EUR 1-10,4.2,168,39.26452210,9.12023110,Service Area,"Selargius, SS554, km 4+200, 09047 Monserrato CA, Italy",https://www.autogrill.it/wp-content/uploads/2023/08/LOCALI-AUTOGRILL-6.pdf,
2801,Autogrill,Lombardia,Bergamo,BG,Seriate,Bar/Café,EUR 1-20,3.5,33,45.67785290,9.70662250,Service Area,"Seriate Oil, SS671, km 8,9, 24068 Seriate BG, Italy",https://www.autogrill.it/wp-content/uploads/2023/08/LOCALI-AUTOGRILL-6.pdf,
2802,Autogrill,Sicilia,Siracusa,SR,Siracusa,Bar/Café,NaN,3.7,539,37.05938120,15.22673170,Service Area,"Serramendola Est, SS 114 Orientale Sicula, 96100 Siracusa SR, Italy",https://www.autogrill.it/wp-content/uploads/2023/08/LOCALI-AUTOGRILL-6.pdf,
2803,Autogrill,Liguria,Genova,GE,Ronco Scrivia,Bar/Café,EUR 1-10,3.7,"5,427",44.60447400,8.95346800,Service Area,"Serravalle (AL) - Outlet, Autostrada dei Giovi, A7, 16019 Ronco Scrivia GE, Italy",https://www.autogrill.it/wp-content/uploads/2023/08/LOCALI-AUTOGRILL-6.pdf,
2804,Autogrill,Toscana,Firenze,FI,Sesto Fiorentino,Bar/Café,EUR 1-10,4,"1,671",43.89142280,10.82528500,Service Area,"Serravalle Pistoiese, A11 Pisa Nord - Firenze km 79, 50019 Sesto Fiorentino FI, Italy",https://www.autogrill.it/wp-content/uploads/2023/08/LOCALI-AUTOGRILL-6.pdf,
2806,Autogrill,Toscana,Siena,SI,Siena,Bar/Café,EUR 1-10,3,8,43.30010820,11.35416670,Service Area,"Siena Oil, SS 223, KM 70+200 TANG CERCH, Str. del Ruffolo, 53100 Siena SI, Italy",https://www.autogrill.it/wp-content/uploads/2023/08/LOCALI-AUTOGRILL-6.pdf,
2807,Autogrill,Emilia-Romagna,Bologna,BO,Ancona,Bar/Café,EUR 1-10,3.6,"21,605",44.42785110,11.59869960,Service Area,"Sillaro Ovest, Autostrada A14 Bologna, 40024 Ancona BO, Italy",https://www.autogrill.it/wp-content/uploads/2023/08/LOCALI-AUTOGRILL-6.pdf,
2808,Autogrill,Emilia-Romagna,Modena,MO,Modena,Bar/Café,EUR 1-10,3.7,"11,535",45.14297666,9.63469387,Service Area,"Somaglia Est, A1, Milano - Bologna, 41123 Modena MO, Italy",https://www.autogrill.it/wp-content/uploads/2023/08/LOCALI-AUTOGRILL-6.pdf,
2809,Autogrill,Emilia-Romagna,Piacenza,PC,Piacenza,Bar/Café,EUR 1-10,3.9,"5,076",45.14170178,9.63304038,Service Area,"Somaglia Ovest, A21, 29121 Piacenza PC, Italy",https://www.autogrill.it/wp-content/uploads/2023/08/LOCALI-AUTOGRILL-6.pdf,
2810,Autogrill,Umbria,Perugia,PG,Ponte Chiona,Bar/Café,EUR 1-10,4,"1,173",42.97676860,12.68261980,Service Area,"Spello (PG) (F.A.), SS75, 06038 Spello PG, Italy",https://www.autogrill.it/wp-content/uploads/2023/08/LOCALI-AUTOGRILL-6.pdf,
2811,Autogrill,Lombardia,Lodi,LO,Somaglia,Bar/Café,EUR 1-10,3.7,"11,533",41.11788930,16.86935760,Service Area,"Stazione Bari, A1, 26867 Somaglia LO, Italy",https://www.autogrill.it/wp-content/uploads/2023/08/LOCALI-AUTOGRILL-6.pdf,
2812,Autogrill,Lombardia,Lodi,LO,Somaglia,Bar/Café,EUR 1-10,3.7,"11,533",44.50589940,11.34285390,Service Area,"Stazione Bologna centrale, A1, 26867 Somaglia LO, Italy",https://www.autogrill.it/wp-content/uploads/2023/08/LOCALI-AUTOGRILL-6.pdf,
2813,Autogrill,Toscana,Firenze,FI,Firenze,Bar/Café,NaN,4,1,43.77648650,11.24719370,Transport Hub,"Stazione Firenze S. Maria Novella, Piazza della Stazione, 14/20, 50123 Firenze FI, Italy",https://www.autogrill.it/wp-content/uploads/2023/08/LOCALI-AUTOGRILL-6.pdf,
2814,Autogrill,Piemonte,Alessandria,AL,Tortona,Bar/Café,EUR 1-10,3.7,"8,518",44.39194790,9.04513750,Service Area,"Stazione Genova Principe, A21 A21, 15057 Tortona AL, Italy",https://www.autogrill.it/wp-content/uploads/2023/08/LOCALI-AUTOGRILL-6.pdf,
2815,Autogrill,Lombardia,Milano,MI,Milano,Bar/Café,EUR 1-10,2.5,58,45.46814061,9.17563099,Transport Hub,"Stazione Milano - Cadorna, Piazzale Luigi Cadorna, 16, 20123 Milano MI, Italy",https://www.autogrill.it/wp-content/uploads/2023/08/LOCALI-AUTOGRILL-6.pdf,
2816,Autogrill,Lombardia,Milano,MI,Milano,Bar/Café,EUR 1-10,3.7,"2,752",45.48548490,9.20455220,Transport Hub,"Stazione Milano Centrale, Piazza Duca d'Aosta, 1, 20125 Milano MI, Italy",https://www.autogrill.it/wp-content/uploads/2023/08/LOCALI-AUTOGRILL-6.pdf,
2817,Autogrill,Lombardia,Milano,MI,Milano,Bar/Café,NaN,2.6,45,40.85241380,14.27259067,Transport Hub,"Stazione Napoli, Piazzale Luigi Cadorna, 16, 20123 Milano MI, Italy",https://www.autogrill.it/wp-content/uploads/2023/08/LOCALI-AUTOGRILL-6.pdf,
2818,Autogrill,Veneto,Venezia,VE,Venezia,Bar/Café,EUR 1-10,3.7,"1,874",45.52671000,12.26133650,Service Area,"Stazione Venezia Mestre, Tangenziale di Mestre, 30174 Venezia VE, Italy",https://www.autogrill.it/wp-content/uploads/2023/08/LOCALI-AUTOGRILL-6.pdf,
2819,Autogrill,Veneto,Venezia,VE,Venezia,Bar/Café,EUR 1-10,3.7,"1,874",45.52577280,12.26285790,Service Area,"Stazione Venezia S. Lucia, Tangenziale di Mestre, 30174 Venezia VE, Italy",https://www.autogrill.it/wp-content/uploads/2023/08/LOCALI-AUTOGRILL-6.pdf,
2820,Autogrill,Veneto,Verona,VR,Verona,Bar/Café,EUR 1-10,3,234,45.42901450,10.98210230,Transport Hub,"Stazione Verona Porta Nuova, Piazzale XXV Aprile, 1, 37138 Verona VR, Italy",https://www.autogrill.it/wp-content/uploads/2023/08/LOCALI-AUTOGRILL-6.pdf,
2821,Autogrill,Emilia-Romagna,Piacenza,PC,Piacenza,Bar/Café,EUR 1-10,3.7,"10,557",45.08261760,9.31705200,Service Area,"Stradella Sud, A21, 29121 Piacenza PC, Italy",https://www.autogrill.it/wp-content/uploads/2023/08/LOCALI-AUTOGRILL-6.pdf,
2822,Autogrill,Piemonte,Alessandria,AL,Belforte Monferrato,Bar/Café,EUR 1-10,3.8,"10,041",44.59166944,8.66595599,Service Area,"Stura Est, A26, 15070 Belforte Monferrato AL, Italy",https://www.autogrill.it/wp-content/uploads/2023/08/LOCALI-AUTOGRILL-6.pdf,
2823,Autogrill,Piemonte,Alessandria,AL,Belforte Monferrato,Bar/Café,EUR 1-10,3.8,"7,349",44.59282833,8.66487798,Service Area,"Stura Ovest, A26, 15070 Belforte Monferrato AL, Italy",https://www.autogrill.it/wp-content/uploads/2023/08/LOCALI-AUTOGRILL-6.pdf,
2824,Autogrill,Campania,Caserta,CE,Santa Croce,Bar/Café,EUR 1-10,3.8,"13,379",42.16776850,11.78749700,Service Area,"Tarquinia (VT) (F.A.), A1, 81057 Teano CE, Italy",https://www.autogrill.it/wp-content/uploads/2023/08/LOCALI-AUTOGRILL-6.pdf,
2825,Autogrill,Lazio,Frosinone,FR,Castrocielo,Bar/Café,EUR 1-10,3.8,"5,483",41.23429320,14.09395880,Service Area,"Teano Est, A1 Milano Napoli Dir, 03030 Napoli, NA, Italy",https://www.autogrill.it/wp-content/uploads/2023/08/LOCALI-AUTOGRILL-6.pdf,
2826,Autogrill,Sicilia,Enna,EN,Enna,Bar/Café,EUR 1-10,3.7,"1,882",37.57707020,14.34122850,Service Area,"Termini Imerese Sud, Sud, A19 Palermo - Catania, 118, 94100 Enna EN, Italy",https://www.autogrill.it/wp-content/uploads/2023/08/LOCALI-AUTOGRILL-6.pdf,
2827,Autogrill,Lazio,Rieti,RI,Magliano Sabina,Bar/Café,EUR 1-10,3.9,989,42.57054031,12.60915683,Service Area,"Terni Nord, A1, 1, 02046 Magliano Sabina RI, Italy",https://www.autogrill.it/wp-content/uploads/2023/08/LOCALI-AUTOGRILL-6.pdf,
2828,Autogrill,Lazio,Rieti,RI,Magliano Sabina,Bar/Café,EUR 1-10,4,250,42.56967238,12.60984532,Service Area,"Terni Sud, A1, 1, 02046 Magliano Sabina RI, Italy",https://www.autogrill.it/wp-content/uploads/2023/08/LOCALI-AUTOGRILL-6.pdf,
2829,Autogrill,Veneto,Venezia,VE,Venezia,Bar/Café,EUR 1-10,3.9,432,45.50438436,11.62446397,Service Area,"Tesina Sud, Tangenziale di Mestre, 30175 Venezia VE, Italy",https://www.autogrill.it/wp-content/uploads/2023/08/LOCALI-AUTOGRILL-6.pdf,
2830,Autogrill,Toscana,Firenze,FI,Firenze,Bar/Café,EUR 1-10,3.9,"9,433",42.62564860,12.22998440,Service Area,"Tevere Ovest, A1, 50012 Firenze FI, Italy",https://www.autogrill.it/wp-content/uploads/2023/08/LOCALI-AUTOGRILL-6.pdf,
2831,Autogrill,Lazio,Roma,RM,Roma,Bar/Café,EUR 1-10,3.8,452,41.90092030,12.54975300,Service Area,"Tiburtina Sud Oil, Autostrada Penetrazione Via Urbana, 24, 00159 Roma RM, Italy",https://www.autogrill.it/wp-content/uploads/2023/08/LOCALI-AUTOGRILL-6.pdf,
2832,Autogrill,Sicilia,Messina,ME,Messina,Bar/Café,EUR 1-10,4,"2,574",38.18155700,15.25352200,Service Area,"Tindari Nord, A18 Messina - Catania, 98035 Messina ME, Italy",https://www.autogrill.it/wp-content/uploads/2023/08/LOCALI-AUTOGRILL-6.pdf,
2833,Autogrill,Sicilia,Messina,ME,Oliveto,Bar/Café,EUR 1-10,3.1,"1,141",38.12721100,15.05260300,Service Area,"Tindari Sud, A20, 98070 Oliveto ME, Italy",https://www.autogrill.it/wp-content/uploads/2023/08/LOCALI-AUTOGRILL-6.pdf,
2834,Autogrill,Lazio,Roma,RM,Tolfa,Bar/Café,EUR 1-10,3.9,"2,468",42.03083030,11.96287150,Service Area,"Tirreno Est, Autostrada Civitavecchia, 00059 Tolfa RM, Italy",https://www.autogrill.it/wp-content/uploads/2023/08/LOCALI-AUTOGRILL-6.pdf,
2835,Autogrill,Emilia-Romagna,Forlì-Cesena,FC,Cesena,Bar/Café,EUR 1-10,4.1,430,42.87915660,12.39514260,Service Area,"Todi, SS E45, 6392, 47521 Cesena FC, Italy",https://www.autogrill.it/wp-content/uploads/2023/08/LOCALI-AUTOGRILL-6.pdf,
2836,Autogrill,Marche,Macerata,MC,Tolentino,Bar/Café,EUR 1-10,3.9,"1,095",43.22974700,13.34867030,Service Area,"Tolentino (MC) (F.A.), Raccordo Tolentino / Civitanova Marche, km 0+794, SS 77 della Val di Chienti, 62029 Tolentino MC, Italy",https://www.autogrill.it/wp-content/uploads/2023/08/LOCALI-AUTOGRILL-6.pdf,
2837,Autogrill,Lazio,Roma,RM,Roma,Bar/Café,EUR 1-10,4.1,207,41.87679080,12.62692600,Service Area,"Tor Bella Monaca, Via di Tor Bella Monaca ang. Via Aspertini, Direzione, Via Casilina, 00100 Roma RM, Italy",https://www.autogrill.it/wp-content/uploads/2023/08/LOCALI-AUTOGRILL-6.pdf,
2838,Autogrill,Piemonte,Asti,AT,Villanova d'Asti,Bar/Café,EUR 1-10,3.7,"3,593",45.03075840,7.66514320,Service Area,"Torino - Fiera Lingotto, A21 km, 13, 14019 Villanova d'Asti AT, Italy",https://www.autogrill.it/wp-content/uploads/2023/08/LOCALI-AUTOGRILL-6.pdf,
2839,Autogrill,Campania,Napoli,NA,Torre Annunziata,Bar/Café,EUR 1-10,3.2,729,40.75130280,14.47204280,Service Area,"Torre Annunziata Ovest, A3 Napoli - Salerno Dir. Salerno Km 20, 80058 Torre Annunziata NA, Italy",https://www.autogrill.it/wp-content/uploads/2023/08/LOCALI-AUTOGRILL-6.pdf,
2840,Autogrill,Emilia-Romagna,Bologna,BO,Ancona,Bar/Café,EUR 1-10,3.6,"21,605",42.53166270,14.12507850,Service Area,"Torre Cerrano Est, Autostrada A14 Bologna, 40024 Ancona BO, Italy",https://www.autogrill.it/wp-content/uploads/2023/08/LOCALI-AUTOGRILL-6.pdf,
2841,Autogrill,Emilia-Romagna,Piacenza,PC,Piacenza,Bar/Café,EUR 1-10,3.7,"8,527",44.93553126,8.88371121,Service Area,"Tortona Nord, A21, 29121 Piacenza PC, Italy",https://www.autogrill.it/wp-content/uploads/2023/08/LOCALI-AUTOGRILL-6.pdf,
2842,Autogrill,Emilia-Romagna,Piacenza,PC,Piacenza,Bar/Café,EUR 1-10,3.7,"6,476",44.93464842,8.88494313,Service Area,"Tortona Sud, A21, 29121 Piacenza PC, Italy",https://www.autogrill.it/wp-content/uploads/2023/08/LOCALI-AUTOGRILL-6.pdf,
2843,Autogrill,Marche,Pesaro e Urbino,PU,Pesaro,Bar/Café,EUR 1-10,3.7,"4,559",42.80510340,13.92725834,Service Area,"Tortoreto Ovest, A14 Bologna, 61122 Pesaro PU, Italy",https://www.autogrill.it/wp-content/uploads/2023/08/LOCALI-AUTOGRILL-6.pdf,
2844,Autogrill,Sardegna,Oristano,OR,Tramatza,Bar/Café,EUR 1-10,4.1,"2,664",39.99040630,8.64162180,Service Area,"Tramatza Ovest, SS 131 Carlo Felice, 102, 09070 Tramatza OR, Italy",https://www.autogrill.it/wp-content/uploads/2023/08/LOCALI-AUTOGRILL-6.pdf,
2845,Autogrill,Emilia-Romagna,Piacenza,PC,Piacenza,Bar/Café,EUR 1-10,3.7,"10,557",45.06222000,9.65212930,Service Area,"Trebbia Nord, A21, 29121 Piacenza PC, Italy",https://www.autogrill.it/wp-content/uploads/2023/08/LOCALI-AUTOGRILL-6.pdf,
2846,Autogrill,Sicilia,Messina,ME,Messina,Bar/Café,EUR 1-10,4,"2,574",38.14263950,15.51752320,Service Area,"Tremestieri Ovest, A18 Messina - Catania, 98035 Messina ME, Italy",https://www.autogrill.it/wp-content/uploads/2023/08/LOCALI-AUTOGRILL-6.pdf,
2847,Autogrill,Piemonte,Alessandria,AL,Belforte Monferrato,Bar/Café,EUR 1-10,3.8,"10,038",45.77652700,13.60818340,Service Area,"Turchino Est, A26 - Autostrada dei Trafori, 15070 Belforte Monferrato AL, Italy",https://www.autogrill.it/wp-content/uploads/2023/08/LOCALI-AUTOGRILL-6.pdf,
2848,Autogrill,Lombardia,Milano,MI,Pero,Bar/Café,EUR 1-10,3.7,"3,160",44.45387020,8.74489740,Service Area,"Val di Sona Est, A4 Torino - Trieste, 20016 Pero MI, Italy",https://www.autogrill.it/wp-content/uploads/2023/08/LOCALI-AUTOGRILL-6.pdf,
2849,Autogrill,Abruzzo,L'Aquila,AQ,L'Aquila,Bar/Café,EUR 1-10,3.7,"1,765",45.41686540,10.82758420,Service Area,"Valle Aterno Ovest, A24 km. 99, 67100 L'Aquila AQ, Italy",https://www.autogrill.it/wp-content/uploads/2023/08/LOCALI-AUTOGRILL-6.pdf,
2850,Autogrill,Liguria,Savona,SV,Varazze,Bar/Café,EUR 1-10,3.7,"8,007",44.27450567,8.42344723,Service Area,"Valleggia Oil, A10 Genova-Ventimiglia, km 26, 17019 Varazze SV, Italy",https://www.autogrill.it/wp-content/uploads/2023/08/LOCALI-AUTOGRILL-6.pdf,
2851,Autogrill,Lombardia,Brescia,BS,Erbusco,Bar/Café,EUR 1-10,3.7,"16,883",45.53225698,10.15153894,Service Area,"Valtrompia Nord, A4 Torino - Trieste dir. Milano km 197, 25030 Erbusco BS, Italy",https://www.autogrill.it/wp-content/uploads/2023/08/LOCALI-AUTOGRILL-6.pdf,
2852,Autogrill,Lombardia,Bergamo,BG,Osio Sopra,Bar/Café,EUR 1-10,3.9,"19,880",45.53216440,10.14883592,Service Area,"Valtrompia Sud, A4 Torino - Trieste, 24040 Osio Sopra BG, Italy",https://www.autogrill.it/wp-content/uploads/2023/08/LOCALI-AUTOGRILL-6.pdf,
2853,Autogrill,Veneto,Venezia,VE,Venezia,Bar/Café,EUR 1-10,3.7,"1,874",45.53204370,10.14874000,Service Area,"Venezia Stazione S. Lucia BIstrot, Tangenziale di Mestre, 30174 Venezia VE, Italy",https://www.autogrill.it/wp-content/uploads/2023/08/LOCALI-AUTOGRILL-6.pdf,
2854,Autogrill,Lombardia,Milano,MI,Lainate,Bar/Café,EUR 1-10,4.1,"19,331",45.70368482,8.73516409,Service Area,"Verbano Est, A8 Milano, km 9/Est, 20020 Lainate MI, Italy",https://www.autogrill.it/wp-content/uploads/2023/08/LOCALI-AUTOGRILL-6.pdf,
2855,Autogrill,Lombardia,Varese,VA,Arsago Seprio,Bar/Café,EUR 1-10,3.8,"4,960",45.70288420,8.73495530,Service Area,"Verbano Ovest, A8 Sesto Calende, 21010 Arsago Seprio VA, Italy",https://www.autogrill.it/wp-content/uploads/2023/08/LOCALI-AUTOGRILL-6.pdf,
2856,Autogrill,Emilia-Romagna,Forlì-Cesena,FC,Mercato Saraceno,Bar/Café,EUR 1-10,4.1,"1,199",43.76522270,12.03692230,Service Area,"Verghereto, km. 200, E45, 47025 Mercato Saraceno FC, Italy",https://www.autogrill.it/wp-content/uploads/2023/08/LOCALI-AUTOGRILL-6.pdf,
2857,Autogrill,Lombardia,Milano,MI,Milano,Bar/Café,EUR 1-10,2.5,58,45.42901450,10.98210230,Transport Hub,"Verona Bistrot, Piazzale Luigi Cadorna, 16, 20123 Milano MI, Italy",https://www.autogrill.it/wp-content/uploads/2023/08/LOCALI-AUTOGRILL-6.pdf,
2858,Autogrill,Veneto,Verona,VR,Verona,Bar/Café,EUR 1-10,4.2,207,45.44607500,11.05151700,Service Area,"Verona Tangenziale Oil, Est direzione Valpantena, Tangenziale Est, 37141 Verona VR, Italy",https://www.autogrill.it/wp-content/uploads/2023/08/LOCALI-AUTOGRILL-6.pdf,
2859,Autogrill,Liguria,La Spezia,SP,Livorno,Bar/Café,EUR 1-10,3.7,"8,106",43.92834370,10.22253800,Service Area,"Versilia Ovest, A12 19020 Vezzano Ligure, 19020 Livorno SP, Italy",https://www.autogrill.it/wp-content/uploads/2023/08/LOCALI-AUTOGRILL-6.pdf,
2860,Autogrill,Veneto,Verona,VR,San Bonifacio,Bar/Café,EUR 1-10,3.9,"3,206",45.46735840,8.46186170,Service Area,"Vicolungo, Autostrada Torino, Viale Trieste, 4, 37047 San Bonifacio VR, Italy",https://www.autogrill.it/wp-content/uploads/2023/08/LOCALI-AUTOGRILL-6.pdf,
2861,Autogrill,Veneto,Venezia,VE,Venezia,Bar/Café,EUR 1-10,3.7,"1,874",45.51218140,11.48344370,Service Area,"Villa Morosini Ovest, Tangenziale di Mestre, 30174 Venezia VE, Italy",https://www.autogrill.it/wp-content/uploads/2023/08/LOCALI-AUTOGRILL-6.pdf,
2862,Autogrill,Veneto,Venezia,VE,Venezia,Bar/Café,EUR 1-10,4.1,617,45.47386710,12.21432150,Service Area,"Villabona Sud, Tangenziale di Mestre, 30175 Venezia VE, Italy",https://www.autogrill.it/wp-content/uploads/2023/08/LOCALI-AUTOGRILL-6.pdf,
2863,Autogrill,Emilia-Romagna,Piacenza,PC,Piacenza,Bar/Café,EUR 1-10,3.6,"4,815",45.11410590,10.05704160,Service Area,"Villanova Sud, Autostrada Torino - Brescia, km 167, 29100 Piacenza PC, Italy",https://www.autogrill.it/wp-content/uploads/2023/08/LOCALI-AUTOGRILL-6.pdf,
2864,Autogrill,Piemonte,Vercelli,VC,Cigliano,Bar/Café,EUR 1-10,3.7,"2,530",45.45744320,8.34596440,Service Area,"Villarboit Nord, A4, 13043 Cigliano VC, Italy",https://www.autogrill.it/wp-content/uploads/2023/08/LOCALI-AUTOGRILL-6.pdf,
2865,Autogrill,Lombardia,Milano,MI,Lainate,Bar/Café,EUR 1-10,4.1,"5,634",45.55893980,9.03901510,Service Area,"Villoresi 1958, A8, 20020 Lainate MI, Italy",https://www.autogrill.it/wp-content/uploads/2023/08/LOCALI-AUTOGRILL-6.pdf,
2866,Autogrill,Lombardia,Milano,MI,Lainate,Bar/Café,EUR 1-10,4.1,"19,331",45.55930440,9.04166360,Service Area,"Villoresi Est, A8 Milano, km 9/Est, 20020 Lainate MI, Italy",https://www.autogrill.it/wp-content/uploads/2023/08/LOCALI-AUTOGRILL-6.pdf,
2867,Autogrill,Piemonte,Torino,TO,Settimo Rottaro,Bar/Café,EUR 1-10,3.7,"4,563",45.40848267,8.01317886,Service Area,"Viverone Nord, A5 Raccordo, A4/A5 Diramazione Ivrea-SanthiÃ , 10010 Settimo Rottaro TO, Italy",https://www.autogrill.it/wp-content/uploads/2023/08/LOCALI-AUTOGRILL-6.pdf,
2868,Autogrill,Piemonte,Torino,TO,Settimo Rottaro,Bar/Café,EUR 1-10,3.7,"4,563",45.40762201,8.01235045,Service Area,"Viverone Sud, A5 Raccordo, A4/A5 Diramazione Ivrea-SanthiÃ , 10010 Settimo Rottaro TO, Italy",https://www.autogrill.it/wp-content/uploads/2023/08/LOCALI-AUTOGRILL-6.pdf,
2869,Autogrill,Marche,Ancona,AN,Chiaravalle,Bar/Café,EUR 1-10,3.8,"2,573",42.66906300,13.94264750,Service Area,"Vomano Est, A14, 60033 Chiaravalle AN, Italy",https://www.autogrill.it/wp-content/uploads/2023/08/LOCALI-AUTOGRILL-6.pdf,
2870,Autogrill,Veneto,Verona,VR,Zevio,Bar/Café,EUR 1-10,3.7,77,45.36472660,11.06061640,Service Area,"Zevio Oil, SS Transpolesana 434 KM 8+430, 37059 Zevio VR, Italy",https://www.autogrill.it/wp-content/uploads/2023/08/LOCALI-AUTOGRILL-6.pdf,